codon,human_csc
CAT,-0.174088566666667
TGT,-0.165457966666667
AGT,-0.136706933333333
TCA,-0.129959233333333
AAA,-0.126257933333333
ACT,-0.120198133333333
TCT,-0.112755433333333
CAC,-0.1095711
AGA,-0.1014676
CAA,-0.0983746666666667
TTA,-0.0748496666666667
CTT,-0.0641507666666667
CGC,-0.062132
AAT,-0.0521624333333333
GAA,-0.0507046333333333
CCT,-0.0495804
AGG,-0.0457454666666667
CGT,-0.0389102333333333
ATA,-0.0389058
TCG,-0.0380251
CCA,-0.0378252
CCG,-0.0368366333333333
AGC,-0.0346864333333333
ACA,-0.0284036666666667
TCC,-0.0242778666666667
GCG,-0.0237521
AAG,-0.0227162033333333
GTA,-0.0212510333333333
TTG,-0.0186503
CTA,-0.0180649666666667
CGA,-0.0120124333333333
GTT,-0.00715746
TTT,-0.00518835
TGC,-0.00282285666666667
GGT,-0.000453206666666666
TAT,0.000234583333333334
GGA,0.00406105666666667
CAG,0.00850654666666667
CCC,0.01083753
ATT,0.0167319366666667
GCT,0.0234937633333333
GGC,0.0309545066666667
GAT,0.0339287266666667
GCA,0.0353554433333333
AAC,0.0451138266666667
GGG,0.0458873266666667
ACC,0.04905102
ACG,0.0533641266666667
GAG,0.0537203966666667
CGG,0.0667344066666667
GCC,0.0734844066666667
TAC,0.0791173133333333
CTC,0.09029217
GAC,0.10221857
TGG,0.10488017
TTC,0.118292153333333
CTG,0.122084703333333
GTC,0.1278281
ATG,0.136707413333333
GTG,0.137305863333333
ATC,0.14312648
