virus,realm,locus_tag,host,type,shape,AAA,AAC,AAG,AAT,ACA,ACC,ACG,ACT,AGA,AGC,AGG,AGT,ATA,ATC,ATG,ATT,CAA,CAC,CAG,CAT,CCA,CCC,CCG,CCT,CGA,CGC,CGG,CGT,CTA,CTC,CTG,CTT,GAA,GAC,GAG,GAT,GCA,GCC,GCG,GCT,GGA,GGC,GGG,GGT,GTA,GTC,GTG,GTT,TAA,TAC,TAG,TAT,TCA,TCC,TCG,TCT,TGA,TGC,TGG,TGT,TTA,TTC,TTG,TTT
Abisko virus,Riboviria,CKM49,invertebrates,RNA,linear,1.03703703703704,0.809160305343511,0.962962962962963,1.19083969465649,0.968152866242038,1.04458598726115,0.535031847133758,1.45222929936306,2.41340782122905,0.338345864661654,0.70391061452514,0.969924812030075,1.1,0.85,1,1.05,1.23076923076923,0.763636363636364,0.769230769230769,1.23636363636364,1.11278195488722,0.571428571428571,0.571428571428571,1.74436090225564,1.10614525139665,0.335195530726257,0.402234636871508,1.0391061452514,0.424242424242424,0.585858585858586,0.868686868686869,1.11111111111111,1.21025641025641,0.778947368421053,0.78974358974359,1.22105263157895,0.654545454545455,0.8,0.727272727272727,1.81818181818182,1.43283582089552,0.17910447761194,0.477611940298507,1.91044776119403,0.735042735042735,0.957264957264957,0.803418803418803,1.5042735042735,1,1.02985074626866,1,0.970149253731343,0.947368421052632,0.902255639097744,0.699248120300752,2.14285714285714,1,0.140350877192982,1,1.85964912280702,1.33333333333333,0.863636363636364,1.67676767676768,1.13636363636364
