virus,realm,locus_tag,host,type,shape,AAA,AAC,AAG,AAT,ACA,ACC,ACG,ACT,AGA,AGC,AGG,AGT,ATA,ATC,ATG,ATT,CAA,CAC,CAG,CAT,CCA,CCC,CCG,CCT,CGA,CGC,CGG,CGT,CTA,CTC,CTG,CTT,GAA,GAC,GAG,GAT,GCA,GCC,GCG,GCT,GGA,GGC,GGG,GGT,GTA,GTC,GTG,GTT,TAA,TAC,TAG,TAT,TCA,TCC,TCG,TCT,TGA,TGC,TGG,TGT,TTA,TTC,TTG,TTT
Acartia tonsa copepod circovirus,Monodnaviria,AtCopCV,invertebrates,ss-DNA,circular,0.75,1.46666666666667,1.25,0.533333333333333,1.16666666666667,1.5,0.666666666666667,0.666666666666667,1.88235294117647,0.585365853658537,0.705882352941177,1.46341463414634,0.875,1.125,1,1,0.818181818181818,1.11111111111111,1.18181818181818,0.888888888888889,1.2972972972973,1.40540540540541,0.540540540540541,0.756756756756757,1.29411764705882,1.05882352941176,0.352941176470588,0.705882352941177,0.878048780487805,1.75609756097561,1.17073170731707,1.75609756097561,1.07692307692308,1.36842105263158,0.923076923076923,0.631578947368421,1.02857142857143,1.25714285714286,1.14285714285714,0.571428571428571,1.11111111111111,1.66666666666667,0.111111111111111,1.11111111111111,0.8,1.6,1.12,0.48,1.5,1.71428571428571,1.5,0.285714285714286,1.17073170731707,1.31707317073171,0.439024390243902,1.02439024390244,0,0.4,1,1.6,0.146341463414634,1.2,0.292682926829268,0.8
