virus,realm,locus_tag,host,type,shape,AAA,AAC,AAG,AAT,ACA,ACC,ACG,ACT,AGA,AGC,AGG,AGT,ATA,ATC,ATG,ATT,CAA,CAC,CAG,CAT,CCA,CCC,CCG,CCT,CGA,CGC,CGG,CGT,CTA,CTC,CTG,CTT,GAA,GAC,GAG,GAT,GCA,GCC,GCG,GCT,GGA,GGC,GGG,GGT,GTA,GTC,GTG,GTT,TAA,TAC,TAG,TAT,TCA,TCC,TCG,TCT,TGA,TGC,TGG,TGT,TTA,TTC,TTG,TTT
Acheta domestica mini ambidensovirus,Monodnaviria,T315,invertebrates,DNA,linear,1.47619047619048,0.485436893203884,0.523809523809524,1.51456310679612,1.67741935483871,0.290322580645161,0.548387096774194,1.48387096774194,1.92592592592593,0.372413793103448,0.296296296296296,1.9448275862069,0.78125,0.65625,1,1.5625,1.52,0.541666666666667,0.48,1.45833333333333,1.66233766233766,0.415584415584416,0.467532467532468,1.45454545454545,1.11111111111111,0.296296296296296,0.37037037037037,2,0.270676691729323,0.406015037593985,0.270676691729323,0.902255639097744,1.78048780487805,0.519480519480519,0.219512195121951,1.48051948051948,1.38271604938272,0.444444444444444,0.592592592592593,1.58024691358025,1.94736842105263,0.368421052631579,0.157894736842105,1.52631578947368,1.53271028037383,0.186915887850467,0.897196261682243,1.38317757009346,2.25,0.492753623188406,0.75,1.50724637681159,1.2,0.620689655172414,0.579310344827586,1.28275862068966,0,0.571428571428571,1,1.42857142857143,2.84210526315789,0.527777777777778,1.30827067669173,1.47222222222222
