virus,realm,locus_tag,host,type,shape,AAA,AAC,AAG,AAT,ACA,ACC,ACG,ACT,AGA,AGC,AGG,AGT,ATA,ATC,ATG,ATT,CAA,CAC,CAG,CAT,CCA,CCC,CCG,CCT,CGA,CGC,CGG,CGT,CTA,CTC,CTG,CTT,GAA,GAC,GAG,GAT,GCA,GCC,GCG,GCT,GGA,GGC,GGG,GGT,GTA,GTC,GTG,GTT,TAA,TAC,TAG,TAT,TCA,TCC,TCG,TCT,TGA,TGC,TGG,TGT,TTA,TTC,TTG,TTT
Achromobacter phage vB AxyP 19-32 Axy12,NA,KMC56,NA,NA,NA,0.309754281459419,1.42318567389255,1.69024571854058,0.576814326107446,0.14550853749072,1.89161098737936,0.994803266518189,0.96807720861173,0.075134168157424,1.14823529411765,0.155635062611807,0.564705882352941,0.0619088564058469,2.29578675838349,1,0.642304385210662,0.840425531914894,1.26548672566372,1.15957446808511,0.734513274336283,0.148854961832061,1.45038167938931,1.47709923664122,0.923664122137405,0.595706618962433,1.62611806797853,0.660107334525939,2.88729874776386,0.0972803347280335,1.09832635983264,3.44246861924686,0.426778242677824,1.24826629680999,1.10105580693816,0.751733703190014,0.89894419306184,0.728937728937729,1.36446886446886,0.443223443223443,1.46336996336996,0.449789536981359,1.48647023451594,0.444978953698136,1.61876127480457,0.256274768824306,1.36327608982827,1.71202113606341,0.668428005284016,1.42682926829268,1.39344262295082,0.219512195121951,0.60655737704918,0.108235294117647,2.11294117647059,1.31294117647059,0.752941176470588,1.35365853658537,1.43195266272189,1,0.568047337278107,0.0219665271966527,1.7625458996328,0.913179916317992,0.237454100367197
