virus,realm,host,locus_tag,AAA,AAC,AAG,AAT,ACA,ACC,ACG,ACT,AGA,AGC,AGG,AGT,ATA,ATC,ATG,ATT,CAA,CAC,CAG,CAT,CCA,CCC,CCG,CCT,CGA,CGC,CGG,CGT,CTA,CTC,CTG,CTT,GAA,GAC,GAG,GAT,GCA,GCC,GCG,GCT,GGA,GGC,GGG,GGT,GTA,GTC,GTG,GTT,TAA,TAC,TAG,TAT,TCA,TCC,TCG,TCT,TGA,TGC,TGG,TGT,TTA,TTC,TTG,TTT
Acinetobacter phage vB AbaP Acibel007,NA,NA,vB,1.04358068315665,1.05654761904762,0.956419316843345,0.943452380952381,1.33659730722154,0.440636474908201,0.425948592411261,1.796817625459,0.123809523809524,0.346456692913386,0.0666666666666667,1.55905511811024,0.22425952045134,1.19746121297602,1,1.57827926657264,1.20833333333333,0.765957446808511,0.791666666666667,1.23404255319149,0.777292576419214,0.253275109170306,0.410480349344978,2.5589519650655,0.628571428571429,0.580952380952381,0.247619047619048,4.35238095238095,0.986086956521739,0.297391304347826,0.375652173913043,1.15304347826087,0.99740932642487,0.545235223160434,1.00259067357513,1.45476477683957,1.27145359019264,0.231173380035026,0.367775831873905,2.12959719789842,0.250530785562633,0.254777070063694,0.322717622080679,3.17197452229299,1.7563025210084,0.361344537815126,0.710084033613445,1.17226890756303,2.26415094339623,0.838827838827839,0.39622641509434,1.16117216117216,1.37007874015748,0.354330708661417,0.496062992125984,1.8740157480315,0.339622641509434,0.473684210526316,1,1.52631578947368,2.26434782608696,1.17408906882591,0.923478260869565,0.825910931174089
