virus,realm,locus_tag,host,type,shape,AAA,AAC,AAG,AAT,ACA,ACC,ACG,ACT,AGA,AGC,AGG,AGT,ATA,ATC,ATG,ATT,CAA,CAC,CAG,CAT,CCA,CCC,CCG,CCT,CGA,CGC,CGG,CGT,CTA,CTC,CTG,CTT,GAA,GAC,GAG,GAT,GCA,GCC,GCG,GCT,GGA,GGC,GGG,GGT,GTA,GTC,GTG,GTT,TAA,TAC,TAG,TAT,TCA,TCC,TCG,TCT,TGA,TGC,TGG,TGT,TTA,TTC,TTG,TTT
Acinetobacter phage vB AbaM ME3,NA,FDH01,NA,NA,NA,1.50245932652289,0.357590966122961,0.497540673477109,1.64240903387704,1.50144592249855,0.15114709851552,0.124156545209177,2.22325043377675,3.10267017675818,0.213187902825979,0.327190673185408,1.62121963311849,0.683294869518906,0.359488727143618,1,1.95721640333748,1.68155970755483,0.282477341389728,0.318440292445167,1.71752265861027,1.12756168966959,0.0903387703889586,0.0518611459640318,2.73023839397742,0.627303497555472,0.0902594960511471,0.0586686724332456,1.79390748401655,0.65161575918548,0.185037627268703,0.0938468348826915,1.2191235059761,1.63207126948775,0.308566234946603,0.367928730512249,1.6914337650534,1.0745501285347,0.133676092544987,0.108997429305913,2.6827763496144,1.34852183346895,0.251695145104421,0.313534038513697,2.08624898291294,1.63369656328583,0.20452640402347,0.231349538977368,1.93042749371333,2.17177914110429,0.370455196106499,0.294478527607362,1.6295448038935,1.24243926623699,0.201289043133366,0.133862171541894,2.58800198314328,0.533742331288344,0.248062015503876,1,1.75193798449612,3.42363877822045,0.435021354484442,0.426737494466578,1.56497864551556
