virus,realm,host,locus_tag,AAA,AAC,AAG,AAT,ACA,ACC,ACG,ACT,AGA,AGC,AGG,AGT,ATA,ATC,ATG,ATT,CAA,CAC,CAG,CAT,CCA,CCC,CCG,CCT,CGA,CGC,CGG,CGT,CTA,CTC,CTG,CTT,GAA,GAC,GAG,GAT,GCA,GCC,GCG,GCT,GGA,GGC,GGG,GGT,GTA,GTC,GTG,GTT,TAA,TAC,TAG,TAT,TCA,TCC,TCG,TCT,TGA,TGC,TGG,TGT,TTA,TTC,TTG,TTT
Acinetobacter phage AP205,Riboviria,bacteria,AP205,1.125,0.985074626865672,0.875,1.01492537313433,1.14285714285714,0.987012987012987,0.25974025974026,1.61038961038961,0.8,0.4,0.08,0.742857142857143,0.375,1.2375,1,1.3875,1.2,1.04,0.8,0.96,0.677966101694915,0.542372881355932,1.08474576271186,1.69491525423729,0.48,1.28,0.96,2.4,0.440366972477064,0.935779816513762,0.605504587155963,1.48623853211009,1.45833333333333,0.783783783783784,0.541666666666667,1.21621621621622,0.926315789473684,0.926315789473684,0.505263157894737,1.64210526315789,0.705882352941177,0.705882352941177,0.941176470588235,1.64705882352941,0.865979381443299,0.907216494845361,0.536082474226804,1.69072164948454,1.5,0.744186046511628,0.75,1.25581395348837,1.71428571428571,0.742857142857143,0.8,1.6,0.75,1.375,1,0.625,1.10091743119266,0.732394366197183,1.43119266055046,1.26760563380282
