virus,realm,locus_tag,host,type,shape,AAA,AAC,AAG,AAT,ACA,ACC,ACG,ACT,AGA,AGC,AGG,AGT,ATA,ATC,ATG,ATT,CAA,CAC,CAG,CAT,CCA,CCC,CCG,CCT,CGA,CGC,CGG,CGT,CTA,CTC,CTG,CTT,GAA,GAC,GAG,GAT,GCA,GCC,GCG,GCT,GGA,GGC,GGG,GGT,GTA,GTC,GTG,GTT,TAA,TAC,TAG,TAT,TCA,TCC,TCG,TCT,TGA,TGC,TGG,TGT,TTA,TTC,TTG,TTT
Acinetobacter phage vB AbaP AS12,NA,FDH31,NA,NA,NA,1.13157894736842,0.894488188976378,0.868421052631579,1.10551181102362,1.84176394293126,0.311284046692607,0.383916990920882,1.46303501945525,0.55,0.50996015936255,0.09,1.99203187250996,0.312676056338028,0.942253521126761,1,1.74507042253521,1.30605564648118,0.682170542635659,0.693944353518822,1.31782945736434,1.26126126126126,0.126126126126126,0.36036036036036,2.25225225225225,0.85,0.46,0.18,3.87,0.930841121495327,0.162616822429907,0.224299065420561,1.05981308411215,1.16308470290771,0.528301886792453,0.836915297092288,1.47169811320755,1.51865671641791,0.167910447761194,0.354477611940299,1.9589552238806,0.526429341963323,0.267529665587918,0.258899676375405,2.94714131607335,1.73892773892774,0.228438228438228,0.606060606060606,1.42657342657343,1.40816326530612,0.684118673647469,0.857142857142857,1.31588132635253,1.19521912350598,0.318725099601594,0.342629482071713,1.64143426294821,0.73469387755102,0.333333333333333,1,1.66666666666667,2.96635514018692,1.01118568232662,0.65607476635514,0.988814317673378
