virus,realm,host,locus_tag,AAA,AAC,AAG,AAT,ACA,ACC,ACG,ACT,AGA,AGC,AGG,AGT,ATA,ATC,ATG,ATT,CAA,CAC,CAG,CAT,CCA,CCC,CCG,CCT,CGA,CGC,CGG,CGT,CTA,CTC,CTG,CTT,GAA,GAC,GAG,GAT,GCA,GCC,GCG,GCT,GGA,GGC,GGG,GGT,GTA,GTC,GTG,GTT,TAA,TAC,TAG,TAT,TCA,TCC,TCG,TCT,TGA,TGC,TGG,TGT,TTA,TTC,TTG,TTT
Acinetobacter phage WCHABP5,Duplodnaviria,bacteria,FDH92,1.12289156626506,0.847512038523275,0.87710843373494,1.15248796147673,1.81029810298103,0.276422764227642,0.428184281842818,1.48509485094851,0.550084889643463,0.573407202216066,0.101867572156197,1.8781163434903,0.252539912917271,0.966618287373004,1,1.78084179970972,1.30598290598291,0.572519083969466,0.694017094017094,1.42748091603053,1.31147540983607,0.168618266978923,0.327868852459016,2.192037470726,0.784380305602716,0.550084889643463,0.275042444821732,3.73853989813243,1.0567853705486,0.150144369586141,0.242540904716073,1.10875842155919,1.14634146341463,0.517647058823529,0.853658536585366,1.48235294117647,1.56402737047898,0.172043010752688,0.394916911045943,1.86901270772239,0.533333333333333,0.306010928961749,0.275409836065574,2.88524590163934,1.76442307692308,0.245192307692308,0.625,1.36538461538462,1.59574468085106,0.696132596685083,0.765957446808511,1.30386740331492,1.19667590027701,0.249307479224377,0.307479224376731,1.79501385041551,0.638297872340426,0.442748091603053,1,1.55725190839695,2.78922040423484,0.921985815602837,0.652550529355149,1.07801418439716
