virus,realm,locus_tag,host,type,shape,AAA,AAC,AAG,AAT,ACA,ACC,ACG,ACT,AGA,AGC,AGG,AGT,ATA,ATC,ATG,ATT,CAA,CAC,CAG,CAT,CCA,CCC,CCG,CCT,CGA,CGC,CGG,CGT,CTA,CTC,CTG,CTT,GAA,GAC,GAG,GAT,GCA,GCC,GCG,GCT,GGA,GGC,GGG,GGT,GTA,GTC,GTG,GTT,TAA,TAC,TAG,TAT,TCA,TCC,TCG,TCT,TGA,TGC,TGG,TGT,TTA,TTC,TTG,TTT
Adelphocoris suturalis virus,NA,BWI74,NA,RNA,linear,1.40425531914894,0.926174496644295,0.595744680851064,1.0738255033557,0.877551020408163,0.693877551020408,0.653061224489796,1.77551020408163,1.94029850746269,0.436708860759494,1.07462686567164,0.759493670886076,1.27142857142857,0.614285714285714,1,1.11428571428571,1.20879120879121,0.754385964912281,0.791208791208791,1.24561403508772,1.14285714285714,0.813186813186813,0.549450549450549,1.49450549450549,0.567164179104478,0.895522388059702,0.149253731343284,1.37313432835821,0.526315789473684,0.789473684210526,0.684210526315789,1.6140350877193,1.35483870967742,0.696428571428571,0.645161290322581,1.30357142857143,0.811059907834101,0.682027649769585,0.71889400921659,1.78801843317972,0.732394366197183,0.76056338028169,0.47887323943662,2.02816901408451,0.404669260700389,0.949416342412451,0.684824902723735,1.96108949416342,0.6,1.01840490797546,1.2,0.98159509202454,1.40506329113924,1.17721518987342,0.607594936708861,1.61392405063291,1.2,0.741935483870968,1,1.25806451612903,0.859649122807018,1.06214689265537,1.52631578947368,0.937853107344633
