virus,realm,locus_tag,host,type,shape,AAA,AAC,AAG,AAT,ACA,ACC,ACG,ACT,AGA,AGC,AGG,AGT,ATA,ATC,ATG,ATT,CAA,CAC,CAG,CAT,CCA,CCC,CCG,CCT,CGA,CGC,CGG,CGT,CTA,CTC,CTG,CTT,GAA,GAC,GAG,GAT,GCA,GCC,GCG,GCT,GGA,GGC,GGG,GGT,GTA,GTC,GTG,GTT,TAA,TAC,TAG,TAT,TCA,TCC,TCG,TCT,TGA,TGC,TGG,TGT,TTA,TTC,TTG,TTT
Adeno-associated virus - 7,Monodnaviria,AAV7,human:vertebrates,DNA,linear,0.586666666666667,1.40229885057471,1.41333333333333,0.597701149425287,0.444444444444444,1.77777777777778,0.987654320987654,0.790123456790123,1.33333333333333,1.66666666666667,0.19047619047619,0.533333333333333,0.176470588235294,1.70588235294118,1,1.11764705882353,0.444444444444444,1.64285714285714,1.55555555555556,0.357142857142857,0.304347826086957,1.73913043478261,0.826086956521739,1.1304347826087,0.285714285714286,1.61904761904762,1.61904761904762,0.952380952380952,0.0612244897959184,1.46938775510204,3.48979591836735,0.306122448979592,0.617283950617284,1.6056338028169,1.38271604938272,0.394366197183099,0.504854368932039,2.01941747572816,1.00970873786408,0.466019417475728,0.767676767676768,1.8989898989899,0.727272727272727,0.606060606060606,0.13953488372093,1.53488372093023,1.81395348837209,0.511627906976744,3,1.73913043478261,0,0.260869565217391,0.733333333333333,1.4,0.733333333333333,0.933333333333333,0,1.63636363636364,1,0.363636363636364,0.306122448979592,1.23809523809524,0.36734693877551,0.761904761904762
