virus,realm,locus_tag,host,type,shape,AAA,AAC,AAG,AAT,ACA,ACC,ACG,ACT,AGA,AGC,AGG,AGT,ATA,ATC,ATG,ATT,CAA,CAC,CAG,CAT,CCA,CCC,CCG,CCT,CGA,CGC,CGG,CGT,CTA,CTC,CTG,CTT,GAA,GAC,GAG,GAT,GCA,GCC,GCG,GCT,GGA,GGC,GGG,GGT,GTA,GTC,GTG,GTT,TAA,TAC,TAG,TAT,TCA,TCC,TCG,TCT,TGA,TGC,TGG,TGT,TTA,TTC,TTG,TTT
Adonis mosaic virus,Riboviria,EXL20,land plants,RNA,linear,0.916666666666667,1.13432835820896,1.08333333333333,0.865671641791045,1.10843373493976,1.1566265060241,0.771084337349398,0.963855421686747,1.28571428571429,1.52307692307692,1.83673469387755,1.10769230769231,0.875,1.25,1,0.875,1.16363636363636,0.842105263157895,0.836363636363636,1.15789473684211,1.48387096774194,0.967741935483871,0.774193548387097,0.774193548387097,0.673469387755102,0.551020408163265,1.22448979591837,0.428571428571429,0.967741935483871,0.67741935483871,0.919354838709677,0.725806451612903,0.909090909090909,1.15254237288136,1.09090909090909,0.847457627118644,1.31147540983607,1.24590163934426,0.39344262295082,1.04918032786885,0.923076923076923,0.683760683760684,1.47008547008547,0.923076923076923,0.681481481481481,0.711111111111111,1.83703703703704,0.77037037037037,0.428571428571429,1.05,1.28571428571429,0.95,0.876923076923077,0.830769230769231,0.646153846153846,1.01538461538462,1.28571428571429,0.933333333333333,1,1.06666666666667,1.06451612903226,1.16666666666667,1.64516129032258,0.833333333333333
