virus,realm,host,locus_tag,AAA,AAC,AAG,AAT,ACA,ACC,ACG,ACT,AGA,AGC,AGG,AGT,ATA,ATC,ATG,ATT,CAA,CAC,CAG,CAT,CCA,CCC,CCG,CCT,CGA,CGC,CGG,CGT,CTA,CTC,CTG,CTT,GAA,GAC,GAG,GAT,GCA,GCC,GCG,GCT,GGA,GGC,GGG,GGT,GTA,GTC,GTG,GTT,TAA,TAC,TAG,TAT,TCA,TCC,TCG,TCT,TGA,TGC,TGG,TGT,TTA,TTC,TTG,TTT
Aedes camptorhynchus negev-like virus,unclassified viruses,invertebrates,CFB75,1.33333333333333,0.439834024896266,0.666666666666667,1.56016597510373,1.0048309178744,0.483091787439614,0.405797101449275,2.10628019323672,3.15384615384615,0.184615384615385,1.11538461538462,1.59230769230769,1.12367491166078,0.212014134275618,1,1.6643109540636,1.35,0.393939393939394,0.65,1.60606060606061,1.1875,0.375,0.625,1.8125,0.346153846153846,0.269230769230769,0.115384615384615,1,0.623595505617977,0.202247191011236,0.219101123595506,1.29775280898876,1.41538461538462,0.379310344827586,0.584615384615385,1.62068965517241,0.888888888888889,0.681481481481481,0.296296296296296,2.13333333333333,1.46341463414634,0.195121951219512,0.24390243902439,2.09756097560976,1.1921568627451,0.203921568627451,0.345098039215686,2.25882352941176,0.6,0.422535211267606,1.2,1.57746478873239,0.992307692307692,0.346153846153846,0.461538461538462,2.42307692307692,1.2,0.298507462686567,1,1.70149253731343,2.52808988764045,0.322314049586777,1.12921348314607,1.67768595041322
