virus,realm,locus_tag,host,type,shape,AAA,AAC,AAG,AAT,ACA,ACC,ACG,ACT,AGA,AGC,AGG,AGT,ATA,ATC,ATG,ATT,CAA,CAC,CAG,CAT,CCA,CCC,CCG,CCT,CGA,CGC,CGG,CGT,CTA,CTC,CTG,CTT,GAA,GAC,GAG,GAT,GCA,GCC,GCG,GCT,GGA,GGC,GGG,GGT,GTA,GTC,GTG,GTT,TAA,TAC,TAG,TAT,TCA,TCC,TCG,TCT,TGA,TGC,TGG,TGT,TTA,TTC,TTG,TTT
Aeribacillus phage AP45,Duplodnaviria,HWD36,bacteria,DNA,linear,1.46808510638298,0.79484425349087,0.531914893617021,1.20515574650913,1.62406015037594,0.621553884711779,0.771929824561403,0.982456140350877,1.80753138075314,1.07987220447284,0.619246861924686,1.15015974440895,0.64070351758794,0.836683417085427,1,1.52261306532663,1.58860759493671,0.587755102040816,0.411392405063291,1.41224489795918,1.49068322981366,0.231884057971014,1.19254658385093,1.08488612836439,0.920502092050209,0.627615062761506,0.711297071129707,1.31380753138075,0.665116279069767,0.427906976744186,0.586046511627907,1.14418604651163,1.49802683504341,0.623751387347392,0.50197316495659,1.37624861265261,1.46450304259635,0.559837728194726,0.730223123732252,1.24543610547667,1.33755274261603,0.776371308016878,0.670886075949367,1.21518987341772,0.968718466195762,0.661957618567104,0.766902119071645,1.60242179616549,1.47945205479452,0.685217391304348,0.328767123287671,1.31478260869565,1.25239616613419,0.728434504792332,0.568690095846645,1.22044728434505,1.19178082191781,0.944444444444444,1,1.05555555555556,1.73023255813953,0.652360515021459,1.44651162790698,1.34763948497854
