virus,realm,host,locus_tag,AAA,AAC,AAG,AAT,ACA,ACC,ACG,ACT,AGA,AGC,AGG,AGT,ATA,ATC,ATG,ATT,CAA,CAC,CAG,CAT,CCA,CCC,CCG,CCT,CGA,CGC,CGG,CGT,CTA,CTC,CTG,CTT,GAA,GAC,GAG,GAT,GCA,GCC,GCG,GCT,GGA,GGC,GGG,GGT,GTA,GTC,GTG,GTT,TAA,TAC,TAG,TAT,TCA,TCC,TCG,TCT,TGA,TGC,TGG,TGT,TTA,TTC,TTG,TTT
Aeromonas phage AhSzw-1,Duplodnaviria,bacteria,HOT04,1.01061571125265,1.14449541284404,0.989384288747346,0.855504587155963,0.767741935483871,1.41290322580645,0.203225806451613,1.61612903225806,0.913907284768212,1.08585858585859,0.675496688741722,1.02525252525253,0.373737373737374,1.12373737373737,1,1.50252525252525,1.10186513629842,0.962790697674419,0.898134863701578,1.03720930232558,1.37748344370861,0.508609271523179,0.773509933774834,1.34039735099338,0.774834437086093,0.920529801324503,0.33112582781457,2.3841059602649,1.23093108890058,0.460810099947396,1.68227248816412,1.08258811152025,1.15249472944483,0.948364888123924,0.847505270555165,1.05163511187608,1.12041884816754,0.892670157068063,0.424083769633508,1.56282722513089,0.566397652237711,0.947909024211299,0.563462949376376,1.92223037417461,1.59120310478655,0.346701164294955,0.750323415265201,1.3117723156533,1.76595744680851,1.13341493268054,0.638297872340426,0.866585067319461,0.646464646464647,1.19191919191919,0.287878787878788,1.76262626262626,0.595744680851064,0.91304347826087,1,1.08695652173913,0.549184639663335,0.928406466512702,0.994213571804313,1.0715935334873
