virus,realm,host,locus_tag,AAA,AAC,AAG,AAT,ACA,ACC,ACG,ACT,AGA,AGC,AGG,AGT,ATA,ATC,ATG,ATT,CAA,CAC,CAG,CAT,CCA,CCC,CCG,CCT,CGA,CGC,CGG,CGT,CTA,CTC,CTG,CTT,GAA,GAC,GAG,GAT,GCA,GCC,GCG,GCT,GGA,GGC,GGG,GGT,GTA,GTC,GTG,GTT,TAA,TAC,TAG,TAT,TCA,TCC,TCG,TCT,TGA,TGC,TGG,TGT,TTA,TTC,TTG,TTT
Aeromonas phage phiAS4,Duplodnaviria,bacteria,phiAS4,1.45193171608266,0.797798165137615,0.548068283917341,1.20220183486239,1.13919544321823,0.867212531149875,0.468494126023496,1.5250978996084,1.11457455770851,0.74671669793621,0.295703454085931,0.74671669793621,0.517714285714286,0.978857142857143,1,1.50342857142857,1.43359611885992,0.680937818552497,0.566403881140085,1.3190621814475,1.45371947756956,0.404315729699035,0.933560477001704,1.2084043157297,1.17523167649537,1.12468407750632,0.550968828980623,1.73883740522325,0.466647743400511,0.694862333238717,1.20749361339767,1.39483394833948,1.58208955223881,0.715120051914341,0.417910447761194,1.28487994808566,1.28013679110858,0.72955257908236,0.502707324023938,1.48760330578512,0.96574014221073,1.060116354234,0.349062702003878,1.62508080155139,0.956389143031412,0.724611161939616,0.51357121073498,1.80542848429399,1.70479704797048,0.737795671867136,0.188191881918819,1.26220432813286,1.39774859287054,0.645403377110694,0.791744840525328,1.67166979362101,1.1070110701107,0.99490662139219,1,1.00509337860781,0.667612829974454,0.8897885739991,1.56854953164916,1.1102114260009
