virus,realm,locus_tag,host,type,shape,AAA,AAC,AAG,AAT,ACA,ACC,ACG,ACT,AGA,AGC,AGG,AGT,ATA,ATC,ATG,ATT,CAA,CAC,CAG,CAT,CCA,CCC,CCG,CCT,CGA,CGC,CGG,CGT,CTA,CTC,CTG,CTT,GAA,GAC,GAG,GAT,GCA,GCC,GCG,GCT,GGA,GGC,GGG,GGT,GTA,GTC,GTG,GTT,TAA,TAC,TAG,TAT,TCA,TCC,TCG,TCT,TGA,TGC,TGG,TGT,TTA,TTC,TTG,TTT
Aeropyrum globular virus 1,unclassified archaeal viruses,C1186,archaea,DNA,circular,0.451063829787234,1.45454545454545,1.54893617021277,0.545454545454545,1.05128205128205,0.974358974358974,1.24358974358974,0.730769230769231,0.642857142857143,2.5121107266436,3.53571428571429,1.10034602076125,2.01818181818182,0.643636363636364,1,0.338181818181818,0.27972027972028,1.40909090909091,1.72027972027972,0.590909090909091,0.944,1.376,0.976,0.704,0.107142857142857,0.612244897959184,0.719387755102041,0.38265306122449,1.27536231884058,1.21739130434783,2.19323671497585,0.51207729468599,0.277486910994764,1.38007380073801,1.72251308900524,0.619926199261993,0.504930966469428,1.58579881656805,0.954635108481262,0.954635108481262,0.351648351648352,1.77582417582418,1.18681318681319,0.685714285714286,0.560606060606061,0.840909090909091,1.70454545454545,0.893939393939394,0.454545454545455,1.390625,1.27272727272727,0.609375,0.477508650519031,0.43598615916955,1.05882352941176,0.41522491349481,1.27272727272727,1.42307692307692,1,0.576923076923077,0.231884057971014,1.38064516129032,0.570048309178744,0.619354838709677
