virus,realm,locus_tag,host,type,shape,AAA,AAC,AAG,AAT,ACA,ACC,ACG,ACT,AGA,AGC,AGG,AGT,ATA,ATC,ATG,ATT,CAA,CAC,CAG,CAT,CCA,CCC,CCG,CCT,CGA,CGC,CGG,CGT,CTA,CTC,CTG,CTT,GAA,GAC,GAG,GAT,GCA,GCC,GCG,GCT,GGA,GGC,GGG,GGT,GTA,GTC,GTG,GTT,TAA,TAC,TAG,TAT,TCA,TCC,TCG,TCT,TGA,TGC,TGG,TGT,TTA,TTC,TTG,TTT
Aeromonas phage Aeh1,Duplodnaviria,Aeh1p,bacteria,DNA,linear,1.19887955182073,1.03769740193581,0.801120448179272,0.962302598064187,1.0247857308316,0.947880472550382,0.43826731526523,1.58906648135279,1.0548712206047,1.08430431802605,0.137737961926092,1.2570253598355,0.237180796731359,1.3758937691522,1,1.38692543411645,1.29793977812995,0.917444364680546,0.702060221870048,1.08255563531945,1.24514991181658,0.305114638447972,1.43562610229277,1.01410934744268,0.949048152295633,1.3454647256439,0.3006718924972,2.21220604703247,0.584216725559482,0.537102473498233,1.95170789163722,1.04122497055359,1.42073550799917,0.745123258306538,0.579264492000831,1.25487674169346,1.21959052589322,0.583701324769169,0.748293857888398,1.44841429144922,0.995532865347798,1.06019995745586,0.180387151669857,1.76388002552648,0.879323031640912,0.468727005150846,0.65710080941869,1.99484915378955,1.82386363636364,0.667109634551495,0.127840909090909,1.3328903654485,0.859492803289925,0.771761480466073,0.575736806031528,1.45167923235093,1.04829545454545,0.848484848484849,1,1.15151515151515,0.527679623085983,1.06266149870801,1.35806831566549,0.93733850129199
