virus,realm,locus_tag,host,type,shape,AAA,AAC,AAG,AAT,ACA,ACC,ACG,ACT,AGA,AGC,AGG,AGT,ATA,ATC,ATG,ATT,CAA,CAC,CAG,CAT,CCA,CCC,CCG,CCT,CGA,CGC,CGG,CGT,CTA,CTC,CTG,CTT,GAA,GAC,GAG,GAT,GCA,GCC,GCG,GCT,GGA,GGC,GGG,GGT,GTA,GTC,GTG,GTT,TAA,TAC,TAG,TAT,TCA,TCC,TCG,TCT,TGA,TGC,TGG,TGT,TTA,TTC,TTG,TTT
Aeromonas phage LAh 9,NA,HWC32,NA,NA,NA,1.16441779110445,1.05122807017544,0.835582208895552,0.948771929824561,1.14285714285714,0.996738421395956,0.292237442922374,1.56816699282453,1.44547398431932,0.613778705636743,0.615823235923022,1.0615866388309,0.582035928143713,1.05089820359281,1,1.36706586826347,1.28700906344411,0.957952468007313,0.712990936555891,1.04204753199269,1.4643188137164,0.418906394810009,0.600556070435589,1.516218721038,0.714183891660727,0.466143977191732,0.500356379187455,2.25801853171775,0.594377510040161,0.730923694779116,1.18072289156627,1.4136546184739,1.20579710144928,0.562790697674419,0.794202898550725,1.43720930232558,1.20404901438466,0.790623335109217,0.245071923281833,1.76025572722429,0.683969465648855,0.453944020356234,0.624936386768448,2.23715012722646,1.04265402843602,0.479620853080569,0.832227488151659,1.64549763033175,1.77551020408163,0.875,0.306122448979592,1.125,1.0929018789144,0.817327766179541,0.34133611691023,2.07306889352818,0.918367346938776,0.744791666666667,1,1.25520833333333,0.891566265060241,0.962145110410095,1.18875502008032,1.03785488958991
