virus,realm,locus_tag,host,type,shape,AAA,AAC,AAG,AAT,ACA,ACC,ACG,ACT,AGA,AGC,AGG,AGT,ATA,ATC,ATG,ATT,CAA,CAC,CAG,CAT,CCA,CCC,CCG,CCT,CGA,CGC,CGG,CGT,CTA,CTC,CTG,CTT,GAA,GAC,GAG,GAT,GCA,GCC,GCG,GCT,GGA,GGC,GGG,GGT,GTA,GTC,GTG,GTT,TAA,TAC,TAG,TAT,TCA,TCC,TCG,TCT,TGA,TGC,TGG,TGT,TTA,TTC,TTG,TTT
African pouched rat arterivirus,Riboviria,TW94,vertebrates,ss-RNA,linear,0.766550522648084,1.1219512195122,1.23344947735192,0.878048780487805,0.835680751173709,1.39906103286385,0.610328638497653,1.15492957746479,1.05789473684211,1.10857142857143,1.45263157894737,1.17714285714286,0.589285714285714,0.985714285714286,1,1.425,0.790697674418605,0.986301369863014,1.2093023255814,1.01369863013699,1.11930585683297,1.03253796095445,0.642082429501085,1.2060737527115,0.394736842105263,1.18421052631579,0.868421052631579,1.04210526315789,0.4296875,0.9765625,1.4375,1.3046875,0.675585284280936,1.09779179810726,1.32441471571906,0.902208201892745,0.798842257597685,1.19247467438495,0.625180897250362,1.383502170767,0.964749536178108,1.33580705009276,0.653061224489796,1.04638218923933,0.456973293768546,0.967359050445104,1.2106824925816,1.36498516320475,0.9,1.05737704918033,0.3,0.942622950819672,0.982857142857143,1.01714285714286,0.56,1.15428571428571,1.8,1.21705426356589,1,0.782945736434108,0.203125,0.975609756097561,1.6484375,1.02439024390244
