virus,realm,locus_tag,host,type,shape,AAA,AAC,AAG,AAT,ACA,ACC,ACG,ACT,AGA,AGC,AGG,AGT,ATA,ATC,ATG,ATT,CAA,CAC,CAG,CAT,CCA,CCC,CCG,CCT,CGA,CGC,CGG,CGT,CTA,CTC,CTG,CTT,GAA,GAC,GAG,GAT,GCA,GCC,GCG,GCT,GGA,GGC,GGG,GGT,GTA,GTC,GTG,GTT,TAA,TAC,TAG,TAT,TCA,TCC,TCG,TCT,TGA,TGC,TGG,TGT,TTA,TTC,TTG,TTT
African horse sickness virus,Riboviria,AHSV,vertebrates,RNA,linear,1.09836065573771,0.597785977859779,0.901639344262295,1.40221402214022,1.26857142857143,0.4,1.29142857142857,1.04,1.99570815450644,0.747967479674797,1.32618025751073,1.21951219512195,0.825,0.709090909090909,1,1.46590909090909,1.03930131004367,0.595419847328244,0.960698689956332,1.40458015267176,1.75107296137339,0.412017167381974,1.06437768240343,0.772532188841202,0.901287553648069,0.515021459227468,0.489270386266094,0.772532188841202,0.685082872928177,0.386740331491713,0.640883977900553,0.718232044198895,0.971677559912854,0.371134020618557,1.02832244008715,1.62886597938144,0.997668997668998,0.335664335664336,1.67832167832168,0.988344988344988,1.6231884057971,0.502415458937198,0.93719806763285,0.93719806763285,0.822429906542056,0.532710280373832,1.13084112149533,1.51401869158878,0.272727272727273,0.492063492063492,1.90909090909091,1.50793650793651,1.49593495934959,0.390243902439024,1.31707317073171,0.829268292682927,0.818181818181818,0.810126582278481,1,1.18987341772152,1.72375690607735,0.70042194092827,1.84530386740331,1.29957805907173
