virus,realm,locus_tag,host,type,shape,AAA,AAC,AAG,AAT,ACA,ACC,ACG,ACT,AGA,AGC,AGG,AGT,ATA,ATC,ATG,ATT,CAA,CAC,CAG,CAT,CCA,CCC,CCG,CCT,CGA,CGC,CGG,CGT,CTA,CTC,CTG,CTT,GAA,GAC,GAG,GAT,GCA,GCC,GCG,GCT,GGA,GGC,GGG,GGT,GTA,GTC,GTG,GTT,TAA,TAC,TAG,TAT,TCA,TCC,TCG,TCT,TGA,TGC,TGG,TGT,TTA,TTC,TTG,TTT
African swine fever virus Benin 97/1,Varidnaviria,F8222,invertebrates:vertebrates,DNA,linear,1.3696190004948,0.77542242703533,0.630380999505195,1.22457757296467,1.13466666666667,1.256,0.893333333333333,0.716,1.23870967741935,1.16687116564417,0.674654377880184,0.925766871165644,0.827540402922294,0.695373035200354,1,1.47708656187735,1.10815602836879,0.739463601532567,0.891843971631206,1.26053639846743,0.777728678745029,1.34865223155104,0.631020768890853,1.24259832081308,0.887557603686636,1.21658986175115,0.857142857142857,1.12534562211982,0.847779369627507,0.565186246418338,0.867120343839542,1.43338108882521,1.27176158158749,0.783273019702453,0.728238418412511,1.21672698029755,0.952719516530395,1.33665126199787,0.746533949520085,0.964095271951653,1.26406182911121,1.10433662516101,0.841562902533276,0.790038643194504,1.07392423685178,0.623758734828981,1.17690327326223,1.12541375505701,2.15384615384615,0.773260359655981,0.538461538461538,1.22673964034402,0.865030674846626,1.21104294478528,0.605521472392638,1.22576687116564,0.307692307692308,0.805008944543828,1,1.19499105545617,1.41511461318052,0.425433526011561,0.871418338108882,1.57456647398844
