virus,realm,host,locus_tag,AAA,AAC,AAG,AAT,ACA,ACC,ACG,ACT,AGA,AGC,AGG,AGT,ATA,ATC,ATG,ATT,CAA,CAC,CAG,CAT,CCA,CCC,CCG,CCT,CGA,CGC,CGG,CGT,CTA,CTC,CTG,CTT,GAA,GAC,GAG,GAT,GCA,GCC,GCG,GCT,GGA,GGC,GGG,GGT,GTA,GTC,GTG,GTT,TAA,TAC,TAG,TAT,TCA,TCC,TCG,TCT,TGA,TGC,TGG,TGT,TTA,TTC,TTG,TTT
Ageratum leaf curl Sichuan virus,Monodnaviria,land plants,KM656,0.920634920634921,0.985915492957746,1.07936507936508,1.01408450704225,1.37142857142857,0.742857142857143,0.857142857142857,1.02857142857143,1.18421052631579,0.606741573033708,2.05263157894737,0.808988764044944,0.941176470588235,0.823529411764706,1,1.23529411764706,1,0.918918918918919,1,1.08108108108108,1.1875,1.3125,0.4375,1.0625,0.789473684210526,0.473684210526316,0.473684210526316,1.02631578947368,0.666666666666667,0.888888888888889,0.888888888888889,1.40740740740741,1.12280701754386,0.769230769230769,0.87719298245614,1.23076923076923,1.28571428571429,1,0.571428571428571,1.14285714285714,0.88135593220339,0.610169491525424,1.15254237288136,1.35593220338983,1.07042253521127,1.29577464788732,0.507042253521127,1.12676056338028,1,0.818181818181818,1,1.18181818181818,1.21348314606742,1.21348314606742,1.01123595505618,1.14606741573034,1,1.04347826086957,1,0.956521739130435,1.40740740740741,1.14285714285714,0.740740740740741,0.857142857142857
