virus,realm,host,locus_tag,AAA,AAC,AAG,AAT,ACA,ACC,ACG,ACT,AGA,AGC,AGG,AGT,ATA,ATC,ATG,ATT,CAA,CAC,CAG,CAT,CCA,CCC,CCG,CCT,CGA,CGC,CGG,CGT,CTA,CTC,CTG,CTT,GAA,GAC,GAG,GAT,GCA,GCC,GCG,GCT,GGA,GGC,GGG,GGT,GTA,GTC,GTG,GTT,TAA,TAC,TAG,TAT,TCA,TCC,TCG,TCT,TGA,TGC,TGG,TGT,TTA,TTC,TTG,TTT
Ageratum enation virus,Monodnaviria,land plants,AgEVgp,0.925373134328358,0.584615384615385,1.07462686567164,1.41538461538462,1.07142857142857,0.857142857142857,0.928571428571429,1.14285714285714,1.41176470588235,0.978260869565217,1.85294117647059,0.847826086956522,0.672413793103448,1.18965517241379,1,1.13793103448276,1.17857142857143,0.9,0.821428571428571,1.1,0.983606557377049,1.11475409836066,0.655737704918033,1.24590163934426,0.882352941176471,0.352941176470588,0.441176470588235,1.05882352941176,0.8,1.12,0.88,0.8,1.10344827586207,0.627450980392157,0.896551724137931,1.37254901960784,1.25373134328358,0.955223880597015,0.597014925373134,1.19402985074627,1.62962962962963,0.444444444444444,0.962962962962963,0.962962962962963,0.787878787878788,0.909090909090909,0.727272727272727,1.57575757575758,2,0.585365853658537,0,1.41463414634146,1.10869565217391,0.978260869565217,0.782608695652174,1.30434782608696,1,0.909090909090909,1,1.09090909090909,1.92,0.977777777777778,0.48,1.02222222222222
