virus,realm,host,locus_tag,AAA,AAC,AAG,AAT,ACA,ACC,ACG,ACT,AGA,AGC,AGG,AGT,ATA,ATC,ATG,ATT,CAA,CAC,CAG,CAT,CCA,CCC,CCG,CCT,CGA,CGC,CGG,CGT,CTA,CTC,CTG,CTT,GAA,GAC,GAG,GAT,GCA,GCC,GCG,GCT,GGA,GGC,GGG,GGT,GTA,GTC,GTG,GTT,TAA,TAC,TAG,TAT,TCA,TCC,TCG,TCT,TGA,TGC,TGG,TGT,TTA,TTC,TTG,TTT
Ageratum yellow vein Sri Lanka virus,NA,NA,AYVSLvsAgp,1,0.625,1,1.375,0.896551724137931,1.17241379310345,0.758620689655172,1.17241379310345,1.39130434782609,0.712871287128713,1.82608695652174,1.06930693069307,0.711864406779661,1.01694915254237,1,1.27118644067797,1.16981132075472,1.08695652173913,0.830188679245283,0.91304347826087,0.967741935483871,1.35483870967742,0.580645161290323,1.09677419354839,0.608695652173913,0.608695652173913,0.521739130434783,1.04347826086957,0.779220779220779,0.935064935064935,0.545454545454545,1.16883116883117,0.847457627118644,0.588235294117647,1.15254237288136,1.41176470588235,1.44827586206897,1.03448275862069,0.551724137931034,0.96551724137931,1.61538461538462,0.461538461538462,0.846153846153846,1.07692307692308,0.985507246376812,0.869565217391304,0.579710144927536,1.56521739130435,2,0.65,0,1.35,1.54455445544554,0.891089108910891,0.831683168316832,0.95049504950495,1,0.909090909090909,1,1.09090909090909,1.48051948051948,1.10204081632653,1.09090909090909,0.897959183673469
