virus,realm,locus_tag,host,type,shape,AAA,AAC,AAG,AAT,ACA,ACC,ACG,ACT,AGA,AGC,AGG,AGT,ATA,ATC,ATG,ATT,CAA,CAC,CAG,CAT,CCA,CCC,CCG,CCT,CGA,CGC,CGG,CGT,CTA,CTC,CTG,CTT,GAA,GAC,GAG,GAT,GCA,GCC,GCG,GCT,GGA,GGC,GGG,GGT,GTA,GTC,GTG,GTT,TAA,TAC,TAG,TAT,TCA,TCC,TCG,TCT,TGA,TGC,TGG,TGT,TTA,TTC,TTG,TTT
Aglaonema bacilliform virus,Riboviria,KM549,land plants,DNA,circular,1.36296296296296,0.736842105263158,0.637037037037037,1.26315789473684,1.2,0.866666666666667,0.166666666666667,1.76666666666667,2.41121495327103,0.629370629370629,0.897196261682243,0.923076923076923,0.771929824561403,0.807017543859649,1,1.42105263157895,1.22950819672131,0.612903225806452,0.770491803278688,1.38709677419355,1.13761467889908,0.73394495412844,0.36697247706422,1.76146788990826,0.897196261682243,0.728971962616822,0.560747663551402,0.504672897196262,0.793650793650794,0.857142857142857,0.380952380952381,1.87301587301587,1.57333333333333,0.429906542056075,0.426666666666667,1.57009345794393,1.16504854368932,1.00970873786408,0.116504854368932,1.70873786407767,1.73913043478261,1,0.739130434782609,0.521739130434783,1.11111111111111,0.933333333333333,0.533333333333333,1.42222222222222,1,0.720930232558139,0,1.27906976744186,1.09090909090909,1.3006993006993,0.041958041958042,2.01398601398601,2,0.944444444444444,1,1.05555555555556,1.58730158730159,0.925373134328358,0.507936507936508,1.07462686567164
