virus,realm,locus_tag,host,type,shape,AAA,AAC,AAG,AAT,ACA,ACC,ACG,ACT,AGA,AGC,AGG,AGT,ATA,ATC,ATG,ATT,CAA,CAC,CAG,CAT,CCA,CCC,CCG,CCT,CGA,CGC,CGG,CGT,CTA,CTC,CTG,CTT,GAA,GAC,GAG,GAT,GCA,GCC,GCG,GCT,GGA,GGC,GGG,GGT,GTA,GTC,GTG,GTT,TAA,TAC,TAG,TAT,TCA,TCC,TCG,TCT,TGA,TGC,TGG,TGT,TTA,TTC,TTG,TTT
Aguacate virus,NA,AGUV,NA,RNA,linear,0.904761904761905,0.744827586206897,1.0952380952381,1.2551724137931,1.75609756097561,0.741463414634146,0.253658536585366,1.24878048780488,3.23287671232877,0.715025906735751,2.05479452054795,0.948186528497409,1.37142857142857,0.624489795918367,1,1.00408163265306,0.861788617886179,0.863157894736842,1.13821138211382,1.13684210526316,1.54037267080745,0.596273291925466,0.248447204968944,1.61490683229814,0.219178082191781,0.10958904109589,0.136986301369863,0.246575342465753,1.03783783783784,0.502702702702703,1.41081081081081,0.72972972972973,1.04089219330855,0.946902654867257,0.95910780669145,1.05309734513274,1.66120218579235,0.786885245901639,0.174863387978142,1.37704918032787,1.63713080168776,0.624472573839662,0.9957805907173,0.742616033755274,0.640625,0.828125,1.328125,1.203125,0.75,0.961538461538462,0.75,1.03846153846154,1.70984455958549,0.839378238341969,0.233160621761658,1.55440414507772,1.5,0.857142857142857,1,1.14285714285714,1.05405405405405,0.915254237288136,1.26486486486486,1.08474576271186
