virus,realm,host,locus_tag,AAA,AAC,AAG,AAT,ACA,ACC,ACG,ACT,AGA,AGC,AGG,AGT,ATA,ATC,ATG,ATT,CAA,CAC,CAG,CAT,CCA,CCC,CCG,CCT,CGA,CGC,CGG,CGT,CTA,CTC,CTG,CTT,GAA,GAC,GAG,GAT,GCA,GCC,GCG,GCT,GGA,GGC,GGG,GGT,GTA,GTC,GTG,GTT,TAA,TAC,TAG,TAT,TCA,TCC,TCG,TCT,TGA,TGC,TGG,TGT,TTA,TTC,TTG,TTT
Ailuropoda melanoleuca papillomavirus 2,NA,NA,CGU88,1.12781954887218,0.958333333333333,0.87218045112782,1.04166666666667,1.61151079136691,0.60431654676259,0.546762589928058,1.23741007194245,1.39285714285714,1.86666666666667,1.55357142857143,0.933333333333333,1.31707317073171,0.292682926829268,1,1.39024390243902,0.925925925925926,1.08333333333333,1.07407407407407,0.916666666666667,1.1044776119403,0.686567164179104,0.298507462686567,1.91044776119403,0.589285714285714,0.857142857142857,0.696428571428571,0.910714285714286,0.842105263157895,0.350877192982456,1.43859649122807,0.842105263157895,0.983606557377049,1.17073170731707,1.01639344262295,0.829268292682927,1.41935483870968,0.412903225806452,0.567741935483871,1.6,1.01960784313725,1.0718954248366,1.09803921568627,0.810457516339869,1.31612903225806,0.232258064516129,1.36774193548387,1.08387096774194,1.2,0.675,0.6,1.325,0.5,0.5,0.533333333333333,1.66666666666667,1.2,1.14814814814815,1,0.851851851851852,1.15789473684211,0.314606741573034,1.36842105263158,1.68539325842697
