virus,realm,locus_tag,host,type,shape,AAA,AAC,AAG,AAT,ACA,ACC,ACG,ACT,AGA,AGC,AGG,AGT,ATA,ATC,ATG,ATT,CAA,CAC,CAG,CAT,CCA,CCC,CCG,CCT,CGA,CGC,CGG,CGT,CTA,CTC,CTG,CTT,GAA,GAC,GAG,GAT,GCA,GCC,GCG,GCT,GGA,GGC,GGG,GGT,GTA,GTC,GTG,GTT,TAA,TAC,TAG,TAT,TCA,TCC,TCG,TCT,TGA,TGC,TGG,TGT,TTA,TTC,TTG,TTT
Ailuropoda melanoleuca papillomavirus 1,NA,CGU89,NA,DNA,linear,1.08396946564885,0.717948717948718,0.916030534351145,1.28205128205128,1.88059701492537,0.626865671641791,0.238805970149254,1.25373134328358,2.44247787610619,1.53061224489796,1.53982300884956,0.887755102040816,1.3953488372093,0.313953488372093,1,1.2906976744186,0.787878787878788,1.04761904761905,1.21212121212121,0.952380952380952,1.07801418439716,0.99290780141844,0.0851063829787234,1.84397163120567,0.424778761061947,0.584070796460177,0.530973451327434,0.47787610619469,0.75,0.272727272727273,0.886363636363636,1.26136363636364,1.01515151515152,0.741935483870968,0.984848484848485,1.25806451612903,1.875,0.4375,0.21875,1.46875,1.49659863945578,0.73469387755102,1.1156462585034,0.653061224489796,1.2027972027972,0.167832167832168,1.2027972027972,1.42657342657343,0.6,0.683544303797468,0.6,1.31645569620253,1.31632653061224,0.489795918367347,0.275510204081633,1.5,1.8,0.836363636363636,1,1.16363636363636,1.67045454545455,0.354166666666667,1.15909090909091,1.64583333333333
