virus,realm,host,locus_tag,AAA,AAC,AAG,AAT,ACA,ACC,ACG,ACT,AGA,AGC,AGG,AGT,ATA,ATC,ATG,ATT,CAA,CAC,CAG,CAT,CCA,CCC,CCG,CCT,CGA,CGC,CGG,CGT,CTA,CTC,CTG,CTT,GAA,GAC,GAG,GAT,GCA,GCC,GCG,GCT,GGA,GGC,GGG,GGT,GTA,GTC,GTG,GTT,TAA,TAC,TAG,TAT,TCA,TCC,TCG,TCT,TGA,TGC,TGG,TGT,TTA,TTC,TTG,TTT
Air potato virus 1,Riboviria,land plants,KM521,1.1015625,0.705202312138728,0.8984375,1.29479768786127,1.04615384615385,0.8,0.615384615384615,1.53846153846154,1.35802469135802,0.53804347826087,1.25925925925926,1.23913043478261,1.04464285714286,0.790178571428571,1,1.16517857142857,1.08270676691729,0.875,0.917293233082707,1.125,1.10407239819005,0.796380090497738,0.760180995475113,1.3393665158371,0.938271604938272,0.839506172839506,0.716049382716049,0.888888888888889,0.774647887323944,0.661971830985915,1,0.746478873239437,1.152,0.543689320388349,0.848,1.45631067961165,1.00751879699248,0.661654135338346,0.631578947368421,1.69924812030075,1.11278195488722,0.511278195488722,0.977443609022556,1.3984962406015,0.817927170868347,0.717086834733894,1.41176470588235,1.05322128851541,0.857142857142857,0.748299319727891,0.857142857142857,1.25170068027211,1.22282608695652,0.847826086956522,0.668478260869565,1.48369565217391,1.28571428571429,0.674698795180723,1,1.32530120481928,1,0.797979797979798,1.8169014084507,1.2020202020202
