virus,realm,locus_tag,host,type,shape,AAA,AAC,AAG,AAT,ACA,ACC,ACG,ACT,AGA,AGC,AGG,AGT,ATA,ATC,ATG,ATT,CAA,CAC,CAG,CAT,CCA,CCC,CCG,CCT,CGA,CGC,CGG,CGT,CTA,CTC,CTG,CTT,GAA,GAC,GAG,GAT,GCA,GCC,GCG,GCT,GGA,GGC,GGG,GGT,GTA,GTC,GTG,GTT,TAA,TAC,TAG,TAT,TCA,TCC,TCG,TCT,TGA,TGC,TGG,TGT,TTA,TTC,TTG,TTT
Alces alces faeces associated microvirus MP12 5423,NA,EXH75,NA,DNA,circular,1.40350877192982,1.20454545454545,0.596491228070175,0.795454545454545,2.45283018867925,0.150943396226415,0.528301886792453,0.867924528301887,3.76119402985075,1.88372093023256,0.626865671641791,1.53488372093023,1.53846153846154,0.423076923076923,1,1.03846153846154,1.72307692307692,1.23076923076923,0.276923076923077,0.769230769230769,2,0.153846153846154,0.769230769230769,1.07692307692308,0.17910447761194,0.358208955223881,0,1.07462686567164,1.25581395348837,0.697674418604651,0.13953488372093,1.46511627906977,1.51785714285714,1.58333333333333,0.482142857142857,0.416666666666667,2.04,0.16,0.36,1.44,1.38666666666667,0.746666666666667,0.533333333333333,1.33333333333333,2.1875,0.25,0.5625,1,2,1.01492537313433,0.5,0.985074626865672,1.3953488372093,0.0697674418604651,0.13953488372093,0.976744186046512,0.5,1.29411764705882,1,0.705882352941177,1.74418604651163,1.07692307692308,0.697674418604651,0.923076923076923
