virus,realm,locus_tag,host,type,shape,AAA,AAC,AAG,AAT,ACA,ACC,ACG,ACT,AGA,AGC,AGG,AGT,ATA,ATC,ATG,ATT,CAA,CAC,CAG,CAT,CCA,CCC,CCG,CCT,CGA,CGC,CGG,CGT,CTA,CTC,CTG,CTT,GAA,GAC,GAG,GAT,GCA,GCC,GCG,GCT,GGA,GGC,GGG,GGT,GTA,GTC,GTG,GTT,TAA,TAC,TAG,TAT,TCA,TCC,TCG,TCT,TGA,TGC,TGG,TGT,TTA,TTC,TTG,TTT
Alfalfa leaf curl virus,Monodnaviria,AL349,land plants,DNA,circular,0.857142857142857,0.885245901639344,1.14285714285714,1.11475409836066,1,0.75,0.9,1.35,2.62068965517241,0.226415094339623,1.17241379310345,1.41509433962264,0.576923076923077,1.03846153846154,1,1.38461538461538,0.983050847457627,0.888888888888889,1.01694915254237,1.11111111111111,1.21518987341772,0.759493670886076,0.911392405063291,1.11392405063291,0.620689655172414,0.344827586206897,0.482758620689655,0.758620689655172,0.4375,0.9375,0.5,1.0625,1.1044776119403,0.492753623188406,0.895522388059702,1.50724637681159,1.26666666666667,1.13333333333333,0.6,1,1.47692307692308,0.676923076923077,1.29230769230769,0.553846153846154,1.37931034482759,0.96551724137931,0.551724137931034,1.10344827586207,0.857142857142857,1.01960784313725,0.857142857142857,0.980392156862745,1.24528301886792,1.0188679245283,0.735849056603774,1.35849056603774,1.28571428571429,0.75,1,1.25,2.0625,0.846153846153846,1,1.15384615384615
