virus,realm,locus_tag,host,type,shape,AAA,AAC,AAG,AAT,ACA,ACC,ACG,ACT,AGA,AGC,AGG,AGT,ATA,ATC,ATG,ATT,CAA,CAC,CAG,CAT,CCA,CCC,CCG,CCT,CGA,CGC,CGG,CGT,CTA,CTC,CTG,CTT,GAA,GAC,GAG,GAT,GCA,GCC,GCG,GCT,GGA,GGC,GGG,GGT,GTA,GTC,GTG,GTT,TAA,TAC,TAG,TAT,TCA,TCC,TCG,TCT,TGA,TGC,TGG,TGT,TTA,TTC,TTG,TTT
Alfalfa latent virus,Riboviria,VG85,land plants,RNA,linear,1.10059171597633,0.632478632478632,0.899408284023669,1.36752136752137,0.8,1.05454545454545,0.181818181818182,1.96363636363636,2.20833333333333,0.866310160427808,1.95833333333333,1.60427807486631,0.716129032258065,1.00645161290323,1,1.27741935483871,1.025,0.721311475409836,0.975,1.27868852459016,1.04347826086957,0.652173913043478,0.608695652173913,1.69565217391304,0.333333333333333,0.333333333333333,0.583333333333333,0.583333333333333,0.567272727272727,0.72,0.872727272727273,0.676363636363636,0.947368421052632,0.361111111111111,1.05263157894737,1.63888888888889,0.768361581920904,0.655367231638418,0.926553672316384,1.64971751412429,0.880503144654088,0.553459119496855,0.679245283018868,1.88679245283019,0.528301886792453,0.855345911949686,1.30817610062893,1.30817610062893,1.8,0.91358024691358,0,1.08641975308642,1.28342245989305,0.770053475935829,0.288770053475936,1.18716577540107,1.2,0.985507246376812,1,1.01449275362319,1.09090909090909,0.973684210526316,2.07272727272727,1.02631578947368
