virus,realm,locus_tag,host,type,shape,AAA,AAC,AAG,AAT,ACA,ACC,ACG,ACT,AGA,AGC,AGG,AGT,ATA,ATC,ATG,ATT,CAA,CAC,CAG,CAT,CCA,CCC,CCG,CCT,CGA,CGC,CGG,CGT,CTA,CTC,CTG,CTT,GAA,GAC,GAG,GAT,GCA,GCC,GCG,GCT,GGA,GGC,GGG,GGT,GTA,GTC,GTG,GTT,TAA,TAC,TAG,TAT,TCA,TCC,TCG,TCT,TGA,TGC,TGG,TGT,TTA,TTC,TTG,TTT
Alphamesonivirus 3,Riboviria,K656,invertebrates,RNA,linear,1.52577319587629,0.87856071964018,0.474226804123711,1.12143928035982,1.39946380697051,1.17962466487936,0.160857908847185,1.26005361930295,1.03012048192771,1.12012987012987,0.162650602409639,0.886363636363636,0.884561891515994,0.88038942976356,1,1.23504867872045,1.61971830985915,0.900709219858156,0.380281690140845,1.09929078014184,1.48045977011494,1.14942528735632,0.147126436781609,1.22298850574713,0.939759036144578,2.0421686746988,0.216867469879518,1.60843373493976,1.40913921360255,0.879914984059511,0.446333687566419,1.2624867162593,1.72631578947368,0.809734513274336,0.273684210526316,1.19026548672566,1.38568129330254,0.905311778290993,0.0831408775981524,1.62586605080831,1.37404580152672,1.05343511450382,0.0763358778625954,1.49618320610687,1.71014492753623,0.666666666666667,0.386473429951691,1.23671497584541,1.5,0.920152091254753,0.5,1.07984790874525,1.44155844155844,1.12012987012987,0.214285714285714,1.21753246753247,1,0.963730569948187,1,1.03626943005181,1.23060573857598,0.920212765957447,0.771519659936238,1.07978723404255
