virus,realm,locus_tag,host,type,shape,AAA,AAC,AAG,AAT,ACA,ACC,ACG,ACT,AGA,AGC,AGG,AGT,ATA,ATC,ATG,ATT,CAA,CAC,CAG,CAT,CCA,CCC,CCG,CCT,CGA,CGC,CGG,CGT,CTA,CTC,CTG,CTT,GAA,GAC,GAG,GAT,GCA,GCC,GCG,GCT,GGA,GGC,GGG,GGT,GTA,GTC,GTG,GTT,TAA,TAC,TAG,TAT,TCA,TCC,TCG,TCT,TGA,TGC,TGG,TGT,TTA,TTC,TTG,TTT
Alphapolyomavirus callosciuri,Monodnaviria,KM731,vertebrates,NA,NA,1.41880341880342,0.540540540540541,0.581196581196581,1.45945945945946,1.36263736263736,0.747252747252747,0.0879120879120879,1.8021978021978,4.47619047619048,0.88695652173913,1.33333333333333,1.77391304347826,1.06329113924051,0.265822784810127,1,1.67088607594937,1.34375,0.666666666666667,0.65625,1.33333333333333,1.45454545454545,0.818181818181818,0.227272727272727,1.5,0,0.0952380952380952,0,0.0952380952380952,0.791208791208791,0.494505494505495,0.461538461538462,1.08791208791209,1.4,0.428571428571429,0.6,1.57142857142857,1.12,0.52,0.04,2.32,2.13084112149533,0.448598130841121,0.635514018691589,0.785046728971963,1.62790697674419,0.0930232558139535,1.2093023255814,1.06976744186047,1.5,0.533333333333333,0,1.46666666666667,0.991304347826087,0.573913043478261,0.208695652173913,1.56521739130435,1.5,0.666666666666667,1,1.33333333333333,2.17582417582418,0.246913580246914,0.989010989010989,1.75308641975309
