virus,realm,host,locus_tag,AAA,AAC,AAG,AAT,ACA,ACC,ACG,ACT,AGA,AGC,AGG,AGT,ATA,ATC,ATG,ATT,CAA,CAC,CAG,CAT,CCA,CCC,CCG,CCT,CGA,CGC,CGG,CGT,CTA,CTC,CTG,CTT,GAA,GAC,GAG,GAT,GCA,GCC,GCG,GCT,GGA,GGC,GGG,GGT,GTA,GTC,GTG,GTT,TAA,TAC,TAG,TAT,TCA,TCC,TCG,TCT,TGA,TGC,TGG,TGT,TTA,TTC,TTG,TTT
Alternanthera mosaic virus,Riboviria,land plants,AltMV,0.861538461538462,1.14634146341463,1.13846153846154,0.853658536585366,1.12121212121212,1.24242424242424,0.606060606060606,1.03030303030303,1.93548387096774,0.975903614457831,1.48387096774194,0.578313253012048,0.387931034482759,1.55172413793103,1,1.06034482758621,0.8125,1.44736842105263,1.1875,0.552631578947368,1.63157894736842,1.42105263157895,0.473684210526316,0.473684210526316,0.645161290322581,0.903225806451613,0.580645161290323,0.451612903225806,0.532710280373832,1.96261682242991,1.1214953271028,1.28971962616822,0.823529411764706,1.08888888888889,1.17647058823529,0.911111111111111,0.662857142857143,1.78285714285714,0.662857142857143,0.891428571428571,1.00840336134454,1.27731092436975,1.00840336134454,0.705882352941177,0.324324324324324,1.40540540540541,1.51351351351351,0.756756756756757,1.2,1.26760563380282,1.2,0.732394366197183,1.40963855421687,1.66265060240964,0.36144578313253,1.01204819277108,0.6,1.3125,1,0.6875,0.364485981308411,1.48514851485149,0.728971962616822,0.514851485148515
