virus,realm,locus_tag,host,type,shape,AAA,AAC,AAG,AAT,ACA,ACC,ACG,ACT,AGA,AGC,AGG,AGT,ATA,ATC,ATG,ATT,CAA,CAC,CAG,CAT,CCA,CCC,CCG,CCT,CGA,CGC,CGG,CGT,CTA,CTC,CTG,CTT,GAA,GAC,GAG,GAT,GCA,GCC,GCG,GCT,GGA,GGC,GGG,GGT,GTA,GTC,GTG,GTT,TAA,TAC,TAG,TAT,TCA,TCC,TCG,TCT,TGA,TGC,TGG,TGT,TTA,TTC,TTG,TTT
Alternaria brassicicola betaendornavirus 1,Riboviria,SP86,fungi,RNA,linear,1.15207373271889,1.42245989304813,0.847926267281106,0.577540106951872,1.24324324324324,0.882882882882883,1.18918918918919,0.684684684684685,1.26315789473684,2.45,1.73684210526316,0.975,1.25,1.171875,1,0.578125,1.33884297520661,1.33333333333333,0.661157024793388,0.666666666666667,1.51515151515152,0.787878787878788,1.24242424242424,0.454545454545455,1.13684210526316,0.852631578947368,0.505263157894737,0.505263157894737,0.904761904761905,0.452380952380952,1.38095238095238,0.642857142857143,1.11848341232227,1.20398009950249,0.881516587677725,0.796019900497512,1.17117117117117,1.26126126126126,0.774774774774775,0.792792792792793,0.796208530805687,1.57345971563981,1.02369668246445,0.606635071090047,0.415584415584416,1.07359307359307,1.52380952380952,0.987012987012987,0,1.34883720930233,0,0.651162790697674,1.175,0.3,0.65,0.45,3,1.28571428571429,1,0.714285714285714,0.880952380952381,1.04065040650407,1.73809523809524,0.959349593495935
