virus,realm,locus_tag,host,type,shape,AAA,AAC,AAG,AAT,ACA,ACC,ACG,ACT,AGA,AGC,AGG,AGT,ATA,ATC,ATG,ATT,CAA,CAC,CAG,CAT,CCA,CCC,CCG,CCT,CGA,CGC,CGG,CGT,CTA,CTC,CTG,CTT,GAA,GAC,GAG,GAT,GCA,GCC,GCG,GCT,GGA,GGC,GGG,GGT,GTA,GTC,GTG,GTT,TAA,TAC,TAG,TAT,TCA,TCC,TCG,TCT,TGA,TGC,TGG,TGT,TTA,TTC,TTG,TTT
American plum line pattern virus,Riboviria,APLPVsRNA,land plants,RNA,linear,1.10948905109489,0.582278481012658,0.89051094890511,1.41772151898734,0.575757575757576,1.03030303030303,0.96969696969697,1.42424242424242,1.31506849315068,0.186528497409326,1.27397260273973,1.15025906735751,0.73109243697479,0.73109243697479,1,1.53781512605042,1.08823529411765,1.01960784313725,0.911764705882353,0.980392156862745,0.648648648648649,0.936936936936937,0.792792792792793,1.62162162162162,1.02739726027397,0.657534246575342,0.73972602739726,0.986301369863014,0.436893203883495,0.669902912621359,0.611650485436893,0.961165048543689,1,0.742857142857143,1,1.25714285714286,1.15107913669065,0.633093525179856,0.920863309352518,1.29496402877698,1.02564102564103,0.170940170940171,0.923076923076923,1.88034188034188,0.426395939086294,0.83248730964467,1.27918781725888,1.46192893401015,1.5,0.783783783783784,0.75,1.21621621621622,0.994818652849741,1.11917098445596,1.11917098445596,1.4300518134715,0.75,0.431372549019608,1,1.56862745098039,1.33980582524272,0.9,1.98058252427184,1.1
