virus,realm,locus_tag,host,type,shape,AAA,AAC,AAG,AAT,ACA,ACC,ACG,ACT,AGA,AGC,AGG,AGT,ATA,ATC,ATG,ATT,CAA,CAC,CAG,CAT,CCA,CCC,CCG,CCT,CGA,CGC,CGG,CGT,CTA,CTC,CTG,CTT,GAA,GAC,GAG,GAT,GCA,GCC,GCG,GCT,GGA,GGC,GGG,GGT,GTA,GTC,GTG,GTT,TAA,TAC,TAG,TAT,TCA,TCC,TCG,TCT,TGA,TGC,TGG,TGT,TTA,TTC,TTG,TTT
American hop latent virus,Riboviria,YYO,land plants,RNA,linear,1.08791208791209,0.819672131147541,0.912087912087912,1.18032786885246,0.732824427480916,1.25190839694656,0.763358778625954,1.25190839694656,1.29545454545455,1.35078534031414,1.77272727272727,1.2565445026178,0.735849056603774,1.24528301886792,1,1.0188679245283,0.944444444444444,1.18181818181818,1.05555555555556,0.818181818181818,1.36434108527132,0.961240310077519,0.651162790697674,1.02325581395349,0.340909090909091,1.46590909090909,0.306818181818182,0.818181818181818,0.613138686131387,1.09489051094891,1.09489051094891,1.02919708029197,0.774509803921569,0.661870503597122,1.22549019607843,1.33812949640288,0.807692307692308,1.03846153846154,0.711538461538462,1.44230769230769,0.81437125748503,1.12574850299401,0.934131736526946,1.12574850299401,0.574358974358974,0.861538461538462,1.41538461538462,1.14871794871795,2,1.17171717171717,0,0.828282828282828,0.879581151832461,0.691099476439791,0.848167539267016,0.973821989528796,1,1.27906976744186,1,0.720930232558139,0.700729927007299,1.28571428571429,1.46715328467153,0.714285714285714
