virus,realm,locus_tag,host,type,shape,AAA,AAC,AAG,AAT,ACA,ACC,ACG,ACT,AGA,AGC,AGG,AGT,ATA,ATC,ATG,ATT,CAA,CAC,CAG,CAT,CCA,CCC,CCG,CCT,CGA,CGC,CGG,CGT,CTA,CTC,CTG,CTT,GAA,GAC,GAG,GAT,GCA,GCC,GCG,GCT,GGA,GGC,GGG,GGT,GTA,GTC,GTG,GTT,TAA,TAC,TAG,TAT,TCA,TCC,TCG,TCT,TGA,TGC,TGG,TGT,TTA,TTC,TTG,TTT
American grass carp reovirus,Riboviria,AGCRV,vertebrates,RNA,linear,0.973333333333333,1.3915857605178,1.02666666666667,0.608414239482201,0.833855799373041,1.64890282131661,0.815047021943574,0.702194357366771,0.940092165898618,0.595744680851064,0.525345622119816,0.51063829787234,0.652173913043478,1.69565217391304,1,0.652173913043478,1.06796116504854,1.39130434782609,0.932038834951456,0.608695652173913,1.04809286898839,1.71807628524046,0.603648424543947,0.630182421227197,0.67741935483871,1.75576036866359,0.400921658986175,1.70046082949309,0.943089430894309,1.73983739837398,1.78861788617886,0.471544715447154,0.992248062015504,1.32820512820513,1.0077519379845,0.671794871794872,0.838471023427867,1.70653514180025,0.621454993834772,0.833538840937115,1.06738544474394,1.00269541778976,0.485175202156334,1.44474393530997,0.715630885122411,1.51412429378531,1.03201506591337,0.738229755178908,1.25,1.42735042735043,0.5,0.572649572649573,1.3936170212766,2.09574468085106,0.776595744680851,0.627659574468085,1.25,1.48453608247423,1,0.515463917525773,0.455284552845528,1.62931034482759,0.601626016260163,0.370689655172414
