virus,realm,locus_tag,host,type,shape,AAA,AAC,AAG,AAT,ACA,ACC,ACG,ACT,AGA,AGC,AGG,AGT,ATA,ATC,ATG,ATT,CAA,CAC,CAG,CAT,CCA,CCC,CCG,CCT,CGA,CGC,CGG,CGT,CTA,CTC,CTG,CTT,GAA,GAC,GAG,GAT,GCA,GCC,GCG,GCT,GGA,GGC,GGG,GGT,GTA,GTC,GTG,GTT,TAA,TAC,TAG,TAT,TCA,TCC,TCG,TCT,TGA,TGC,TGG,TGT,TTA,TTC,TTG,TTT
Anagyris vein yellowing virus,NA,AVYV,NA,ss-RNA,linear,0.796610169491525,1.05263157894737,1.20338983050847,0.947368421052632,0.757575757575758,1.57575757575758,0.151515151515152,1.51515151515152,1.83870967741935,0.844574780058651,1.5,0.457478005865103,0.384615384615385,1.64102564102564,1,0.974358974358974,1.18446601941748,1.28301886792453,0.815533980582524,0.716981132075472,1.28735632183908,1.18007662835249,0.168582375478927,1.3639846743295,0.67741935483871,1.11290322580645,0.338709677419355,0.532258064516129,0.561290322580645,1.9741935483871,1.29677419354839,1.14193548387097,1.07368421052632,1.23913043478261,0.926315789473684,0.760869565217391,0.771428571428571,1.28571428571429,0.314285714285714,1.62857142857143,1.3109243697479,1.27731092436975,0.840336134453782,0.571428571428571,0.26865671641791,1.34328358208955,1.25373134328358,1.13432835820896,1,1.48484848484848,0,0.515151515151515,1.10850439882698,1.63636363636364,0.263929618768328,1.6891495601173,2,1.46428571428571,1,0.535714285714286,0.329032258064516,1.33333333333333,0.696774193548387,0.666666666666667
