virus,realm,locus_tag,host,type,shape,AAA,AAC,AAG,AAT,ACA,ACC,ACG,ACT,AGA,AGC,AGG,AGT,ATA,ATC,ATG,ATT,CAA,CAC,CAG,CAT,CCA,CCC,CCG,CCT,CGA,CGC,CGG,CGT,CTA,CTC,CTG,CTT,GAA,GAC,GAG,GAT,GCA,GCC,GCG,GCT,GGA,GGC,GGG,GGT,GTA,GTC,GTG,GTT,TAA,TAC,TAG,TAT,TCA,TCC,TCG,TCT,TGA,TGC,TGG,TGT,TTA,TTC,TTG,TTT
Anthoxanthum odoratum amalgavirus 1,Riboviria,EXI49,land plants,RNA,linear,0.275,1.05,1.725,0.95,0.405797101449275,1.73913043478261,1.10144927536232,0.753623188405797,0.387096774193548,0.681818181818182,1.16129032258065,0.818181818181818,0.578947368421053,1.89473684210526,1,0.526315789473684,0.260869565217391,1.27272727272727,1.73913043478261,0.727272727272727,1.04347826086957,1.6231884057971,0.63768115942029,0.695652173913043,0.435483870967742,2.17741935483871,0.870967741935484,0.967741935483871,0.176470588235294,1.89705882352941,1.85294117647059,0.970588235294118,0.484848484848485,1.29166666666667,1.51515151515152,0.708333333333333,0.41025641025641,1.74358974358974,1.07692307692308,0.769230769230769,0.689655172413793,1.5632183908046,0.64367816091954,1.10344827586207,0.423529411764706,1.64705882352941,1.08235294117647,0.847058823529412,0,1.5,1.5,0.5,0.613636363636364,1.90909090909091,0.818181818181818,1.15909090909091,1.5,1.05882352941176,1,0.941176470588235,0.397058823529412,1.53424657534247,0.705882352941177,0.465753424657534
