virus,realm,locus_tag,host,type,shape,AAA,AAC,AAG,AAT,ACA,ACC,ACG,ACT,AGA,AGC,AGG,AGT,ATA,ATC,ATG,ATT,CAA,CAC,CAG,CAT,CCA,CCC,CCG,CCT,CGA,CGC,CGG,CGT,CTA,CTC,CTG,CTT,GAA,GAC,GAG,GAT,GCA,GCC,GCG,GCT,GGA,GGC,GGG,GGT,GTA,GTC,GTG,GTT,TAA,TAC,TAG,TAT,TCA,TCC,TCG,TCT,TGA,TGC,TGG,TGT,TTA,TTC,TTG,TTT
Apodemus sylvaticus papillomavirus 1,Monodnaviria,LO61,vertebrates,DNA,circular,1.16814159292035,0.634615384615385,0.831858407079646,1.36538461538462,1.68553459119497,0.855345911949686,0.20125786163522,1.25786163522013,2.24050632911392,0.778378378378378,1.74683544303797,1.55675675675676,1.39805825242718,0.524271844660194,1,1.07766990291262,0.770642201834862,0.782608695652174,1.22935779816514,1.21739130434783,1.03954802259887,0.903954802259887,0.361581920903955,1.69491525423729,0.569620253164557,0.531645569620253,0.607594936708861,0.30379746835443,0.767772511848341,0.597156398104265,1.19431279620853,1.70616113744076,0.815384615384615,0.845238095238095,1.18461538461538,1.1547619047619,1.49593495934959,0.682926829268293,0.292682926829268,1.52845528455285,1.07936507936508,0.634920634920635,0.994708994708995,1.29100529100529,0.493150684931507,0.684931506849315,1.50684931506849,1.31506849315068,2.14285714285714,0.873239436619718,0.428571428571429,1.12676056338028,0.908108108108108,0.875675675675676,0.421621621621622,1.45945945945946,0.428571428571429,0.84,1,1.16,0.909952606635071,0.648648648648649,0.824644549763033,1.35135135135135
