virus,realm,locus_tag,host,type,shape,AAA,AAC,AAG,AAT,ACA,ACC,ACG,ACT,AGA,AGC,AGG,AGT,ATA,ATC,ATG,ATT,CAA,CAC,CAG,CAT,CCA,CCC,CCG,CCT,CGA,CGC,CGG,CGT,CTA,CTC,CTG,CTT,GAA,GAC,GAG,GAT,GCA,GCC,GCG,GCT,GGA,GGC,GGG,GGT,GTA,GTC,GTG,GTT,TAA,TAC,TAG,TAT,TCA,TCC,TCG,TCT,TGA,TGC,TGG,TGT,TTA,TTC,TTG,TTT
Apore mammarenavirus,Riboviria,EXK94,vertebrates,RNA,linear,1.0954356846473,0.724137931034483,0.904564315352697,1.27586206896552,1.75401069518717,0.684491978609626,0.128342245989305,1.4331550802139,2.89024390243902,0.713286713286713,2.08536585365854,1.17482517482517,1.06179775280899,0.758426966292135,1,1.17977528089888,1.1304347826087,0.944444444444444,0.869565217391304,1.05555555555556,1.59259259259259,0.814814814814815,0.37037037037037,1.22222222222222,0.219512195121951,0.25609756097561,0.182926829268293,0.365853658536585,0.742718446601942,0.524271844660194,0.932038834951456,1.22330097087379,1.22842639593909,0.877005347593583,0.771573604060914,1.12299465240642,1.88976377952756,0.598425196850394,0.15748031496063,1.35433070866142,1.07865168539326,0.584269662921348,0.98876404494382,1.34831460674157,0.625592417061611,0.682464454976303,1.28909952606635,1.40284360189573,0.75,0.689655172413793,0.75,1.31034482758621,2.01398601398601,0.776223776223776,0.104895104895105,1.21678321678322,1.5,0.541176470588235,1,1.45882352941176,1.2378640776699,0.666666666666667,1.33980582524272,1.33333333333333
