virus,realm,locus_tag,host,type,shape,AAA,AAC,AAG,AAT,ACA,ACC,ACG,ACT,AGA,AGC,AGG,AGT,ATA,ATC,ATG,ATT,CAA,CAC,CAG,CAT,CCA,CCC,CCG,CCT,CGA,CGC,CGG,CGT,CTA,CTC,CTG,CTT,GAA,GAC,GAG,GAT,GCA,GCC,GCG,GCT,GGA,GGC,GGG,GGT,GTA,GTC,GTG,GTT,TAA,TAC,TAG,TAT,TCA,TCC,TCG,TCT,TGA,TGC,TGG,TGT,TTA,TTC,TTG,TTT
Apple rubbery wood virus 1,Riboviria,KM594,land plants,RNA,linear,1.35395189003436,0.622448979591837,0.646048109965636,1.37755102040816,1.83225806451613,0.541935483870968,0.0774193548387097,1.54838709677419,3.8019801980198,0.744827586206897,1.72277227722772,0.931034482758621,1.0762331838565,0.699551569506726,1,1.22421524663677,1.47169811320755,0.678571428571429,0.528301886792453,1.32142857142857,1.36585365853659,0.390243902439024,0.0487804878048781,2.19512195121951,0.237623762376238,0.0594059405940594,0.0594059405940594,0.118811881188119,0.968354430379747,0.341772151898734,0.39873417721519,1.04430379746835,1.51724137931034,0.51685393258427,0.482758620689655,1.48314606741573,1.65384615384615,0.769230769230769,0.0384615384615385,1.53846153846154,1.6283185840708,0.778761061946903,0.530973451327434,1.06194690265487,0.536585365853659,0.829268292682927,0.829268292682927,1.80487804878049,2,0.632478632478632,0,1.36752136752137,1.90344827586207,0.393103448275862,0,2.02758620689655,1,0.6,1,1.4,1.78481012658228,0.463276836158192,1.4620253164557,1.53672316384181
