virus,realm,locus_tag,host,type,shape,AAA,AAC,AAG,AAT,ACA,ACC,ACG,ACT,AGA,AGC,AGG,AGT,ATA,ATC,ATG,ATT,CAA,CAC,CAG,CAT,CCA,CCC,CCG,CCT,CGA,CGC,CGG,CGT,CTA,CTC,CTG,CTT,GAA,GAC,GAG,GAT,GCA,GCC,GCG,GCT,GGA,GGC,GGG,GGT,GTA,GTC,GTG,GTT,TAA,TAC,TAG,TAT,TCA,TCC,TCG,TCT,TGA,TGC,TGG,TGT,TTA,TTC,TTG,TTT
Armadillidium vulgare iridescent virus,Varidnaviria,IIV31,invertebrates,DNA,circular,1.54156898106402,0.789623865110246,0.458431018935978,1.21037613488975,1.84293727689954,0.645588985211627,0.466088730239674,1.04538500764916,3.44529456771232,0.588513658851366,0.828615149196633,1.14347171434717,1.00062266500623,0.562889165628892,1,1.43648816936488,1.50484581497797,0.638811513463324,0.495154185022026,1.36118848653668,1.73559822747415,0.515509601181684,0.488921713441654,1.25997045790251,0.576128538638103,0.29150726855394,0.229533282325937,0.628921193573068,0.625482625482625,0.432783432783433,0.387504387504387,1.47314847314847,1.53097731239092,0.699515807462261,0.469022687609075,1.30048419253774,1.45844504021448,0.64745308310992,0.596514745308311,1.29758713136729,1.72562168203409,0.495110366024029,0.770047499301481,1.0092204526404,1.06781485468245,0.518837459634015,0.531754574811625,1.88159311087191,2.27586206896552,0.617437722419929,0.399014778325123,1.38256227758007,1.37061733706173,0.602710260271026,0.628522262852226,1.66616476661648,0.32512315270936,0.54824165915239,1,1.45175834084761,2.07230607230607,0.436896229354939,1.00877500877501,1.56310377064506
