virus,realm,locus_tag,host,type,shape,AAA,AAC,AAG,AAT,ACA,ACC,ACG,ACT,AGA,AGC,AGG,AGT,ATA,ATC,ATG,ATT,CAA,CAC,CAG,CAT,CCA,CCC,CCG,CCT,CGA,CGC,CGG,CGT,CTA,CTC,CTG,CTT,GAA,GAC,GAG,GAT,GCA,GCC,GCG,GCT,GGA,GGC,GGG,GGT,GTA,GTC,GTG,GTT,TAA,TAC,TAG,TAT,TCA,TCC,TCG,TCT,TGA,TGC,TGG,TGT,TTA,TTC,TTG,TTT
Arracacha virus V,Riboviria,B7W91,land plants,RNA,linear,0.962962962962963,0.914285714285714,1.03703703703704,1.08571428571429,1.05263157894737,1.38947368421053,0.673684210526316,0.884210526315789,2.31818181818182,1.57894736842105,2.04545454545455,1.48421052631579,1.33663366336634,0.891089108910891,1,0.772277227722772,1.04,0.766666666666667,0.96,1.23333333333333,1.47945205479452,0.931506849315068,0.876712328767123,0.712328767123288,0.227272727272727,0.409090909090909,0.454545454545455,0.545454545454545,0.906666666666667,0.746666666666667,1.06666666666667,0.906666666666667,0.908108108108108,0.786885245901639,1.09189189189189,1.21311475409836,1.4014598540146,0.934306569343066,0.671532846715328,0.992700729927007,0.929032258064516,0.567741935483871,1.26451612903226,1.23870967741935,0.493150684931507,0.684931506849315,2.02739726027397,0.794520547945205,0.75,0.864864864864865,1.5,1.13513513513514,0.91578947368421,0.536842105263158,0.284210526315789,1.2,0.75,1.1864406779661,1,0.813559322033898,0.8,1.22522522522523,1.57333333333333,0.774774774774775
