virus,realm,locus_tag,host,type,shape,AAA,AAC,AAG,AAT,ACA,ACC,ACG,ACT,AGA,AGC,AGG,AGT,ATA,ATC,ATG,ATT,CAA,CAC,CAG,CAT,CCA,CCC,CCG,CCT,CGA,CGC,CGG,CGT,CTA,CTC,CTG,CTT,GAA,GAC,GAG,GAT,GCA,GCC,GCG,GCT,GGA,GGC,GGG,GGT,GTA,GTC,GTG,GTT,TAA,TAC,TAG,TAT,TCA,TCC,TCG,TCT,TGA,TGC,TGG,TGT,TTA,TTC,TTG,TTT
Artashat orthonairovirus,Riboviria,FLA06,invertebrates,ss-RNA,linear,0.84326710816777,1.16595744680851,1.15673289183223,0.834042553191489,1.5632183908046,0.896551724137931,0.298850574712644,1.24137931034483,3.18120805369128,1.35445544554455,2.0738255033557,0.962376237623762,1.03154574132492,0.965299684542587,1,1.00315457413249,0.758241758241758,1.264,1.24175824175824,0.736,1.05494505494505,0.901098901098901,0.32967032967033,1.71428571428571,0.302013422818792,0.100671140939597,0.201342281879195,0.140939597315436,1.02295081967213,1.14098360655738,1.27868852459016,1.12131147540984,1.02088167053364,1.13099041533546,0.979118329466357,0.869009584664537,1.75895765472313,0.742671009771987,0.169381107491857,1.32899022801303,1.39817629179331,0.948328267477204,0.656534954407295,0.996960486322188,0.760095011876485,0.864608076009501,1.51068883610451,0.864608076009501,NA,1.15189873417722,NA,0.848101265822785,1.24752475247525,0.772277227722772,0.308910891089109,1.35445544554455,NA,1.07352941176471,1,0.926470588235294,0.580327868852459,0.979423868312757,0.855737704918033,1.02057613168724
