virus,realm,host,locus_tag,AAA,AAC,AAG,AAT,ACA,ACC,ACG,ACT,AGA,AGC,AGG,AGT,ATA,ATC,ATG,ATT,CAA,CAC,CAG,CAT,CCA,CCC,CCG,CCT,CGA,CGC,CGG,CGT,CTA,CTC,CTG,CTT,GAA,GAC,GAG,GAT,GCA,GCC,GCG,GCT,GGA,GGC,GGG,GGT,GTA,GTC,GTG,GTT,TAA,TAC,TAG,TAT,TCA,TCC,TCG,TCT,TGA,TGC,TGG,TGT,TTA,TTC,TTG,TTT
Arthrobacter phage BarretLemon,Duplodnaviria,bacteria,BJD79,0.433070866141732,1.65371024734982,1.56692913385827,0.346289752650177,0.62238398544131,0.280254777070064,2.15832575068244,0.939035486806187,0.198595787362086,2.35757575757576,0.228686058174524,0.272727272727273,0.121827411167513,2.54695431472081,1,0.331218274111675,0.269662921348315,1.58503401360544,1.73033707865169,0.414965986394558,0.353846153846154,0.738461538461539,2.2,0.707692307692308,0.583751253761284,3.6950852557673,0.40320962888666,0.890672016048144,0.142419601837672,2.27411944869832,2.88055130168453,0.390505359877489,0.737657308809293,1.60394088669951,1.26234269119071,0.396059113300493,0.978016085790885,0.244504021447721,1.45415549597855,1.32332439678284,0.232518955349621,2.97556866048863,0.518955349620893,0.272957034540859,0.188498402555911,2.29392971246006,1.21086261980831,0.306709265175719,0.911392405063291,1.57255936675462,0.455696202531646,0.427440633245383,0.557575757575758,0.23030303030303,1.76969696969697,0.812121212121212,1.63291139240506,1.71428571428571,1,0.285714285714286,0.0229709035222052,1.7875,0.289433384379786,0.2125
