virus,realm,host,locus_tag,AAA,AAC,AAG,AAT,ACA,ACC,ACG,ACT,AGA,AGC,AGG,AGT,ATA,ATC,ATG,ATT,CAA,CAC,CAG,CAT,CCA,CCC,CCG,CCT,CGA,CGC,CGG,CGT,CTA,CTC,CTG,CTT,GAA,GAC,GAG,GAT,GCA,GCC,GCG,GCT,GGA,GGC,GGG,GGT,GTA,GTC,GTG,GTT,TAA,TAC,TAG,TAT,TCA,TCC,TCG,TCT,TGA,TGC,TGG,TGT,TTA,TTC,TTG,TTT
Arthrobacter phage KellEzio,Duplodnaviria,bacteria,BJD78,0.352035203520352,1.85250737463127,1.64796479647965,0.147492625368732,0.237087214225233,2.16765453005927,1.25994919559695,0.335309060118544,0.0923965351299326,0.88622754491018,0.485081809432146,0.179640718562874,0.0471380471380471,2.71380471380471,1,0.239057239057239,0.288235294117647,1.728,1.71176470588235,0.272,0.215285252960172,1.16254036598493,2.06673842841765,0.555435952637244,0.21944177093359,1.76708373435996,2.98556304138595,0.450433108758422,0.0530612244897959,2.35918367346939,2.9469387755102,0.342857142857143,0.786677240285488,1.74392220421394,1.21332275971451,0.256077795786062,0.567360350492881,1.87732749178532,1.03395399780942,0.521358159912377,0.393530997304582,2.03234501347709,1.18059299191375,0.393530997304582,0.198518518518519,2.09777777777778,1.50222222222222,0.201481481481481,0.673469387755102,1.84322033898305,0.673469387755102,0.156779661016949,0.29940119760479,2.91616766467066,1.33532934131737,0.383233532934132,1.6530612244898,1.75324675324675,1,0.246753246753247,0.00816326530612245,1.81818181818182,0.289795918367347,0.181818181818182
