virus,realm,host,locus_tag,AAA,AAC,AAG,AAT,ACA,ACC,ACG,ACT,AGA,AGC,AGG,AGT,ATA,ATC,ATG,ATT,CAA,CAC,CAG,CAT,CCA,CCC,CCG,CCT,CGA,CGC,CGG,CGT,CTA,CTC,CTG,CTT,GAA,GAC,GAG,GAT,GCA,GCC,GCG,GCT,GGA,GGC,GGG,GGT,GTA,GTC,GTG,GTT,TAA,TAC,TAG,TAT,TCA,TCC,TCG,TCT,TGA,TGC,TGG,TGT,TTA,TTC,TTG,TTT
Arthrobacter phage Kitkat,Duplodnaviria,bacteria,BJD77,0.364628820960699,1.85394932935917,1.6353711790393,0.146050670640835,0.24047417442845,2.12701100762066,1.31075359864522,0.321761219305673,0.0822722820763957,0.939182452642074,0.452497551420176,0.119641076769691,0.0436241610738255,2.75503355704698,1,0.201342281879195,0.275761973875181,1.70618556701031,1.72423802612482,0.293814432989691,0.207792207792208,1.15151515151515,2.05627705627706,0.584415584415584,0.193927522037218,1.83937316356513,3.0205680705191,0.411361410381978,0.0454858718125431,2.3776705720193,2.9855272226051,0.301860785665059,0.801593625498008,1.74246128769356,1.19840637450199,0.257538712306438,0.543155579989005,1.85596481583288,1.04233095107202,0.558548653106102,0.389189189189189,2.07567567567568,1.15945945945946,0.375675675675676,0.1976401179941,2.09734513274336,1.50737463126844,0.1976401179941,0.6,1.81545064377682,0.63,0.184549356223176,0.305084745762712,2.9790628115653,1.27417746759721,0.382851445663011,1.77,1.81481481481481,1,0.185185185185185,0.0165403170227429,1.85263157894737,0.272915230875258,0.147368421052632
