virus,realm,locus_tag,host,type,shape,AAA,AAC,AAG,AAT,ACA,ACC,ACG,ACT,AGA,AGC,AGG,AGT,ATA,ATC,ATG,ATT,CAA,CAC,CAG,CAT,CCA,CCC,CCG,CCT,CGA,CGC,CGG,CGT,CTA,CTC,CTG,CTT,GAA,GAC,GAG,GAT,GCA,GCC,GCG,GCT,GGA,GGC,GGG,GGT,GTA,GTC,GTG,GTT,TAA,TAC,TAG,TAT,TCA,TCC,TCG,TCT,TGA,TGC,TGG,TGT,TTA,TTC,TTG,TTT
Arthrobacter phage Preamble,Duplodnaviria,FDH61,bacteria,DNA,linear,0.362857142857143,1.652,1.63714285714286,0.348,0.285395763656633,2.10479375696767,1.03901895206243,0.570791527313266,0.186335403726708,0.979591836734694,0.603726708074534,0.194477791116447,0.154639175257732,2.23564064801178,1,0.609720176730486,0.336252189141856,1.70992366412214,1.66374781085814,0.290076335877863,0.394202898550725,1.18260869565217,1.92463768115942,0.498550724637681,0.745341614906832,1.68447204968944,2.02732919254658,0.752795031055901,0.2692633361558,1.73751058425064,2.83488569009314,0.396274343776461,0.63215859030837,1.49620253164557,1.36784140969163,0.50379746835443,0.754285714285714,1.51142857142857,1.10571428571429,0.628571428571429,0.629815745393635,1.56113902847571,0.917922948073702,0.891122278056951,0.597793380140421,1.60481444332999,1.33199598796389,0.465396188565697,1.265625,1.73816155988858,0.75,0.261838440111421,0.432172869147659,2.21128451380552,1.87274909963986,0.309723889555822,0.984375,1.74757281553398,1,0.252427184466019,0.0711261642675699,1.77262180974478,0.690939881456393,0.22737819025522
