virus,realm,locus_tag,host,type,shape,AAA,AAC,AAG,AAT,ACA,ACC,ACG,ACT,AGA,AGC,AGG,AGT,ATA,ATC,ATG,ATT,CAA,CAC,CAG,CAT,CCA,CCC,CCG,CCT,CGA,CGC,CGG,CGT,CTA,CTC,CTG,CTT,GAA,GAC,GAG,GAT,GCA,GCC,GCG,GCT,GGA,GGC,GGG,GGT,GTA,GTC,GTG,GTT,TAA,TAC,TAG,TAT,TCA,TCC,TCG,TCT,TGA,TGC,TGG,TGT,TTA,TTC,TTG,TTT
Arthrobacter phage Korra,Duplodnaviria,FDH60,bacteria,DNA,linear,0.386530014641288,1.72357723577236,1.61346998535871,0.276422764227642,0.285390713476784,2.17440543601359,0.964892412231031,0.575311438278596,0.127182044887781,1.09706546275395,0.620947630922693,0.17607223476298,0.19634703196347,2.11872146118721,1,0.684931506849315,0.378378378378378,1.78048780487805,1.62162162162162,0.219512195121951,0.450070323488045,1.17018284106892,1.91279887482419,0.466947960618847,0.501246882793017,1.76558603491272,2.25187032418953,0.733167082294264,0.203473945409429,1.77667493796526,2.78411910669975,0.416873449131514,0.588235294117647,1.52091254752852,1.41176470588235,0.479087452471483,0.750173010380623,1.51695501730104,1.08512110726644,0.647750865051903,0.591735537190083,1.55371900826446,0.928925619834711,0.925619834710744,0.565302144249513,1.64132553606238,1.29044834307992,0.502923976608187,1.27118644067797,1.69411764705882,0.915254237288136,0.305882352941176,0.419864559819413,2.14672686230248,1.80812641083521,0.352144469525959,0.813559322033898,1.68888888888889,1,0.311111111111111,0.0297766749379653,1.73995271867612,0.789081885856079,0.260047281323877
