virus,realm,host,locus_tag,AAA,AAC,AAG,AAT,ACA,ACC,ACG,ACT,AGA,AGC,AGG,AGT,ATA,ATC,ATG,ATT,CAA,CAC,CAG,CAT,CCA,CCC,CCG,CCT,CGA,CGC,CGG,CGT,CTA,CTC,CTG,CTT,GAA,GAC,GAG,GAT,GCA,GCC,GCG,GCT,GGA,GGC,GGG,GGT,GTA,GTC,GTG,GTT,TAA,TAC,TAG,TAT,TCA,TCC,TCG,TCT,TGA,TGC,TGG,TGT,TTA,TTC,TTG,TTT
Arthrobacter phage Salgado,Duplodnaviria,bacteria,KMD22,0.177664974619289,1.69305331179321,1.82233502538071,0.306946688206785,0.181953765846383,2.4310216256525,1.19313944817301,0.193885160328113,0.0795755968169761,1.40834141610087,0.488063660477454,0.226964112512124,0.17607223476298,2.38713318284424,1,0.436794582392777,0.381381381381381,1.63824289405685,1.61861861861862,0.361757105943152,0.211502782931354,1.91094619666048,1.62152133580705,0.256029684601113,0.350132625994695,2.77453580901857,1.81432360742706,0.493368700265252,0.311965811965812,2.48290598290598,2.27350427350427,0.482905982905983,0.673162090345438,1.65451055662188,1.32683790965456,0.345489443378119,0.624602814344076,2.22242396731729,0.876985928279619,0.27598729005901,0.362948960302457,2.45242596093258,0.766225582860743,0.418399495904222,0.325385694249649,1.94950911640954,1.54277699859748,0.182328190743338,1.03030303030303,1.79110251450677,0.787878787878788,0.20889748549323,0.547041707080504,2.89815712900097,0.7274490785645,0.192046556741028,1.18181818181818,1.80821917808219,1,0.191780821917808,0.0427350427350427,1.78858350951374,0.405982905982906,0.211416490486258
