virus,realm,locus_tag,host,type,shape,AAA,AAC,AAG,AAT,ACA,ACC,ACG,ACT,AGA,AGC,AGG,AGT,ATA,ATC,ATG,ATT,CAA,CAC,CAG,CAT,CCA,CCC,CCG,CCT,CGA,CGC,CGG,CGT,CTA,CTC,CTG,CTT,GAA,GAC,GAG,GAT,GCA,GCC,GCG,GCT,GGA,GGC,GGG,GGT,GTA,GTC,GTG,GTT,TAA,TAC,TAG,TAT,TCA,TCC,TCG,TCT,TGA,TGC,TGG,TGT,TTA,TTC,TTG,TTT
Arthrobacter phage Abba,Duplodnaviria,HYQ28,bacteria,DNA,linear,0.290220820189274,1.64444444444444,1.70977917981073,0.355555555555556,0.17148554336989,1.46759720837488,1.9222333000997,0.438683948155533,0.0829787234042553,1.89588377723971,0.34468085106383,0.203389830508475,0.13125,2.4328125,1,0.4359375,0.505446623093682,1.58461538461538,1.49455337690632,0.415384615384615,0.0778588807785888,1.32360097323601,2.14598540145985,0.452554744525547,0.485106382978723,3.26808510638298,1.29574468085106,0.523404255319149,0.21256038647343,2.90338164251208,1.80676328502415,0.743961352657005,0.913145539906103,1.66632548618219,1.0868544600939,0.33367451381781,0.346035015447992,1.57775489186406,1.60659114315139,0.46961894953656,0.120253164556962,2.89873417721519,0.775316455696203,0.205696202531646,0.181500872600349,2.65968586387435,0.890052356020942,0.268760907504363,0.76056338028169,1.48192771084337,0.845070422535211,0.518072289156627,0.617433414043584,0.297820823244552,2.54963680387409,0.435835351089588,1.3943661971831,1.49333333333333,1,0.506666666666667,0.0338164251207729,1.79583333333333,0.29951690821256,0.204166666666667
