virus,realm,host,locus_tag,AAA,AAC,AAG,AAT,ACA,ACC,ACG,ACT,AGA,AGC,AGG,AGT,ATA,ATC,ATG,ATT,CAA,CAC,CAG,CAT,CCA,CCC,CCG,CCT,CGA,CGC,CGG,CGT,CTA,CTC,CTG,CTT,GAA,GAC,GAG,GAT,GCA,GCC,GCG,GCT,GGA,GGC,GGG,GGT,GTA,GTC,GTG,GTT,TAA,TAC,TAG,TAT,TCA,TCC,TCG,TCT,TGA,TGC,TGG,TGT,TTA,TTC,TTG,TTT
Arthrobacter phage Nubia,Duplodnaviria,bacteria,KDJ04,0.367231638418079,1.68047337278107,1.63276836158192,0.319526627218935,0.286334056399132,2.21691973969631,0.932754880694143,0.563991323210412,0.106060606060606,0.99644128113879,0.621212121212121,0.234875444839858,0.185654008438819,2.31223628691983,1,0.50210970464135,0.363963963963964,1.68821292775665,1.63603603603604,0.311787072243346,0.416901408450704,1.23943661971831,2,0.343661971830986,0.75,1.81818181818182,1.96212121212121,0.742424242424242,0.261525565800503,1.84576697401509,2.69572506286672,0.477787091366303,0.658721560130011,1.46547314578005,1.34127843986999,0.534526854219949,0.674965421853389,1.54080221300138,1.12309820193638,0.661134163208852,0.657308009909166,1.47646573080099,0.947976878612717,0.918249380677126,0.697029702970297,1.48910891089109,1.27524752475248,0.538613861386139,1.18032786885246,1.76338028169014,0.934426229508197,0.236619718309859,0.526690391459075,2.22775800711744,1.70818505338078,0.306049822064057,0.885245901639344,1.5625,1,0.4375,0.0452640402347024,1.76610978520286,0.673931265716681,0.233890214797136
