virus,realm,locus_tag,host,type,shape,AAA,AAC,AAG,AAT,ACA,ACC,ACG,ACT,AGA,AGC,AGG,AGT,ATA,ATC,ATG,ATT,CAA,CAC,CAG,CAT,CCA,CCC,CCG,CCT,CGA,CGC,CGG,CGT,CTA,CTC,CTG,CTT,GAA,GAC,GAG,GAT,GCA,GCC,GCG,GCT,GGA,GGC,GGG,GGT,GTA,GTC,GTG,GTT,TAA,TAC,TAG,TAT,TCA,TCC,TCG,TCT,TGA,TGC,TGG,TGT,TTA,TTC,TTG,TTT
Arthrobacter phage Laroye,Duplodnaviria,FDH64,bacteria,DNA,linear,0.168175937904269,1.6957928802589,1.83182406209573,0.3042071197411,0.20899854862119,2.4267053701016,1.17561683599419,0.188679245283019,0.0687830687830688,1.47267497603068,0.46031746031746,0.212847555129434,0.182758620689655,2.37586206896552,1,0.441379310344828,0.380239520958084,1.64050632911392,1.61976047904192,0.359493670886076,0.219330855018587,1.90706319702602,1.62825278810409,0.245353159851301,0.343915343915344,2.87830687830688,1.78306878306878,0.465608465608466,0.307036247334755,2.48614072494669,2.31130063965885,0.456289978678038,0.683142100617829,1.65664403491756,1.31685789938217,0.343355965082444,0.637184115523466,2.22202166064982,0.862815884476534,0.277978339350181,0.345986309894213,2.43932794026136,0.794026135656503,0.420659614187928,0.3312456506611,1.95963813500348,1.54766875434934,0.161447459986082,1,1.77566539923954,0.787878787878788,0.224334600760456,0.529242569511026,2.91083413231064,0.707574304889741,0.166826462128476,1.21212121212121,1.84285714285714,1,0.157142857142857,0.046908315565032,1.78571428571429,0.392324093816631,0.214285714285714
