virus,realm,host,locus_tag,AAA,AAC,AAG,AAT,ACA,ACC,ACG,ACT,AGA,AGC,AGG,AGT,ATA,ATC,ATG,ATT,CAA,CAC,CAG,CAT,CCA,CCC,CCG,CCT,CGA,CGC,CGG,CGT,CTA,CTC,CTG,CTT,GAA,GAC,GAG,GAT,GCA,GCC,GCG,GCT,GGA,GGC,GGG,GGT,GTA,GTC,GTG,GTT,TAA,TAC,TAG,TAT,TCA,TCC,TCG,TCT,TGA,TGC,TGG,TGT,TTA,TTC,TTG,TTT
Artibeus planirostris polyomavirus 2,Monodnaviria,vertebrates,D1R74,1.33928571428571,0.444444444444444,0.660714285714286,1.55555555555556,0.833333333333333,1.125,0.0833333333333333,1.95833333333333,4.05882352941176,1.03125,1.58823529411765,1.21875,0.945205479452055,0.328767123287671,1,1.72602739726027,0.916666666666667,0.529411764705882,1.08333333333333,1.47058823529412,1.15555555555556,0.755555555555556,0.0888888888888889,2,0.0882352941176471,0.176470588235294,0,0.0882352941176471,0.591549295774648,0.309859154929577,0.957746478873239,1.38028169014085,1.30578512396694,0.472222222222222,0.694214876033058,1.52777777777778,1.34579439252336,0.747663551401869,0.0373831775700935,1.86915887850467,1.4949494949495,0.727272727272727,1.13131313131313,0.646464646464647,1.02127659574468,0.553191489361702,1.19148936170213,1.23404255319149,0.6,0.36,0,1.64,0.796875,0.890625,0.234375,1.828125,2.4,1.05660377358491,1,0.943396226415094,1.66197183098592,0.238805970149254,1.09859154929577,1.76119402985075
