virus,realm,host,locus_tag,AAA,AAC,AAG,AAT,ACA,ACC,ACG,ACT,AGA,AGC,AGG,AGT,ATA,ATC,ATG,ATT,CAA,CAC,CAG,CAT,CCA,CCC,CCG,CCT,CGA,CGC,CGG,CGT,CTA,CTC,CTG,CTT,GAA,GAC,GAG,GAT,GCA,GCC,GCG,GCT,GGA,GGC,GGG,GGT,GTA,GTC,GTG,GTT,TAA,TAC,TAG,TAT,TCA,TCC,TCG,TCT,TGA,TGC,TGG,TGT,TTA,TTC,TTG,TTT
Artichoke Italian latent virus,Riboviria,land plants,FLB33,0.966824644549763,0.539007092198582,1.03317535545024,1.46099290780142,1.03553299492386,1.23857868020305,0.50761421319797,1.21827411167513,1.0251256281407,0.384615384615385,1.14572864321608,1.23076923076923,0.613636363636364,0.988636363636364,1,1.39772727272727,0.967213114754098,0.919540229885057,1.0327868852459,1.08045977011494,1.14942528735632,1.05747126436782,0.505747126436782,1.28735632183908,0.904522613065327,0.964824120603015,0.753768844221106,1.20603015075377,0.603448275862069,1.05172413793103,0.96551724137931,1.32758620689655,0.834645669291339,0.56969696969697,1.16535433070866,1.43030303030303,0.890365448504983,1.14285714285714,0.598006644518272,1.3687707641196,1.25984251968504,0.62992125984252,0.992125984251969,1.11811023622047,0.533333333333333,0.9,1.2,1.36666666666667,0,0.482758620689655,3,1.51724137931034,0.666666666666667,1.46153846153846,0.487179487179487,1.76923076923077,0,0.744186046511628,1,1.25581395348837,0.5,0.617977528089888,1.55172413793103,1.38202247191011
