virus,realm,locus_tag,host,type,shape,AAA,AAC,AAG,AAT,ACA,ACC,ACG,ACT,AGA,AGC,AGG,AGT,ATA,ATC,ATG,ATT,CAA,CAC,CAG,CAT,CCA,CCC,CCG,CCT,CGA,CGC,CGG,CGT,CTA,CTC,CTG,CTT,GAA,GAC,GAG,GAT,GCA,GCC,GCG,GCT,GGA,GGC,GGG,GGT,GTA,GTC,GTG,GTT,TAA,TAC,TAG,TAT,TCA,TCC,TCG,TCT,TGA,TGC,TGG,TGT,TTA,TTC,TTG,TTT
Aspergillus ochraceous virus,Riboviria,FK971,fungi,RNA,linear,0.956521739130435,1.17647058823529,1.04347826086957,0.823529411764706,0.549019607843137,1.72549019607843,1.01960784313725,0.705882352941177,0.521739130434783,0.155844155844156,0.521739130434783,0.935064935064935,0.333333333333333,2,1,0.666666666666667,1.41666666666667,1,0.583333333333333,1,0.842105263157895,0.982456140350877,0.350877192982456,1.82456140350877,0.782608695652174,0.956521739130435,0.434782608695652,2.78260869565217,0.48,1.12,0.72,1.52,1.25,0.733333333333333,0.75,1.26666666666667,1.28888888888889,0.977777777777778,0.533333333333333,1.2,1.26984126984127,0.825396825396825,0.444444444444444,1.46031746031746,0.294117647058824,1.11764705882353,1.23529411764706,1.35294117647059,0,0.933333333333333,3,1.06666666666667,1.09090909090909,0.779220779220779,1.09090909090909,1.94805194805195,0,0.153846153846154,1,1.84615384615385,0.72,1.25,1.44,0.75
