virus,realm,locus_tag,host,type,shape,AAA,AAC,AAG,AAT,ACA,ACC,ACG,ACT,AGA,AGC,AGG,AGT,ATA,ATC,ATG,ATT,CAA,CAC,CAG,CAT,CCA,CCC,CCG,CCT,CGA,CGC,CGG,CGT,CTA,CTC,CTG,CTT,GAA,GAC,GAG,GAT,GCA,GCC,GCG,GCT,GGA,GGC,GGG,GGT,GTA,GTC,GTG,GTT,TAA,TAC,TAG,TAT,TCA,TCC,TCG,TCT,TGA,TGC,TGG,TGT,TTA,TTC,TTG,TTT
Asterionellopsis glacialis RNA virus,NA,IU33,NA,RNA,linear,1.05732484076433,0.423357664233577,0.942675159235669,1.57664233576642,0.962025316455696,0.607594936708861,0.430379746835443,2,0.528,0.207920792079208,0.384,1.51485148514851,0.217105263157895,0.611842105263158,1,2.17105263157895,1.01176470588235,0.418604651162791,0.988235294117647,1.58139534883721,0.786324786324786,0.547008547008547,0.581196581196581,2.08547008547009,0.816,0.816,0.192,3.264,0.42654028436019,0.540284360189573,0.170616113744076,2.24644549763033,1.33757961783439,0.342857142857143,0.662420382165605,1.65714285714286,1.07317073170732,0.609756097560976,0.439024390243902,1.8780487804878,1.39354838709677,0.490322580645161,0.335483870967742,1.78064516129032,0.631578947368421,0.39766081871345,0.654970760233918,2.31578947368421,1.5,0.436781609195402,1.5,1.5632183908046,1.18811881188119,0.653465346534653,0.445544554455446,1.99009900990099,0,0.536585365853659,1,1.46341463414634,1.10900473933649,0.481203007518797,1.50710900473934,1.5187969924812
