virus,realm,locus_tag,host,type,shape,AAA,AAC,AAG,AAT,ACA,ACC,ACG,ACT,AGA,AGC,AGG,AGT,ATA,ATC,ATG,ATT,CAA,CAC,CAG,CAT,CCA,CCC,CCG,CCT,CGA,CGC,CGG,CGT,CTA,CTC,CTG,CTT,GAA,GAC,GAG,GAT,GCA,GCC,GCG,GCT,GGA,GGC,GGG,GGT,GTA,GTC,GTG,GTT,TAA,TAC,TAG,TAT,TCA,TCC,TCG,TCT,TGA,TGC,TGG,TGT,TTA,TTC,TTG,TTT
Astrovirus MLB1,Riboviria,MLB1AV,human,RNA,linear,1.21367521367521,0.510204081632653,0.786324786324786,1.48979591836735,1.66197183098592,0.676056338028169,0.0845070422535211,1.57746478873239,1.38888888888889,0.553846153846154,1.77777777777778,1.61538461538462,0.963302752293578,0.605504587155963,1,1.43119266055046,1.07042253521127,0.555555555555556,0.929577464788732,1.44444444444444,1.94174757281553,0.660194174757282,0.116504854368932,1.28155339805825,0.388888888888889,0.722222222222222,0.444444444444444,1.27777777777778,0.666666666666667,0.456140350877193,0.701754385964912,1.71929824561404,1.29032258064516,0.462962962962963,0.709677419354839,1.53703703703704,1.97222222222222,0.611111111111111,0.194444444444444,1.22222222222222,0.961240310077519,0.651162790697674,0.372093023255814,2.01550387596899,0.731707317073171,0.560975609756098,0.682926829268293,2.02439024390244,2,0.528735632183908,1,1.47126436781609,1.56923076923077,0.784615384615385,0.230769230769231,1.24615384615385,0,0.571428571428571,1,1.42857142857143,1.01754385964912,0.581395348837209,1.43859649122807,1.41860465116279
