virus,realm,locus_tag,host,type,shape,AAA,AAC,AAG,AAT,ACA,ACC,ACG,ACT,AGA,AGC,AGG,AGT,ATA,ATC,ATG,ATT,CAA,CAC,CAG,CAT,CCA,CCC,CCG,CCT,CGA,CGC,CGG,CGT,CTA,CTC,CTG,CTT,GAA,GAC,GAG,GAT,GCA,GCC,GCG,GCT,GGA,GGC,GGG,GGT,GTA,GTC,GTG,GTT,TAA,TAC,TAG,TAT,TCA,TCC,TCG,TCT,TGA,TGC,TGG,TGT,TTA,TTC,TTG,TTT
Astrovirus VA3,Riboviria,D600,human,RNA,linear,1.18918918918919,0.6875,0.810810810810811,1.3125,2,0.702702702702703,0.162162162162162,1.13513513513514,2.05555555555556,0.428571428571429,1.88888888888889,1.14285714285714,1.265625,0.6328125,1,1.1015625,1.14563106796116,0.585365853658537,0.854368932038835,1.41463414634146,2.19130434782609,0.8,0.31304347826087,0.695652173913043,0.388888888888889,0.666666666666667,0.277777777777778,0.722222222222222,0.542372881355932,0.474576271186441,0.542372881355932,1.55932203389831,1.16176470588235,0.666666666666667,0.838235294117647,1.33333333333333,1.5,0.866666666666667,0.233333333333333,1.4,0.980645161290323,0.929032258064516,0.438709677419355,1.65161290322581,0.602150537634409,0.881720430107527,0.795698924731183,1.72043010752688,2,0.345679012345679,1,1.65432098765432,2.57142857142857,0.428571428571429,0.238095238095238,1.19047619047619,0,0.666666666666667,1,1.33333333333333,1.05084745762712,0.486486486486487,1.83050847457627,1.51351351351351
