virus,realm,locus_tag,host,type,shape,AAA,AAC,AAG,AAT,ACA,ACC,ACG,ACT,AGA,AGC,AGG,AGT,ATA,ATC,ATG,ATT,CAA,CAC,CAG,CAT,CCA,CCC,CCG,CCT,CGA,CGC,CGG,CGT,CTA,CTC,CTG,CTT,GAA,GAC,GAG,GAT,GCA,GCC,GCG,GCT,GGA,GGC,GGG,GGT,GTA,GTC,GTG,GTT,TAA,TAC,TAG,TAT,TCA,TCC,TCG,TCT,TGA,TGC,TGG,TGT,TTA,TTC,TTG,TTT
Ateline gammaherpesvirus 3,Duplodnaviria,AtHV3gp,vertebrates,DNA,linear,1.51145737855179,0.804811372334609,0.488542621448213,1.19518862766539,1.87937062937063,0.643356643356643,0.246503496503497,1.23076923076923,3.64593301435407,0.748868778280543,0.924401913875598,1.18325791855204,1.2591059602649,0.338990066225166,1,1.40190397350993,1.3801261829653,0.779428571428571,0.6198738170347,1.22057142857143,1.76811594202899,0.524154589371981,0.248792270531401,1.45893719806763,0.49377990430622,0.350239234449761,0.206698564593301,0.378947368421053,0.975639464068209,0.380024360535932,0.688794153471376,1.18757612667479,1.38461538461538,0.858870967741935,0.615384615384615,1.14112903225806,1.59309494451295,0.7422934648582,0.310727496917386,1.35388409371147,1.71834992887624,0.756756756756757,0.770981507823613,0.753911806543386,1.15606936416185,0.479243300052549,0.891224382553862,1.47346295323174,1.8169014084507,0.620521172638437,0.507042253521127,1.37947882736156,1.56787330316742,0.46606334841629,0.246606334841629,1.78733031674208,0.676056338028169,0.621951219512195,1,1.3780487804878,1.7795371498173,0.282636248415716,0.9884287454324,1.71736375158428
