virus,realm,locus_tag,host,type,shape,AAA,AAC,AAG,AAT,ACA,ACC,ACG,ACT,AGA,AGC,AGG,AGT,ATA,ATC,ATG,ATT,CAA,CAC,CAG,CAT,CCA,CCC,CCG,CCT,CGA,CGC,CGG,CGT,CTA,CTC,CTG,CTT,GAA,GAC,GAG,GAT,GCA,GCC,GCG,GCT,GGA,GGC,GGG,GGT,GTA,GTC,GTG,GTT,TAA,TAC,TAG,TAT,TCA,TCC,TCG,TCT,TGA,TGC,TGG,TGT,TTA,TTC,TTG,TTT
Aura virus,NA,AURAVgp,NA,ss-RNA,linear,1.16901408450704,1.11904761904762,0.830985915492958,0.880952380952381,1.22222222222222,1.03333333333333,0.755555555555556,0.988888888888889,1.45945945945946,0.844444444444444,1.34362934362934,0.822222222222222,1.32558139534884,0.795348837209302,1,0.87906976744186,1.1027027027027,1,0.897297297297297,1,1.13395638629283,0.635514018691589,1.04672897196262,1.18380062305296,0.88030888030888,0.88030888030888,0.602316602316602,0.833976833976834,1.26495726495726,0.598290598290598,1.86324786324786,0.547008547008547,1.15418502202643,1.1588785046729,0.845814977973568,0.841121495327103,1.20454545454545,1.01136363636364,0.761363636363636,1.02272727272727,1.56981132075472,0.784905660377359,1.05660377358491,0.588679245283019,1.16814159292035,1.12094395280236,1.09734513274336,0.613569321533923,0.75,1.34193548387097,0.75,0.658064516129032,0.977777777777778,1.31111111111111,0.977777777777778,1.06666666666667,1.5,1.32835820895522,1,0.671641791044776,0.82051282051282,1.13253012048193,0.905982905982906,0.867469879518072
