virus,realm,host,locus_tag,AAA,AAC,AAG,AAT,ACA,ACC,ACG,ACT,AGA,AGC,AGG,AGT,ATA,ATC,ATG,ATT,CAA,CAC,CAG,CAT,CCA,CCC,CCG,CCT,CGA,CGC,CGG,CGT,CTA,CTC,CTG,CTT,GAA,GAC,GAG,GAT,GCA,GCC,GCG,GCT,GGA,GGC,GGG,GGT,GTA,GTC,GTG,GTT,TAA,TAC,TAG,TAT,TCA,TCC,TCG,TCT,TGA,TGC,TGG,TGT,TTA,TTC,TTG,TTT
Australian Anopheles totivirus,Riboviria,invertebrates,CK229,0.774774774774775,1.27272727272727,1.22522522522523,0.727272727272727,1.42307692307692,0.846153846153846,0.884615384615385,0.846153846153846,1.51578947368421,1.15508021390374,1.76842105263158,0.994652406417112,1.09090909090909,1.32954545454545,1,0.579545454545455,0.682926829268293,0.923076923076923,1.31707317073171,1.07692307692308,1.06329113924051,0.556962025316456,0.759493670886076,1.62025316455696,0.442105263157895,0.757894736842105,0.947368421052632,0.568421052631579,0.265822784810127,0.873417721518987,1.13924050632911,1.17721518987342,0.791208791208791,1.07692307692308,1.20879120879121,0.923076923076923,1.10569105691057,0.975609756097561,0.617886178861789,1.30081300813008,1.04761904761905,0.833333333333333,0.833333333333333,1.28571428571429,0.317880794701987,1.40397350993377,1.13907284768212,1.13907284768212,1.5,1.30909090909091,0,0.690909090909091,1.18716577540107,0.737967914438503,0.802139037433155,1.12299465240642,1.5,0.740740740740741,1,1.25925925925926,0.455696202531646,1.06666666666667,2.08860759493671,0.933333333333333
