virus,realm,locus_tag,host,type,shape,AAA,AAC,AAG,AAT,ACA,ACC,ACG,ACT,AGA,AGC,AGG,AGT,ATA,ATC,ATG,ATT,CAA,CAC,CAG,CAT,CCA,CCC,CCG,CCT,CGA,CGC,CGG,CGT,CTA,CTC,CTG,CTT,GAA,GAC,GAG,GAT,GCA,GCC,GCG,GCT,GGA,GGC,GGG,GGT,GTA,GTC,GTG,GTT,TAA,TAC,TAG,TAT,TCA,TCC,TCG,TCT,TGA,TGC,TGG,TGT,TTA,TTC,TTG,TTT
Autographa californica nucleopolyhedrovirus,Naldaviricetes,ACNVgp,invertebrates,DNA,circular,1.50232558139535,1.11842900302115,0.497674418604651,0.881570996978852,0.883996613039797,0.92125317527519,1.33276883996613,0.861981371718882,1.2398753894081,1.50112697220135,0.495327102803738,0.951164537941397,0.915049432442329,0.650311241303552,1,1.43463932625412,1.39511584220413,1.11111111111111,0.604884157795867,0.888888888888889,0.740560292326431,1.1400730816078,1.26918392204629,0.850182704019488,0.953271028037383,1.75389408099688,0.520249221183801,1.03738317757009,0.52093023255814,0.46046511627907,0.849612403100775,0.502325581395349,1.40833706857911,1.13423351866561,0.591662931420887,0.865766481334392,0.758494031221304,1.1900826446281,1.25436179981635,0.797061524334252,0.802930402930403,1.97216117216117,0.33992673992674,0.884981684981685,0.739207991437745,0.697823760256868,1.57973599714592,0.983232251159472,2.28846153846154,1.08377723970944,0.326923076923077,0.916222760290557,0.646882043576258,0.642374154770849,1.32081141998497,0.937640871525169,0.384615384615385,1.0361216730038,1,0.963878326996198,1.37674418604651,0.43206913106097,2.28992248062016,1.56793086893903
