virus,realm,host,locus_tag,AAA,AAC,AAG,AAT,ACA,ACC,ACG,ACT,AGA,AGC,AGG,AGT,ATA,ATC,ATG,ATT,CAA,CAC,CAG,CAT,CCA,CCC,CCG,CCT,CGA,CGC,CGG,CGT,CTA,CTC,CTG,CTT,GAA,GAC,GAG,GAT,GCA,GCC,GCG,GCT,GGA,GGC,GGG,GGT,GTA,GTC,GTG,GTT,TAA,TAC,TAG,TAT,TCA,TCC,TCG,TCT,TGA,TGC,TGG,TGT,TTA,TTC,TTG,TTT
Avian adeno-associated virus strain DA-1,Monodnaviria,vertebrates,AAVSD1,0.962962962962963,1.53658536585366,1.03703703703704,0.463414634146341,0.371134020618557,1.93814432989691,1.19587628865979,0.494845360824742,1.01408450704225,1.04651162790698,0.422535211267606,0.837209302325581,0.17910447761194,1.56716417910448,1,1.25373134328358,0.985915492957746,1,1.01408450704225,1,0.307692307692308,1.75824175824176,1.14285714285714,0.791208791208791,1.01408450704225,0.929577464788732,1.35211267605634,1.26760563380282,0.409090909090909,1.77272727272727,1.90909090909091,0.409090909090909,1.11111111111111,1.275,0.888888888888889,0.725,0.434782608695652,1.39130434782609,1.34782608695652,0.826086956521739,1.34736842105263,1.22105263157895,0.842105263157895,0.589473684210526,0.15,1.75,1.6,0.5,3,1.33333333333333,0,0.666666666666667,0.348837209302326,1.3953488372093,1.53488372093023,0.837209302325581,0,1.11111111111111,1,0.888888888888889,0.272727272727273,1.15625,1.22727272727273,0.84375
