virus,realm,locus_tag,host,type,shape,AAA,AAC,AAG,AAT,ACA,ACC,ACG,ACT,AGA,AGC,AGG,AGT,ATA,ATC,ATG,ATT,CAA,CAC,CAG,CAT,CCA,CCC,CCG,CCT,CGA,CGC,CGG,CGT,CTA,CTC,CTG,CTT,GAA,GAC,GAG,GAT,GCA,GCC,GCG,GCT,GGA,GGC,GGG,GGT,GTA,GTC,GTG,GTT,TAA,TAC,TAG,TAT,TCA,TCC,TCG,TCT,TGA,TGC,TGG,TGT,TTA,TTC,TTG,TTT
Avian paramyxovirus 4,Riboviria,F430,vertebrates,cRNA,linear,1,0.875576036866359,1,1.12442396313364,1.36454849498328,1.20401337792642,0.321070234113712,1.11036789297659,1.26970954356846,0.668354430379747,1.86721991701245,1.00253164556962,0.790035587188612,1.13167259786477,1,1.07829181494662,1.01709401709402,0.868686868686869,0.982905982905983,1.13131313131313,1.45454545454545,0.826446280991736,0.677685950413223,1.04132231404959,0.871369294605809,0.473029045643154,0.796680497925311,0.721991701244813,0.955339805825243,1.11844660194175,0.990291262135922,0.90873786407767,0.923809523809524,0.982608695652174,1.07619047619048,1.01739130434783,1.671826625387,0.792569659442725,0.43343653250774,1.10216718266254,1.05098039215686,0.705882352941177,1.27058823529412,0.972549019607843,0.802816901408451,1.04225352112676,1.11267605633803,1.04225352112676,1,0.980392156862745,2,1.01960784313725,1.82278481012658,1.12405063291139,0.364556962025316,1.01772151898734,0,1.05,1,0.95,0.87378640776699,1,1.15339805825243,1
