virus,realm,locus_tag,host,type,shape,AAA,AAC,AAG,AAT,ACA,ACC,ACG,ACT,AGA,AGC,AGG,AGT,ATA,ATC,ATG,ATT,CAA,CAC,CAG,CAT,CCA,CCC,CCG,CCT,CGA,CGC,CGG,CGT,CTA,CTC,CTG,CTT,GAA,GAC,GAG,GAT,GCA,GCC,GCG,GCT,GGA,GGC,GGG,GGT,GTA,GTC,GTG,GTT,TAA,TAC,TAG,TAT,TCA,TCC,TCG,TCT,TGA,TGC,TGG,TGT,TTA,TTC,TTG,TTT
Avisivirus Pf-CHK1/AsV,Riboviria,AVT86,vertebrates,RNA,linear,1.02,0.703703703703704,0.98,1.2962962962963,1.38129496402878,0.892086330935252,0.143884892086331,1.58273381294964,1.6,0.627450980392157,1.94285714285714,1.13725490196078,0.453781512605042,0.630252100840336,1,1.91596638655462,1.17808219178082,0.909090909090909,0.821917808219178,1.09090909090909,2.18487394957983,0.739495798319328,0.201680672268908,0.873949579831933,0.457142857142857,0.742857142857143,0.4,0.857142857142857,0.737967914438503,1.37967914438503,0.705882352941177,1.60427807486631,0.920353982300885,1.00787401574803,1.07964601769911,0.992125984251969,1.32432432432432,0.945945945945946,0.189189189189189,1.54054054054054,1.33333333333333,0.82051282051282,0.82051282051282,1.02564102564103,0.397163120567376,1.07801418439716,0.765957446808511,1.75886524822695,3,0.894736842105263,0,1.10526315789474,2.19607843137255,0.549019607843137,0.117647058823529,1.37254901960784,0,0.816326530612245,1,1.18367346938776,0.417112299465241,0.848484848484849,1.15508021390374,1.15151515151515
