virus,realm,locus_tag,host,type,shape,AAA,AAC,AAG,AAT,ACA,ACC,ACG,ACT,AGA,AGC,AGG,AGT,ATA,ATC,ATG,ATT,CAA,CAC,CAG,CAT,CCA,CCC,CCG,CCT,CGA,CGC,CGG,CGT,CTA,CTC,CTG,CTT,GAA,GAC,GAG,GAT,GCA,GCC,GCG,GCT,GGA,GGC,GGG,GGT,GTA,GTC,GTG,GTT,TAA,TAC,TAG,TAT,TCA,TCC,TCG,TCT,TGA,TGC,TGG,TGT,TTA,TTC,TTG,TTT
Avon-Heathcote Estuary associated circular virus 8,Monodnaviria,VM29,invertebrates,DNA,circular,1.0188679245283,1.06666666666667,0.981132075471698,0.933333333333333,1.47368421052632,0.842105263157895,0.631578947368421,1.05263157894737,1.42105263157895,1.38461538461538,0.947368421052632,1.53846153846154,0.794117647058823,0.617647058823529,1,1.58823529411765,0.923076923076923,1.11111111111111,1.07692307692308,0.888888888888889,1.45454545454545,0.848484848484849,0.484848484848485,1.21212121212121,1.73684210526316,0.157894736842105,0.473684210526316,1.26315789473684,0.625,0.125,0.625,1.125,1.11764705882353,0.944444444444444,0.882352941176471,1.05555555555556,1.76470588235294,0.588235294117647,0.352941176470588,1.29411764705882,2.26086956521739,0.782608695652174,0.260869565217391,0.695652173913043,1.29411764705882,0.941176470588235,1.17647058823529,0.588235294117647,0,0.592592592592593,1.5,1.40740740740741,1.38461538461538,0.153846153846154,0.923076923076923,0.615384615384615,1.5,2,1,0,1.625,0.8,1.875,1.2
