virus,realm,locus_tag,host,type,shape,AAA,AAC,AAG,AAT,ACA,ACC,ACG,ACT,AGA,AGC,AGG,AGT,ATA,ATC,ATG,ATT,CAA,CAC,CAG,CAT,CCA,CCC,CCG,CCT,CGA,CGC,CGG,CGT,CTA,CTC,CTG,CTT,GAA,GAC,GAG,GAT,GCA,GCC,GCG,GCT,GGA,GGC,GGG,GGT,GTA,GTC,GTG,GTT,TAA,TAC,TAG,TAT,TCA,TCC,TCG,TCT,TGA,TGC,TGG,TGT,TTA,TTC,TTG,TTT
Avon-Heathcote Estuary associated circular virus 12,Monodnaviria,VM20,invertebrates,DNA,circular,0.916666666666667,1.38461538461538,1.08333333333333,0.615384615384615,1.36842105263158,1.05263157894737,0.526315789473684,1.05263157894737,1,0.6,0.5,0.6,0.428571428571429,1.71428571428571,1,0.857142857142857,1.15789473684211,0.888888888888889,0.842105263157895,1.11111111111111,0.64,0.64,0.96,1.76,1.33333333333333,0.333333333333333,0.666666666666667,2.16666666666667,1.31707317073171,0.878048780487805,0.878048780487805,1.02439024390244,1,1.1875,1,0.8125,1.28,1.36,0.32,1.04,0.888888888888889,1.24444444444444,0.444444444444444,1.42222222222222,0.352941176470588,0.941176470588235,1.52941176470588,1.17647058823529,0,1.27272727272727,1.5,0.727272727272727,2,1.8,0.6,0.4,1.5,1.42857142857143,1,0.571428571428571,0.146341463414634,0.761904761904762,1.75609756097561,1.23809523809524
