virus,realm,locus_tag,host,type,shape,AAA,AAC,AAG,AAT,ACA,ACC,ACG,ACT,AGA,AGC,AGG,AGT,ATA,ATC,ATG,ATT,CAA,CAC,CAG,CAT,CCA,CCC,CCG,CCT,CGA,CGC,CGG,CGT,CTA,CTC,CTG,CTT,GAA,GAC,GAG,GAT,GCA,GCC,GCG,GCT,GGA,GGC,GGG,GGT,GTA,GTC,GTG,GTT,TAA,TAC,TAG,TAT,TCA,TCC,TCG,TCT,TGA,TGC,TGG,TGT,TTA,TTC,TTG,TTT
Avon-Heathcote Estuary associated circular virus 5,Monodnaviria,VM32,invertebrates,DNA,circular,0.294117647058824,1.66666666666667,1.70588235294118,0.333333333333333,0.888888888888889,1.22222222222222,1.11111111111111,0.777777777777778,1.13513513513514,1.6875,0.972972972972973,0.5625,0.48,1.68,1,0.84,1.05263157894737,1.07692307692308,0.947368421052632,0.923076923076923,0.615384615384615,1.23076923076923,0.923076923076923,1.23076923076923,1.2972972972973,1.13513513513514,0.162162162162162,1.2972972972973,0.818181818181818,0.954545454545455,0.954545454545455,1.77272727272727,0.8125,1.11764705882353,1.1875,0.882352941176471,0.585365853658537,0.975609756097561,1.46341463414634,0.975609756097561,1.84,0.64,0.72,0.8,0.41025641025641,1.64102564102564,1.33333333333333,0.615384615384615,1.5,1.4375,0,0.5625,0.5625,1.3125,1.125,0.75,1.5,1.75,1,0.25,0.545454545454545,1.26315789473684,0.954545454545455,0.736842105263158
