virus,realm,host,locus_tag,AAA,AAC,AAG,AAT,ACA,ACC,ACG,ACT,AGA,AGC,AGG,AGT,ATA,ATC,ATG,ATT,CAA,CAC,CAG,CAT,CCA,CCC,CCG,CCT,CGA,CGC,CGG,CGT,CTA,CTC,CTG,CTT,GAA,GAC,GAG,GAT,GCA,GCC,GCG,GCT,GGA,GGC,GGG,GGT,GTA,GTC,GTG,GTT,TAA,TAC,TAG,TAT,TCA,TCC,TCG,TCT,TGA,TGC,TGG,TGT,TTA,TTC,TTG,TTT
Babaco mosaic virus,Riboviria,land plants,C1175,1.23489932885906,1.34831460674157,0.76510067114094,0.651685393258427,1.25373134328358,0.985074626865672,0.507462686567164,1.25373134328358,3.06521739130435,1.04347826086957,1.69565217391304,0.489130434782609,1.11290322580645,1.11290322580645,1,0.774193548387097,1.37078651685393,1.26153846153846,0.629213483146067,0.738461538461539,1.88059701492537,1.19402985074627,0.447761194029851,0.477611940298507,0.521739130434783,0.456521739130435,0.130434782608696,0.130434782608696,0.881516587677725,1.30805687203791,1.39336492890995,0.540284360189573,0.986111111111111,1.10588235294118,1.01388888888889,0.894117647058824,1.14619883040936,1.12280701754386,0.421052631578947,1.30994152046784,1.65289256198347,0.694214876033058,0.892561983471074,0.760330578512397,0.814159292035398,1.16814159292035,1.16814159292035,0.849557522123894,0,1.21875,1.8,0.78125,1.95652173913043,1.17391304347826,0.521739130434783,0.815217391304348,1.2,1.64705882352941,1,0.352941176470588,0.710900473933649,1.43137254901961,1.16587677725118,0.568627450980392
