virus,realm,locus_tag,host,type,shape,AAA,AAC,AAG,AAT,ACA,ACC,ACG,ACT,AGA,AGC,AGG,AGT,ATA,ATC,ATG,ATT,CAA,CAC,CAG,CAT,CCA,CCC,CCG,CCT,CGA,CGC,CGG,CGT,CTA,CTC,CTG,CTT,GAA,GAC,GAG,GAT,GCA,GCC,GCG,GCT,GGA,GGC,GGG,GGT,GTA,GTC,GTG,GTT,TAA,TAC,TAG,TAT,TCA,TCC,TCG,TCT,TGA,TGC,TGG,TGT,TTA,TTC,TTG,TTT
Bacillus phage Eyuki,Duplodnaviria,AVT21,bacteria,DNA,linear,1.13105196451204,1.07492581602374,0.868948035487959,0.925074183976261,2.03381494005533,0.232400860743929,0.689824777128804,1.04395942207193,2.03191489361702,0.746289752650177,0.375,1.4416961130742,0.57027027027027,1.05585585585586,1,1.37387387387387,1.30876132930514,0.809128630705394,0.691238670694864,1.19087136929461,1.63756419662509,0.143800440205429,0.716067498165811,1.50256786500367,1.13829787234043,0.409574468085106,0.11968085106383,1.92553191489362,1.593,0.168,0.312,0.7785,1.05853777022103,0.777879064114251,0.941462229778965,1.22212093588575,1.73555337904016,0.189356839699641,0.608553705517467,1.46653607574274,1.11492392359987,0.349627711233409,0.471349951440596,2.06409841372612,1.86942328618063,0.282916213275299,0.547334058759521,1.30032644178455,1.7,0.978134761267291,0.66,1.02186523873271,1.39717314487633,0.368904593639576,0.436749116607774,1.60918727915194,0.64,0.65658747300216,1,1.34341252699784,2.562,1.18496538081108,0.5865,0.815034619188922
