virus,realm,locus_tag,host,type,shape,AAA,AAC,AAG,AAT,ACA,ACC,ACG,ACT,AGA,AGC,AGG,AGT,ATA,ATC,ATG,ATT,CAA,CAC,CAG,CAT,CCA,CCC,CCG,CCT,CGA,CGC,CGG,CGT,CTA,CTC,CTG,CTT,GAA,GAC,GAG,GAT,GCA,GCC,GCG,GCT,GGA,GGC,GGG,GGT,GTA,GTC,GTG,GTT,TAA,TAC,TAG,TAT,TCA,TCC,TCG,TCT,TGA,TGC,TGG,TGT,TTA,TTC,TTG,TTT
Bacillus phage Bcp1,Duplodnaviria,Bcp1,bacteria,DNA,linear,1.13052917232022,1.26015919564307,0.869470827679783,0.739840804356933,2.02519577800477,0.231528770854614,0.740892066734763,1.00238338440586,1.72312223858616,0.619339984650806,0.441826215022091,1.5287797390637,0.529772031303164,1.1554950663491,1,1.31473290234774,1.37464142283419,1.04218362282878,0.625358577165806,0.957816377171216,1.38836265223275,0.151556156968877,0.682002706359946,1.77807848443843,1.15758468335788,0.241531664212077,0.173784977908689,2.26215022091311,1.65556458164094,0.222583265637693,0.433793663688058,0.852965069049553,1.10988098533075,0.939775910364146,0.89011901466925,1.06022408963585,2.01572551822731,0.29735525375268,0.447462473195139,1.23945675482487,1.28131147540984,0.194098360655738,0.511475409836066,2.01311475409836,2.03678022309316,0.294241784745252,0.559541754597528,1.10943623756406,2.05676855895197,1.21533923303835,0.62882096069869,0.784660766961652,1.415963161934,0.40752110514198,0.501918649270913,1.5264773599386,0.314410480349345,0.775862068965517,1,1.22413793103448,2.33468724614135,1.3554347826087,0.500406173842405,0.644565217391304
