virus,realm,host,locus_tag,AAA,AAC,AAG,AAT,ACA,ACC,ACG,ACT,AGA,AGC,AGG,AGT,ATA,ATC,ATG,ATT,CAA,CAC,CAG,CAT,CCA,CCC,CCG,CCT,CGA,CGC,CGG,CGT,CTA,CTC,CTG,CTT,GAA,GAC,GAG,GAT,GCA,GCC,GCG,GCT,GGA,GGC,GGG,GGT,GTA,GTC,GTG,GTT,TAA,TAC,TAG,TAT,TCA,TCC,TCG,TCT,TGA,TGC,TGG,TGT,TTA,TTC,TTG,TTT
Bacillus phage vB BtS BMBtp14,NA,NA,HWA95,1.45522949586155,0.527777777777778,0.54477050413845,1.47222222222222,1.62514551804424,0.428405122235157,0.670547147846333,1.27590221187427,1.93065187239945,0.585858585858586,0.549237170596394,1.67676767676768,0.854377880184332,0.561290322580645,1,1.58433179723502,1.47400611620795,0.483870967741935,0.525993883792049,1.51612903225806,1.32747252747253,0.228571428571429,0.835164835164835,1.60879120879121,0.840499306518724,0.449375866851595,0.374479889042996,1.85575589459085,0.825503355704698,0.231543624161074,0.417785234899329,0.906040268456376,1.49838187702265,0.35075493612079,0.501618122977346,1.64924506387921,1.70220264317181,0.306607929515418,0.585022026431718,1.40616740088106,1.36353829557713,0.504854368932039,0.500539374325782,1.63106796116505,1.73279352226721,0.238866396761134,0.57085020242915,1.45748987854251,2,0.676,0.48,1.324,1.15824915824916,0.531986531986532,0.518518518518518,1.52861952861953,0.52,0.727272727272727,1,1.27272727272727,2.86409395973154,0.647686832740214,0.75503355704698,1.35231316725979
