virus,realm,locus_tag,host,type,shape,AAA,AAC,AAG,AAT,ACA,ACC,ACG,ACT,AGA,AGC,AGG,AGT,ATA,ATC,ATG,ATT,CAA,CAC,CAG,CAT,CCA,CCC,CCG,CCT,CGA,CGC,CGG,CGT,CTA,CTC,CTG,CTT,GAA,GAC,GAG,GAT,GCA,GCC,GCG,GCT,GGA,GGC,GGG,GGT,GTA,GTC,GTG,GTT,TAA,TAC,TAG,TAT,TCA,TCC,TCG,TCT,TGA,TGC,TGG,TGT,TTA,TTC,TTG,TTT
Bacillus phage vB Bpu PumA2,NA,H3021,NA,NA,NA,1.40086206896552,0.967741935483871,0.599137931034483,1.03225806451613,1.8125,0.427083333333333,0.59375,1.16666666666667,3.14285714285714,0.352941176470588,0.545454545454545,1.48235294117647,0.857142857142857,0.738095238095238,1,1.4047619047619,1.58454106280193,0.830188679245283,0.415458937198068,1.16981132075472,1.03703703703704,0.246913580246914,0.395061728395062,2.32098765432099,0.337662337662338,0.233766233766234,0.207792207792208,1.53246753246753,1.49339207048458,0.211453744493392,0.198237885462555,1.03083700440529,1.67452830188679,0.811827956989247,0.325471698113208,1.18817204301075,1.13253012048193,0.373493975903614,0.602409638554217,1.89156626506024,0.810810810810811,0.562162162162162,0.281081081081081,2.34594594594595,1.68888888888889,0.395061728395062,0.464197530864198,1.45185185185185,1.5,0.852459016393443,0.321428571428571,1.14754098360656,1.65882352941176,0.3,0.370588235294118,1.83529411764706,1.17857142857143,0.407407407407407,1,1.59259259259259,2.31277533039648,0.73134328358209,0.753303964757709,1.26865671641791
