virus,realm,host,locus_tag,AAA,AAC,AAG,AAT,ACA,ACC,ACG,ACT,AGA,AGC,AGG,AGT,ATA,ATC,ATG,ATT,CAA,CAC,CAG,CAT,CCA,CCC,CCG,CCT,CGA,CGC,CGG,CGT,CTA,CTC,CTG,CTT,GAA,GAC,GAG,GAT,GCA,GCC,GCG,GCT,GGA,GGC,GGG,GGT,GTA,GTC,GTG,GTT,TAA,TAC,TAG,TAT,TCA,TCC,TCG,TCT,TGA,TGC,TGG,TGT,TTA,TTC,TTG,TTT
Bacillus phage AvesoBmore,Duplodnaviria,bacteria,AVV02,1.23101851851852,1.01945795691452,0.768981481481481,0.980542043085476,2.18678526048285,0.218551461245235,0.617534942820839,0.97712833545108,2.27798507462687,0.741238938053097,0.425373134328358,1.52920353982301,0.751962779877872,0.981389938935737,1,1.26664728118639,1.38562091503268,0.727463312368973,0.61437908496732,1.27253668763103,1.51846785225718,0.131326949384405,1.04514363885089,1.30506155950752,1.00466417910448,0.512126865671642,0.159514925373134,1.62033582089552,1.4175355450237,0.172037914691943,0.271563981042654,0.836018957345972,1.24505119453925,0.800852618757613,0.754948805460751,1.19914738124239,1.50287453500169,0.205613797768008,0.748055461616503,1.5434562056138,1.22709163346614,0.395954642966595,0.535703340484217,1.84125038308305,2.07062688201478,0.273747604708459,0.482890774705721,1.17273473857104,1.77408637873754,1.06138933764136,0.617940199335548,0.938610662358643,1.24247787610619,0.414159292035398,0.467256637168142,1.60566371681416,0.60797342192691,0.70509977827051,1,1.29490022172949,2.72559241706161,1.15342328835582,0.577251184834123,0.846576711644178
