virus,realm,locus_tag,host,type,shape,AAA,AAC,AAG,AAT,ACA,ACC,ACG,ACT,AGA,AGC,AGG,AGT,ATA,ATC,ATG,ATT,CAA,CAC,CAG,CAT,CCA,CCC,CCG,CCT,CGA,CGC,CGG,CGT,CTA,CTC,CTG,CTT,GAA,GAC,GAG,GAT,GCA,GCC,GCG,GCT,GGA,GGC,GGG,GGT,GTA,GTC,GTG,GTT,TAA,TAC,TAG,TAT,TCA,TCC,TCG,TCT,TGA,TGC,TGG,TGT,TTA,TTC,TTG,TTT
Bacillus phage Shbh1,Duplodnaviria,BH753,bacteria,DNA,linear,1.35202492211838,0.803947958725886,0.64797507788162,1.19605204127411,1.45182578090629,0.529696436427629,0.473383194016718,1.54509458864936,2.55514511873351,0.485408200960473,0.782058047493404,1.58256372367935,0.744558991981672,0.604810996563574,1,1.65063001145475,1.34641407307172,0.618226600985222,0.653585926928281,1.38177339901478,0.924543288324067,0.390786338363781,0.489277204130262,2.19539316918189,0.991029023746702,0.231134564643799,0.196306068601583,1.244327176781,1.26813317479191,0.322829964328181,0.287158145065398,0.997027348394768,1.16049382716049,0.683301343570058,0.839506172839506,1.31669865642994,1.33407696597881,0.479643056330173,0.472950362520915,1.71332961517011,1.52095808383234,0.227544910179641,0.867408041060736,1.38408896492729,1.76621473067058,0.367900329791132,0.542323195309637,1.32356174422866,1.6271186440678,0.824339839265212,0.915254237288136,1.17566016073479,1.05060953084595,0.600664942741042,0.325821943110454,1.95493165866273,0.457627118644068,0.52014652014652,1,1.47985347985348,2.5077288941736,0.562617998741347,0.617122473246136,1.43738200125865
