virus,realm,host,locus_tag,AAA,AAC,AAG,AAT,ACA,ACC,ACG,ACT,AGA,AGC,AGG,AGT,ATA,ATC,ATG,ATT,CAA,CAC,CAG,CAT,CCA,CCC,CCG,CCT,CGA,CGC,CGG,CGT,CTA,CTC,CTG,CTT,GAA,GAC,GAG,GAT,GCA,GCC,GCG,GCT,GGA,GGC,GGG,GGT,GTA,GTC,GTG,GTT,TAA,TAC,TAG,TAT,TCA,TCC,TCG,TCT,TGA,TGC,TGG,TGT,TTA,TTC,TTG,TTT
Bacillus phage Bam35c,Varidnaviria,bacteria,Bam35cp,1.35763097949886,0.743589743589744,0.642369020501139,1.25641025641026,2,0.437086092715232,1.00662251655629,0.556291390728477,1.56521739130435,0.797202797202797,0.678260869565217,1.57342657342657,0.805970149253731,0.615671641791045,1,1.57835820895522,1.76666666666667,0.329113924050633,0.233333333333333,1.67088607594937,1.32,0.2,1.52,0.96,1.14782608695652,0.573913043478261,0.234782608695652,1.8,1.42065491183879,0.408060453400504,0.347607052896725,0.876574307304786,1.43958868894602,1.01149425287356,0.560411311053985,0.988505747126437,1.15254237288136,0.569491525423729,1.13898305084746,1.13898305084746,1.40331491712707,0.453038674033149,0.784530386740331,1.35911602209945,1.48672566371681,0.589970501474926,0.943952802359882,0.979351032448378,1.59375,0.616161616161616,0.75,1.38383838383838,1.1958041958042,0.503496503496504,0.503496503496504,1.42657342657343,0.65625,0.277777777777778,1,1.72222222222222,2.02518891687657,0.746543778801843,0.92191435768262,1.25345622119816
