virus,realm,host,locus_tag,AAA,AAC,AAG,AAT,ACA,ACC,ACG,ACT,AGA,AGC,AGG,AGT,ATA,ATC,ATG,ATT,CAA,CAC,CAG,CAT,CCA,CCC,CCG,CCT,CGA,CGC,CGG,CGT,CTA,CTC,CTG,CTT,GAA,GAC,GAG,GAT,GCA,GCC,GCG,GCT,GGA,GGC,GGG,GGT,GTA,GTC,GTG,GTT,TAA,TAC,TAG,TAT,TCA,TCC,TCG,TCT,TGA,TGC,TGG,TGT,TTA,TTC,TTG,TTT
Bacillus phage DIGNKC,Duplodnaviria,bacteria,BI007,1.13909677419355,1.09043736100815,0.860903225806452,0.909562638991846,2.04697776385844,0.235515189476981,0.710303789539618,1.00720325712496,2.10120913569189,0.721477725461789,0.357366771159875,1.41253169141615,0.582667486170867,1.01782421634911,1,1.39950829748002,1.31442663378545,0.839266450916936,0.68557336621455,1.16073354908306,1.69343065693431,0.113868613138686,0.68029197080292,1.51240875912409,1.13121361397223,0.429914912673533,0.104791759964174,1.87550380653829,1.57530737704918,0.181352459016393,0.305840163934426,0.771516393442623,1.08424182358771,0.790769230769231,0.915758176412289,1.20923076923077,1.75973377703827,0.191680532445923,0.613643926788686,1.43494176372712,1.13057851239669,0.375537190082645,0.502479338842975,1.99140495867769,1.82275649986022,0.316466312552418,0.537880905786972,1.32289628180039,1.70103092783505,0.990063233965673,0.680412371134021,1.00993676603433,1.39297356030424,0.339007605939877,0.430278884462151,1.70373053241579,0.618556701030928,0.528888888888889,1,1.47111111111111,2.61885245901639,1.15435557819664,0.547131147540984,0.845644421803362
