virus,realm,locus_tag,host,type,shape,AAA,AAC,AAG,AAT,ACA,ACC,ACG,ACT,AGA,AGC,AGG,AGT,ATA,ATC,ATG,ATT,CAA,CAC,CAG,CAT,CCA,CCC,CCG,CCT,CGA,CGC,CGG,CGT,CTA,CTC,CTG,CTT,GAA,GAC,GAG,GAT,GCA,GCC,GCG,GCT,GGA,GGC,GGG,GGT,GTA,GTC,GTG,GTT,TAA,TAC,TAG,TAT,TCA,TCC,TCG,TCT,TGA,TGC,TGG,TGT,TTA,TTC,TTG,TTT
Bacillus phage Taylor,Duplodnaviria,FDG68,bacteria,DNA,linear,0.997551020408163,1.30097087378641,1.00244897959184,0.699029126213592,1.62688296639629,0.699884125144844,0.477404403244496,1.19582850521437,2.27218934911243,1.08125,1.13609467455621,1.2125,0.51307847082495,1.32796780684105,1,1.158953722334,1.3040293040293,1.1046511627907,0.695970695970696,0.895348837209302,1.82194616977226,0.438923395445135,0.240165631469979,1.49896480331263,0.834319526627219,0.621301775147929,0.168639053254438,0.967455621301775,0.956663941128373,1.03515944399019,0.559280457890433,1.4227309893704,0.8759367194005,0.946930280957336,1.1240632805995,1.05306971904266,1.34179894179894,0.639153439153439,0.342857142857143,1.67619047619048,1.25816023738872,0.629080118694362,0.549950544015826,1.56280909990109,1.16020942408377,0.812565445026178,0.653403141361257,1.3738219895288,1.76,1.0265780730897,0.36,0.973421926910299,1.58125,0.54375,0.33125,1.25,0.88,0.937931034482759,1,1.06206896551724,1.13818479149632,0.932735426008969,0.887980376124285,1.06726457399103
