virus,realm,host,locus_tag,AAA,AAC,AAG,AAT,ACA,ACC,ACG,ACT,AGA,AGC,AGG,AGT,ATA,ATC,ATG,ATT,CAA,CAC,CAG,CAT,CCA,CCC,CCG,CCT,CGA,CGC,CGG,CGT,CTA,CTC,CTG,CTT,GAA,GAC,GAG,GAT,GCA,GCC,GCG,GCT,GGA,GGC,GGG,GGT,GTA,GTC,GTG,GTT,TAA,TAC,TAG,TAT,TCA,TCC,TCG,TCT,TGA,TGC,TGG,TGT,TTA,TTC,TTG,TTT
Bacillus phage PBS1,Duplodnaviria,bacteria,FK780,1.53819257665412,0.271105447594775,0.461807423345885,1.72889455240522,1.58268482490272,0.233463035019455,0.133268482490272,2.05058365758755,4.01791472590469,0.320922320922321,0.455750627015407,1.8983178983179,0.663184287505224,0.339740910990389,1,1.99707480150439,1.59609455292909,0.297520661157025,0.403905447070915,1.70247933884298,1.97896950578339,0.126182965299685,0.157728706624606,1.73711882229232,0.382658545324257,0.107488355428162,0.0838409172339663,0.952346829093515,0.935688405797101,0.195652173913043,0.115942028985507,1.20923913043478,1.60684345594525,0.226999806314158,0.393156544054748,1.77300019368584,1.69259397097134,0.254558987718645,0.209899516189058,1.84294752512095,1.66647759500851,0.216676120249575,0.259784458309699,1.85706182643222,1.75492453312868,0.225121514453825,0.233307751343054,1.78664620107444,2.2379421221865,0.247208931419458,0.443729903536977,1.75279106858054,1.66924966924967,0.21999621999622,0.0691740691740692,1.82233982233982,0.318327974276527,0.273356401384083,1,1.72664359861592,3.03532608695652,0.413578500707214,0.508152173913043,1.58642149929279
