virus,realm,locus_tag,host,type,shape,AAA,AAC,AAG,AAT,ACA,ACC,ACG,ACT,AGA,AGC,AGG,AGT,ATA,ATC,ATG,ATT,CAA,CAC,CAG,CAT,CCA,CCC,CCG,CCT,CGA,CGC,CGG,CGT,CTA,CTC,CTG,CTT,GAA,GAC,GAG,GAT,GCA,GCC,GCG,GCT,GGA,GGC,GGG,GGT,GTA,GTC,GTG,GTT,TAA,TAC,TAG,TAT,TCA,TCC,TCG,TCT,TGA,TGC,TGG,TGT,TTA,TTC,TTG,TTT
Bacillus phage Belinda,Duplodnaviria,BI039,bacteria,DNA,linear,1.11441765007696,1.07732149463559,0.885582349923037,0.92267850536441,2.05236907730673,0.231920199501247,0.692019950124688,1.02369077306733,2.04923903312444,0.728992360858494,0.354521038495971,1.37941069479811,0.580763358778626,1.01587786259542,1,1.40335877862595,1.30117501546073,0.844827586206897,0.69882498453927,1.1551724137931,1.69819494584838,0.106859205776173,0.632490974729242,1.56245487364621,1.17905102954342,0.424350940017905,0.0966875559534467,1.89615040286482,1.48511829051132,0.181633172220809,0.357161027728313,0.816586110404477,1.07497565725414,0.810234541577825,0.925024342745862,1.18976545842217,1.6994750656168,0.211286089238845,0.667979002624672,1.42125984251968,1.12685337726524,0.369028006589786,0.42174629324547,2.08237232289951,1.86879823594267,0.308710033076075,0.5303197353914,1.29217199558986,1.78983050847458,1.00944669365722,0.589830508474576,0.99055330634278,1.40996726082212,0.331757002546381,0.475809385230993,1.67406329574391,0.620338983050847,0.596491228070175,1,1.40350877192982,2.59475960315441,1.14228657014478,0.564741795980667,0.857713429855217
