virus,realm,locus_tag,host,type,shape,AAA,AAC,AAG,AAT,ACA,ACC,ACG,ACT,AGA,AGC,AGG,AGT,ATA,ATC,ATG,ATT,CAA,CAC,CAG,CAT,CCA,CCC,CCG,CCT,CGA,CGC,CGG,CGT,CTA,CTC,CTG,CTT,GAA,GAC,GAG,GAT,GCA,GCC,GCG,GCT,GGA,GGC,GGG,GGT,GTA,GTC,GTG,GTT,TAA,TAC,TAG,TAT,TCA,TCC,TCG,TCT,TGA,TGC,TGG,TGT,TTA,TTC,TTG,TTT
Bacillus phage Stills,Duplodnaviria,CPT_Stills1,bacteria,DNA,linear,1.38779432964921,0.818247646632875,0.612205670350793,1.18175235336713,1.83104125736739,0.238375900458415,0.424361493123772,1.50622134905043,1.74152542372881,0.570194384449244,0.38135593220339,1.39092872570194,0.385338345864662,1.09586466165414,1,1.5187969924812,1.52795031055901,0.734491315136476,0.472049689440994,1.26550868486352,1.25345622119816,0.110599078341014,0.639016897081413,1.99692780337942,0.508474576271186,0.699152542372881,0.0889830508474576,2.58050847457627,0.619582664526485,0.0963081861958267,0.394863563402889,1.23595505617978,1.74643249176729,0.407193320488118,0.253567508232711,1.59280667951188,0.957243139757498,0.216975111678366,0.296107211231653,2.52967453733248,1.05444887118194,0.456839309428951,0.225763612217795,2.26294820717131,1.17794486215539,0.31328320802005,0.413533834586466,2.0952380952381,1.82727272727273,0.675510204081633,0.3,1.32448979591837,1.83153347732181,0.233261339092873,0.375809935205184,1.59827213822894,0.872727272727273,0.447761194029851,1,1.55223880597015,2.77367576243981,1.01713255184851,0.879614767255217,0.982867448151488
