virus,realm,locus_tag,host,type,shape,AAA,AAC,AAG,AAT,ACA,ACC,ACG,ACT,AGA,AGC,AGG,AGT,ATA,ATC,ATG,ATT,CAA,CAC,CAG,CAT,CCA,CCC,CCG,CCT,CGA,CGC,CGG,CGT,CTA,CTC,CTG,CTT,GAA,GAC,GAG,GAT,GCA,GCC,GCG,GCT,GGA,GGC,GGG,GGT,GTA,GTC,GTG,GTT,TAA,TAC,TAG,TAT,TCA,TCC,TCG,TCT,TGA,TGC,TGG,TGT,TTA,TTC,TTG,TTT
Bacillus phage Glittering,Duplodnaviria,Glittering,bacteria,DNA,linear,1.00836120401338,1.24396782841823,0.991638795986622,0.756032171581769,1.69266055045872,0.738532110091743,0.389908256880734,1.17889908256881,2.28739002932551,1.07807486631016,1.05571847507331,1.22566844919786,0.542801556420233,1.32198443579767,1,1.1352140077821,1.30324909747292,1.08359133126935,0.696750902527076,0.91640866873065,1.86666666666667,0.45,0.233333333333333,1.45,0.712609970674487,0.703812316715543,0.219941348973607,1.02052785923754,0.977215189873418,0.962025316455696,0.511392405063291,1.51392405063291,0.885714285714286,0.936842105263158,1.11428571428571,1.06315789473684,1.32067510548523,0.70042194092827,0.362869198312236,1.61603375527426,1.31082423038729,0.699106256206554,0.560079443892751,1.42999006951341,1.3696335078534,0.741361256544503,0.536125654450262,1.35287958115183,1.84615384615385,1.00684931506849,0.307692307692308,0.993150684931507,1.55935828877005,0.603208556149733,0.340106951871658,1.19358288770053,0.846153846153846,0.737588652482269,1,1.26241134751773,1.15949367088608,0.998518518518518,0.875949367088608,1.00148148148148
