virus,realm,locus_tag,host,type,shape,AAA,AAC,AAG,AAT,ACA,ACC,ACG,ACT,AGA,AGC,AGG,AGT,ATA,ATC,ATG,ATT,CAA,CAC,CAG,CAT,CCA,CCC,CCG,CCT,CGA,CGC,CGG,CGT,CTA,CTC,CTG,CTT,GAA,GAC,GAG,GAT,GCA,GCC,GCG,GCT,GGA,GGC,GGG,GGT,GTA,GTC,GTG,GTT,TAA,TAC,TAG,TAT,TCA,TCC,TCG,TCT,TGA,TGC,TGG,TGT,TTA,TTC,TTG,TTT
Bacillus phage Wes44,NA,HWB81,NA,DNA,linear,1.23446893787575,0.970588235294118,0.765531062124248,1.02941176470588,1.59902200488998,0.28361858190709,0.914425427872861,1.20293398533007,1.50813743218807,0.904109589041096,0.770343580470163,1.43835616438356,0.801633605600933,0.917152858809802,1,1.28121353558926,0.932461873638344,1.04932735426009,1.06753812636166,0.95067264573991,1.3953488372093,0.160676532769556,0.778012684989429,1.66596194503171,0.520795660036166,0.737793851717902,0.325497287522604,2.1374321880651,1.1028971028971,0.401598401598402,0.869130869130869,1.0969030969031,1.11857292759706,0.823389021479714,0.881427072402938,1.17661097852029,1.62025316455696,0.437613019891501,0.614828209764919,1.32730560578662,0.990740740740741,1.14351851851852,0.541666666666667,1.32407407407407,1.85365853658537,0.390243902439024,0.709534368070953,1.04656319290466,1.77777777777778,0.931174089068826,0.277777777777778,1.06882591093117,1.48767123287671,0.575342465753425,0.468493150684932,1.12602739726027,0.944444444444444,0.825688073394495,1,1.1743119266055,1.85214785214785,1.05691056910569,0.677322677322677,0.943089430894309
