virus,realm,locus_tag,host,type,shape,AAA,AAC,AAG,AAT,ACA,ACC,ACG,ACT,AGA,AGC,AGG,AGT,ATA,ATC,ATG,ATT,CAA,CAC,CAG,CAT,CCA,CCC,CCG,CCT,CGA,CGC,CGG,CGT,CTA,CTC,CTG,CTT,GAA,GAC,GAG,GAT,GCA,GCC,GCG,GCT,GGA,GGC,GGG,GGT,GTA,GTC,GTG,GTT,TAA,TAC,TAG,TAT,TCA,TCC,TCG,TCT,TGA,TGC,TGG,TGT,TTA,TTC,TTG,TTT
Bacillus phage BeachBum,Duplodnaviria,H3010,bacteria,DNA,linear,1.44626593806922,0.965197215777262,0.553734061930783,1.03480278422274,2.40740740740741,0.212962962962963,0.555555555555556,0.824074074074074,2.47583643122677,0.526315789473684,0.356877323420074,1.43859649122807,0.693877551020408,0.870748299319728,1,1.43537414965986,1.83050847457627,0.633333333333333,0.169491525423729,1.36666666666667,1.95652173913043,0.0869565217391304,0.5,1.45652173913043,0.869888475836431,0.401486988847584,0.0669144981412639,1.82899628252788,1.23364485981308,0.0700934579439252,0.168224299065421,1.07943925233645,1.71047619047619,0.796954314720812,0.28952380952381,1.20304568527919,1.93272171253823,0.244648318042813,0.623853211009174,1.19877675840979,1.19315403422983,0.39119804400978,0.322738386308068,2.09290953545232,1.44245524296675,0.337595907928389,0.61381074168798,1.60613810741688,1.6,0.749163879598662,0.4,1.25083612040134,1.68421052631579,0.350877192982456,0.421052631578947,1.57894736842105,1,0.339622641509434,1,1.66037735849057,2.6214953271028,0.982456140350877,0.827102803738318,1.01754385964912
