virus,realm,host,locus_tag,AAA,AAC,AAG,AAT,ACA,ACC,ACG,ACT,AGA,AGC,AGG,AGT,ATA,ATC,ATG,ATT,CAA,CAC,CAG,CAT,CCA,CCC,CCG,CCT,CGA,CGC,CGG,CGT,CTA,CTC,CTG,CTT,GAA,GAC,GAG,GAT,GCA,GCC,GCG,GCT,GGA,GGC,GGG,GGT,GTA,GTC,GTG,GTT,TAA,TAC,TAG,TAT,TCA,TCC,TCG,TCT,TGA,TGC,TGG,TGT,TTA,TTC,TTG,TTT
Bacillus phage Thornton,NA,NA,KNV72,1.5586592178771,0.483558994197292,0.441340782122905,1.51644100580271,1.98663697104677,0.151447661469933,0.311804008908686,1.55011135857461,3.75244299674267,0.255639097744361,0.351791530944625,2,0.907372400756144,0.215500945179584,1,1.87712665406427,1.6551724137931,0.528301886792453,0.344827586206897,1.47169811320755,1.2093023255814,0.0465116279069767,0.488372093023256,2.25581395348837,0.469055374592834,0.117263843648208,0,1.30944625407166,0.555984555984556,0.0347490347490347,0.0926640926640927,0.961389961389961,1.67959527824621,0.264705882352941,0.320404721753794,1.73529411764706,1.40672782874618,0.0978593272171254,0.305810397553517,2.18960244648318,1.440329218107,0.139917695473251,0.279835390946502,2.13991769547325,1.21848739495798,0.100840336134454,0.378151260504202,2.30252100840336,1.6046511627907,0.372222222222222,0.837209302325581,1.62777777777778,1.69924812030075,0.135338345864662,0.195488721804511,1.71428571428571,0.558139534883721,0.166666666666667,1,1.83333333333333,3.40540540540541,0.583815028901734,0.94980694980695,1.41618497109827
