virus,realm,locus_tag,host,type,shape,AAA,AAC,AAG,AAT,ACA,ACC,ACG,ACT,AGA,AGC,AGG,AGT,ATA,ATC,ATG,ATT,CAA,CAC,CAG,CAT,CCA,CCC,CCG,CCT,CGA,CGC,CGG,CGT,CTA,CTC,CTG,CTT,GAA,GAC,GAG,GAT,GCA,GCC,GCG,GCT,GGA,GGC,GGG,GGT,GTA,GTC,GTG,GTT,TAA,TAC,TAG,TAT,TCA,TCC,TCG,TCT,TGA,TGC,TGG,TGT,TTA,TTC,TTG,TTT
Bacillus phage PfEFR-4,Duplodnaviria,HWA96,bacteria,DNA,linear,1.40689655172414,0.540212443095599,0.593103448275862,1.4597875569044,1.98577524893314,0.290184921763869,0.620199146514936,1.10384068278805,2.03305785123967,0.705882352941177,0.72396694214876,1.82647058823529,0.791131855309218,0.525087514585764,1,1.68378063010502,1.5249569707401,0.435233160621762,0.475043029259897,1.56476683937824,1.88304093567251,0.233918128654971,0.725146198830409,1.15789473684211,0.823140495867769,0.317355371900826,0.386776859504132,1.71570247933884,0.691358024691358,0.141975308641975,0.240740740740741,1.04320987654321,1.49857006673022,0.365269461077844,0.501429933269781,1.63473053892216,1.73157894736842,0.210526315789474,0.626315789473684,1.43157894736842,1.54293262879789,0.401585204755614,0.665785997357992,1.38969616908851,1.47120418848168,0.324607329842932,0.743455497382199,1.46073298429319,1.74626865671642,0.473563218390805,0.716417910447761,1.5264367816092,1.33235294117647,0.317647058823529,0.45,1.36764705882353,0.537313432835821,0.585858585858586,1,1.41414141414141,2.95061728395062,0.592741935483871,0.932098765432099,1.40725806451613
