virus,realm,locus_tag,host,type,shape,AAA,AAC,AAG,AAT,ACA,ACC,ACG,ACT,AGA,AGC,AGG,AGT,ATA,ATC,ATG,ATT,CAA,CAC,CAG,CAT,CCA,CCC,CCG,CCT,CGA,CGC,CGG,CGT,CTA,CTC,CTG,CTT,GAA,GAC,GAG,GAT,GCA,GCC,GCG,GCT,GGA,GGC,GGG,GGT,GTA,GTC,GTG,GTT,TAA,TAC,TAG,TAT,TCA,TCC,TCG,TCT,TGA,TGC,TGG,TGT,TTA,TTC,TTG,TTT
Bacillus phage PZA,NA,H3027,NA,DNA,linear,1.17225950782998,1.07951807228916,0.827740492170022,0.920481927710843,1.98473282442748,0.427480916030534,0.539440203562341,1.04834605597964,1.76470588235294,0.798099762470309,0.847058823529412,1.72446555819477,0.760869565217391,1.03623188405797,1,1.20289855072464,1.25,0.709677419354839,0.75,1.29032258064516,1.06024096385542,0.313253012048193,0.650602409638554,1.97590361445783,0.588235294117647,0.588235294117647,0.611764705882353,1.6,1.18220338983051,0.597457627118644,0.457627118644068,1.04237288135593,1.30731707317073,0.948979591836735,0.692682926829268,1.05102040816327,1.11953352769679,0.641399416909621,0.699708454810496,1.53935860058309,1.01941747572816,0.543689320388349,0.58252427184466,1.85436893203884,0.770642201834862,0.440366972477064,0.963302752293578,1.8256880733945,1.55555555555556,0.782287822878229,0.444444444444444,1.21771217712177,1.56769596199525,0.370546318289786,0.342042755344418,1.19714964370546,1,0.41025641025641,1,1.58974358974359,1.77966101694915,0.939393939393939,0.940677966101695,1.06060606060606
