virus,realm,host,locus_tag,AAA,AAC,AAG,AAT,ACA,ACC,ACG,ACT,AGA,AGC,AGG,AGT,ATA,ATC,ATG,ATT,CAA,CAC,CAG,CAT,CCA,CCC,CCG,CCT,CGA,CGC,CGG,CGT,CTA,CTC,CTG,CTT,GAA,GAC,GAG,GAT,GCA,GCC,GCG,GCT,GGA,GGC,GGG,GGT,GTA,GTC,GTG,GTT,TAA,TAC,TAG,TAT,TCA,TCC,TCG,TCT,TGA,TGC,TGG,TGT,TTA,TTC,TTG,TTT
Bacillus phage GA1,Duplodnaviria,bacteria,GA,1.47289719626168,1.07692307692308,0.527102803738318,0.923076923076923,2.1037037037037,0.335802469135802,0.296296296296296,1.2641975308642,3.67816091954023,0.425068119891008,0.873563218390805,1.52043596730245,0.771058315334773,0.563714902807775,1,1.66522678185745,1.52466367713004,0.632478632478632,0.475336322869955,1.36752136752137,1.25842696629213,0.0898876404494382,0.404494382022472,2.24719101123596,0.390804597701149,0.206896551724138,0.0459770114942529,0.804597701149425,1.39925373134328,0.201492537313433,0.212686567164179,1.14179104477612,1.50199203187251,0.804651162790698,0.49800796812749,1.1953488372093,1.56521739130435,0.273291925465839,0.397515527950311,1.7639751552795,0.941772151898734,0.455696202531646,0.506329113924051,2.09620253164557,1.16363636363636,0.254545454545455,0.545454545454545,2.03636363636364,1.88571428571429,0.745341614906832,0.428571428571429,1.25465838509317,1.66757493188011,0.310626702997275,0.277929155313351,1.7983651226158,0.685714285714286,0.32,1,1.68,2.20522388059702,0.773413897280967,0.83955223880597,1.22658610271903
