virus,realm,host,locus_tag,AAA,AAC,AAG,AAT,ACA,ACC,ACG,ACT,AGA,AGC,AGG,AGT,ATA,ATC,ATG,ATT,CAA,CAC,CAG,CAT,CCA,CCC,CCG,CCT,CGA,CGC,CGG,CGT,CTA,CTC,CTG,CTT,GAA,GAC,GAG,GAT,GCA,GCC,GCG,GCT,GGA,GGC,GGG,GGT,GTA,GTC,GTG,GTT,TAA,TAC,TAG,TAT,TCA,TCC,TCG,TCT,TGA,TGC,TGG,TGT,TTA,TTC,TTG,TTT
Bacteroides phage B124-14,Duplodnaviria,bacteria,B124,1.11657414750198,0.978723404255319,0.883425852498017,1.02127659574468,1.29095354523227,0.640586797066015,1.04645476772616,1.02200488997555,2.10979228486647,0.914594594594595,0.908011869436202,1.0572972972973,1.23192771084337,0.587349397590361,1,1.18072289156627,1.09756097560976,0.943589743589744,0.902439024390244,1.05641025641026,0.769953051643192,0.619718309859155,1.46478873239437,1.14553990610329,0.560830860534125,0.356083086053412,0.560830860534125,1.50445103857567,0.710120068610635,0.252144082332762,0.524871355060034,1.26586620926244,1.21164021164021,0.619552414605418,0.788359788359788,1.38044758539458,1.47044917257683,0.57210401891253,0.950354609929078,1.00709219858156,1.27128263337117,0.631101021566402,0.51305334846765,1.58456299659478,1.32758620689655,0.301724137931034,0.706896551724138,1.66379310344828,1.72058823529412,0.710166919575114,0.485294117647059,1.28983308042489,1.23891891891892,0.570810810810811,0.83027027027027,1.38810810810811,0.794117647058823,0.80327868852459,1,1.19672131147541,1.68267581475129,0.709876543209877,1.56432246998285,1.29012345679012
