virus,realm,host,locus_tag,AAA,AAC,AAG,AAT,ACA,ACC,ACG,ACT,AGA,AGC,AGG,AGT,ATA,ATC,ATG,ATT,CAA,CAC,CAG,CAT,CCA,CCC,CCG,CCT,CGA,CGC,CGG,CGT,CTA,CTC,CTG,CTT,GAA,GAC,GAG,GAT,GCA,GCC,GCG,GCT,GGA,GGC,GGG,GGT,GTA,GTC,GTG,GTT,TAA,TAC,TAG,TAT,TCA,TCC,TCG,TCT,TGA,TGC,TGG,TGT,TTA,TTC,TTG,TTT
Banana virus X,NA,NA,FK832,1.3125,0.754716981132076,0.6875,1.24528301886792,1.42857142857143,0.857142857142857,0,1.71428571428571,3.21951219512195,0.909090909090909,1.46341463414634,1.45454545454545,1.04166666666667,0.666666666666667,1,1.29166666666667,1.33333333333333,0.75,0.666666666666667,1.25,2.35294117647059,0.235294117647059,0.117647058823529,1.29411764705882,0.878048780487805,0.146341463414634,0,0.292682926829268,0.928571428571429,0.714285714285714,1.07142857142857,1.07142857142857,1.29411764705882,0.702702702702703,0.705882352941177,1.2972972972973,1.35593220338983,0.949152542372881,0.203389830508475,1.49152542372881,1.33333333333333,0.549019607843137,1.09803921568627,1.01960784313725,0.606060606060606,0.848484848484849,1.15151515151515,1.39393939393939,1.2,1.03448275862069,0.6,0.96551724137931,2,0.636363636363636,0,1,1.2,0.827586206896552,1,1.17241379310345,1.64285714285714,0.701754385964912,0.571428571428571,1.29824561403509
