virus,realm,locus_tag,host,type,shape,AAA,AAC,AAG,AAT,ACA,ACC,ACG,ACT,AGA,AGC,AGG,AGT,ATA,ATC,ATG,ATT,CAA,CAC,CAG,CAT,CCA,CCC,CCG,CCT,CGA,CGC,CGG,CGT,CTA,CTC,CTG,CTT,GAA,GAC,GAG,GAT,GCA,GCC,GCG,GCT,GGA,GGC,GGG,GGT,GTA,GTC,GTG,GTT,TAA,TAC,TAG,TAT,TCA,TCC,TCG,TCT,TGA,TGC,TGG,TGT,TTA,TTC,TTG,TTT
Banana bunchy top virus,Monodnaviria,BBTV,land plants,DNA,circular,0.633333333333333,0.764705882352941,1.36666666666667,1.23529411764706,1.94871794871795,0.717948717948718,0.717948717948718,0.615384615384615,2.4375,1.34328358208955,1.40625,0.805970149253731,1.23214285714286,0.696428571428571,1,1.07142857142857,1.07692307692308,0.571428571428571,0.923076923076923,1.42857142857143,1.6969696969697,0.727272727272727,0.484848484848485,1.09090909090909,0.75,0.28125,0.65625,0.46875,0.375,0.65625,0.84375,1.21875,1.22388059701493,0.285714285714286,0.776119402985075,1.71428571428571,1.33333333333333,0.606060606060606,1.09090909090909,0.96969696969697,2.46153846153846,0.384615384615385,0.538461538461538,0.615384615384615,1.42465753424658,0.602739726027397,0.931506849315068,1.04109589041096,1.8,0.4,0,1.6,1.52238805970149,0.0895522388059701,0.805970149253731,1.43283582089552,1.2,0.428571428571429,1,1.57142857142857,1.40625,1,1.5,1
