virus,realm,locus_tag,host,type,shape,AAA,AAC,AAG,AAT,ACA,ACC,ACG,ACT,AGA,AGC,AGG,AGT,ATA,ATC,ATG,ATT,CAA,CAC,CAG,CAT,CCA,CCC,CCG,CCT,CGA,CGC,CGG,CGT,CTA,CTC,CTG,CTT,GAA,GAC,GAG,GAT,GCA,GCC,GCG,GCT,GGA,GGC,GGG,GGT,GTA,GTC,GTG,GTT,TAA,TAC,TAG,TAT,TCA,TCC,TCG,TCT,TGA,TGC,TGG,TGT,TTA,TTC,TTG,TTT
Banzi virus,Riboviria,FK856,invertebrates,RNA,linear,0.958762886597938,1.22388059701493,1.04123711340206,0.776119402985075,1.63876651982379,1.18061674008811,0.299559471365639,0.881057268722467,2.43850267379679,1.48672566371681,1.47593582887701,1.06194690265487,0.449101796407186,1.50898203592814,1,1.04191616766467,0.651162790697674,1.1219512195122,1.34883720930233,0.878048780487805,1.66153846153846,0.923076923076923,0.338461538461538,1.07692307692308,0.288770053475936,0.67379679144385,0.641711229946524,0.481283422459893,0.586319218241042,1.28990228013029,1.91530944625407,0.781758957654723,1.01554404145078,0.95364238410596,0.984455958549223,1.04635761589404,1.17293233082707,1.2781954887218,0.345864661654135,1.20300751879699,1.70629370629371,0.839160839160839,0.909090909090909,0.545454545454545,0.308724832214765,1.12751677852349,1.54362416107383,1.02013422818792,3,1.08641975308642,0,0.91358024691358,1.46017699115044,0.743362831858407,0.451327433628319,0.79646017699115,0,1.2,1,0.8,0.175895765472313,1.04,1.25081433224756,0.96
