virus,realm,locus_tag,host,type,shape,AAA,AAC,AAG,AAT,ACA,ACC,ACG,ACT,AGA,AGC,AGG,AGT,ATA,ATC,ATG,ATT,CAA,CAC,CAG,CAT,CCA,CCC,CCG,CCT,CGA,CGC,CGG,CGT,CTA,CTC,CTG,CTT,GAA,GAC,GAG,GAT,GCA,GCC,GCG,GCT,GGA,GGC,GGG,GGT,GTA,GTC,GTG,GTT,TAA,TAC,TAG,TAT,TCA,TCC,TCG,TCT,TGA,TGC,TGG,TGT,TTA,TTC,TTG,TTT
Barbacena virus Y,Riboviria,BGV88,land plants,RNA,linear,1.10502283105023,0.707482993197279,0.894977168949772,1.29251700680272,1.84615384615385,0.549450549450549,0.373626373626374,1.23076923076923,1.94904458598726,1.04464285714286,1.33757961783439,1.66071428571429,0.994736842105263,0.615789473684211,1,1.38947368421053,1.22689075630252,0.921348314606742,0.773109243697479,1.07865168539326,2.3716814159292,0.530973451327434,0.31858407079646,0.778761061946903,0.764331210191083,0.687898089171974,0.420382165605096,0.840764331210191,0.674157303370786,0.966292134831461,0.786516853932584,0.921348314606742,1.12264150943396,0.65,0.877358490566038,1.35,2.13197969543147,0.629441624365482,0.406091370558376,0.83248730964467,1.26060606060606,0.751515151515151,0.848484848484849,1.13939393939394,0.626728110599078,0.571428571428571,1.49308755760369,1.30875576036866,3,0.888888888888889,0,1.11111111111111,1.52678571428571,0.375,0.375,1.01785714285714,0,0.916666666666667,1,1.08333333333333,1.01123595505618,0.843537414965986,1.64044943820225,1.15646258503401
