virus,realm,locus_tag,host,type,shape,AAA,AAC,AAG,AAT,ACA,ACC,ACG,ACT,AGA,AGC,AGG,AGT,ATA,ATC,ATG,ATT,CAA,CAC,CAG,CAT,CCA,CCC,CCG,CCT,CGA,CGC,CGG,CGT,CTA,CTC,CTG,CTT,GAA,GAC,GAG,GAT,GCA,GCC,GCG,GCT,GGA,GGC,GGG,GGT,GTA,GTC,GTG,GTT,TAA,TAC,TAG,TAT,TCA,TCC,TCG,TCT,TGA,TGC,TGG,TGT,TTA,TTC,TTG,TTT
Basavirus sp.,unclassified viruses,BVF66,vertebrates,DNA,linear,1.04242424242424,0.547486033519553,0.957575757575758,1.45251396648045,1.17277486910995,0.753926701570681,0.31413612565445,1.75916230366492,2.56,0.411764705882353,0.92,1.41176470588235,0.774647887323944,0.619718309859155,1,1.6056338028169,1.57142857142857,0.73469387755102,0.428571428571429,1.26530612244898,2.0709219858156,0.51063829787234,0.0851063829787234,1.33333333333333,0.76,0.36,0.24,1.16,0.616071428571429,0.321428571428571,0.267857142857143,0.991071428571429,1.49253731343284,0.575,0.507462686567164,1.425,0.938271604938272,0.469135802469136,0.271604938271605,2.32098765432099,2.06060606060606,0.242424242424242,0.0727272727272727,1.62424242424242,0.851063829787234,0.51063829787234,0.48936170212766,2.14893617021277,3,0.4,0,1.6,1.55882352941176,0.882352941176471,0.352941176470588,1.38235294117647,0,0.5,1,1.5,1.74107142857143,0.897435897435897,2.0625,1.1025641025641
