virus,realm,host,locus_tag,AAA,AAC,AAG,AAT,ACA,ACC,ACG,ACT,AGA,AGC,AGG,AGT,ATA,ATC,ATG,ATT,CAA,CAC,CAG,CAT,CCA,CCC,CCG,CCT,CGA,CGC,CGG,CGT,CTA,CTC,CTG,CTT,GAA,GAC,GAG,GAT,GCA,GCC,GCG,GCT,GGA,GGC,GGG,GGT,GTA,GTC,GTG,GTT,TAA,TAC,TAG,TAT,TCA,TCC,TCG,TCT,TGA,TGC,TGG,TGT,TTA,TTC,TTG,TTT
Bastrovirus/VietNam/Porcine/17489 85,NA,NA,BVF00,0.784810126582278,1.49253731343284,1.21518987341772,0.507462686567164,1.21739130434783,1.59420289855072,0.405797101449275,0.782608695652174,0.727272727272727,2.16806722689076,1.75757575757576,0.65546218487395,0.397590361445783,2.06024096385542,1,0.542168674698795,0.595238095238095,1.08,1.4047619047619,0.92,0.979591836734694,1.22448979591837,1.06122448979592,0.73469387755102,0.606060606060606,1.15151515151515,1.03030303030303,0.727272727272727,0.287425149700599,1.50898203592814,1.90419161676647,1.11377245508982,0.604166666666667,1.37142857142857,1.39583333333333,0.628571428571429,0.804232804232804,1.43915343915344,0.952380952380952,0.804232804232804,0.338028169014085,1.77464788732394,0.676056338028169,1.2112676056338,0.273504273504274,1.16239316239316,1.57264957264957,0.991452991452991,0,1.47826086956522,1.5,0.521739130434783,1.00840336134454,1.05882352941176,0.554621848739496,0.554621848739496,1.5,1.40909090909091,1,0.590909090909091,0.0718562874251497,1.1830985915493,1.11377245508982,0.816901408450704
