virus,realm,host,locus_tag,AAA,AAC,AAG,AAT,ACA,ACC,ACG,ACT,AGA,AGC,AGG,AGT,ATA,ATC,ATG,ATT,CAA,CAC,CAG,CAT,CCA,CCC,CCG,CCT,CGA,CGC,CGG,CGT,CTA,CTC,CTG,CTT,GAA,GAC,GAG,GAT,GCA,GCC,GCG,GCT,GGA,GGC,GGG,GGT,GTA,GTC,GTG,GTT,TAA,TAC,TAG,TAT,TCA,TCC,TCG,TCT,TGA,TGC,TGG,TGT,TTA,TTC,TTG,TTT
Bastrovirus-like virus/VietNam/Bat/17819 21,NA,NA,BVF01,0.697674418604651,1.24,1.30232558139535,0.76,0.59504132231405,2.18181818181818,0.528925619834711,0.694214876033058,0.27027027027027,0.635761589403974,0.594594594594595,0.357615894039735,0.297029702970297,1.87128712871287,1,0.831683168316832,0.987341772151899,1.14754098360656,1.0126582278481,0.852459016393443,0.530973451327434,1.76991150442478,0.814159292035398,0.884955752212389,0.864864864864865,2.54054054054054,0.324324324324324,1.40540540540541,0.211764705882353,3.14117647058824,0.952941176470588,1.05882352941176,0.976190476190476,1.17241379310345,1.02380952380952,0.827586206896552,0.578616352201258,2.06289308176101,0.528301886792453,0.830188679245283,0.304347826086957,1.73913043478261,0.565217391304348,1.39130434782609,0.178571428571429,1.96428571428571,0.785714285714286,1.07142857142857,3,1.375,0,0.625,0.397350993377483,2.78145695364238,0.596026490066225,1.2317880794702,0,1.3125,1,0.6875,0.176470588235294,1.72839506172839,0.458823529411765,0.271604938271605
