virus,realm,locus_tag,host,type,shape,AAA,AAC,AAG,AAT,ACA,ACC,ACG,ACT,AGA,AGC,AGG,AGT,ATA,ATC,ATG,ATT,CAA,CAC,CAG,CAT,CCA,CCC,CCG,CCT,CGA,CGC,CGG,CGT,CTA,CTC,CTG,CTT,GAA,GAC,GAG,GAT,GCA,GCC,GCG,GCT,GGA,GGC,GGG,GGT,GTA,GTC,GTG,GTT,TAA,TAC,TAG,TAT,TCA,TCC,TCG,TCT,TGA,TGC,TGG,TGT,TTA,TTC,TTG,TTT
Bat associated cyclovirus 9,Monodnaviria,D1Q22,vertebrates,DNA,circular,1.33333333333333,1.2,0.666666666666667,0.8,1,1.4,0.4,1.2,3,1.2,0.428571428571429,1.2,0.782608695652174,1.43478260869565,1,0.782608695652174,1.25,0,0.75,2,1.5,0,1.5,1,1.28571428571429,0.428571428571429,0,0.857142857142857,0.923076923076923,0.461538461538462,0.923076923076923,2.30769230769231,1,1.75,1,0.25,2.13333333333333,0.533333333333333,0.266666666666667,1.06666666666667,2.26086956521739,0.695652173913043,0.347826086956522,0.695652173913043,1,1,1,1,3,1.33333333333333,0,0.666666666666667,1.6,0.8,0,1.2,0,0.857142857142857,1,1.14285714285714,0.923076923076923,1.33333333333333,0.461538461538462,0.666666666666667
