virus,realm,host,locus_tag,AAA,AAC,AAG,AAT,ACA,ACC,ACG,ACT,AGA,AGC,AGG,AGT,ATA,ATC,ATG,ATT,CAA,CAC,CAG,CAT,CCA,CCC,CCG,CCT,CGA,CGC,CGG,CGT,CTA,CTC,CTG,CTT,GAA,GAC,GAG,GAT,GCA,GCC,GCG,GCT,GGA,GGC,GGG,GGT,GTA,GTC,GTG,GTT,TAA,TAC,TAG,TAT,TCA,TCC,TCG,TCT,TGA,TGC,TGG,TGT,TTA,TTC,TTG,TTT
Bat polyomavirus,Monodnaviria,vertebrates,EXJ53,0.811594202898551,1.1063829787234,1.18840579710145,0.893617021276596,1.05050505050505,1.53535353535354,0.0404040404040404,1.37373737373737,2.15730337078652,0.841121495327103,3.03370786516854,1.28971962616822,0.428571428571429,1.07142857142857,1,1.5,0.611111111111111,1.14285714285714,1.38888888888889,0.857142857142857,0.765217391304348,1.39130434782609,0.139130434782609,1.70434782608696,0.202247191011236,0.269662921348315,0,0.337078651685393,0.452054794520548,1.31506849315068,2.0958904109589,0.904109589041096,0.576576576576577,0.90625,1.42342342342342,1.09375,0.699300699300699,1.37062937062937,0.0839160839160839,1.84615384615385,1.27868852459016,0.524590163934426,1.60655737704918,0.590163934426229,0.344086021505376,0.860215053763441,1.72043010752688,1.0752688172043,2,0.916666666666667,1,1.08333333333333,0.728971962616822,1.28971962616822,0.0560747663551402,1.79439252336449,0,0.705882352941177,1,1.29411764705882,0.36986301369863,1.03125,0.863013698630137,0.96875
