virus,realm,host,locus_tag,AAA,AAC,AAG,AAT,ACA,ACC,ACG,ACT,AGA,AGC,AGG,AGT,ATA,ATC,ATG,ATT,CAA,CAC,CAG,CAT,CCA,CCC,CCG,CCT,CGA,CGC,CGG,CGT,CTA,CTC,CTG,CTT,GAA,GAC,GAG,GAT,GCA,GCC,GCG,GCT,GGA,GGC,GGG,GGT,GTA,GTC,GTG,GTT,TAA,TAC,TAG,TAT,TCA,TCC,TCG,TCT,TGA,TGC,TGG,TGT,TTA,TTC,TTG,TTT
Bat associated cyclovirus 6,Monodnaviria,vertebrates,D1Q19,1.54545454545455,1.33333333333333,0.454545454545455,0.666666666666667,2.31578947368421,0.842105263157895,0.421052631578947,0.421052631578947,1.26315789473684,0.428571428571429,0.631578947368421,2.14285714285714,0.9,1.5,1,0.6,1.53846153846154,0,0.461538461538462,2,1.45454545454545,0.363636363636364,1.09090909090909,1.09090909090909,1.57894736842105,0.947368421052632,0,1.57894736842105,1,1,1.5,1.5,1.44444444444444,1.23076923076923,0.555555555555556,0.769230769230769,0.857142857142857,0.857142857142857,1.14285714285714,1.14285714285714,2.10526315789474,1.05263157894737,0.421052631578947,0.421052631578947,1.09090909090909,1.09090909090909,0.363636363636364,1.45454545454545,3,1.52380952380952,0,0.476190476190476,0.857142857142857,0.428571428571429,0.857142857142857,1.28571428571429,0,1.25,1,0.75,1,0.875,0,1.125
