virus,realm,locus_tag,host,type,shape,AAA,AAC,AAG,AAT,ACA,ACC,ACG,ACT,AGA,AGC,AGG,AGT,ATA,ATC,ATG,ATT,CAA,CAC,CAG,CAT,CCA,CCC,CCG,CCT,CGA,CGC,CGG,CGT,CTA,CTC,CTG,CTT,GAA,GAC,GAG,GAT,GCA,GCC,GCG,GCT,GGA,GGC,GGG,GGT,GTA,GTC,GTG,GTT,TAA,TAC,TAG,TAT,TCA,TCC,TCG,TCT,TGA,TGC,TGG,TGT,TTA,TTC,TTG,TTT
Bat mastadenovirus WIV11,Varidnaviria,A6I13,vertebrates,DNA,linear,0.876660341555977,1.16107382550336,1.12333965844402,0.838926174496644,0.470921985815603,1.91205673758865,0.675177304964539,0.941843971631206,0.585533869115959,1.92648648648649,0.571756601607348,0.810810810810811,0.380038387715931,1.76199616122841,1,0.857965451055662,0.678082191780822,1.34035087719298,1.32191780821918,0.659649122807018,0.549693251533742,1.91901840490798,0.868711656441718,0.662576687116564,0.68886337543054,2.69345579793341,0.847301951779564,0.61308840413318,0.311111111111111,1.34814814814815,2.45432098765432,0.454320987654321,0.666666666666667,1.10702341137124,1.33333333333333,0.892976588628763,0.351515151515152,1.83838383838384,0.844444444444444,0.965656565656566,0.98989898989899,1.21717171717172,0.96969696969697,0.823232323232323,0.375152253349574,1.01827040194884,2.07064555420219,0.535931790499391,1.81818181818182,1.2274678111588,0.363636363636364,0.772532188841202,0.467027027027027,1.16108108108108,0.518918918918919,1.11567567567568,0.818181818181818,1.26229508196721,1,0.737704918032787,0.414814814814815,0.987854251012146,1.01728395061728,1.01214574898785
