virus,realm,locus_tag,host,type,shape,AAA,AAC,AAG,AAT,ACA,ACC,ACG,ACT,AGA,AGC,AGG,AGT,ATA,ATC,ATG,ATT,CAA,CAC,CAG,CAT,CCA,CCC,CCG,CCT,CGA,CGC,CGG,CGT,CTA,CTC,CTG,CTT,GAA,GAC,GAG,GAT,GCA,GCC,GCG,GCT,GGA,GGC,GGG,GGT,GTA,GTC,GTG,GTT,TAA,TAC,TAG,TAT,TCA,TCC,TCG,TCT,TGA,TGC,TGG,TGT,TTA,TTC,TTG,TTT
Bat associated cyclovirus 3,Monodnaviria,D1Q17,vertebrates,DNA,circular,1.47058823529412,0.909090909090909,0.529411764705882,1.09090909090909,2,0.666666666666667,0.666666666666667,0.666666666666667,1.3953488372093,0.857142857142857,1.25581395348837,1.07142857142857,1,0.75,1,1.25,1.68421052631579,0.4,0.315789473684211,1.6,1.04347826086957,0.347826086956522,1.04347826086957,1.56521739130435,0.837209302325581,0.697674418604651,0.558139534883721,1.25581395348837,0.72,1.2,0.48,1.92,1.45454545454545,1.21739130434783,0.545454545454545,0.782608695652174,2.2,0,0.8,1,1.29032258064516,1.16129032258065,0.645161290322581,0.903225806451613,0.848484848484849,0.242424242424242,0.96969696969697,1.93939393939394,3,0.962962962962963,0,1.03703703703704,1.71428571428571,0.428571428571429,0.428571428571429,1.5,0,0.909090909090909,1,1.09090909090909,0.96,0.733333333333333,0.72,1.26666666666667
