virus,realm,host,locus_tag,AAA,AAC,AAG,AAT,ACA,ACC,ACG,ACT,AGA,AGC,AGG,AGT,ATA,ATC,ATG,ATT,CAA,CAC,CAG,CAT,CCA,CCC,CCG,CCT,CGA,CGC,CGG,CGT,CTA,CTC,CTG,CTT,GAA,GAC,GAG,GAT,GCA,GCC,GCG,GCT,GGA,GGC,GGG,GGT,GTA,GTC,GTG,GTT,TAA,TAC,TAG,TAT,TCA,TCC,TCG,TCT,TGA,TGC,TGG,TGT,TTA,TTC,TTG,TTT
Bat circovirus POA/2012/VI,Monodnaviria,vertebrates,QY62,0.962962962962963,0.888888888888889,1.03703703703704,1.11111111111111,0.941176470588235,0.627450980392157,1.56862745098039,0.862745098039216,1.57142857142857,1.16129032258065,0.857142857142857,0.580645161290323,1.08,0.96,1,0.96,0.571428571428571,0.545454545454545,1.42857142857143,1.45454545454545,0.727272727272727,0.545454545454545,1.63636363636364,1.09090909090909,0.857142857142857,1.14285714285714,0.428571428571429,1.14285714285714,0.461538461538462,0.692307692307692,1.84615384615385,1.15384615384615,1,0.769230769230769,1,1.23076923076923,0.96,0.96,0.16,1.92,1.28571428571429,0.857142857142857,0.857142857142857,1,1.28571428571429,0.571428571428571,0.857142857142857,1.28571428571429,3,1,0,1,1.54838709677419,0.774193548387097,0.967741935483871,0.967741935483871,0,0.857142857142857,1,1.14285714285714,1.15384615384615,0.947368421052632,0.692307692307692,1.05263157894737
