virus,realm,host,locus_tag,AAA,AAC,AAG,AAT,ACA,ACC,ACG,ACT,AGA,AGC,AGG,AGT,ATA,ATC,ATG,ATT,CAA,CAC,CAG,CAT,CCA,CCC,CCG,CCT,CGA,CGC,CGG,CGT,CTA,CTC,CTG,CTT,GAA,GAC,GAG,GAT,GCA,GCC,GCG,GCT,GGA,GGC,GGG,GGT,GTA,GTC,GTG,GTT,TAA,TAC,TAG,TAT,TCA,TCC,TCG,TCT,TGA,TGC,TGG,TGT,TTA,TTC,TTG,TTT
Batai virus,Riboviria,human:invertebrates:vertebrates,FLA96,1.4,0.481012658227848,0.6,1.51898734177215,1.82945736434109,0.573643410852713,0.170542635658915,1.42635658914729,3.48648648648649,0.594059405940594,1.5,1.46534653465347,1.63313609467456,0.337278106508876,1,1.02958579881657,1.31147540983607,0.644444444444444,0.688524590163934,1.35555555555556,1.93650793650794,0.571428571428571,0.126984126984127,1.36507936507937,0.527027027027027,0.162162162162162,0.202702702702703,0.121621621621622,1.13924050632911,0.288607594936709,0.410126582278481,0.69873417721519,1.32780082987552,0.559241706161137,0.672199170124481,1.44075829383886,2.14054054054054,0.367567567567568,0.0648648648648649,1.42702702702703,1.08474576271186,0.632768361581921,0.926553672316384,1.35593220338983,1.37799043062201,0.669856459330144,0.631578947368421,1.32057416267943,2.25,0.80952380952381,0,1.19047619047619,2.01980198019802,0.257425742574257,0.217821782178218,1.44554455445545,0.75,0.623853211009174,1,1.37614678899083,2.30886075949367,0.723618090452261,1.15443037974684,1.27638190954774
