virus,realm,locus_tag,host,type,shape,AAA,AAC,AAG,AAT,ACA,ACC,ACG,ACT,AGA,AGC,AGG,AGT,ATA,ATC,ATG,ATT,CAA,CAC,CAG,CAT,CCA,CCC,CCG,CCT,CGA,CGC,CGG,CGT,CTA,CTC,CTG,CTT,GAA,GAC,GAG,GAT,GCA,GCC,GCG,GCT,GGA,GGC,GGG,GGT,GTA,GTC,GTG,GTT,TAA,TAC,TAG,TAT,TCA,TCC,TCG,TCT,TGA,TGC,TGG,TGT,TTA,TTC,TTG,TTT
Bean leaf crumple virus,Monodnaviria,L1Q73,land plants,DNA,circular,0.914285714285714,1.1304347826087,1.08571428571429,0.869565217391304,1.52380952380952,0.714285714285714,0.714285714285714,1.04761904761905,1.39655172413793,0.493150684931507,1.24137931034483,0.73972602739726,0.941176470588235,0.970588235294118,1,1.08823529411765,1.32203389830508,0.847457627118644,0.677966101694915,1.15254237288136,1.60919540229885,0.873563218390805,0.689655172413793,0.827586206896552,1.03448275862069,0.362068965517241,0.568965517241379,1.39655172413793,1.02857142857143,1.14285714285714,0.571428571428571,0.457142857142857,0.878787878787879,0.875,1.12121212121212,1.125,1.21951219512195,0.975609756097561,0.682926829268293,1.1219512195122,1.03703703703704,0.740740740740741,1.1358024691358,1.08641975308642,0.536082474226804,1.07216494845361,1.07216494845361,1.31958762886598,2.14285714285714,0.567164179104478,0.857142857142857,1.43283582089552,1.35616438356164,0.945205479452055,1.23287671232877,1.23287671232877,0,0.580645161290323,1,1.41935483870968,1.14285714285714,1,1.65714285714286,1
