virus,realm,locus_tag,host,type,shape,AAA,AAC,AAG,AAT,ACA,ACC,ACG,ACT,AGA,AGC,AGG,AGT,ATA,ATC,ATG,ATT,CAA,CAC,CAG,CAT,CCA,CCC,CCG,CCT,CGA,CGC,CGG,CGT,CTA,CTC,CTG,CTT,GAA,GAC,GAG,GAT,GCA,GCC,GCG,GCT,GGA,GGC,GGG,GGT,GTA,GTC,GTG,GTT,TAA,TAC,TAG,TAT,TCA,TCC,TCG,TCT,TGA,TGC,TGG,TGT,TTA,TTC,TTG,TTT
Bean golden yellow mosaic virus,Monodnaviria,BGYMV,land plants,DNA,circular,1.03703703703704,0.926315789473684,0.962962962962963,1.07368421052632,1.6,0.705882352941177,0.941176470588235,0.752941176470588,1.06542056074766,0.657534246575342,1.51401869158878,0.698630136986301,1.05,0.9,1,1.05,1.42028985507246,0.571428571428571,0.579710144927536,1.42857142857143,1.70114942528736,0.597701149425287,0.551724137931034,1.14942528735632,0.897196261682243,0.392523364485981,0.616822429906542,1.51401869158878,0.310344827586207,0.775862068965517,0.517241379310345,1.03448275862069,1.40625,0.954545454545455,0.59375,1.04545454545455,1.87341772151899,0.607594936708861,0.708860759493671,0.810126582278481,1.6,0.564705882352941,0.376470588235294,1.45882352941176,0.736842105263158,0.87719298245614,0.87719298245614,1.50877192982456,1.875,0.529411764705882,0.375,1.47058823529412,1.80821917808219,0.986301369863014,0.493150684931507,1.35616438356164,0.75,0.888888888888889,1,1.11111111111111,1.6551724137931,1.04225352112676,1.70689655172414,0.957746478873239
