virus,realm,locus_tag,host,type,shape,AAA,AAC,AAG,AAT,ACA,ACC,ACG,ACT,AGA,AGC,AGG,AGT,ATA,ATC,ATG,ATT,CAA,CAC,CAG,CAT,CCA,CCC,CCG,CCT,CGA,CGC,CGG,CGT,CTA,CTC,CTG,CTT,GAA,GAC,GAG,GAT,GCA,GCC,GCG,GCT,GGA,GGC,GGG,GGT,GTA,GTC,GTG,GTT,TAA,TAC,TAG,TAT,TCA,TCC,TCG,TCT,TGA,TGC,TGG,TGT,TTA,TTC,TTG,TTT
Bean leafroll virus,Riboviria,BLRVgp,land plants,RNA,linear,0.982248520710059,0.857142857142857,1.01775147928994,1.14285714285714,1.14285714285714,0.941176470588235,0.739495798319328,1.17647058823529,1.43023255813953,0.757575757575758,1.67441860465116,0.818181818181818,0.738095238095238,1.0952380952381,1,1.16666666666667,1.04109589041096,1,0.958904109589041,1,1.23684210526316,0.921052631578947,0.526315789473684,1.31578947368421,1.08139534883721,0.662790697674419,0.313953488372093,0.837209302325581,0.847058823529412,1.34117647058824,0.917647058823529,0.882352941176471,1.02994011976048,0.780487804878049,0.970059880239521,1.21951219512195,0.993630573248408,1.07006369426752,0.585987261146497,1.35031847133758,1.53846153846154,0.957264957264957,0.854700854700855,0.64957264957265,0.718562874251497,0.958083832335329,0.81437125748503,1.50898203592814,0.428571428571429,0.987341772151899,2.57142857142857,1.0126582278481,1.24242424242424,1.06060606060606,0.606060606060606,1.51515151515152,0,1.15789473684211,1,0.842105263157895,0.882352941176471,0.804123711340206,1.12941176470588,1.19587628865979
