virus,realm,locus_tag,host,type,shape,AAA,AAC,AAG,AAT,ACA,ACC,ACG,ACT,AGA,AGC,AGG,AGT,ATA,ATC,ATG,ATT,CAA,CAC,CAG,CAT,CCA,CCC,CCG,CCT,CGA,CGC,CGG,CGT,CTA,CTC,CTG,CTT,GAA,GAC,GAG,GAT,GCA,GCC,GCG,GCT,GGA,GGC,GGG,GGT,GTA,GTC,GTG,GTT,TAA,TAC,TAG,TAT,TCA,TCC,TCG,TCT,TGA,TGC,TGG,TGT,TTA,TTC,TTG,TTT
Beecentumtrevirus Nf,Duplodnaviria,H3025,bacteria,NA,NA,1.37444933920705,1.00715990453461,0.625550660792952,0.992840095465394,2.3375314861461,0.251889168765743,0.453400503778338,0.957178841309824,2.47659574468085,0.688279301745636,0.434042553191489,1.69077306733167,0.75544794188862,0.682808716707022,1,1.56174334140436,1.34715025906736,0.804347826086957,0.652849740932642,1.19565217391304,1.67272727272727,0.193939393939394,0.8,1.33333333333333,0.68936170212766,0.382978723404255,0.229787234042553,1.78723404255319,0.872017353579176,0.429501084598698,0.429501084598698,1.2885032537961,1.41176470588235,0.849162011173184,0.588235294117647,1.15083798882682,1.56268221574344,0.454810495626822,0.524781341107872,1.45772594752187,0.96875,0.416666666666667,0.59375,2.02083333333333,0.82962962962963,0.246913580246914,0.938271604938272,1.98518518518519,1.66666666666667,0.770318021201413,0.555555555555556,1.22968197879859,1.61596009975062,0.29925187032419,0.329177057356608,1.37655860349127,0.777777777777778,0.461538461538462,1,1.53846153846154,1.88720173535792,0.641350210970464,1.09327548806941,1.35864978902954
