virus,realm,locus_tag,host,type,shape,AAA,AAC,AAG,AAT,ACA,ACC,ACG,ACT,AGA,AGC,AGG,AGT,ATA,ATC,ATG,ATT,CAA,CAC,CAG,CAT,CCA,CCC,CCG,CCT,CGA,CGC,CGG,CGT,CTA,CTC,CTG,CTT,GAA,GAC,GAG,GAT,GCA,GCC,GCG,GCT,GGA,GGC,GGG,GGT,GTA,GTC,GTG,GTT,TAA,TAC,TAG,TAT,TCA,TCC,TCG,TCT,TGA,TGC,TGG,TGT,TTA,TTC,TTG,TTT
Beet yellow stunt virus,Riboviria,FK852,land plants,RNA,linear,1.05936073059361,1.19148936170213,0.940639269406393,0.808510638297872,0.755102040816326,1.06122448979592,1.02040816326531,1.16326530612245,1.55801104972376,0.904615384615385,1.59116022099448,1.21846153846154,0.982456140350877,1.05263157894737,1,0.964912280701754,1.29268292682927,1.42857142857143,0.707317073170732,0.571428571428571,0.785714285714286,0.535714285714286,1.10714285714286,1.57142857142857,0.861878453038674,0.795580110497238,0.56353591160221,0.629834254143646,1.11246200607903,0.51063829787234,0.875379939209726,0.893617021276596,1.11210762331839,1.18181818181818,0.887892376681614,0.818181818181818,0.54625550660793,0.863436123348018,0.898678414096916,1.69162995594714,1.11111111111111,0.511111111111111,0.844444444444444,1.53333333333333,0.615384615384615,0.815384615384615,1.09230769230769,1.47692307692308,0.3,1.42222222222222,1.5,0.577777777777778,0.627692307692308,0.867692307692308,1.03384615384615,1.34769230769231,1.2,1,1,1,1.07598784194529,0.909090909090909,1.53191489361702,1.09090909090909
