virus,realm,locus_tag,host,type,shape,AAA,AAC,AAG,AAT,ACA,ACC,ACG,ACT,AGA,AGC,AGG,AGT,ATA,ATC,ATG,ATT,CAA,CAC,CAG,CAT,CCA,CCC,CCG,CCT,CGA,CGC,CGG,CGT,CTA,CTC,CTG,CTT,GAA,GAC,GAG,GAT,GCA,GCC,GCG,GCT,GGA,GGC,GGG,GGT,GTA,GTC,GTG,GTT,TAA,TAC,TAG,TAT,TCA,TCC,TCG,TCT,TGA,TGC,TGG,TGT,TTA,TTC,TTG,TTT
Beihai sobemo-like virus 18,NA,BWV01,NA,RNA,linear,1.12,0.433333333333333,0.88,1.56666666666667,0.936170212765957,0.595744680851064,0.638297872340426,1.82978723404255,1.6304347826087,0.617647058823529,1.30434782608696,0.882352941176471,1.17721518987342,0.493670886075949,1,1.32911392405063,1.03846153846154,0.580645161290323,0.961538461538462,1.41935483870968,1.33333333333333,0.571428571428571,0.619047619047619,1.47619047619048,0.58695652173913,0.847826086956522,0.717391304347826,0.91304347826087,0.4125,0.75,0.4875,1.275,0.911111111111111,0.43298969072165,1.08888888888889,1.56701030927835,1.09473684210526,0.8,0.589473684210526,1.51578947368421,1.25581395348837,0.604651162790698,0.604651162790698,1.53488372093023,0.678571428571429,0.535714285714286,1,1.78571428571429,0,0.385964912280702,3,1.6140350877193,1.58823529411765,0.882352941176471,0.529411764705882,1.5,0,0.578947368421053,1,1.42105263157895,0.6375,0.537313432835821,2.4375,1.46268656716418
