virus,realm,locus_tag,host,type,shape,AAA,AAC,AAG,AAT,ACA,ACC,ACG,ACT,AGA,AGC,AGG,AGT,ATA,ATC,ATG,ATT,CAA,CAC,CAG,CAT,CCA,CCC,CCG,CCT,CGA,CGC,CGG,CGT,CTA,CTC,CTG,CTT,GAA,GAC,GAG,GAT,GCA,GCC,GCG,GCT,GGA,GGC,GGG,GGT,GTA,GTC,GTG,GTT,TAA,TAC,TAG,TAT,TCA,TCC,TCG,TCT,TGA,TGC,TGG,TGT,TTA,TTC,TTG,TTT
Beihai picorna-like virus 70,Riboviria,BVB49,invertebrates,RNA,linear,0.639455782312925,1.02608695652174,1.36054421768707,0.973913043478261,0.634920634920635,0.91005291005291,0.867724867724868,1.58730158730159,0.461538461538462,0.736196319018405,0.5,0.625766871165644,0.128048780487805,1.1890243902439,1,1.68292682926829,0.939759036144578,1.01818181818182,1.06024096385542,0.981818181818182,0.769230769230769,1.10769230769231,0.523076923076923,1.6,1,1.84615384615385,0.5,1.69230769230769,0.32579185520362,1.6289592760181,0.81447963800905,1.710407239819,0.965116279069767,0.948717948717949,1.03488372093023,1.05128205128205,0.914285714285714,1.1047619047619,0.495238095238095,1.48571428571429,1.42857142857143,1.05494505494505,0.461538461538462,1.05494505494505,0.278606965174129,1.01492537313433,1.41293532338308,1.29353233830846,3,1.01098901098901,0,0.989010989010989,0.846625766871166,1.32515337423313,0.736196319018405,1.73006134969325,0,0.972972972972973,1,1.02702702702703,0.217194570135747,0.842105263157895,1.30316742081448,1.15789473684211
