virus,realm,locus_tag,host,type,shape,AAA,AAC,AAG,AAT,ACA,ACC,ACG,ACT,AGA,AGC,AGG,AGT,ATA,ATC,ATG,ATT,CAA,CAC,CAG,CAT,CCA,CCC,CCG,CCT,CGA,CGC,CGG,CGT,CTA,CTC,CTG,CTT,GAA,GAC,GAG,GAT,GCA,GCC,GCG,GCT,GGA,GGC,GGG,GGT,GTA,GTC,GTG,GTT,TAA,TAC,TAG,TAT,TCA,TCC,TCG,TCT,TGA,TGC,TGG,TGT,TTA,TTC,TTG,TTT
Beihai sobemo-like virus 12,Riboviria,BWV05,invertebrates,RNA,linear,1.10344827586207,0.755555555555556,0.896551724137931,1.24444444444444,1.46478873239437,1.23943661971831,0.28169014084507,1.01408450704225,2.31578947368421,0.857142857142857,0.631578947368421,0.923076923076923,0.511363636363636,0.75,1,1.73863636363636,1.18518518518519,0.64,0.814814814814815,1.36,2,0.833333333333333,0.166666666666667,1,0.947368421052632,0.315789473684211,0.315789473684211,1.47368421052632,0.827586206896552,0.568965517241379,0.46551724137931,1.70689655172414,1.34246575342466,0.512820512820513,0.657534246575342,1.48717948717949,1.26027397260274,0.547945205479452,0.164383561643836,2.02739726027397,0.987654320987654,0.740740740740741,0.54320987654321,1.72839506172839,0.5,0.888888888888889,0.444444444444444,2.16666666666667,1.5,0.634146341463415,1.5,1.36585365853659,1.64835164835165,0.989010989010989,0.791208791208791,0.791208791208791,0,0.823529411764706,1,1.17647058823529,0.724137931034483,0.754716981132076,1.70689655172414,1.24528301886792
