virus,realm,host,locus_tag,AAA,AAC,AAG,AAT,ACA,ACC,ACG,ACT,AGA,AGC,AGG,AGT,ATA,ATC,ATG,ATT,CAA,CAC,CAG,CAT,CCA,CCC,CCG,CCT,CGA,CGC,CGG,CGT,CTA,CTC,CTG,CTT,GAA,GAC,GAG,GAT,GCA,GCC,GCG,GCT,GGA,GGC,GGG,GGT,GTA,GTC,GTG,GTT,TAA,TAC,TAG,TAT,TCA,TCC,TCG,TCT,TGA,TGC,TGG,TGT,TTA,TTC,TTG,TTT
Beihai picorna-like virus 50,Riboviria,invertebrates,BVK46,1.22950819672131,0.595419847328244,0.770491803278688,1.40458015267176,1.29113924050633,0.531645569620253,0.531645569620253,1.64556962025316,1.7319587628866,0.131868131868132,0.43298969072165,1.38461538461538,0.586466165413534,0.699248120300752,1,1.71428571428571,1.39784946236559,0.754716981132076,0.602150537634409,1.24528301886792,1.57575757575758,0.181818181818182,0.424242424242424,1.81818181818182,1.17525773195876,0.309278350515464,0.371134020618557,1.97938144329897,0.378378378378378,0.567567567567568,0.378378378378378,1.56756756756757,1.29411764705882,0.523489932885906,0.705882352941177,1.47651006711409,1.25786163522013,0.528301886792453,0.327044025157233,1.88679245283019,0.786516853932584,0.359550561797753,0.382022471910112,2.47191011235955,0.861878453038674,0.419889502762431,0.795580110497238,1.92265193370166,3,0.654205607476635,0,1.34579439252336,1.45054945054945,0.791208791208791,0.395604395604396,1.84615384615385,0,0.5,1,1.5,1.59459459459459,0.697674418604651,1.51351351351351,1.30232558139535
