virus,realm,host,locus_tag,AAA,AAC,AAG,AAT,ACA,ACC,ACG,ACT,AGA,AGC,AGG,AGT,ATA,ATC,ATG,ATT,CAA,CAC,CAG,CAT,CCA,CCC,CCG,CCT,CGA,CGC,CGG,CGT,CTA,CTC,CTG,CTT,GAA,GAC,GAG,GAT,GCA,GCC,GCG,GCT,GGA,GGC,GGG,GGT,GTA,GTC,GTG,GTT,TAA,TAC,TAG,TAT,TCA,TCC,TCG,TCT,TGA,TGC,TGG,TGT,TTA,TTC,TTG,TTT
Beihai narna-like virus 12,Riboviria,invertebrates,BVF05,0.981818181818182,1.1304347826087,1.01818181818182,0.869565217391304,1.02564102564103,0.923076923076923,1.12820512820513,0.923076923076923,1.67213114754098,1.15384615384615,0.786885245901639,1.38461538461538,0.697674418604651,1.32558139534884,1,0.976744186046512,0.56,1.23076923076923,1.44,0.769230769230769,0.947368421052632,0.947368421052632,1.26315789473684,0.842105263157895,1.37704918032787,0.786885245901639,0.39344262295082,0.983606557377049,0.552631578947368,1.02631578947368,0.868421052631579,1.57894736842105,0.925925925925926,0.808510638297872,1.07407407407407,1.19148936170213,0.714285714285714,1.14285714285714,1.28571428571429,0.857142857142857,1.08333333333333,1.16666666666667,0.75,1,0.705882352941177,0.705882352941177,1.41176470588235,1.17647058823529,3,1.23809523809524,0,0.761904761904762,1.03846153846154,0.923076923076923,0.692307692307692,0.807692307692308,0,0.833333333333333,1,1.16666666666667,0.631578947368421,1.4,1.34210526315789,0.6
