virus,realm,host,locus_tag,AAA,AAC,AAG,AAT,ACA,ACC,ACG,ACT,AGA,AGC,AGG,AGT,ATA,ATC,ATG,ATT,CAA,CAC,CAG,CAT,CCA,CCC,CCG,CCT,CGA,CGC,CGG,CGT,CTA,CTC,CTG,CTT,GAA,GAC,GAG,GAT,GCA,GCC,GCG,GCT,GGA,GGC,GGG,GGT,GTA,GTC,GTG,GTT,TAA,TAC,TAG,TAT,TCA,TCC,TCG,TCT,TGA,TGC,TGG,TGT,TTA,TTC,TTG,TTT
Beihai sipunculid worm virus 1,Riboviria,invertebrates,BVK80,1.15254237288136,0.777777777777778,0.847457627118644,1.22222222222222,1.0414201183432,0.85207100591716,0.662721893491124,1.44378698224852,0.671052631578947,0.383720930232558,0.631578947368421,0.976744186046512,0.795454545454545,1.02272727272727,1,1.18181818181818,1.12820512820513,0.90625,0.871794871794872,1.09375,1.19402985074627,0.746268656716418,0.507462686567164,1.55223880597015,0.986842105263158,1.69736842105263,0.276315789473684,1.73684210526316,0.387096774193548,0.935483870967742,0.580645161290323,1.12903225806452,1.2027027027027,0.643356643356643,0.797297297297297,1.35664335664336,1.09644670050761,0.812182741116751,0.50761421319797,1.58375634517767,1.03703703703704,0.962962962962963,0.296296296296296,1.7037037037037,0.549019607843137,0.96078431372549,0.784313725490196,1.70588235294118,1.5,0.876404494382023,1.5,1.12359550561798,0.453488372093023,1.77906976744186,0.941860465116279,1.46511627906977,0,0.585365853658537,1,1.41463414634146,0.612903225806452,0.892307692307692,2.35483870967742,1.10769230769231
