virus,realm,host,locus_tag,AAA,AAC,AAG,AAT,ACA,ACC,ACG,ACT,AGA,AGC,AGG,AGT,ATA,ATC,ATG,ATT,CAA,CAC,CAG,CAT,CCA,CCC,CCG,CCT,CGA,CGC,CGG,CGT,CTA,CTC,CTG,CTT,GAA,GAC,GAG,GAT,GCA,GCC,GCG,GCT,GGA,GGC,GGG,GGT,GTA,GTC,GTG,GTT,TAA,TAC,TAG,TAT,TCA,TCC,TCG,TCT,TGA,TGC,TGG,TGT,TTA,TTC,TTG,TTT
Beihai sea slater virus 4,Riboviria,invertebrates,BVJ70,1.38983050847458,0.59,0.610169491525424,1.41,1.20567375886525,0.695035460992908,0.468085106382979,1.63120567375887,1.23,0.597864768683274,0.51,1.36654804270463,0.958646616541353,0.68796992481203,1,1.35338345864662,1.51020408163265,0.717948717948718,0.489795918367347,1.28205128205128,1.64444444444444,0.6,0.288888888888889,1.46666666666667,0.81,0.63,0.39,2.43,0.512396694214876,0.59504132231405,0.495867768595041,1.33884297520661,1.35177865612648,0.515901060070671,0.648221343873518,1.48409893992933,1.65625,0.578125,0.578125,1.1875,1.00523560209424,0.900523560209424,0.356020942408377,1.73821989528796,0.648648648648649,0.702702702702703,1,1.64864864864865,1.125,0.67027027027027,0.75,1.32972972972973,1.49466192170819,0.704626334519573,0.683274021352313,1.15302491103203,1.125,0.909090909090909,1,1.09090909090909,1.48760330578512,0.83248730964467,1.5702479338843,1.16751269035533
