virus,realm,locus_tag,host,type,shape,AAA,AAC,AAG,AAT,ACA,ACC,ACG,ACT,AGA,AGC,AGG,AGT,ATA,ATC,ATG,ATT,CAA,CAC,CAG,CAT,CCA,CCC,CCG,CCT,CGA,CGC,CGG,CGT,CTA,CTC,CTG,CTT,GAA,GAC,GAG,GAT,GCA,GCC,GCG,GCT,GGA,GGC,GGG,GGT,GTA,GTC,GTG,GTT,TAA,TAC,TAG,TAT,TCA,TCC,TCG,TCT,TGA,TGC,TGG,TGT,TTA,TTC,TTG,TTT
Beihai narna-like virus 1,NA,BVF08,NA,RNA,linear,0.848484848484849,0.636363636363636,1.15151515151515,1.36363636363636,0.914285714285714,0.914285714285714,1.02857142857143,1.14285714285714,1.45161290322581,0.413793103448276,1.35483870967742,0.931034482758621,0.870967741935484,0.774193548387097,1,1.35483870967742,0.8,1.5,1.2,0.5,0.930232558139535,0.837209302325581,0.651162790697674,1.58139534883721,0.967741935483871,0.67741935483871,0.967741935483871,0.580645161290323,0.638297872340426,1.59574468085106,1.21276595744681,1.65957446808511,0.681818181818182,1.10204081632653,1.31818181818182,0.897959183673469,1.13207547169811,0.981132075471698,0.679245283018868,1.20754716981132,0.962962962962963,0.962962962962963,0.888888888888889,1.18518518518519,0.818181818181818,1.45454545454545,0.818181818181818,0.909090909090909,3,0.923076923076923,0,1.07692307692308,1.44827586206897,1.44827586206897,0.310344827586207,1.44827586206897,0,0.285714285714286,1,1.71428571428571,0.25531914893617,1,0.638297872340426,1
