virus,realm,locus_tag,host,type,shape,AAA,AAC,AAG,AAT,ACA,ACC,ACG,ACT,AGA,AGC,AGG,AGT,ATA,ATC,ATG,ATT,CAA,CAC,CAG,CAT,CCA,CCC,CCG,CCT,CGA,CGC,CGG,CGT,CTA,CTC,CTG,CTT,GAA,GAC,GAG,GAT,GCA,GCC,GCG,GCT,GGA,GGC,GGG,GGT,GTA,GTC,GTG,GTT,TAA,TAC,TAG,TAT,TCA,TCC,TCG,TCT,TGA,TGC,TGG,TGT,TTA,TTC,TTG,TTT
Beihai picorna-like virus 43,Riboviria,BVB52,invertebrates,RNA,linear,1.5776397515528,0.27536231884058,0.422360248447205,1.72463768115942,1.32467532467532,0.311688311688312,0.25974025974026,2.1038961038961,3.75700934579439,0.225806451612903,0.560747663551402,1.61290322580645,1.11,0.375,1,1.515,1.56962025316456,0.448275862068966,0.430379746835443,1.55172413793103,1.54716981132075,0.30188679245283,0.113207547169811,2.0377358490566,0.336448598130841,0.224299065420561,0,1.1214953271028,0.63,0.18,0.12,0.96,1.52592592592593,0.251968503937008,0.474074074074074,1.74803149606299,1.25170068027211,0.462585034013605,0.244897959183673,2.04081632653061,1.12,0.352,0.224,2.304,1.07586206896552,0.220689655172414,0.662068965517241,2.04137931034483,1.5,0.495238095238095,1.5,1.5047619047619,1.51612903225806,0.354838709677419,0.32258064516129,1.96774193548387,0,0.269230769230769,1,1.73076923076923,2.67,0.396825396825397,1.44,1.6031746031746
