virus,realm,locus_tag,host,type,shape,AAA,AAC,AAG,AAT,ACA,ACC,ACG,ACT,AGA,AGC,AGG,AGT,ATA,ATC,ATG,ATT,CAA,CAC,CAG,CAT,CCA,CCC,CCG,CCT,CGA,CGC,CGG,CGT,CTA,CTC,CTG,CTT,GAA,GAC,GAG,GAT,GCA,GCC,GCG,GCT,GGA,GGC,GGG,GGT,GTA,GTC,GTG,GTT,TAA,TAC,TAG,TAT,TCA,TCC,TCG,TCT,TGA,TGC,TGG,TGT,TTA,TTC,TTG,TTT
Beihai sobemo-like virus 3,Riboviria,BWU92,invertebrates,RNA,linear,0.710526315789474,0.925925925925926,1.28947368421053,1.07407407407407,0.8,0.65,0.95,1.6,0.428571428571429,1.42857142857143,1.21428571428571,0.857142857142857,0.235294117647059,1.17647058823529,1,1.58823529411765,0.842105263157895,1.35483870967742,1.15789473684211,0.645161290322581,0.529411764705882,0.823529411764706,0.764705882352941,1.88235294117647,0.857142857142857,1.28571428571429,0.642857142857143,1.57142857142857,0.303030303030303,0.96969696969697,1.03030303030303,0.96969696969697,0.935064935064935,1.06666666666667,1.06493506493506,0.933333333333333,0.737588652482269,0.765957446808511,0.822695035460993,1.67375886524823,0.635514018691589,1.34579439252336,0.635514018691589,1.38317757009346,0.363636363636364,0.945454545454545,1.30909090909091,1.38181818181818,0,1.22448979591837,3,0.775510204081633,1.02857142857143,0.514285714285714,0.457142857142857,1.71428571428571,0,0.842105263157895,1,1.15789473684211,0.363636363636364,0.912280701754386,2.36363636363636,1.08771929824561
