virus,realm,locus_tag,host,type,shape,AAA,AAC,AAG,AAT,ACA,ACC,ACG,ACT,AGA,AGC,AGG,AGT,ATA,ATC,ATG,ATT,CAA,CAC,CAG,CAT,CCA,CCC,CCG,CCT,CGA,CGC,CGG,CGT,CTA,CTC,CTG,CTT,GAA,GAC,GAG,GAT,GCA,GCC,GCG,GCT,GGA,GGC,GGG,GGT,GTA,GTC,GTG,GTT,TAA,TAC,TAG,TAT,TCA,TCC,TCG,TCT,TGA,TGC,TGG,TGT,TTA,TTC,TTG,TTT
Beihai picorna-like virus 64,Riboviria,BVK05,invertebrates,RNA,linear,1.12781954887218,0.368,0.87218045112782,1.632,0.947368421052632,0.631578947368421,0.394736842105263,2.02631578947368,1.40322580645161,0.28695652173913,1.16129032258065,0.965217391304348,0.801526717557252,0.458015267175573,1,1.74045801526718,1.30526315789474,0.285714285714286,0.694736842105263,1.71428571428571,1.13274336283186,0.566371681415929,0.283185840707965,2.01769911504425,0.725806451612903,0.82258064516129,0.290322580645161,1.59677419354839,0.346666666666667,0.64,0.56,1.46666666666667,1.07692307692308,0.521212121212121,0.923076923076923,1.47878787878788,1.17365269461078,0.502994011976048,0.502994011976048,1.82035928143713,0.97841726618705,0.690647482014389,0.287769784172662,2.0431654676259,0.48936170212766,0.638297872340426,0.702127659574468,2.17021276595745,1.5,0.407407407407407,0,1.59259259259259,1.22608695652174,0.652173913043478,0.495652173913044,2.37391304347826,1.5,0.6,1,1.4,1.25333333333333,0.472972972972973,1.73333333333333,1.52702702702703
