virus,realm,host,locus_tag,AAA,AAC,AAG,AAT,ACA,ACC,ACG,ACT,AGA,AGC,AGG,AGT,ATA,ATC,ATG,ATT,CAA,CAC,CAG,CAT,CCA,CCC,CCG,CCT,CGA,CGC,CGG,CGT,CTA,CTC,CTG,CTT,GAA,GAC,GAG,GAT,GCA,GCC,GCG,GCT,GGA,GGC,GGG,GGT,GTA,GTC,GTG,GTT,TAA,TAC,TAG,TAT,TCA,TCC,TCG,TCT,TGA,TGC,TGG,TGT,TTA,TTC,TTG,TTT
Beihai picorna-like virus 84,Riboviria,invertebrates,BVJ87,0.359712230215827,1.27272727272727,1.64028776978417,0.727272727272727,0.338983050847458,0.903954802259887,1.78531073446328,0.971751412429379,0.569620253164557,1.04,1.06329113924051,1.24,0.280373831775701,1.79439252336449,1,0.925233644859813,0.268292682926829,1.38888888888889,1.73170731707317,0.611111111111111,0.55045871559633,1.24770642201835,1.43119266055046,0.770642201834862,0.987341772151899,1.06329113924051,0.79746835443038,1.51898734177215,0.328358208955224,1.73134328358209,3.1044776119403,0.567164179104478,0.561797752808989,1.16981132075472,1.43820224719101,0.830188679245283,0.462222222222222,0.977777777777778,1.24444444444444,1.31555555555556,1.35632183908046,1.08045977011494,0.482758620689655,1.08045977011494,0.123076923076923,0.348717948717949,3.24102564102564,0.287179487179487,0,1.24444444444444,1.5,0.755555555555556,0.48,0.8,1.4,1.04,1.5,0.792452830188679,1,1.20754716981132,0,1.44897959183673,0.26865671641791,0.551020408163265
