virus,realm,locus_tag,host,type,shape,AAA,AAC,AAG,AAT,ACA,ACC,ACG,ACT,AGA,AGC,AGG,AGT,ATA,ATC,ATG,ATT,CAA,CAC,CAG,CAT,CCA,CCC,CCG,CCT,CGA,CGC,CGG,CGT,CTA,CTC,CTG,CTT,GAA,GAC,GAG,GAT,GCA,GCC,GCG,GCT,GGA,GGC,GGG,GGT,GTA,GTC,GTG,GTT,TAA,TAC,TAG,TAT,TCA,TCC,TCG,TCT,TGA,TGC,TGG,TGT,TTA,TTC,TTG,TTT
Beihai sesarmid crab virus 3,Riboviria,BVB46,invertebrates,RNA,linear,1.05,0.613861386138614,0.95,1.38613861386139,1.97183098591549,0.394366197183099,0.253521126760563,1.38028169014085,3.67741935483871,0.6,1.93548387096774,1.10526315789474,0.797872340425532,0.781914893617021,1,1.42021276595745,1.21311475409836,0.511627906976744,0.786885245901639,1.48837209302326,2.3448275862069,0.32183908045977,0.505747126436782,0.827586206896552,0.154838709677419,0,0.0774193548387097,0.154838709677419,1.17647058823529,0.470588235294118,0.970588235294118,0.617647058823529,1.38947368421053,0.583333333333333,0.610526315789474,1.41666666666667,2.40909090909091,0.272727272727273,0.340909090909091,0.977272727272727,1.80645161290323,0.290322580645161,0.870967741935484,1.03225806451613,0.994082840236686,0.686390532544379,0.85207100591716,1.46745562130178,1.5,0.738095238095238,0,1.26190476190476,2.52631578947368,0.473684210526316,0.378947368421053,0.91578947368421,1.5,1,1,1,1.41176470588235,0.88695652173913,1.35294117647059,1.11304347826087
