virus,realm,host,locus_tag,AAA,AAC,AAG,AAT,ACA,ACC,ACG,ACT,AGA,AGC,AGG,AGT,ATA,ATC,ATG,ATT,CAA,CAC,CAG,CAT,CCA,CCC,CCG,CCT,CGA,CGC,CGG,CGT,CTA,CTC,CTG,CTT,GAA,GAC,GAG,GAT,GCA,GCC,GCG,GCT,GGA,GGC,GGG,GGT,GTA,GTC,GTG,GTT,TAA,TAC,TAG,TAT,TCA,TCC,TCG,TCT,TGA,TGC,TGG,TGT,TTA,TTC,TTG,TTT
Beihai sobemo-like virus 11,Riboviria,invertebrates,BVK73,0.698795180722892,0.977777777777778,1.30120481927711,1.02222222222222,0.883720930232558,0.837209302325581,1.02325581395349,1.25581395348837,1.37931034482759,0.857142857142857,1.17241379310345,0.571428571428571,0.688524590163934,1.0327868852459,1,1.27868852459016,0.696969696969697,0.864864864864865,1.3030303030303,1.13513513513514,1.05494505494505,1.18681318681319,0.615384615384615,1.14285714285714,0.551724137931034,1.31034482758621,0.620689655172414,0.96551724137931,0.183206106870229,1.23664122137405,0.870229007633588,1.32824427480916,0.92156862745098,0.91304347826087,1.07843137254902,1.08695652173913,0.897959183673469,1.06122448979592,0.571428571428571,1.46938775510204,0.964539007092199,1.1063829787234,0.794326241134752,1.13475177304965,0.36734693877551,1.02040816326531,1.38775510204082,1.22448979591837,1.5,1.01694915254237,1.5,0.983050847457627,1.02857142857143,1.2,0.742857142857143,1.6,0,1.2,1,0.8,0.641221374045801,1.12280701754386,1.74045801526718,0.87719298245614
