virus,realm,locus_tag,host,type,shape,AAA,AAC,AAG,AAT,ACA,ACC,ACG,ACT,AGA,AGC,AGG,AGT,ATA,ATC,ATG,ATT,CAA,CAC,CAG,CAT,CCA,CCC,CCG,CCT,CGA,CGC,CGG,CGT,CTA,CTC,CTG,CTT,GAA,GAC,GAG,GAT,GCA,GCC,GCG,GCT,GGA,GGC,GGG,GGT,GTA,GTC,GTG,GTT,TAA,TAC,TAG,TAT,TCA,TCC,TCG,TCT,TGA,TGC,TGG,TGT,TTA,TTC,TTG,TTT
Beihai sobemo-like virus 25,Riboviria,BWU94,invertebrates,RNA,linear,0.617021276595745,1.0188679245283,1.38297872340426,0.981132075471698,0.648648648648649,0.540540540540541,1.35135135135135,1.45945945945946,0.537313432835821,0.78,0.358208955223881,0.6,0.226415094339623,1.07547169811321,1,1.69811320754717,0.761904761904762,1.35483870967742,1.23809523809524,0.645161290322581,0.906666666666667,0.8,0.8,1.49333333333333,0.895522388059702,2.23880597014925,0.447761194029851,1.52238805970149,0.580645161290323,1.29032258064516,0.709677419354839,1.09677419354839,0.857142857142857,1.04918032786885,1.14285714285714,0.950819672131147,0.842105263157895,0.757894736842105,0.884210526315789,1.51578947368421,1.03529411764706,1.31764705882353,0.470588235294118,1.17647058823529,0.571428571428571,1,1.19047619047619,1.23809523809524,1,1.19148936170213,1,0.808510638297872,1.26,1.02,1.14,1.2,1,0.909090909090909,1,1.09090909090909,0.645161290322581,1.11111111111111,1.67741935483871,0.888888888888889
