virus,realm,locus_tag,host,type,shape,AAA,AAC,AAG,AAT,ACA,ACC,ACG,ACT,AGA,AGC,AGG,AGT,ATA,ATC,ATG,ATT,CAA,CAC,CAG,CAT,CCA,CCC,CCG,CCT,CGA,CGC,CGG,CGT,CTA,CTC,CTG,CTT,GAA,GAC,GAG,GAT,GCA,GCC,GCG,GCT,GGA,GGC,GGG,GGT,GTA,GTC,GTG,GTT,TAA,TAC,TAG,TAT,TCA,TCC,TCG,TCT,TGA,TGC,TGG,TGT,TTA,TTC,TTG,TTT
Beihai picorna-like virus 56,NA,BVK41,NA,RNA,linear,0.730538922155689,1.10344827586207,1.26946107784431,0.896551724137931,0.936585365853659,0.721951219512195,1.46341463414634,0.878048780487805,0.502994011976048,1.05263157894737,0.754491017964072,1.15789473684211,0.480916030534351,1.44274809160305,1,1.0763358778626,0.783216783216783,0.947368421052632,1.21678321678322,1.05263157894737,1.10416666666667,0.708333333333333,1.22916666666667,0.958333333333333,0.754491017964072,1.83233532934132,1.04191616766467,1.11377245508982,0.386266094420601,1.1587982832618,1.82832618025751,1.08154506437768,0.858585858585859,1.04597701149425,1.14141414141414,0.954022988505747,0.986666666666667,0.933333333333333,1.14666666666667,0.933333333333333,0.568627450980392,1.35294117647059,0.803921568627451,1.27450980392157,0.355555555555556,0.995555555555556,2.08,0.568888888888889,3,1.1,0,0.9,1.18421052631579,0.710526315789474,1.10526315789474,0.789473684210526,0,1,1,1,0.206008583690987,1.03125,1.33905579399142,0.96875
