virus,realm,host,locus_tag,AAA,AAC,AAG,AAT,ACA,ACC,ACG,ACT,AGA,AGC,AGG,AGT,ATA,ATC,ATG,ATT,CAA,CAC,CAG,CAT,CCA,CCC,CCG,CCT,CGA,CGC,CGG,CGT,CTA,CTC,CTG,CTT,GAA,GAC,GAG,GAT,GCA,GCC,GCG,GCT,GGA,GGC,GGG,GGT,GTA,GTC,GTG,GTT,TAA,TAC,TAG,TAT,TCA,TCC,TCG,TCT,TGA,TGC,TGG,TGT,TTA,TTC,TTG,TTT
Beihai picorna-like virus 51,Riboviria,invertebrates,BVK45,1.1,0.8,0.9,1.2,0.994219653179191,0.809248554913295,0.46242774566474,1.73410404624277,1.87261146496815,0.515151515151515,0.955414012738854,1.21212121212121,1.17647058823529,0.686274509803922,1,1.13725490196078,1.30769230769231,0.9375,0.692307692307692,1.0625,1.37062937062937,0.727272727272727,0.363636363636364,1.53846153846154,1.29936305732484,0.802547770700637,0.420382165605096,0.64968152866242,0.326359832635983,0.828451882845188,0.527196652719665,1.00418410041841,0.937142857142857,0.472049689440994,1.06285714285714,1.52795031055901,0.938271604938272,0.666666666666667,0.518518518518518,1.87654320987654,1.30177514792899,0.757396449704142,0.544378698224852,1.39644970414201,0.484210526315789,1.01052631578947,0.778947368421053,1.72631578947368,1.5,0.821428571428571,0,1.17857142857143,1.21212121212121,0.848484848484849,0.606060606060606,1.60606060606061,1.5,0.96551724137931,1,1.03448275862069,0.803347280334728,0.802816901408451,2.51046025104602,1.19718309859155
