virus,realm,locus_tag,host,type,shape,AAA,AAC,AAG,AAT,ACA,ACC,ACG,ACT,AGA,AGC,AGG,AGT,ATA,ATC,ATG,ATT,CAA,CAC,CAG,CAT,CCA,CCC,CCG,CCT,CGA,CGC,CGG,CGT,CTA,CTC,CTG,CTT,GAA,GAC,GAG,GAT,GCA,GCC,GCG,GCT,GGA,GGC,GGG,GGT,GTA,GTC,GTG,GTT,TAA,TAC,TAG,TAT,TCA,TCC,TCG,TCT,TGA,TGC,TGG,TGT,TTA,TTC,TTG,TTT
Beihai barnacle virus 8,Riboviria,BVF31,invertebrates,RNA,linear,0.824242424242424,1.1685393258427,1.17575757575758,0.831460674157303,0.973451327433628,1.45132743362832,0.548672566371681,1.02654867256637,1.12062256809339,1.02803738317757,0.770428015564202,0.897196261682243,0.289156626506024,2.13253012048193,1,0.578313253012048,0.720930232558139,1.10743801652893,1.27906976744186,0.892561983471074,1.01310043668122,1.06550218340611,0.820960698689956,1.10043668122271,1.21400778210117,1.47081712062257,0.980544747081712,0.443579766536965,0.436363636363636,2.04545454545455,1.82727272727273,0.790909090909091,0.789699570815451,1.12903225806452,1.21030042918455,0.870967741935484,1.21832884097035,1.08894878706199,0.539083557951482,1.15363881401617,1.25663716814159,0.654867256637168,1.38053097345133,0.707964601769911,0.551111111111111,1.26222222222222,1.65333333333333,0.533333333333333,1.5,1.10869565217391,0,0.891304347826087,1.1214953271028,1.19626168224299,0.579439252336449,1.17757009345794,1.5,1.10344827586207,1,0.896551724137931,0.231818181818182,1.49565217391304,0.668181818181818,0.504347826086956
