virus,realm,locus_tag,host,type,shape,AAA,AAC,AAG,AAT,ACA,ACC,ACG,ACT,AGA,AGC,AGG,AGT,ATA,ATC,ATG,ATT,CAA,CAC,CAG,CAT,CCA,CCC,CCG,CCT,CGA,CGC,CGG,CGT,CTA,CTC,CTG,CTT,GAA,GAC,GAG,GAT,GCA,GCC,GCG,GCT,GGA,GGC,GGG,GGT,GTA,GTC,GTG,GTT,TAA,TAC,TAG,TAT,TCA,TCC,TCG,TCT,TGA,TGC,TGG,TGT,TTA,TTC,TTG,TTT
Beihai narna-like virus 26,Riboviria,BVF51,invertebrates,RNA,linear,1.13793103448276,0.941176470588235,0.862068965517241,1.05882352941176,1.08108108108108,0.972972972972973,0.648648648648649,1.2972972972973,1.82142857142857,0.406779661016949,1.60714285714286,0.813559322033898,0.567567567567568,1.05405405405405,1,1.37837837837838,1.04761904761905,0.625,0.952380952380952,1.375,0.975609756097561,0.195121951219512,0.390243902439024,2.4390243902439,0.857142857142857,0.214285714285714,0.321428571428571,1.17857142857143,0.67741935483871,0.580645161290323,0.387096774193548,1.06451612903226,1.24324324324324,0.8,0.756756756756757,1.2,1.47368421052632,0.526315789473684,0.421052631578947,1.57894736842105,1.33333333333333,0.380952380952381,0.380952380952381,1.9047619047619,0.837209302325581,0.744186046511628,0.558139534883721,1.86046511627907,0,0.692307692307692,3,1.30769230769231,1.42372881355932,0.813559322033898,0.406779661016949,2.13559322033898,0,0.4,1,1.6,1.93548387096774,0.8,1.35483870967742,1.2
