virus,realm,host,locus_tag,AAA,AAC,AAG,AAT,ACA,ACC,ACG,ACT,AGA,AGC,AGG,AGT,ATA,ATC,ATG,ATT,CAA,CAC,CAG,CAT,CCA,CCC,CCG,CCT,CGA,CGC,CGG,CGT,CTA,CTC,CTG,CTT,GAA,GAC,GAG,GAT,GCA,GCC,GCG,GCT,GGA,GGC,GGG,GGT,GTA,GTC,GTG,GTT,TAA,TAC,TAG,TAT,TCA,TCC,TCG,TCT,TGA,TGC,TGG,TGT,TTA,TTC,TTG,TTT
Beihai sipunculid worm virus 4,Riboviria,invertebrates,BVK77,0.807453416149068,1.08396946564885,1.19254658385093,0.916030534351145,0.886075949367089,0.835443037974684,0.708860759493671,1.56962025316456,1.03125,0.649484536082474,0.890625,0.711340206185567,0.194805194805195,1.36363636363636,1,1.44155844155844,1.15686274509804,1.35,0.843137254901961,0.65,1,0.733333333333333,0.566666666666667,1.7,0.9375,1.265625,0.28125,1.59375,0.823008849557522,1.14159292035398,1.0353982300885,1.08849557522124,1.16339869281046,0.945945945945946,0.836601307189543,1.05405405405405,1.08510638297872,0.893617021276596,0.574468085106383,1.4468085106383,1.45664739884393,0.855491329479769,0.416184971098266,1.27167630057803,0.898876404494382,0.898876404494382,0.943820224719101,1.25842696629213,3,1.07692307692308,0,0.923076923076923,1.05154639175258,1.42268041237113,0.711340206185567,1.45360824742268,0,1.0625,1,0.9375,0.63716814159292,1.072,1.27433628318584,0.928
