virus,realm,locus_tag,host,type,shape,AAA,AAC,AAG,AAT,ACA,ACC,ACG,ACT,AGA,AGC,AGG,AGT,ATA,ATC,ATG,ATT,CAA,CAC,CAG,CAT,CCA,CCC,CCG,CCT,CGA,CGC,CGG,CGT,CTA,CTC,CTG,CTT,GAA,GAC,GAG,GAT,GCA,GCC,GCG,GCT,GGA,GGC,GGG,GGT,GTA,GTC,GTG,GTT,TAA,TAC,TAG,TAT,TCA,TCC,TCG,TCT,TGA,TGC,TGG,TGT,TTA,TTC,TTG,TTT
Bermuda grass etched-line virus,NA,D1P55,NA,RNA,linear,0.285714285714286,1.2,1.71428571428571,0.8,0.2,1.4,1.2,1.2,0,0.857142857142857,2,0.214285714285714,0,2.57142857142857,1,0.428571428571429,1,2,1,0,0.631578947368421,1.68421052631579,0.842105263157895,0.842105263157895,0,1.5,1.5,1,0.75,3.25,1,0.75,0.4,1.6,1.6,0.4,0,2,1.6,0.4,0.8,2.4,0.4,0.4,0,1.84615384615385,0.923076923076923,1.23076923076923,0,2,3,0,0.642857142857143,2.35714285714286,1.5,0.428571428571429,0,1.6,1,0.4,0,2,0.25,0
