virus,realm,locus_tag,host,type,shape,AAA,AAC,AAG,AAT,ACA,ACC,ACG,ACT,AGA,AGC,AGG,AGT,ATA,ATC,ATG,ATT,CAA,CAC,CAG,CAT,CCA,CCC,CCG,CCT,CGA,CGC,CGG,CGT,CTA,CTC,CTG,CTT,GAA,GAC,GAG,GAT,GCA,GCC,GCG,GCT,GGA,GGC,GGG,GGT,GTA,GTC,GTG,GTT,TAA,TAC,TAG,TAT,TCA,TCC,TCG,TCT,TGA,TGC,TGG,TGT,TTA,TTC,TTG,TTT
Betapolyomavirus arplanirostris,Monodnaviria,D1R77,vertebrates,NA,NA,1.41176470588235,0.435897435897436,0.588235294117647,1.56410256410256,1.01098901098901,0.791208791208791,0,2.1978021978022,4.29850746268657,0.724832214765101,1.25373134328358,1.20805369127517,0.91304347826087,0.304347826086957,1,1.78260869565217,0.753623188405797,0.470588235294118,1.2463768115942,1.52941176470588,1.02654867256637,0.566371681415929,0,2.4070796460177,0.17910447761194,0,0.26865671641791,0,0.574850299401198,0.215568862275449,0.502994011976048,0.718562874251497,1.30275229357798,0.609756097560976,0.697247706422018,1.39024390243902,1.14851485148515,0.752475247524752,0.0396039603960396,2.05940594059406,1.64485981308411,0.672897196261682,0.822429906542056,0.85981308411215,1.05,0.25,0.9,1.8,1.5,0.285714285714286,0.75,1.71428571428571,1.16778523489933,0.805369127516778,0.161073825503356,1.93288590604027,0.75,0.651162790697674,1,1.34883720930233,2.91017964071856,0.485714285714286,1.07784431137725,1.51428571428571
