virus,realm,locus_tag,host,type,shape,AAA,AAC,AAG,AAT,ACA,ACC,ACG,ACT,AGA,AGC,AGG,AGT,ATA,ATC,ATG,ATT,CAA,CAC,CAG,CAT,CCA,CCC,CCG,CCT,CGA,CGC,CGG,CGT,CTA,CTC,CTG,CTT,GAA,GAC,GAG,GAT,GCA,GCC,GCG,GCT,GGA,GGC,GGG,GGT,GTA,GTC,GTG,GTT,TAA,TAC,TAG,TAT,TCA,TCC,TCG,TCT,TGA,TGC,TGG,TGT,TTA,TTC,TTG,TTT
Bettongia penicillata papillomavirus 1,Monodnaviria,BPPV1,vertebrates,DNA,circular,1.09459459459459,0.666666666666667,0.905405405405405,1.33333333333333,1.52258064516129,1.05806451612903,0.232258064516129,1.18709677419355,2.04081632653061,0.833333333333333,2.28571428571429,1.26666666666667,1.08823529411765,0.352941176470588,1,1.55882352941176,0.938775510204082,0.772727272727273,1.06122448979592,1.22727272727273,0.787564766839378,1.26424870466321,0.352331606217617,1.59585492227979,0.244897959183673,0.285714285714286,0.530612244897959,0.612244897959184,0.984615384615385,0.523076923076923,1.07692307692308,1.13846153846154,1,0.962962962962963,1,1.03703703703704,1.58558558558559,1.00900900900901,0.432432432432432,0.972972972972973,1.36312849162011,0.491620111731844,1.27374301675978,0.871508379888268,1.14634146341463,0.292682926829268,1.39024390243902,1.17073170731707,1.71428571428571,0.602739726027397,0.428571428571429,1.3972602739726,1.4,0.766666666666667,0.333333333333333,1.4,0.857142857142857,0.492307692307692,1,1.50769230769231,1.35384615384615,0.648648648648649,0.923076923076923,1.35135135135135
