virus,realm,locus_tag,host,type,shape,AAA,AAC,AAG,AAT,ACA,ACC,ACG,ACT,AGA,AGC,AGG,AGT,ATA,ATC,ATG,ATT,CAA,CAC,CAG,CAT,CCA,CCC,CCG,CCT,CGA,CGC,CGG,CGT,CTA,CTC,CTG,CTT,GAA,GAC,GAG,GAT,GCA,GCC,GCG,GCT,GGA,GGC,GGG,GGT,GTA,GTC,GTG,GTT,TAA,TAC,TAG,TAT,TCA,TCC,TCG,TCT,TGA,TGC,TGG,TGT,TTA,TTC,TTG,TTT
Big Sioux River virus,Riboviria,CGV11,invertebrates,RNA,linear,1.19444444444444,0.789473684210526,0.805555555555556,1.21052631578947,1.17919075144509,0.554913294797688,0.485549132947977,1.78034682080925,1.82432432432432,0.385026737967914,0.72972972972973,1.28342245989305,1.24260355029586,0.372781065088757,1,1.38461538461538,1.48571428571429,0.68,0.514285714285714,1.32,1.09090909090909,0.909090909090909,0.606060606060606,1.39393939393939,1.21621621621622,0.891891891891892,0.364864864864865,0.972972972972973,0.672,0.456,0.264,0.912,1.54666666666667,0.880503144654088,0.453333333333333,1.11949685534591,1.17391304347826,0.717391304347826,0.630434782608696,1.47826086956522,1.90909090909091,0.696969696969697,0.303030303030303,1.09090909090909,1.07368421052632,0.505263157894737,0.863157894736842,1.55789473684211,0,0.692913385826772,1.5,1.30708661417323,1.25133689839572,0.609625668449198,0.770053475935829,1.70053475935829,1.5,0.515151515151515,1,1.48484848484848,2.304,0.584615384615385,1.392,1.41538461538462
