virus,realm,host,locus_tag,AAA,AAC,AAG,AAT,ACA,ACC,ACG,ACT,AGA,AGC,AGG,AGT,ATA,ATC,ATG,ATT,CAA,CAC,CAG,CAT,CCA,CCC,CCG,CCT,CGA,CGC,CGG,CGT,CTA,CTC,CTG,CTT,GAA,GAC,GAG,GAT,GCA,GCC,GCG,GCT,GGA,GGC,GGG,GGT,GTA,GTC,GTG,GTT,TAA,TAC,TAG,TAT,TCA,TCC,TCG,TCT,TGA,TGC,TGG,TGT,TTA,TTC,TTG,TTT
Biomphalaria virus 2,NA,NA,BZG26,1.29133858267717,0.494252873563218,0.708661417322835,1.50574712643678,1.5609756097561,0.48780487804878,0.370731707317073,1.58048780487805,2.47933884297521,0.227027027027027,0.446280991735537,1.55675675675676,0.912280701754386,0.456140350877193,1,1.63157894736842,1.56962025316456,0.792452830188679,0.430379746835443,1.20754716981132,1.64885496183206,0.427480916030534,0.458015267175573,1.46564885496183,0.694214876033058,0.59504132231405,0.0991735537190083,1.68595041322314,0.764705882352941,0.323529411764706,0.323529411764706,1.17647058823529,1.328,0.275449101796407,0.672,1.72455089820359,1.16455696202532,0.40506329113924,0.379746835443038,2.0506329113924,1.23076923076923,0.447552447552448,0.027972027972028,2.29370629370629,0.863157894736842,0.526315789473684,0.652631578947368,1.95789473684211,3,0.532467532467532,0,1.46753246753247,1.81621621621622,0.194594594594595,0.324324324324324,1.88108108108108,0,0.411764705882353,1,1.58823529411765,2,0.584615384615385,1.41176470588235,1.41538461538462
