virus,realm,locus_tag,host,type,shape,AAA,AAC,AAG,AAT,ACA,ACC,ACG,ACT,AGA,AGC,AGG,AGT,ATA,ATC,ATG,ATT,CAA,CAC,CAG,CAT,CCA,CCC,CCG,CCT,CGA,CGC,CGG,CGT,CTA,CTC,CTG,CTT,GAA,GAC,GAG,GAT,GCA,GCC,GCG,GCT,GGA,GGC,GGG,GGT,GTA,GTC,GTG,GTT,TAA,TAC,TAG,TAT,TCA,TCC,TCG,TCT,TGA,TGC,TGG,TGT,TTA,TTC,TTG,TTT
Bipolaris maydis partitivirus 1,Riboviria,CA765,fungi,RNA,linear,1.32142857142857,1.06976744186047,0.678571428571429,0.930232558139535,1,1.09090909090909,0.272727272727273,1.63636363636364,0.827586206896552,0.533333333333333,0,0.466666666666667,0.6,1.4,1,1,1.11111111111111,1.0952380952381,0.888888888888889,0.904761904761905,0.974358974358974,1.33333333333333,0.358974358974359,1.33333333333333,1.3448275862069,1.24137931034483,0.413793103448276,2.17241379310345,0.927835051546392,1.36082474226804,0.804123711340206,1.67010309278351,1.54166666666667,1.12676056338028,0.458333333333333,0.873239436619718,0.753623188405797,1.10144927536232,0.347826086956522,1.79710144927536,1.43396226415094,1.58490566037736,0.0754716981132075,0.905660377358491,0.727272727272727,1.33333333333333,0.484848484848485,1.45454545454545,0,1.18367346938776,1.5,0.816326530612245,1.46666666666667,1.13333333333333,0.4,2,1.5,0.666666666666667,1,1.33333333333333,0.927835051546392,1.125,0.309278350515464,0.875
