virus,realm,locus_tag,host,type,shape,AAA,AAC,AAG,AAT,ACA,ACC,ACG,ACT,AGA,AGC,AGG,AGT,ATA,ATC,ATG,ATT,CAA,CAC,CAG,CAT,CCA,CCC,CCG,CCT,CGA,CGC,CGG,CGT,CTA,CTC,CTG,CTT,GAA,GAC,GAG,GAT,GCA,GCC,GCG,GCT,GGA,GGC,GGG,GGT,GTA,GTC,GTG,GTT,TAA,TAC,TAG,TAT,TCA,TCC,TCG,TCT,TGA,TGC,TGG,TGT,TTA,TTC,TTG,TTT
Blackberry vein banding-associated virus,Riboviria,N863,land plants,RNA,linear,0.788819875776398,1.17,1.2111801242236,0.83,0.918429003021148,0.894259818731118,1.14803625377644,1.0392749244713,1.48703170028818,0.82247191011236,2.23054755043228,1.18651685393258,1.01762114537445,0.938325991189427,1,1.04405286343612,0.592592592592593,1.01449275362319,1.40740740740741,0.985507246376812,1.14563106796116,0.815533980582524,1.12621359223301,0.912621359223301,0.484149855907781,0.518731988472622,0.657060518731988,0.622478386167147,0.893617021276596,0.55705996131528,1.13733075435203,0.800773694390716,0.819672131147541,1.06164383561644,1.18032786885246,0.938356164383562,0.881720430107527,0.655913978494624,1.10752688172043,1.35483870967742,0.859504132231405,0.628099173553719,1.07988980716253,1.43250688705234,0.757522123893805,0.686725663716814,1.52920353982301,1.02654867256637,0.545454545454545,1.256038647343,0.272727272727273,0.743961352657005,0.903370786516854,0.647191011235955,1.44269662921348,0.997752808988764,2.18181818181818,1.08411214953271,1,0.91588785046729,1.00967117988395,0.963963963963964,1.60154738878143,1.03603603603604
