virus,realm,locus_tag,host,type,shape,AAA,AAC,AAG,AAT,ACA,ACC,ACG,ACT,AGA,AGC,AGG,AGT,ATA,ATC,ATG,ATT,CAA,CAC,CAG,CAT,CCA,CCC,CCG,CCT,CGA,CGC,CGG,CGT,CTA,CTC,CTG,CTT,GAA,GAC,GAG,GAT,GCA,GCC,GCG,GCT,GGA,GGC,GGG,GGT,GTA,GTC,GTG,GTT,TAA,TAC,TAG,TAT,TCA,TCC,TCG,TCT,TGA,TGC,TGG,TGT,TTA,TTC,TTG,TTT
Blackberry chlorotic ringspot virus,Riboviria,BCRV,land plants,ss-RNA,linear,1.10975609756098,0.698412698412698,0.890243902439024,1.3015873015873,0.883116883116883,1.22077922077922,0.493506493506494,1.4025974025974,1.88888888888889,0.57,0.851851851851852,0.99,0.673913043478261,0.695652173913043,1,1.6304347826087,1.14285714285714,0.952380952380952,0.857142857142857,1.04761904761905,1.10948905109489,0.700729927007299,1.05109489051095,1.13868613138686,0.962962962962963,0.703703703703704,0.666666666666667,0.925925925925926,0.25974025974026,0.675324675324675,0.727272727272727,0.987012987012987,1.15384615384615,0.484536082474227,0.846153846153846,1.51546391752577,0.8,0.917647058823529,0.611764705882353,1.67058823529412,0.947368421052632,0.105263157894737,0.666666666666667,2.28070175438596,0.502164502164502,0.935064935064935,1.004329004329,1.55844155844156,0.6,0.906666666666667,0,1.09333333333333,1.26,1.35,0.69,1.14,2.4,0.5,1,1.5,1.4025974025974,0.719298245614035,1.94805194805195,1.28070175438596
