virus,realm,host,locus_tag,AAA,AAC,AAG,AAT,ACA,ACC,ACG,ACT,AGA,AGC,AGG,AGT,ATA,ATC,ATG,ATT,CAA,CAC,CAG,CAT,CCA,CCC,CCG,CCT,CGA,CGC,CGG,CGT,CTA,CTC,CTG,CTT,GAA,GAC,GAG,GAT,GCA,GCC,GCG,GCT,GGA,GGC,GGG,GGT,GTA,GTC,GTG,GTT,TAA,TAC,TAG,TAT,TCA,TCC,TCG,TCT,TGA,TGC,TGG,TGT,TTA,TTC,TTG,TTT
Black medic leaf roll virus,Monodnaviria,land plants,AA78,0.571428571428571,0.489795918367347,1.42857142857143,1.51020408163265,1.79310344827586,0.482758620689655,0.413793103448276,1.31034482758621,3.39759036144578,0.43298969072165,1.1566265060241,2.04123711340206,0.952941176470588,0.423529411764706,1,1.62352941176471,1.1,0.434782608695652,0.9,1.56521739130435,1.02564102564103,0.41025641025641,0.717948717948718,1.84615384615385,0.578313253012048,0.072289156626506,0.072289156626506,0.72289156626506,0.315789473684211,0.368421052631579,0.368421052631579,1.21052631578947,1.25531914893617,0.275,0.74468085106383,1.725,0.622222222222222,0.444444444444444,0.266666666666667,2.66666666666667,1.56962025316456,0.151898734177215,0.151898734177215,2.12658227848101,1.04672897196262,0.485981308411215,0.672897196261682,1.79439252336449,2.25,0.477611940298507,0,1.52238805970149,1.17525773195876,0.494845360824742,0.185567010309278,1.67010309278351,0.75,0.375,1,1.625,2.21052631578947,0.739130434782609,1.52631578947368,1.26086956521739
