virus,realm,locus_tag,host,type,shape,AAA,AAC,AAG,AAT,ACA,ACC,ACG,ACT,AGA,AGC,AGG,AGT,ATA,ATC,ATG,ATT,CAA,CAC,CAG,CAT,CCA,CCC,CCG,CCT,CGA,CGC,CGG,CGT,CTA,CTC,CTG,CTT,GAA,GAC,GAG,GAT,GCA,GCC,GCG,GCT,GGA,GGC,GGG,GGT,GTA,GTC,GTG,GTT,TAA,TAC,TAG,TAT,TCA,TCC,TCG,TCT,TGA,TGC,TGG,TGT,TTA,TTC,TTG,TTT
Bluegill hepatitis B virus,NA,BBA91,NA,DNA,circular,1.33333333333333,0.981132075471698,0.666666666666667,1.0188679245283,1.16504854368932,1.20388349514563,0.349514563106796,1.28155339805825,1.69811320754717,0.771428571428571,1.0188679245283,0.6,0.893617021276596,0.829787234042553,1,1.27659574468085,1.27027027027027,0.837837837837838,0.72972972972973,1.16216216216216,1.58620689655172,0.689655172413793,0.517241379310345,1.20689655172414,0.792452830188679,0.849056603773585,0.622641509433962,1.0188679245283,0.741935483870968,1.09677419354839,1.25806451612903,0.903225806451613,1.3,1.14285714285714,0.7,0.857142857142857,1.52542372881356,0.677966101694915,0.440677966101695,1.35593220338983,1.14285714285714,1.1047619047619,0.990476190476191,0.761904761904762,0.711111111111111,0.8,1.64444444444444,0.844444444444444,1.5,0.954545454545455,1,1.04545454545455,1.45714285714286,1.24285714285714,0.3,1.62857142857143,0.5,1.23076923076923,1,0.769230769230769,0.483870967741935,0.697674418604651,1.51612903225806,1.30232558139535
