virus,realm,locus_tag,host,type,shape,AAA,AAC,AAG,AAT,ACA,ACC,ACG,ACT,AGA,AGC,AGG,AGT,ATA,ATC,ATG,ATT,CAA,CAC,CAG,CAT,CCA,CCC,CCG,CCT,CGA,CGC,CGG,CGT,CTA,CTC,CTG,CTT,GAA,GAC,GAG,GAT,GCA,GCC,GCG,GCT,GGA,GGC,GGG,GGT,GTA,GTC,GTG,GTT,TAA,TAC,TAG,TAT,TCA,TCC,TCG,TCT,TGA,TGC,TGG,TGT,TTA,TTC,TTG,TTT
Bolahun virus variant 2,Riboviria,KM454,invertebrates,RNA,linear,0.9,1.13253012048193,1.1,0.867469879518072,1.50243902439024,0.897560975609756,0.351219512195122,1.24878048780488,2.17142857142857,0.722408026755853,1.88571428571429,0.94314381270903,1.16867469879518,1.07228915662651,1,0.759036144578313,0.943396226415094,1.02325581395349,1.05660377358491,0.976744186046512,0.993788819875776,0.819875776397516,0.795031055900621,1.39130434782609,0.828571428571429,0.0857142857142857,0.657142857142857,0.371428571428571,0.788059701492537,0.752238805970149,1.30746268656716,1.14626865671642,0.88695652173913,0.938388625592417,1.11304347826087,1.06161137440758,1.58730158730159,0.761904761904762,0.317460317460317,1.33333333333333,1.35211267605634,0.582159624413146,1.29577464788732,0.769953051643192,0.789473684210526,0.824561403508772,0.947368421052632,1.43859649122807,1.5,1.02068965517241,1.5,0.979310344827586,1.26421404682274,0.722408026755853,0.74247491638796,1.60535117056856,0,1.02222222222222,1,0.977777777777778,0.716417910447761,1.04938271604938,1.28955223880597,0.950617283950617
