virus,realm,host,locus_tag,AAA,AAC,AAG,AAT,ACA,ACC,ACG,ACT,AGA,AGC,AGG,AGT,ATA,ATC,ATG,ATT,CAA,CAC,CAG,CAT,CCA,CCC,CCG,CCT,CGA,CGC,CGG,CGT,CTA,CTC,CTG,CTT,GAA,GAC,GAG,GAT,GCA,GCC,GCG,GCT,GGA,GGC,GGG,GGT,GTA,GTC,GTG,GTT,TAA,TAC,TAG,TAT,TCA,TCC,TCG,TCT,TGA,TGC,TGG,TGT,TTA,TTC,TTG,TTT
Bole Tick Virus 2,Riboviria,invertebrates,BI077,0.877777777777778,1.22641509433962,1.12222222222222,0.773584905660377,1.09767441860465,1.32093023255814,0.427906976744186,1.15348837209302,1.33624454148472,0.676363636363636,1.46724890829694,0.894545454545455,0.309859154929577,1.69014084507042,1,1,0.977777777777778,1.03157894736842,1.02222222222222,0.968421052631579,0.939271255060729,1.16599190283401,0.680161943319838,1.21457489878543,0.96943231441048,0.497816593886463,1.17903930131004,0.550218340611354,0.550868486352357,1.19106699751861,1.39950372208437,1.22084367245658,0.789915966386555,1.02247191011236,1.21008403361345,0.97752808988764,1.40444444444444,1.17333333333333,0.533333333333333,0.888888888888889,1.4156378600823,0.625514403292181,1.31687242798354,0.641975308641975,0.495575221238938,1.50442477876106,1.11504424778761,0.884955752212389,1.2,1.16814159292035,0.6,0.831858407079646,1.00363636363636,1.44,0.501818181818182,1.48363636363636,1.2,1.07142857142857,1,0.928571428571429,0.476426799007444,1.0952380952381,1.16129032258065,0.904761904761905
