virus,realm,locus_tag,host,type,shape,AAA,AAC,AAG,AAT,ACA,ACC,ACG,ACT,AGA,AGC,AGG,AGT,ATA,ATC,ATG,ATT,CAA,CAC,CAG,CAT,CCA,CCC,CCG,CCT,CGA,CGC,CGG,CGT,CTA,CTC,CTG,CTT,GAA,GAC,GAG,GAT,GCA,GCC,GCG,GCT,GGA,GGC,GGG,GGT,GTA,GTC,GTG,GTT,TAA,TAC,TAG,TAT,TCA,TCC,TCG,TCT,TGA,TGC,TGG,TGT,TTA,TTC,TTG,TTT
Bombyx mori densovirus 1,Monodnaviria,BmdV1gp,invertebrates,DNA,linear,1.41379310344828,0.837606837606838,0.586206896551724,1.16239316239316,1.4014598540146,0.613138686131387,0.700729927007299,1.28467153284672,2.52100840336134,0.778625954198473,0.907563025210084,1.37404580152672,1.28971962616822,0.672897196261682,1,1.03738317757009,1.49425287356322,0.651162790697674,0.505747126436782,1.34883720930233,1.625,0.416666666666667,0.666666666666667,1.29166666666667,1.21008403361345,0.453781512605042,0.302521008403361,0.605042016806723,0.947368421052632,0.81203007518797,0.360902255639098,1.21804511278195,1.53424657534247,0.92,0.465753424657534,1.08,1.42056074766355,0.672897196261682,0.299065420560748,1.60747663551402,2.40816326530612,0.612244897959184,0.285714285714286,0.693877551020408,1.51724137931034,0.781609195402299,0.735632183908046,0.96551724137931,2,0.853658536585366,1,1.14634146341463,1.2824427480916,0.641221374045801,1.05343511450382,0.870229007633588,0,1.26315789473684,1,0.736842105263158,1.44360902255639,0.7,1.21804511278195,1.3
