virus,realm,locus_tag,host,type,shape,AAA,AAC,AAG,AAT,ACA,ACC,ACG,ACT,AGA,AGC,AGG,AGT,ATA,ATC,ATG,ATT,CAA,CAC,CAG,CAT,CCA,CCC,CCG,CCT,CGA,CGC,CGG,CGT,CTA,CTC,CTG,CTT,GAA,GAC,GAG,GAT,GCA,GCC,GCG,GCT,GGA,GGC,GGG,GGT,GTA,GTC,GTG,GTT,TAA,TAC,TAG,TAT,TCA,TCC,TCG,TCT,TGA,TGC,TGG,TGT,TTA,TTC,TTG,TTT
Bordetella phage BPP-1,Duplodnaviria,bbp,bacteria,DNA,linear,0.439367311072056,1.62978723404255,1.56063268892794,0.370212765957447,0.153661464585834,2.20408163265306,1.46458583433373,0.177671068427371,0.033112582781457,2.25997045790251,0.0993377483443709,0.221565731166913,0.104972375690608,2.40883977900552,1,0.486187845303867,0.517915309446254,1.54285714285714,1.48208469055375,0.457142857142857,0.125,1.55,2.03125,0.29375,0.258278145695364,4.11258278145695,1.05960264900662,0.437086092715232,0.164242942686056,1.32420872540633,3.58254918733961,0.297690333618477,0.966494845360825,1.68771526980482,1.03350515463918,0.312284730195178,0.314438502673797,2.13262032085562,1.27058823529412,0.282352941176471,0.138666666666667,3.11111111111111,0.408888888888889,0.341333333333333,0.192771084337349,1.33625410733844,2.19496166484118,0.276013143483023,0.979591836734694,1.47733333333333,0.36734693877551,0.522666666666667,0.106351550960118,1.48005908419498,1.7725258493353,0.159527326440177,1.6530612244898,1.80952380952381,1,0.19047619047619,0.0153977758768178,1.76223776223776,0.615911035072712,0.237762237762238
