virus,realm,locus_tag,host,type,shape,AAA,AAC,AAG,AAT,ACA,ACC,ACG,ACT,AGA,AGC,AGG,AGT,ATA,ATC,ATG,ATT,CAA,CAC,CAG,CAT,CCA,CCC,CCG,CCT,CGA,CGC,CGG,CGT,CTA,CTC,CTG,CTT,GAA,GAC,GAG,GAT,GCA,GCC,GCG,GCT,GGA,GGC,GGG,GGT,GTA,GTC,GTG,GTT,TAA,TAC,TAG,TAT,TCA,TCC,TCG,TCT,TGA,TGC,TGG,TGT,TTA,TTC,TTG,TTT
Bordetella phage MW2,NA,HOS32,NA,DNA,linear,0.149439601494396,1.71556886227545,1.8505603985056,0.284431137724551,0.131082423038729,2.07348560079444,1.48162859980139,0.313803376365442,0.0400296515937732,1.78708946772367,0.160118606375093,0.237825594563986,0.170818505338078,2.25978647686833,1,0.569395017793594,0.428015564202335,1.67261904761905,1.57198443579767,0.327380952380952,0.115653040877368,1.32402791625125,2.28913260219342,0.271186440677966,0.240177909562639,3.353595255745,1.76130467012602,0.44477390659748,0.145476049674749,1.3163808397398,3.37433471318746,0.436428149024246,0.627333831217326,1.6108202443281,1.37266616878267,0.389179755671902,0.15146985550573,2.02092675635277,1.53064275037369,0.296960637767813,0.394366197183099,2.24010731052985,0.898725687458082,0.466800804828974,0.122605363984674,1.69808429118774,1.67969348659004,0.499616858237548,0.375,1.46285714285714,0.1125,0.537142857142857,0.169875424688562,2.56851642129105,1.05322763306908,0.183465458663647,2.5125,1.53191489361702,1,0.468085106382979,0.0177409816676523,1.83382789317507,0.709639266706091,0.166172106824926
