virus,realm,host,locus_tag,AAA,AAC,AAG,AAT,ACA,ACC,ACG,ACT,AGA,AGC,AGG,AGT,ATA,ATC,ATG,ATT,CAA,CAC,CAG,CAT,CCA,CCC,CCG,CCT,CGA,CGC,CGG,CGT,CTA,CTC,CTG,CTT,GAA,GAC,GAG,GAT,GCA,GCC,GCG,GCT,GGA,GGC,GGG,GGT,GTA,GTC,GTG,GTT,TAA,TAC,TAG,TAT,TCA,TCC,TCG,TCT,TGA,TGC,TGG,TGT,TTA,TTC,TTG,TTT
Botrytis cinerea fusarivirus 1-S1,Riboviria,fungi,DZK48,1.26666666666667,1,0.733333333333333,1,0.72,0.64,1.04,1.6,1.52941176470588,0.988235294117647,2,0.917647058823529,0.888888888888889,0.833333333333333,1,1.27777777777778,1.125,0.583333333333333,0.875,1.41666666666667,1.49019607843137,0.862745098039216,0.235294117647059,1.41176470588235,0.235294117647059,0.352941176470588,0.705882352941177,1.17647058823529,0.490909090909091,0.981818181818182,0.654545454545455,0.927272727272727,1.28571428571429,1.07317073170732,0.714285714285714,0.926829268292683,1.55555555555556,0.944444444444444,0.5,1,0.905660377358491,1.28301886792453,1.05660377358491,0.754716981132076,0.344827586206897,1.24137931034483,1.6551724137931,0.758620689655172,0,1.13513513513514,0,0.864864864864865,1.41176470588235,0.635294117647059,0.423529411764706,1.62352941176471,3,0.8,1,1.2,0.818181818181818,1.05454545454545,2.12727272727273,0.945454545454545
