virus,realm,locus_tag,host,type,shape,AAA,AAC,AAG,AAT,ACA,ACC,ACG,ACT,AGA,AGC,AGG,AGT,ATA,ATC,ATG,ATT,CAA,CAC,CAG,CAT,CCA,CCC,CCG,CCT,CGA,CGC,CGG,CGT,CTA,CTC,CTG,CTT,GAA,GAC,GAG,GAT,GCA,GCC,GCG,GCT,GGA,GGC,GGG,GGT,GTA,GTC,GTG,GTT,TAA,TAC,TAG,TAT,TCA,TCC,TCG,TCT,TGA,TGC,TGG,TGT,TTA,TTC,TTG,TTT
Botryosphaeria dothidea virus 1,Riboviria,BZJ80,fungi,RNA,linear,0.285714285714286,1.85964912280702,1.71428571428571,0.140350877192982,0.484848484848485,1.81818181818182,1.09090909090909,0.606060606060606,0.212121212121212,0.887573964497041,1.24242424242424,0.142011834319527,0.471910112359551,2.12359550561798,1,0.404494382022472,0.513513513513513,1.42857142857143,1.48648648648649,0.571428571428571,0.70440251572327,1.71069182389937,1.10691823899371,0.477987421383648,0.333333333333333,2.33333333333333,0.96969696969697,0.909090909090909,0.425,2.925,1.25,0.8,0.194029850746269,1.52439024390244,1.80597014925373,0.475609756097561,0.6,1.6375,1.2125,0.55,0.470588235294118,1.54901960784314,1,0.980392156862745,0.230769230769231,1.48076923076923,1.59615384615385,0.692307692307692,0,1.47945205479452,1.8,0.520547945205479,1.06508875739645,1.91715976331361,1.3491124260355,0.63905325443787,1.2,1.28,1,0.72,0.075,1.56626506024096,0.525,0.433734939759036
