virus,realm,locus_tag,host,type,shape,AAA,AAC,AAG,AAT,ACA,ACC,ACG,ACT,AGA,AGC,AGG,AGT,ATA,ATC,ATG,ATT,CAA,CAC,CAG,CAT,CCA,CCC,CCG,CCT,CGA,CGC,CGG,CGT,CTA,CTC,CTG,CTT,GAA,GAC,GAG,GAT,GCA,GCC,GCG,GCT,GGA,GGC,GGG,GGT,GTA,GTC,GTG,GTT,TAA,TAC,TAG,TAT,TCA,TCC,TCG,TCT,TGA,TGC,TGG,TGT,TTA,TTC,TTG,TTT
Botrytis cinerea RNA virus 1,Riboviria,SP87,fungi,RNA,linear,1.05494505494505,0.871794871794872,0.945054945054945,1.12820512820513,0.557575757575758,0.654545454545455,0.896969696969697,1.89090909090909,0.731707317073171,0.947368421052632,0.402439024390244,0.789473684210526,0.763636363636364,0.927272727272727,1,1.30909090909091,1.14893617021277,0.936708860759494,0.851063829787234,1.06329113924051,1.225,0.6,0.825,1.35,1.09756097560976,1.57317073170732,0.658536585365854,1.53658536585366,0.73943661971831,1.01408450704225,0.570422535211268,0.887323943661972,1.41463414634146,0.551724137931034,0.585365853658537,1.44827586206897,1.01529051987768,0.525993883792049,0.697247706422018,1.76146788990826,1.07801418439716,0.907801418439716,0.312056737588652,1.70212765957447,0.903225806451613,0.8,0.774193548387097,1.52258064516129,0,0.978723404255319,3,1.02127659574468,1.28947368421053,0.763157894736842,0.605263157894737,1.60526315789474,0,0.727272727272727,1,1.27272727272727,1.56338028169014,1.17117117117117,1.22535211267606,0.828828828828829
