virus,realm,locus_tag,host,type,shape,AAA,AAC,AAG,AAT,ACA,ACC,ACG,ACT,AGA,AGC,AGG,AGT,ATA,ATC,ATG,ATT,CAA,CAC,CAG,CAT,CCA,CCC,CCG,CCT,CGA,CGC,CGG,CGT,CTA,CTC,CTG,CTT,GAA,GAC,GAG,GAT,GCA,GCC,GCG,GCT,GGA,GGC,GGG,GGT,GTA,GTC,GTG,GTT,TAA,TAC,TAG,TAT,TCA,TCC,TCG,TCT,TGA,TGC,TGG,TGT,TTA,TTC,TTG,TTT
Bovine faeces associated circular DNA virus 2,unclassified viruses,A8B72,vertebrates,DNA,circular,1,0.645161290322581,1,1.35483870967742,1.1,0.8,0.1,2,3.85714285714286,0.45,0.214285714285714,0.6,0.488372093023256,1.46511627906977,1,1.04651162790698,1.44,0.823529411764706,0.56,1.17647058823529,1.21212121212121,0.242424242424242,0.242424242424242,2.3030303030303,0.428571428571429,0,0,1.5,0.51063829787234,1.40425531914894,0.382978723404255,1.78723404255319,1.37142857142857,0.628571428571429,0.628571428571429,1.37142857142857,0.833333333333333,0.833333333333333,0.166666666666667,2.16666666666667,2.06896551724138,0.551724137931034,0.137931034482759,1.24137931034483,1.15789473684211,0.736842105263158,0.315789473684211,1.78947368421053,3,0.758620689655172,0,1.24137931034483,0.9,1.35,0.45,2.25,0,0.6,1,1.4,0.638297872340426,0.615384615384615,1.27659574468085,1.38461538461538
