virus,realm,host,locus_tag,AAA,AAC,AAG,AAT,ACA,ACC,ACG,ACT,AGA,AGC,AGG,AGT,ATA,ATC,ATG,ATT,CAA,CAC,CAG,CAT,CCA,CCC,CCG,CCT,CGA,CGC,CGG,CGT,CTA,CTC,CTG,CTT,GAA,GAC,GAG,GAT,GCA,GCC,GCG,GCT,GGA,GGC,GGG,GGT,GTA,GTC,GTG,GTT,TAA,TAC,TAG,TAT,TCA,TCC,TCG,TCT,TGA,TGC,TGG,TGT,TTA,TTC,TTG,TTT
Bovine faeces associated circular DNA virus 1,unclassified viruses,vertebrates,A8B37,0.947368421052632,0.5,1.05263157894737,1.5,0.914285714285714,0.457142857142857,0.571428571428571,2.05714285714286,1.92,0.558139534883721,0.36,1.95348837209302,0.771428571428571,1.02857142857143,1,1.2,1.44827586206897,1.23076923076923,0.551724137931034,0.769230769230769,1.9047619047619,0.476190476190476,0.380952380952381,1.23809523809524,0.48,1.2,0.36,1.68,0.769230769230769,0.615384615384615,0.615384615384615,1.69230769230769,1.38095238095238,0.857142857142857,0.619047619047619,1.14285714285714,1.22222222222222,0.666666666666667,0.444444444444444,1.66666666666667,1.71428571428571,0.408163265306122,0.0816326530612245,1.79591836734694,0.818181818181818,0.909090909090909,1.18181818181818,1.09090909090909,1.5,1,0,1,0.558139534883721,0.837209302325581,0.558139534883721,1.53488372093023,1.5,0.923076923076923,1,1.07692307692308,0.923076923076923,1.5,1.38461538461538,0.5
