virus,realm,locus_tag,host,type,shape,AAA,AAC,AAG,AAT,ACA,ACC,ACG,ACT,AGA,AGC,AGG,AGT,ATA,ATC,ATG,ATT,CAA,CAC,CAG,CAT,CCA,CCC,CCG,CCT,CGA,CGC,CGG,CGT,CTA,CTC,CTG,CTT,GAA,GAC,GAG,GAT,GCA,GCC,GCG,GCT,GGA,GGC,GGG,GGT,GTA,GTC,GTG,GTT,TAA,TAC,TAG,TAT,TCA,TCC,TCG,TCT,TGA,TGC,TGG,TGT,TTA,TTC,TTG,TTT
Bovine mastadenovirus A,NA,BAdV,NA,DNA,linear,1.15584415584416,1.15400410677618,0.844155844155844,0.845995893223819,1.27777777777778,0.916666666666667,0.638888888888889,1.16666666666667,1.51173708920188,1.42928039702233,1.07981220657277,0.878411910669975,0.971590909090909,0.846590909090909,1,1.18181818181818,0.822695035460993,1.16814159292035,1.17730496453901,0.831858407079646,1.55625,0.60625,0.7625,1.075,0.713615023474178,1.5962441314554,0.544600938967136,0.553990610328638,0.935897435897436,0.58974358974359,1.53846153846154,0.993589743589744,1.06666666666667,1.19922630560928,0.933333333333333,0.800773694390716,0.793814432989691,1.27835051546392,0.865979381443299,1.06185567010309,1.23599320882852,1.26315789473684,0.780984719864177,0.719864176570458,0.742770167427702,0.65144596651446,1.59512937595129,1.01065449010654,1.92857142857143,1.05205479452055,0.321428571428571,0.947945205479452,1.01985111662531,0.751861042183623,0.550868486352357,1.3697270471464,0.75,1.04812834224599,1,0.951871657754011,0.782051282051282,0.668269230769231,1.16025641025641,1.33173076923077
