virus,realm,locus_tag,host,type,shape,AAA,AAC,AAG,AAT,ACA,ACC,ACG,ACT,AGA,AGC,AGG,AGT,ATA,ATC,ATG,ATT,CAA,CAC,CAG,CAT,CCA,CCC,CCG,CCT,CGA,CGC,CGG,CGT,CTA,CTC,CTG,CTT,GAA,GAC,GAG,GAT,GCA,GCC,GCG,GCT,GGA,GGC,GGG,GGT,GTA,GTC,GTG,GTT,TAA,TAC,TAG,TAT,TCA,TCC,TCG,TCT,TGA,TGC,TGG,TGT,TTA,TTC,TTG,TTT
Bovine respirovirus 3,Riboviria,BPIV3gp,vertebrates,ss-RNA,linear,1.29449838187702,0.578778135048232,0.705501618122977,1.42122186495177,2.24705882352941,0.505882352941176,0.164705882352941,1.08235294117647,3.65333333333333,0.702439024390244,1.49333333333333,1.18536585365854,1.51345291479821,0.612107623318386,1,0.874439461883408,1.26881720430108,0.551724137931034,0.731182795698925,1.44827586206897,1.75,0.431818181818182,0.318181818181818,1.5,0.373333333333333,0.0533333333333333,0.213333333333333,0.213333333333333,1,0.519480519480519,0.480519480519481,0.844155844155844,1.33096085409253,0.558620689655172,0.669039145907473,1.44137931034483,2.07692307692308,0.538461538461538,0.288461538461538,1.09615384615385,2.0532319391635,0.395437262357414,0.821292775665399,0.730038022813688,1.32217573221757,0.652719665271967,0.602510460251046,1.42259414225941,2.5,0.551351351351351,0.5,1.44864864864865,2.32682926829268,0.51219512195122,0.278048780487805,0.995121951219512,0,0.588235294117647,1,1.41176470588235,2.41558441558442,0.746666666666667,0.74025974025974,1.25333333333333
