virus,realm,host,locus_tag,AAA,AAC,AAG,AAT,ACA,ACC,ACG,ACT,AGA,AGC,AGG,AGT,ATA,ATC,ATG,ATT,CAA,CAC,CAG,CAT,CCA,CCC,CCG,CCT,CGA,CGC,CGG,CGT,CTA,CTC,CTG,CTT,GAA,GAC,GAG,GAT,GCA,GCC,GCG,GCT,GGA,GGC,GGG,GGT,GTA,GTC,GTG,GTT,TAA,TAC,TAG,TAT,TCA,TCC,TCG,TCT,TGA,TGC,TGG,TGT,TTA,TTC,TTG,TTT
Bovine astrovirus B76-2/HK,Riboviria,vertebrates,CH41,0.772727272727273,1.46086956521739,1.22727272727273,0.539130434782609,1.2212389380531,1.68141592920354,0.460176991150442,0.63716814159292,0.516129032258065,1.01639344262295,1.38709677419355,0.590163934426229,0.569620253164557,1.76582278481013,1,0.664556962025316,0.628099173553719,1.5,1.37190082644628,0.5,1.78034682080925,0.901734104046243,0.578034682080925,0.739884393063584,0.32258064516129,1.96774193548387,0.935483870967742,0.870967741935484,0.49792531120332,2.3402489626556,1.14522821576763,1.14522821576763,0.417721518987342,1.13207547169811,1.58227848101266,0.867924528301887,0.96,1.6,0.746666666666667,0.693333333333333,0.644444444444444,1.33333333333333,1.28888888888889,0.733333333333333,0.0975609756097561,1.54146341463415,1.36585365853659,0.995121951219512,0,1.27272727272727,3,0.727272727272727,1.54098360655738,1.44262295081967,0.590163934426229,0.819672131147541,0,1.58333333333333,1,0.416666666666667,0.174273858921162,1.04761904761905,0.697095435684647,0.952380952380952
