virus,realm,locus_tag,host,type,shape,AAA,AAC,AAG,AAT,ACA,ACC,ACG,ACT,AGA,AGC,AGG,AGT,ATA,ATC,ATG,ATT,CAA,CAC,CAG,CAT,CCA,CCC,CCG,CCT,CGA,CGC,CGG,CGT,CTA,CTC,CTG,CTT,GAA,GAC,GAG,GAT,GCA,GCC,GCG,GCT,GGA,GGC,GGG,GGT,GTA,GTC,GTG,GTT,TAA,TAC,TAG,TAT,TCA,TCC,TCG,TCT,TGA,TGC,TGG,TGT,TTA,TTC,TTG,TTT
Bovine parvovirus 1,Monodnaviria,D1T22,vertebrates,DNA,linear,1.43511450381679,1.4207650273224,0.564885496183206,0.579234972677596,1.08900523560209,0.837696335078534,0.607329842931937,1.46596858638743,3.3986013986014,1.66197183098592,1.09090909090909,0.507042253521127,0.720930232558139,1.44186046511628,1,0.837209302325581,0.917431192660551,1.59550561797753,1.08256880733945,0.404494382022472,2.09032258064516,0.180645161290323,0.825806451612903,0.903225806451613,0.671328671328671,0.503496503496504,0.293706293706294,0.041958041958042,0.861538461538462,0.984615384615385,2.24615384615385,0.584615384615385,0.953367875647668,1.35443037974684,1.04663212435233,0.645569620253165,1.44329896907216,0.701030927835051,0.65979381443299,1.19587628865979,1.89473684210526,0.929824561403509,0.87719298245614,0.298245614035088,1.04242424242424,1.30909090909091,1.40606060606061,0.242424242424242,1.8,1.45652173913043,1.2,0.543478260869565,1.2112676056338,0.732394366197183,0.901408450704225,0.985915492957746,0,1.3953488372093,1,0.604651162790698,0.738461538461539,0.919540229885057,0.584615384615385,1.08045977011494
