virus,realm,host,locus_tag,AAA,AAC,AAG,AAT,ACA,ACC,ACG,ACT,AGA,AGC,AGG,AGT,ATA,ATC,ATG,ATT,CAA,CAC,CAG,CAT,CCA,CCC,CCG,CCT,CGA,CGC,CGG,CGT,CTA,CTC,CTG,CTT,GAA,GAC,GAG,GAT,GCA,GCC,GCG,GCT,GGA,GGC,GGG,GGT,GTA,GTC,GTG,GTT,TAA,TAC,TAG,TAT,TCA,TCC,TCG,TCT,TGA,TGC,TGG,TGT,TTA,TTC,TTG,TTT
Bovine viral diarrhea virus 3 Th/04 KhonKaen,NA,NA,BVDV,0.968641114982578,1.18881118881119,1.03135888501742,0.811188811188811,1.6030534351145,1.17557251908397,0.33587786259542,0.885496183206107,2.69856459330144,1.40816326530612,2.75598086124402,1.53061224489796,1.88532110091743,0.715596330275229,1,0.399082568807339,1.09230769230769,1.12820512820513,0.907692307692308,0.871794871794872,1.74301675977654,0.916201117318436,0.446927374301676,0.893854748603352,0.0287081339712919,0.143540669856459,0.200956937799043,0.172248803827751,1.34025974025974,0.545454545454545,1.44935064935065,0.467532467532468,1.07865168539326,0.923076923076923,0.921348314606742,1.07692307692308,1.51778656126482,1.13833992094862,0.237154150197628,1.10671936758893,1.04054054054054,0.743243243243243,1.44594594594595,0.77027027027027,1.15789473684211,0.75,1.56578947368421,0.526315789473684,0,1.05590062111801,3,0.944099378881988,1.28571428571429,0.642857142857143,0.275510204081633,0.857142857142857,0,0.972972972972973,1,1.02702702702703,0.872727272727273,1.02654867256637,1.32467532467532,0.973451327433628
