virus,realm,locus_tag,host,type,shape,AAA,AAC,AAG,AAT,ACA,ACC,ACG,ACT,AGA,AGC,AGG,AGT,ATA,ATC,ATG,ATT,CAA,CAC,CAG,CAT,CCA,CCC,CCG,CCT,CGA,CGC,CGG,CGT,CTA,CTC,CTG,CTT,GAA,GAC,GAG,GAT,GCA,GCC,GCG,GCT,GGA,GGC,GGG,GGT,GTA,GTC,GTG,GTT,TAA,TAC,TAG,TAT,TCA,TCC,TCG,TCT,TGA,TGC,TGG,TGT,TTA,TTC,TTG,TTT
Bovine respiratory syncytial virus ATCC51908,Riboviria,D1P01,vertebrates,ss-RNA,linear,1.37463126843658,0.664634146341463,0.625368731563422,1.33536585365854,1.93393393393393,0.660660660660661,0.0960960960960961,1.30930930930931,3.41317365269461,0.791208791208791,1.43712574850299,1.87912087912088,1.64179104477612,0.514925373134328,1,0.843283582089552,1.54166666666667,0.431034482758621,0.458333333333333,1.56896551724138,1.63522012578616,0.679245283018868,0.251572327044025,1.43396226415094,0.502994011976048,0.143712574850299,0.143712574850299,0.359281437125749,0.931451612903226,0.326612903225806,0.399193548387097,0.979838709677419,1.39655172413793,0.452488687782805,0.603448275862069,1.54751131221719,1.75916230366492,0.837696335078534,0.0418848167539267,1.36125654450262,1.30434782608696,0.304347826086957,0.630434782608696,1.76086956521739,1.60337552742616,0.556962025316456,0.894514767932489,0.945147679324895,1.09090909090909,0.676923076923077,0.818181818181818,1.32307692307692,1.48351648351648,0.543956043956044,0.0494505494505494,1.25274725274725,1.09090909090909,0.536585365853659,1,1.46341463414634,2.25,0.698795180722892,1.11290322580645,1.30120481927711
