virus,realm,locus_tag,host,type,shape,AAA,AAC,AAG,AAT,ACA,ACC,ACG,ACT,AGA,AGC,AGG,AGT,ATA,ATC,ATG,ATT,CAA,CAC,CAG,CAT,CCA,CCC,CCG,CCT,CGA,CGC,CGG,CGT,CTA,CTC,CTG,CTT,GAA,GAC,GAG,GAT,GCA,GCC,GCG,GCT,GGA,GGC,GGG,GGT,GTA,GTC,GTG,GTT,TAA,TAC,TAG,TAT,TCA,TCC,TCG,TCT,TGA,TGC,TGG,TGT,TTA,TTC,TTG,TTT
Bovine astrovirus,Riboviria,GV76,vertebrates,RNA,linear,0.637037037037037,1.3859649122807,1.36296296296296,0.614035087719298,1.17117117117117,1.33333333333333,0.504504504504504,0.990990990990991,0.430939226519337,0.912280701754386,1.35911602209945,0.596491228070175,0.662068965517241,1.6551724137931,1,0.682758620689655,0.576271186440678,1.36363636363636,1.42372881355932,0.636363636363636,1.71751412429379,0.836158192090395,0.587570621468927,0.858757062146893,0.430939226519337,2.05524861878453,0.795580110497238,0.92817679558011,0.485106382978723,2.11914893617021,1.2,1.27659574468085,0.493150684931507,1.0126582278481,1.50684931506849,0.987341772151899,0.957746478873239,1.25821596244131,0.901408450704225,0.882629107981221,0.666666666666667,1.16129032258065,1.18279569892473,0.989247311827957,0.165137614678899,1.6697247706422,1.15596330275229,1.00917431192661,0,1.34042553191489,3,0.659574468085106,1.33333333333333,1.40350877192982,0.87719298245614,0.87719298245614,0,1.54166666666667,1,0.458333333333333,0.153191489361702,1.10679611650485,0.765957446808511,0.893203883495146
