virus,realm,locus_tag,host,type,shape,AAA,AAC,AAG,AAT,ACA,ACC,ACG,ACT,AGA,AGC,AGG,AGT,ATA,ATC,ATG,ATT,CAA,CAC,CAG,CAT,CCA,CCC,CCG,CCT,CGA,CGC,CGG,CGT,CTA,CTC,CTG,CTT,GAA,GAC,GAG,GAT,GCA,GCC,GCG,GCT,GGA,GGC,GGG,GGT,GTA,GTC,GTG,GTT,TAA,TAC,TAG,TAT,TCA,TCC,TCG,TCT,TGA,TGC,TGG,TGT,TTA,TTC,TTG,TTT
Bovine adenovirus 3,Varidnaviria,BAdVBgp,vertebrates,DNA,linear,0.914127423822715,1.30021598272138,1.08587257617729,0.699784017278618,0.618421052631579,1.51973684210526,0.677631578947368,1.18421052631579,0.861702127659574,1.75298804780876,0.702127659574468,0.749003984063745,0.632754342431762,1.15384615384615,1,1.21339950372208,0.807692307692308,1.38582677165354,1.19230769230769,0.614173228346457,0.538888888888889,1.66666666666667,0.933333333333333,0.861111111111111,0.845744680851064,1.81117021276596,1.11702127659574,0.662234042553192,0.61284046692607,1.34241245136187,1.7568093385214,0.764591439688716,0.837455830388693,1.33744855967078,1.16254416961131,0.662551440329218,0.501758499413834,1.54747948417351,0.787807737397421,1.16295427901524,0.795144157814871,1.69347496206373,0.880121396054628,0.631259484066768,0.602086438152012,0.792846497764531,1.85991058122206,0.745156482861401,1.17857142857143,1.28070175438596,0.964285714285714,0.719298245614035,0.653386454183267,1.28286852589641,0.573705179282869,0.98804780876494,0.857142857142857,1.14427860696517,1,0.855721393034826,0.577821011673152,0.699300699300699,0.945525291828794,1.3006993006993
