virus,realm,locus_tag,host,type,shape,AAA,AAC,AAG,AAT,ACA,ACC,ACG,ACT,AGA,AGC,AGG,AGT,ATA,ATC,ATG,ATT,CAA,CAC,CAG,CAT,CCA,CCC,CCG,CCT,CGA,CGC,CGG,CGT,CTA,CTC,CTG,CTT,GAA,GAC,GAG,GAT,GCA,GCC,GCG,GCT,GGA,GGC,GGG,GGT,GTA,GTC,GTG,GTT,TAA,TAC,TAG,TAT,TCA,TCC,TCG,TCT,TGA,TGC,TGG,TGT,TTA,TTC,TTG,TTT
Bovine ephemeral fever virus,Riboviria,BEFVgp0,invertebrates:vertebrates,DNA,linear,1.39810426540284,0.44578313253012,0.601895734597156,1.55421686746988,1.80582524271845,0.563106796116505,0.213592233009709,1.41747572815534,3.57085020242915,0.578947368421053,1.50607287449393,1.68421052631579,1.09756097560976,0.68780487804878,1,1.21463414634146,1.49315068493151,0.596491228070175,0.506849315068493,1.40350877192982,1.71794871794872,0.58974358974359,0.384615384615385,1.30769230769231,0.412955465587045,0.121457489878543,0.242914979757085,0.145748987854251,0.716417910447761,0.332622601279318,0.498933901918977,0.486140724946695,1.34574468085106,0.422222222222222,0.654255319148936,1.57777777777778,1.85074626865672,0.567164179104478,0.149253731343284,1.43283582089552,2.03802281368821,0.288973384030418,0.684410646387833,0.988593155893536,1.23348017621145,0.757709251101322,0.722466960352423,1.2863436123348,1.25,0.533333333333333,0.75,1.46666666666667,1.6140350877193,0.596491228070175,0.175438596491228,1.35087719298246,1,0.767441860465116,1,1.23255813953488,2.34115138592751,0.720812182741117,1.62473347547974,1.27918781725888
