virus,realm,locus_tag,host,type,shape,AAA,AAC,AAG,AAT,ACA,ACC,ACG,ACT,AGA,AGC,AGG,AGT,ATA,ATC,ATG,ATT,CAA,CAC,CAG,CAT,CCA,CCC,CCG,CCT,CGA,CGC,CGG,CGT,CTA,CTC,CTG,CTT,GAA,GAC,GAG,GAT,GCA,GCC,GCG,GCT,GGA,GGC,GGG,GGT,GTA,GTC,GTG,GTT,TAA,TAC,TAG,TAT,TCA,TCC,TCG,TCT,TGA,TGC,TGG,TGT,TTA,TTC,TTG,TTT
Bradson virus,unclassified viruses,BLX28,invertebrates,RNA,linear,1.30097087378641,0.463917525773196,0.699029126213592,1.5360824742268,1.97959183673469,0.346938775510204,0.224489795918367,1.44897959183673,1.3448275862069,0.622641509433962,0.258620689655172,1.5,0.65158371040724,0.461538461538462,1,1.8868778280543,1.69369369369369,0.666666666666667,0.306306306306306,1.33333333333333,1.696,0.512,0.416,1.376,1.81034482758621,0.775862068965517,0.258620689655172,1.55172413793103,0.277310924369748,0.554621848739496,0.100840336134454,0.80672268907563,1.58381502890173,0.468571428571429,0.416184971098266,1.53142857142857,1.77777777777778,0.617283950617284,0.296296296296296,1.30864197530864,2.60975609756098,0.24390243902439,0.414634146341463,0.731707317073171,0.824742268041237,0.43298969072165,0.783505154639175,1.95876288659794,0,0.607142857142857,0,1.39285714285714,1.89622641509434,0.311320754716981,0.707547169811321,0.962264150943396,3,0.571428571428571,1,1.42857142857143,2.54621848739496,0.534246575342466,1.71428571428571,1.46575342465753
