virus,realm,locus_tag,host,type,shape,AAA,AAC,AAG,AAT,ACA,ACC,ACG,ACT,AGA,AGC,AGG,AGT,ATA,ATC,ATG,ATT,CAA,CAC,CAG,CAT,CCA,CCC,CCG,CCT,CGA,CGC,CGG,CGT,CTA,CTC,CTG,CTT,GAA,GAC,GAG,GAT,GCA,GCC,GCG,GCT,GGA,GGC,GGG,GGT,GTA,GTC,GTG,GTT,TAA,TAC,TAG,TAT,TCA,TCC,TCG,TCT,TGA,TGC,TGG,TGT,TTA,TTC,TTG,TTT
Brevibacterium phage LuckyBarnes,Duplodnaviria,HOS02,bacteria,DNA,linear,0.260645161290323,1.60984848484848,1.73935483870968,0.390151515151515,0.389725420726306,2.22143489813995,0.921169176262179,0.467670504871568,0.151603498542274,1.32264529058116,0.425655976676385,0.318637274549098,0.115220483641536,2.47937411095306,1,0.405405405405405,0.152694610778443,1.62199312714777,1.84730538922156,0.378006872852234,0.54661558109834,1.45593869731801,1.40996168582375,0.587484035759898,0.495626822157434,2.30903790087464,1.5801749271137,1.03790087463557,0.15442846328539,2.02573807721423,3.24753974261923,0.376987130961393,0.457193292144748,1.52941176470588,1.54280670785525,0.470588235294118,0.751789976133652,1.62291169451074,0.825775656324582,0.799522673031026,0.581497797356828,1.76505139500734,0.831130690161527,0.822320117474302,0.234881682734443,1.76336546888694,1.61262050832603,0.389132340052585,0.17910447761194,1.65010799136069,0.26865671641791,0.349892008639309,0.607214428857715,1.7374749498998,1.44288577154309,0.571142284569138,2.55223880597015,1.72043010752688,1,0.279569892473118,0.0181680545041635,1.83578947368421,0.177138531415594,0.164210526315789
