virus,realm,host,locus_tag,AAA,AAC,AAG,AAT,ACA,ACC,ACG,ACT,AGA,AGC,AGG,AGT,ATA,ATC,ATG,ATT,CAA,CAC,CAG,CAT,CCA,CCC,CCG,CCT,CGA,CGC,CGG,CGT,CTA,CTC,CTG,CTT,GAA,GAC,GAG,GAT,GCA,GCC,GCG,GCT,GGA,GGC,GGG,GGT,GTA,GTC,GTG,GTT,TAA,TAC,TAG,TAT,TCA,TCC,TCG,TCT,TGA,TGC,TGG,TGT,TTA,TTC,TTG,TTT
Brno virus,Riboviria,vertebrates,KM589,1.51672862453532,0.388888888888889,0.483271375464684,1.61111111111111,2.25,0.269230769230769,0.134615384615385,1.34615384615385,3.51479289940828,0.370909090909091,1.06508875739645,1.61454545454545,1.44827586206897,0.217241379310345,1,1.33448275862069,1.53846153846154,0.242424242424242,0.461538461538462,1.75757575757576,1.58558558558559,0.396396396396396,0.108108108108108,1.90990990990991,0.42603550295858,0.0710059171597633,0.21301775147929,0.710059171597633,0.476712328767123,0.197260273972603,0.180821917808219,1.06849315068493,1.50793650793651,0.38423645320197,0.492063492063492,1.61576354679803,2.03592814371257,0.263473053892216,0.119760479041916,1.58083832335329,1.19806763285024,0.328502415458937,0.463768115942029,2.00966183574879,1.40740740740741,0.388888888888889,0.37037037037037,1.83333333333333,NA,0.352112676056338,NA,1.64788732394366,2.42181818181818,0.130909090909091,0.0436363636363636,1.41818181818182,NA,0.610526315789474,1,1.38947368421053,3.23835616438356,0.428571428571429,0.838356164383562,1.57142857142857
