virus,realm,host,locus_tag,AAA,AAC,AAG,AAT,ACA,ACC,ACG,ACT,AGA,AGC,AGG,AGT,ATA,ATC,ATG,ATT,CAA,CAC,CAG,CAT,CCA,CCC,CCG,CCT,CGA,CGC,CGG,CGT,CTA,CTC,CTG,CTT,GAA,GAC,GAG,GAT,GCA,GCC,GCG,GCT,GGA,GGC,GGG,GGT,GTA,GTC,GTG,GTT,TAA,TAC,TAG,TAT,TCA,TCC,TCG,TCT,TGA,TGC,TGG,TGT,TTA,TTC,TTG,TTT
Broome virus,Riboviria,vertebrates,BroV,1.07936507936508,0.333333333333333,0.920634920634921,1.66666666666667,1.14567901234568,0.414814814814815,0.879012345679012,1.56049382716049,0.920168067226891,0.405405405405405,0.680672268907563,1.76061776061776,0.902912621359223,0.393203883495146,1,1.70388349514563,1.07450980392157,0.368715083798883,0.925490196078431,1.63128491620112,1.26881720430108,0.408602150537634,0.580645161290323,1.74193548387097,0.907563025210084,0.504201680672269,0.630252100840336,2.35714285714286,0.422068965517241,0.148965517241379,0.546206896551724,0.571034482758621,0.984894259818731,0.330434782608696,1.01510574018127,1.6695652173913,0.839319470699433,0.362948960302457,0.914933837429111,1.882797731569,0.937799043062201,0.344497607655502,0.832535885167464,1.88516746411483,0.725314183123878,0.416517055655296,1.64452423698384,1.21364452423698,1.09090909090909,0.323232323232323,1.09090909090909,1.67676767676768,1.28571428571429,0.266409266409266,0.868725868725869,1.41312741312741,0.818181818181818,0.53968253968254,1,1.46031746031746,1.92827586206897,0.483221476510067,2.38344827586207,1.51677852348993
