virus,realm,locus_tag,host,type,shape,AAA,AAC,AAG,AAT,ACA,ACC,ACG,ACT,AGA,AGC,AGG,AGT,ATA,ATC,ATG,ATT,CAA,CAC,CAG,CAT,CCA,CCC,CCG,CCT,CGA,CGC,CGG,CGT,CTA,CTC,CTG,CTT,GAA,GAC,GAG,GAT,GCA,GCC,GCG,GCT,GGA,GGC,GGG,GGT,GTA,GTC,GTG,GTT,TAA,TAC,TAG,TAT,TCA,TCC,TCG,TCT,TGA,TGC,TGG,TGT,TTA,TTC,TTG,TTT
Brugmansia mild mottle virus,Riboviria,BrMMV,land plants,ss-RNA,linear,0.644859813084112,0.743589743589744,1.35514018691589,1.25641025641026,1.27748691099476,0.691099476439791,0.628272251308901,1.40314136125654,2.10810810810811,0.932270916334661,2.27027027027027,1.0996015936255,0.692307692307692,0.807692307692308,1,1.5,1.0377358490566,1.01408450704225,0.962264150943396,0.985915492957746,0.679245283018868,0.566037735849057,1.20754716981132,1.54716981132075,0.202702702702703,0.608108108108108,0.405405405405405,0.405405405405405,0.267123287671233,0.431506849315068,1.31506849315068,1.06849315068493,0.945652173913043,0.771739130434783,1.05434782608696,1.22826086956522,1.51196172248804,0.61244019138756,0.803827751196172,1.07177033492823,1.19205298013245,0.635761589403974,1.08609271523179,1.08609271523179,0.547368421052632,0.743859649122807,1.41754385964912,1.29122807017544,0.6,0.736842105263158,1.8,1.26315789473684,0.693227091633466,0.50199203187251,0.932270916334661,1.8406374501992,0.6,0.645161290322581,1,1.35483870967742,0.863013698630137,0.904109589041096,2.05479452054795,1.0958904109589
