virus,realm,locus_tag,host,type,shape,AAA,AAC,AAG,AAT,ACA,ACC,ACG,ACT,AGA,AGC,AGG,AGT,ATA,ATC,ATG,ATT,CAA,CAC,CAG,CAT,CCA,CCC,CCG,CCT,CGA,CGC,CGG,CGT,CTA,CTC,CTG,CTT,GAA,GAC,GAG,GAT,GCA,GCC,GCG,GCT,GGA,GGC,GGG,GGT,GTA,GTC,GTG,GTT,TAA,TAC,TAG,TAT,TCA,TCC,TCG,TCT,TGA,TGC,TGG,TGT,TTA,TTC,TTG,TTT
Burkholderia phage ST79,Duplodnaviria,M190,bacteria,DNA,circular,0.647342995169082,1.42857142857143,1.35265700483092,0.571428571428571,0.253313696612666,1.07216494845361,2.49779086892489,0.176730486008837,0.0604026845637584,1.36859504132231,0.147651006711409,0.337190082644628,0.0755813953488372,2.27325581395349,1,0.651162790697674,0.705234159779614,1.33333333333333,1.29476584022039,0.666666666666667,0.27906976744186,0.713178294573643,2.66666666666667,0.341085271317829,0.503355704697987,3.14765100671141,1.14765100671141,0.993288590604027,0.147196261682243,1.75233644859813,2.59345794392523,0.602803738317757,1.15328467153285,1.17486338797814,0.846715328467153,0.825136612021858,0.590812720848057,1.02049469964664,2.06360424028269,0.325088339222615,0.301486199575372,2.30997876857749,0.760084925690021,0.628450106157112,0.212014134275618,1.54534746760895,1.7055359246172,0.537102473498233,0.673469387755102,1.26666666666667,0.244897959183673,0.733333333333333,0.337190082644628,0.882644628099174,2.76694214876033,0.307438016528926,2.08163265306122,1.68316831683168,1,0.316831683168317,0.0210280373831776,1.55026455026455,0.883177570093458,0.44973544973545
