virus,realm,host,locus_tag,AAA,AAC,AAG,AAT,ACA,ACC,ACG,ACT,AGA,AGC,AGG,AGT,ATA,ATC,ATG,ATT,CAA,CAC,CAG,CAT,CCA,CCC,CCG,CCT,CGA,CGC,CGG,CGT,CTA,CTC,CTG,CTT,GAA,GAC,GAG,GAT,GCA,GCC,GCG,GCT,GGA,GGC,GGG,GGT,GTA,GTC,GTG,GTT,TAA,TAC,TAG,TAT,TCA,TCC,TCG,TCT,TGA,TGC,TGG,TGT,TTA,TTC,TTG,TTT
Burkholderia phage Bp-AMP1,Duplodnaviria,bacteria,HOQ94,0.106382978723404,1.78815080789946,1.8936170212766,0.211849192100539,0.274626865671642,1.73134328358209,1.72537313432836,0.26865671641791,0.0465116279069767,1.60114777618364,0.209302325581395,0.24103299856528,0.0327272727272727,2.54727272727273,1,0.42,0.567219152854512,1.64864864864865,1.43278084714549,0.351351351351351,0.2,1.05185185185185,2.28148148148148,0.466666666666667,0.666666666666667,2.85271317829457,1.07751937984496,1.14728682170543,0.133603238866397,2.31983805668016,2.417004048583,0.546558704453441,0.609655172413793,1.60424966799469,1.39034482758621,0.395750332005312,0.760142348754448,1.02491103202847,1.51459074733096,0.700355871886121,0.207377866400798,2.59222333000997,0.542372881355932,0.6580259222333,0.231678486997636,1.57446808510638,1.725768321513,0.468085106382979,1.5,1.68146214099217,0.142857142857143,0.318537859007833,0.197991391678623,1.08464849354376,2.59110473457676,0.284074605451937,1.35714285714286,1.58695652173913,1,0.41304347826087,0.0242914979757085,1.9236276849642,0.558704453441296,0.0763723150357995
