virus,realm,locus_tag,host,type,shape,AAA,AAC,AAG,AAT,ACA,ACC,ACG,ACT,AGA,AGC,AGG,AGT,ATA,ATC,ATG,ATT,CAA,CAC,CAG,CAT,CCA,CCC,CCG,CCT,CGA,CGC,CGG,CGT,CTA,CTC,CTG,CTT,GAA,GAC,GAG,GAT,GCA,GCC,GCG,GCT,GGA,GGC,GGG,GGT,GTA,GTC,GTG,GTT,TAA,TAC,TAG,TAT,TCA,TCC,TCG,TCT,TGA,TGC,TGG,TGT,TTA,TTC,TTG,TTT
Burkholderia phage JG068,Duplodnaviria,JG068,bacteria,DNA,linear,0.127596439169139,1.78832116788321,1.87240356083086,0.211678832116788,0.178477690288714,0.992125984251969,2.46194225721785,0.36745406824147,0.0665844636251541,1.75243393602225,0.110974106041924,0.358831710709319,0.0444078947368421,2.53618421052632,1,0.419407894736842,0.554364471669219,1.52191235059761,1.44563552833078,0.47808764940239,0.128571428571429,0.707142857142857,2.83571428571429,0.328571428571429,0.710234278668311,2.2786683107275,1.33168927250308,1.50184956843403,0.083416087388282,2.02581926514399,2.71102284011917,0.697120158887785,0.872,1.49936788874842,1.128,0.50063211125158,1.04675324675325,0.753246753246753,1.46753246753247,0.732467532467532,0.34469696969697,2.19318181818182,0.617424242424242,0.84469696969697,0.383084577114428,1.17412935323383,1.96517412935323,0.477611940298507,1.53061224489796,1.69773299748111,0.122448979591837,0.302267002518892,0.242002781641168,0.759388038942976,2.60361613351878,0.283727399165508,1.3469387755102,1.63829787234043,1,0.361702127659574,0.041708043694141,1.88888888888889,0.440913604766634,0.111111111111111
