virus,realm,locus_tag,host,type,shape,AAA,AAC,AAG,AAT,ACA,ACC,ACG,ACT,AGA,AGC,AGG,AGT,ATA,ATC,ATG,ATT,CAA,CAC,CAG,CAT,CCA,CCC,CCG,CCT,CGA,CGC,CGG,CGT,CTA,CTC,CTG,CTT,GAA,GAC,GAG,GAT,GCA,GCC,GCG,GCT,GGA,GGC,GGG,GGT,GTA,GTC,GTG,GTT,TAA,TAC,TAG,TAT,TCA,TCC,TCG,TCT,TGA,TGC,TGG,TGT,TTA,TTC,TTG,TTT
Burkholderia phage phiE125,Duplodnaviria,phiE125p,bacteria,DNA,linear,0.482352941176471,1.38549618320611,1.51764705882353,0.614503816793893,0.404878048780488,0.868292682926829,2.37073170731707,0.35609756097561,0.163723916532905,1.65916398713826,0.250401284109149,0.488745980707395,0.115691489361702,2.21010638297872,1,0.674202127659574,0.626356589147287,1.18819188191882,1.37364341085271,0.811808118081181,0.391946308724832,0.76241610738255,2.45369127516779,0.391946308724832,0.683788121990369,2.75441412520064,1.23274478330658,0.914927768860353,0.269928966061563,1.7947908445146,2.11681136543015,0.871349644830308,0.779247202441506,1.34984520123839,1.22075279755849,0.65015479876161,0.641688654353562,0.924538258575198,2.02005277044855,0.413720316622691,0.470588235294118,2.13622291021672,0.795665634674923,0.597523219814242,0.267117497886729,1.61284868977177,1.57227387996619,0.547759932375317,0.591549295774648,1.33333333333333,0.676056338028169,0.666666666666667,0.282958199356913,0.694533762057878,2.61736334405145,0.257234726688103,1.73239436619718,1.59139784946237,1,0.408602150537634,0.0662983425414365,1.50396825396825,0.880820836621942,0.496031746031746
