virus,realm,locus_tag,host,type,shape,AAA,AAC,AAG,AAT,ACA,ACC,ACG,ACT,AGA,AGC,AGG,AGT,ATA,ATC,ATG,ATT,CAA,CAC,CAG,CAT,CCA,CCC,CCG,CCT,CGA,CGC,CGG,CGT,CTA,CTC,CTG,CTT,GAA,GAC,GAG,GAT,GCA,GCC,GCG,GCT,GGA,GGC,GGG,GGT,GTA,GTC,GTG,GTT,TAA,TAC,TAG,TAT,TCA,TCC,TCG,TCT,TGA,TGC,TGG,TGT,TTA,TTC,TTG,TTT
Bwamba orthobunyavirus,Riboviria,CAU90,human:invertebrates,RNA,linear,1.43636363636364,0.391836734693878,0.563636363636364,1.60816326530612,2.35114503816794,0.229007633587786,0.122137404580153,1.29770992366412,3.65853658536585,0.513698630136986,1.42682926829268,1.15068493150685,1.48101265822785,0.372151898734177,1,1.14683544303797,1.54609929078014,0.395348837209302,0.453900709219858,1.6046511627907,2.15625,0.28125,0.21875,1.34375,0.475609756097561,0.109756097560976,0.182926829268293,0.146341463414634,0.895287958115183,0.298429319371728,0.392670157068063,0.675392670157068,1.46067415730337,0.457142857142857,0.539325842696629,1.54285714285714,2.45398773006135,0.539877300613497,0,1.00613496932515,1.44578313253012,0.674698795180723,0.650602409638554,1.2289156626506,1.31707317073171,0.682926829268293,0.463414634146341,1.53658536585366,2.25,0.508670520231214,0.75,1.49132947976879,1.95205479452055,0.410958904109589,0.308219178082192,1.66438356164384,0,0.770642201834862,1,1.22935779816514,2.67015706806283,0.604651162790698,1.06806282722513,1.3953488372093
