virus,realm,locus_tag,host,type,shape,AAA,AAC,AAG,AAT,ACA,ACC,ACG,ACT,AGA,AGC,AGG,AGT,ATA,ATC,ATG,ATT,CAA,CAC,CAG,CAT,CCA,CCC,CCG,CCT,CGA,CGC,CGG,CGT,CTA,CTC,CTG,CTT,GAA,GAC,GAG,GAT,GCA,GCC,GCG,GCT,GGA,GGC,GGG,GGT,GTA,GTC,GTG,GTT,TAA,TAC,TAG,TAT,TCA,TCC,TCG,TCT,TGA,TGC,TGG,TGT,TTA,TTC,TTG,TTT
Cacao swollen shoot Ghana K virus,Riboviria,EXL34,land plants,DNA,circular,0.963855421686747,0.92,1.03614457831325,1.08,1.54666666666667,1.04,0.213333333333333,1.2,2.52857142857143,1.08724832214765,1.15714285714286,1.04697986577181,0.76,1.12,1,1.12,1.21854304635762,0.724137931034483,0.781456953642384,1.27586206896552,1.87387387387387,0.612612612612613,0.288288288288288,1.22522522522523,0.985714285714286,0.257142857142857,0.6,0.471428571428571,1.19480519480519,0.987012987012987,0.935064935064935,1.06493506493506,1.38693467336683,0.741379310344828,0.613065326633166,1.25862068965517,1.54929577464789,0.901408450704225,0.169014084507042,1.38028169014085,1.71428571428571,0.857142857142857,0.607142857142857,0.821428571428571,0.966666666666667,1.5,0.533333333333333,1,0.6,0.976744186046512,1.2,1.02325581395349,1.28859060402685,1.16778523489933,0.201342281879195,1.20805369127517,1.2,1,1,1,1.16883116883117,1.05263157894737,0.649350649350649,0.947368421052632
