virus,realm,locus_tag,host,type,shape,AAA,AAC,AAG,AAT,ACA,ACC,ACG,ACT,AGA,AGC,AGG,AGT,ATA,ATC,ATG,ATT,CAA,CAC,CAG,CAT,CCA,CCC,CCG,CCT,CGA,CGC,CGG,CGT,CTA,CTC,CTG,CTT,GAA,GAC,GAG,GAT,GCA,GCC,GCG,GCT,GGA,GGC,GGG,GGT,GTA,GTC,GTG,GTT,TAA,TAC,TAG,TAT,TCA,TCC,TCG,TCT,TGA,TGC,TGG,TGT,TTA,TTC,TTG,TTT
Cacao swollen shoot Ghana L virus,Riboviria,EXJ05,land plants,DNA,circular,1.05,0.98989898989899,0.95,1.01010101010101,1.44,1.06666666666667,0.4,1.09333333333333,2.56,0.896103896103896,1.68,1.20779220779221,0.848684210526316,1.20394736842105,1,0.947368421052632,1.14838709677419,0.774193548387097,0.851612903225806,1.2258064516129,2.1,0.533333333333333,0.2,1.16666666666667,0.68,0.32,0.36,0.4,1.09565217391304,0.88695652173913,0.91304347826087,1.40869565217391,1.28865979381443,0.643478260869565,0.711340206185567,1.35652173913043,1.35338345864662,0.842105263157895,0.330827067669173,1.47368421052632,1.61240310077519,0.713178294573643,0.961240310077519,0.713178294573643,0.872727272727273,1.16363636363636,0.436363636363636,1.52727272727273,1.2,0.868421052631579,1.2,1.13157894736842,1.4025974025974,1.05194805194805,0.194805194805195,1.24675324675325,0.6,1.08571428571429,1,0.914285714285714,1.12173913043478,1.10144927536232,0.573913043478261,0.898550724637681
