virus,realm,locus_tag,host,type,shape,AAA,AAC,AAG,AAT,ACA,ACC,ACG,ACT,AGA,AGC,AGG,AGT,ATA,ATC,ATG,ATT,CAA,CAC,CAG,CAT,CCA,CCC,CCG,CCT,CGA,CGC,CGG,CGT,CTA,CTC,CTG,CTT,GAA,GAC,GAG,GAT,GCA,GCC,GCG,GCT,GGA,GGC,GGG,GGT,GTA,GTC,GTG,GTT,TAA,TAC,TAG,TAT,TCA,TCC,TCG,TCT,TGA,TGC,TGG,TGT,TTA,TTC,TTG,TTT
Caimito virus,Riboviria,KM600,invertebrates,ss-RNA,linear,1.20382165605096,0.695278969957081,0.796178343949045,1.30472103004292,2.2882096069869,0.419213973799127,0.209606986899563,1.08296943231441,3.28491620111732,0.804123711340206,1.87709497206704,1.15463917525773,1.71052631578947,0.37719298245614,1,0.912280701754386,1.28571428571429,0.394366197183099,0.714285714285714,1.6056338028169,2.12698412698413,0.571428571428571,0.222222222222222,1.07936507936508,0.268156424581006,0.167597765363128,0.23463687150838,0.167597765363128,1.10385756676558,0.462908011869436,0.534124629080119,0.979228486646884,1.39920948616601,0.591304347826087,0.600790513833992,1.40869565217391,2.30167597765363,0.536312849162011,0.223463687150838,0.93854748603352,1.46067415730337,0.651685393258427,1.12359550561798,0.764044943820225,1.10204081632653,0.530612244897959,0.73469387755102,1.63265306122449,3,0.549019607843137,0,1.45098039215686,2.02061855670103,0.474226804123711,0.185567010309278,1.36082474226804,0,0.982758620689655,1,1.01724137931034,1.56676557863501,0.746268656716418,1.35311572700297,1.25373134328358
