virus,realm,host,locus_tag,AAA,AAC,AAG,AAT,ACA,ACC,ACG,ACT,AGA,AGC,AGG,AGT,ATA,ATC,ATG,ATT,CAA,CAC,CAG,CAT,CCA,CCC,CCG,CCT,CGA,CGC,CGG,CGT,CTA,CTC,CTG,CTT,GAA,GAC,GAG,GAT,GCA,GCC,GCG,GCT,GGA,GGC,GGG,GGT,GTA,GTC,GTG,GTT,TAA,TAC,TAG,TAT,TCA,TCC,TCG,TCT,TGA,TGC,TGG,TGT,TTA,TTC,TTG,TTT
California encephalitis virus,Riboviria,invertebrates,KM459,1.23174603174603,0.654867256637168,0.768253968253968,1.34513274336283,2.05957446808511,0.527659574468085,0.136170212765957,1.27659574468085,3.19075144508671,0.607843137254902,2.28901734104046,1.23529411764706,1.63963963963964,0.477477477477477,1,0.882882882882883,1.25,0.795698924731183,0.75,1.20430107526882,1.73913043478261,0.376811594202899,0.260869565217391,1.6231884057971,0.138728323699422,0.104046242774566,0.104046242774566,0.173410404624277,1.22282608695652,0.570652173913043,0.668478260869565,0.798913043478261,1.16731517509728,0.596491228070175,0.832684824902724,1.40350877192982,1.98963730569948,0.663212435233161,0.103626943005181,1.24352331606218,1.04918032786885,0.677595628415301,1.02732240437158,1.24590163934426,1.08411214953271,0.747663551401869,0.672897196261682,1.49532710280374,2.25,0.765027322404372,0.75,1.23497267759563,1.72549019607843,0.549019607843137,0.431372549019608,1.45098039215686,0,1.00917431192661,1,0.990825688073395,1.67934782608696,0.918918918918919,1.05978260869565,1.08108108108108
