virus,realm,locus_tag,host,type,shape,AAA,AAC,AAG,AAT,ACA,ACC,ACG,ACT,AGA,AGC,AGG,AGT,ATA,ATC,ATG,ATT,CAA,CAC,CAG,CAT,CCA,CCC,CCG,CCT,CGA,CGC,CGG,CGT,CTA,CTC,CTG,CTT,GAA,GAC,GAG,GAT,GCA,GCC,GCG,GCT,GGA,GGC,GGG,GGT,GTA,GTC,GTG,GTT,TAA,TAC,TAG,TAT,TCA,TCC,TCG,TCT,TGA,TGC,TGG,TGT,TTA,TTC,TTG,TTT
California sea lion adenovirus 1,Varidnaviria,FI96,vertebrates,DNA,linear,1.65486725663717,0.557664233576642,0.345132743362832,1.44233576642336,1.40229885057471,0.735632183908046,0.122605363984674,1.73946360153257,2.64,0.761904761904762,0.816,1.17948717948718,0.966717095310136,0.290468986384266,1,1.7428139183056,1.52038369304556,0.485148514851485,0.479616306954436,1.51485148514851,1.71339563862928,0.560747663551402,0.255451713395639,1.47040498442368,0.624,1.008,0.3,0.612,0.619565217391304,0.156521739130435,0.306521739130435,1.35652173913043,1.48895027624309,0.42603550295858,0.511049723756906,1.57396449704142,1.07903780068729,0.611683848797251,0.419243986254296,1.89003436426117,1.77946768060836,0.517110266159696,0.615969581749049,1.08745247148289,0.942486085343228,0.185528756957328,0.964749536178108,1.90723562152134,2,0.470588235294118,0.6,1.52941176470588,1.50915750915751,0.424908424908425,0.205128205128205,1.91941391941392,0.4,0.523560209424084,1,1.47643979057592,2.13260869565217,0.148936170212766,1.42826086956522,1.85106382978723
