virus,realm,locus_tag,host,type,shape,AAA,AAC,AAG,AAT,ACA,ACC,ACG,ACT,AGA,AGC,AGG,AGT,ATA,ATC,ATG,ATT,CAA,CAC,CAG,CAT,CCA,CCC,CCG,CCT,CGA,CGC,CGG,CGT,CTA,CTC,CTG,CTT,GAA,GAC,GAG,GAT,GCA,GCC,GCG,GCT,GGA,GGC,GGG,GGT,GTA,GTC,GTG,GTT,TAA,TAC,TAG,TAT,TCA,TCC,TCG,TCT,TGA,TGC,TGG,TGT,TTA,TTC,TTG,TTT
Callinectes sapidus associated circular virus,Monodnaviria,AMQ90,invertebrates,DNA,circular,0.5,1.625,1.5,0.375,1.44,1.12,0.32,1.12,0.153846153846154,1.8,1.07692307692308,0.6,0.5,1.5,1,1,0.533333333333333,0.857142857142857,1.46666666666667,1.14285714285714,0.631578947368421,1.89473684210526,0.631578947368421,0.842105263157895,0.923076923076923,2.15384615384615,0.307692307692308,1.38461538461538,0.6,0.9,1.8,2.1,0.909090909090909,0.923076923076923,1.09090909090909,1.07692307692308,0.869565217391304,1.56521739130435,0.521739130434783,1.04347826086957,1.85714285714286,1.14285714285714,0.142857142857143,0.857142857142857,0.666666666666667,1,1,1.33333333333333,0,1.08333333333333,3,0.916666666666667,0.3,1.2,0.6,1.5,0,1,1,1,0,1.33333333333333,0.6,0.666666666666667
