virus,realm,locus_tag,host,type,shape,AAA,AAC,AAG,AAT,ACA,ACC,ACG,ACT,AGA,AGC,AGG,AGT,ATA,ATC,ATG,ATT,CAA,CAC,CAG,CAT,CCA,CCC,CCG,CCT,CGA,CGC,CGG,CGT,CTA,CTC,CTG,CTT,GAA,GAC,GAG,GAT,GCA,GCC,GCG,GCT,GGA,GGC,GGG,GGT,GTA,GTC,GTG,GTT,TAA,TAC,TAG,TAT,TCA,TCC,TCG,TCT,TGA,TGC,TGG,TGT,TTA,TTC,TTG,TTT
Camellia lemon glow virus,Riboviria,KM754,land plants,DNA,circular,0.7375,0.792079207920792,1.2625,1.20792079207921,1.72661870503597,0.690647482014389,0.60431654676259,0.97841726618705,1.71428571428571,0.687898089171974,1.42857142857143,1.10828025477707,0.7125,1.18125,1,1.10625,0.961832061068702,0.64,1.0381679389313,1.36,1.77391304347826,0.48695652173913,0.591304347826087,1.14782608695652,1.38775510204082,0.285714285714286,0.571428571428571,0.612244897959184,0.96,0.84,1.02,1.41,1.39267015706806,0.805194805194805,0.607329842931937,1.19480519480519,1.29032258064516,0.748387096774194,0.335483870967742,1.6258064516129,2.08955223880597,0.567164179104478,0.567164179104478,0.776119402985075,0.684931506849315,1.36986301369863,0.767123287671233,1.17808219178082,1,0.752475247524752,1,1.24752475247525,1.68152866242038,0.878980891719745,0.305732484076433,1.33757961783439,1,1.02702702702703,1,0.972972972972973,0.99,0.962962962962963,0.78,1.03703703703704
