virus,realm,locus_tag,host,type,shape,AAA,AAC,AAG,AAT,ACA,ACC,ACG,ACT,AGA,AGC,AGG,AGT,ATA,ATC,ATG,ATT,CAA,CAC,CAG,CAT,CCA,CCC,CCG,CCT,CGA,CGC,CGG,CGT,CTA,CTC,CTG,CTT,GAA,GAC,GAG,GAT,GCA,GCC,GCG,GCT,GGA,GGC,GGG,GGT,GTA,GTC,GTG,GTT,TAA,TAC,TAG,TAT,TCA,TCC,TCG,TCT,TGA,TGC,TGG,TGT,TTA,TTC,TTG,TTT
Canary polyomavirus,Monodnaviria,CaPyV,vertebrates,DNA,linear,0.964705882352941,0.831460674157303,1.03529411764706,1.1685393258427,1.38317757009346,1.23364485981308,0.299065420560748,1.08411214953271,1.52459016393443,0.737704918032787,2.50819672131148,1.18032786885246,1.08196721311475,0.688524590163934,1,1.22950819672131,0.688524590163934,1.03703703703704,1.31147540983607,0.962962962962963,0.736842105263158,0.912280701754386,0.315789473684211,2.03508771929825,0.540983606557377,0.147540983606557,0.590163934426229,0.688524590163934,0.967741935483871,1,1.38709677419355,1,0.741379310344828,0.964705882352941,1.25862068965517,1.03529411764706,1.46564885496183,0.641221374045801,0.274809160305344,1.61832061068702,1.09090909090909,0.727272727272727,1.17482517482517,1.00699300699301,0.923076923076923,0.747252747252747,1.45054945054945,0.879120879120879,1.8,0.837837837837838,0,1.16216216216216,1.0327868852459,1.18032786885246,0.442622950819672,1.42622950819672,1.2,0.928571428571429,1,1.07142857142857,0.838709677419355,1.10344827586207,0.806451612903226,0.896551724137931
