virus,realm,locus_tag,host,type,shape,AAA,AAC,AAG,AAT,ACA,ACC,ACG,ACT,AGA,AGC,AGG,AGT,ATA,ATC,ATG,ATT,CAA,CAC,CAG,CAT,CCA,CCC,CCG,CCT,CGA,CGC,CGG,CGT,CTA,CTC,CTG,CTT,GAA,GAC,GAG,GAT,GCA,GCC,GCG,GCT,GGA,GGC,GGG,GGT,GTA,GTC,GTG,GTT,TAA,TAC,TAG,TAT,TCA,TCC,TCG,TCT,TGA,TGC,TGG,TGT,TTA,TTC,TTG,TTT
Canary bornavirus 3,Riboviria,GV79,vertebrates,RNA,linear,0.923076923076923,0.623853211009174,1.07692307692308,1.37614678899083,1.81609195402299,0.528735632183908,0.505747126436782,1.14942528735632,1.79661016949153,0.526315789473684,1.6271186440678,0.736842105263158,0.78,0.585,1,1.635,1.18367346938776,0.716417910447761,0.816326530612245,1.28358208955224,1.60493827160494,0.617283950617284,0.320987654320988,1.45679012345679,0.847457627118644,0.576271186440678,0.474576271186441,0.677966101694915,0.588235294117647,0.722689075630252,0.638655462184874,1.74789915966387,0.824175824175824,0.680272108843537,1.17582417582418,1.31972789115646,1.72121212121212,0.63030303030303,0.339393939393939,1.30909090909091,1.5,0.613636363636364,0.727272727272727,1.15909090909091,0.727272727272727,0.636363636363636,0.75,1.88636363636364,2,0.5,0,1.5,2,0.778947368421053,0.4,1.55789473684211,1,0.71875,1,1.28125,0.991596638655462,0.704918032786885,1.3109243697479,1.29508196721311
