virus,realm,locus_tag,host,type,shape,AAA,AAC,AAG,AAT,ACA,ACC,ACG,ACT,AGA,AGC,AGG,AGT,ATA,ATC,ATG,ATT,CAA,CAC,CAG,CAT,CCA,CCC,CCG,CCT,CGA,CGC,CGG,CGT,CTA,CTC,CTG,CTT,GAA,GAC,GAG,GAT,GCA,GCC,GCG,GCT,GGA,GGC,GGG,GGT,GTA,GTC,GTG,GTT,TAA,TAC,TAG,TAT,TCA,TCC,TCG,TCT,TGA,TGC,TGG,TGT,TTA,TTC,TTG,TTT
Canis familiaris papillomavirus 6,Monodnaviria,CPV6,vertebrates,DNA,circular,1.36231884057971,0.481012658227848,0.63768115942029,1.51898734177215,1.59459459459459,0.540540540540541,0.243243243243243,1.62162162162162,2.67096774193548,1.26486486486486,1.2,1.32972972972973,1.17857142857143,0.294642857142857,1,1.52678571428571,1.00884955752212,0.722222222222222,0.991150442477876,1.27777777777778,1.6,0.541935483870968,0.412903225806452,1.44516129032258,0.619354838709677,0.580645161290323,0.425806451612903,0.503225806451613,0.746781115879828,0.540772532188841,0.824034334763948,1.28755364806867,1.18987341772152,0.848101265822785,0.810126582278481,1.15189873417722,1.376,0.704,0.384,1.536,1.39393939393939,0.727272727272727,0.727272727272727,1.15151515151515,0.992248062015504,0.527131782945736,0.992248062015504,1.48837209302326,1.28571428571429,0.51219512195122,0.428571428571429,1.48780487804878,1.03783783783784,0.421621621621622,0.356756756756757,1.58918918918919,1.28571428571429,1.04347826086957,1,0.956521739130435,1.5450643776824,0.265486725663717,1.05579399141631,1.73451327433628
