virus,realm,locus_tag,host,type,shape,AAA,AAC,AAG,AAT,ACA,ACC,ACG,ACT,AGA,AGC,AGG,AGT,ATA,ATC,ATG,ATT,CAA,CAC,CAG,CAT,CCA,CCC,CCG,CCT,CGA,CGC,CGG,CGT,CTA,CTC,CTG,CTT,GAA,GAC,GAG,GAT,GCA,GCC,GCG,GCT,GGA,GGC,GGG,GGT,GTA,GTC,GTG,GTT,TAA,TAC,TAG,TAT,TCA,TCC,TCG,TCT,TGA,TGC,TGG,TGT,TTA,TTC,TTG,TTT
Canis familiaris papillomavirus 3,Monodnaviria,CPV3,vertebrates,DNA,circular,1.01030927835052,1.04255319148936,0.989690721649485,0.957446808510638,1.33333333333333,1.38461538461538,0.564102564102564,0.717948717948718,1.01754385964912,1.43147208121827,1.82456140350877,0.913705583756345,1.09677419354839,0.483870967741935,1,1.41935483870968,0.505050505050505,1.05454545454545,1.4949494949495,0.945454545454545,0.862745098039216,1.0718954248366,0.627450980392157,1.43790849673203,0.491228070175439,0.87719298245614,0.736842105263158,1.05263157894737,0.753768844221106,0.78391959798995,1.5678391959799,1.35678391959799,0.689655172413793,1.16176470588235,1.31034482758621,0.838235294117647,1.12,1.06666666666667,0.853333333333333,0.96,0.98876404494382,0.629213483146067,1.37078651685393,1.01123595505618,0.63030303030303,0.8,1.67272727272727,0.896969696969697,0.5,0.955223880597015,0,1.04477611940298,0.67005076142132,1.03553299492386,0.517766497461929,1.43147208121827,2.5,1.18367346938776,1,0.816326530612245,0.452261306532663,0.571428571428571,1.08542713567839,1.42857142857143
