virus,realm,host,locus_tag,AAA,AAC,AAG,AAT,ACA,ACC,ACG,ACT,AGA,AGC,AGG,AGT,ATA,ATC,ATG,ATT,CAA,CAC,CAG,CAT,CCA,CCC,CCG,CCT,CGA,CGC,CGG,CGT,CTA,CTC,CTG,CTT,GAA,GAC,GAG,GAT,GCA,GCC,GCG,GCT,GGA,GGC,GGG,GGT,GTA,GTC,GTG,GTT,TAA,TAC,TAG,TAT,TCA,TCC,TCG,TCT,TGA,TGC,TGG,TGT,TTA,TTC,TTG,TTT
Canis familiaris papillomavirus 2,Monodnaviria,vertebrates,CPV2,1.1219512195122,1.00900900900901,0.878048780487805,0.990990990990991,1.7,0.875,0.225,1.2,1.85635359116022,1.14893617021277,1.52486187845304,0.995744680851064,1.0353982300885,0.716814159292035,1,1.24778761061947,0.868686868686869,0.925925925925926,1.13131313131313,1.07407407407407,1.10798122065728,0.995305164319249,0.63849765258216,1.25821596244131,0.92817679558011,0.430939226519337,0.596685082872928,0.662983425414365,0.629032258064516,0.67741935483871,1.30645161290323,1.23387096774194,0.870588235294118,1.04575163398693,1.12941176470588,0.954248366013072,1.35099337748344,1.19205298013245,0.397350993377483,1.05960264900662,1.06550218340611,0.751091703056769,1.36244541484716,0.820960698689956,0.869565217391304,0.62111801242236,1.21739130434783,1.29192546583851,1.5,0.821917808219178,0.75,1.17808219178082,0.995744680851064,1.12340425531915,0.51063829787234,1.22553191489362,0.75,1,1,1,1.16129032258065,0.35,0.991935483870968,1.65
