virus,realm,locus_tag,host,type,shape,AAA,AAC,AAG,AAT,ACA,ACC,ACG,ACT,AGA,AGC,AGG,AGT,ATA,ATC,ATG,ATT,CAA,CAC,CAG,CAT,CCA,CCC,CCG,CCT,CGA,CGC,CGG,CGT,CTA,CTC,CTG,CTT,GAA,GAC,GAG,GAT,GCA,GCC,GCG,GCT,GGA,GGC,GGG,GGT,GTA,GTC,GTG,GTT,TAA,TAC,TAG,TAT,TCA,TCC,TCG,TCT,TGA,TGC,TGG,TGT,TTA,TTC,TTG,TTT
Canine parvovirus,Monodnaviria,CPVgp,vertebrates,DNA,linear,1.59183673469388,0.594059405940594,0.408163265306122,1.40594059405941,1.76666666666667,0.266666666666667,0.2,1.76666666666667,4.98305084745763,0.233766233766234,0.101694915254237,2.1038961038961,0.846153846153846,0.192307692307692,1,1.96153846153846,1.87012987012987,0.375,0.12987012987013,1.625,2.74157303370787,0,0.179775280898876,1.07865168539326,0.101694915254237,0.508474576271186,0.203389830508475,0.101694915254237,0.918367346938776,0.122448979591837,0.183673469387755,1.28571428571429,1.73809523809524,0.631578947368421,0.261904761904762,1.36842105263158,2.34042553191489,0.340425531914894,0.25531914893617,1.06382978723404,1.5,0.269230769230769,0.538461538461538,1.69230769230769,1.43820224719101,0.224719101123595,0.629213483146067,1.70786516853933,3,0.333333333333333,0,1.66666666666667,1.16883116883117,0.0779220779220779,0.311688311688312,2.1038961038961,0,0.0909090909090909,1,1.90909090909091,2.51020408163265,0.0983606557377049,0.979591836734694,1.90163934426229
