virus,realm,host,locus_tag,AAA,AAC,AAG,AAT,ACA,ACC,ACG,ACT,AGA,AGC,AGG,AGT,ATA,ATC,ATG,ATT,CAA,CAC,CAG,CAT,CCA,CCC,CCG,CCT,CGA,CGC,CGG,CGT,CTA,CTC,CTG,CTT,GAA,GAC,GAG,GAT,GCA,GCC,GCG,GCT,GGA,GGC,GGG,GGT,GTA,GTC,GTG,GTT,TAA,TAC,TAG,TAT,TCA,TCC,TCG,TCT,TGA,TGC,TGG,TGT,TTA,TTC,TTG,TTT
Canna yellow mottle virus,Riboviria,land plants,D1Q04,0.696774193548387,1.23595505617978,1.30322580645161,0.764044943820225,1.38317757009346,0.85981308411215,0.598130841121495,1.1588785046729,2.4,0.923076923076923,1.92,0.82051282051282,0.808510638297872,1.14893617021277,1,1.04255319148936,0.901098901098901,1.08571428571429,1.0989010989011,0.914285714285714,1.4025974025974,1.14285714285714,0.363636363636364,1.09090909090909,0.624,0.24,0.384,0.432,0.942408376963351,0.879581151832461,2.04188481675393,0.691099476439791,1.13829787234043,1.28695652173913,0.861702127659574,0.71304347826087,0.784313725490196,1.64705882352941,0.705882352941177,0.862745098039216,1.64285714285714,0.785714285714286,0.857142857142857,0.714285714285714,0.720720720720721,0.972972972972973,1.44144144144144,0.864864864864865,0,1.16666666666667,0,0.833333333333333,1.02564102564103,1.48717948717949,0.512820512820513,1.23076923076923,3,1.33333333333333,1,0.666666666666667,0.722513089005236,1.35384615384615,0.722513089005236,0.646153846153846
