virus,realm,locus_tag,host,type,shape,AAA,AAC,AAG,AAT,ACA,ACC,ACG,ACT,AGA,AGC,AGG,AGT,ATA,ATC,ATG,ATT,CAA,CAC,CAG,CAT,CCA,CCC,CCG,CCT,CGA,CGC,CGG,CGT,CTA,CTC,CTG,CTT,GAA,GAC,GAG,GAT,GCA,GCC,GCG,GCT,GGA,GGC,GGG,GGT,GTA,GTC,GTG,GTT,TAA,TAC,TAG,TAT,TCA,TCC,TCG,TCT,TGA,TGC,TGG,TGT,TTA,TTC,TTG,TTT
Capraria yellow spot Yucatan virus,Monodnaviria,N807,land plants,DNA,circular,0.711111111111111,1.01123595505618,1.28888888888889,0.98876404494382,1.18518518518519,0.740740740740741,0.938271604938272,1.1358024691358,1.63157894736842,0.666666666666667,1.47368421052632,0.708333333333333,1.13333333333333,0.866666666666667,1,1,1.03846153846154,1.05263157894737,0.961538461538462,0.947368421052632,1.47619047619048,1.14285714285714,0.714285714285714,0.666666666666667,0.526315789473684,0.473684210526316,0.578947368421053,1.31578947368421,0.524271844660194,1.33980582524272,0.87378640776699,0.990291262135922,0.65625,0.935064935064935,1.34375,1.06493506493506,0.95,1.05,0.6,1.4,1.21518987341772,0.658227848101266,1.06329113924051,1.06329113924051,0.73469387755102,0.938775510204082,1.10204081632653,1.22448979591837,2.14285714285714,1.2258064516129,0.428571428571429,0.774193548387097,1.375,1.16666666666667,0.708333333333333,1.375,0.428571428571429,0.928571428571429,1,1.07142857142857,0.932038834951456,1.32432432432432,1.33980582524272,0.675675675675676
