virus,realm,host,locus_tag,AAA,AAC,AAG,AAT,ACA,ACC,ACG,ACT,AGA,AGC,AGG,AGT,ATA,ATC,ATG,ATT,CAA,CAC,CAG,CAT,CCA,CCC,CCG,CCT,CGA,CGC,CGG,CGT,CTA,CTC,CTG,CTT,GAA,GAC,GAG,GAT,GCA,GCC,GCG,GCT,GGA,GGC,GGG,GGT,GTA,GTC,GTG,GTT,TAA,TAC,TAG,TAT,TCA,TCC,TCG,TCT,TGA,TGC,TGG,TGT,TTA,TTC,TTG,TTT
Capra hircus papillomavirus 1,NA,NA,CHPV1,1.312,0.826923076923077,0.688,1.17307692307692,1.6,0.8,0.331034482758621,1.26896551724138,1.51612903225806,1.01234567901235,1,1.18518518518519,1.13513513513514,0.351351351351351,1,1.51351351351351,0.848,0.903225806451613,1.152,1.09677419354839,1.25405405405405,0.778378378378378,0.540540540540541,1.42702702702703,1.12903225806452,0.935483870967742,0.870967741935484,0.548387096774194,0.890829694323144,0.445414847161572,1.10043668122271,0.890829694323144,1.17567567567568,0.993710691823899,0.824324324324324,1.0062893081761,1.16312056737589,0.851063829787234,0.51063829787234,1.47517730496454,1.03370786516854,0.876404494382023,1.37078651685393,0.719101123595506,1.01298701298701,0.467532467532468,1.32467532467532,1.19480519480519,1.71428571428571,0.72289156626506,0.428571428571429,1.27710843373494,1.08641975308642,1.1358024691358,0.320987654320988,1.25925925925926,0.857142857142857,0.763636363636364,1,1.23636363636364,1.91266375545852,0.504672897196262,0.759825327510917,1.49532710280374
