virus,realm,locus_tag,host,type,shape,AAA,AAC,AAG,AAT,ACA,ACC,ACG,ACT,AGA,AGC,AGG,AGT,ATA,ATC,ATG,ATT,CAA,CAC,CAG,CAT,CCA,CCC,CCG,CCT,CGA,CGC,CGG,CGT,CTA,CTC,CTG,CTT,GAA,GAC,GAG,GAT,GCA,GCC,GCG,GCT,GGA,GGC,GGG,GGT,GTA,GTC,GTG,GTT,TAA,TAC,TAG,TAT,TCA,TCC,TCG,TCT,TGA,TGC,TGG,TGT,TTA,TTC,TTG,TTT
Captovirus AFV1,Adnaviria,AFV1,archaea,NA,NA,1.11949685534591,0.977346278317152,0.880503144654088,1.02265372168285,2.26183844011142,0.311977715877437,0.367688022284123,1.05849582172702,3.9288256227758,0.847058823529412,1.5373665480427,2.00470588235294,1.9491833030853,0.37568058076225,1,0.67513611615245,0.877828054298643,0.526315789473684,1.12217194570136,1.47368421052632,1.92857142857143,0.214285714285714,0.964285714285714,0.892857142857143,0.106761565836299,0.0427046263345196,0.106761565836299,0.277580071174377,1.40425531914894,0.235679214402619,1.20785597381342,0.726677577741408,1.2801724137931,1.04398826979472,0.719827586206897,0.956011730205279,2.31511254019293,0.334405144694534,0.334405144694534,1.01607717041801,1.13294797687861,0.416184971098266,0.855491329479769,1.59537572254335,1.78632478632479,0.461538461538462,0.786324786324786,0.965811965811966,1.275,0.85,0.225,1.15,1.59529411764706,0.127058823529412,0.254117647058824,1.17176470588235,1.5,0.571428571428571,1,1.42857142857143,1.5417348608838,0.74468085106383,0.88379705400982,1.25531914893617
