virus,realm,host,locus_tag,AAA,AAC,AAG,AAT,ACA,ACC,ACG,ACT,AGA,AGC,AGG,AGT,ATA,ATC,ATG,ATT,CAA,CAC,CAG,CAT,CCA,CCC,CCG,CCT,CGA,CGC,CGG,CGT,CTA,CTC,CTG,CTT,GAA,GAC,GAG,GAT,GCA,GCC,GCG,GCT,GGA,GGC,GGG,GGT,GTA,GTC,GTG,GTT,TAA,TAC,TAG,TAT,TCA,TCC,TCG,TCT,TGA,TGC,TGG,TGT,TTA,TTC,TTG,TTT
Caraparu virus,Riboviria,human:invertebrates:vertebrates,CAU81,1.31313131313131,0.521400778210117,0.686868686868687,1.47859922178988,2.01639344262295,0.377049180327869,0.229508196721311,1.37704918032787,3.38121546961326,0.721804511278195,1.55801104972376,1.10526315789474,1.46938775510204,0.559766763848397,1,0.970845481049563,1.31914893617021,0.466666666666667,0.680851063829787,1.53333333333333,1.73529411764706,0.323529411764706,0.470588235294118,1.47058823529412,0.364640883977901,0.232044198895028,0.298342541436464,0.165745856353591,1.08064516129032,0.338709677419355,0.580645161290323,0.645161290322581,1.464,0.566037735849057,0.536,1.43396226415094,1.72549019607843,0.490196078431373,0.215686274509804,1.56862745098039,1.45029239766082,0.631578947368421,0.95906432748538,0.95906432748538,1.07216494845361,0.783505154639175,0.680412371134021,1.4639175257732,1.5,0.679738562091503,0.75,1.3202614379085,1.7593984962406,0.270676691729323,0.541353383458647,1.6015037593985,0.75,1.02608695652174,1,0.973913043478261,2.16129032258065,0.804020100502513,1.19354838709677,1.19597989949749
