virus,realm,locus_tag,host,type,shape,AAA,AAC,AAG,AAT,ACA,ACC,ACG,ACT,AGA,AGC,AGG,AGT,ATA,ATC,ATG,ATT,CAA,CAC,CAG,CAT,CCA,CCC,CCG,CCT,CGA,CGC,CGG,CGT,CTA,CTC,CTG,CTT,GAA,GAC,GAG,GAT,GCA,GCC,GCG,GCT,GGA,GGC,GGG,GGT,GTA,GTC,GTG,GTT,TAA,TAC,TAG,TAT,TCA,TCC,TCG,TCT,TGA,TGC,TGG,TGT,TTA,TTC,TTG,TTT
Cardiospermum yellow leaf curl betasatellite,Tolecusatellitidae,CaYLCVb,land plants,DNA,circular,1.25,1,0.75,1,1.33333333333333,0.444444444444444,0,2.22222222222222,NA,1.63636363636364,NA,0.545454545454545,1,0.75,1,1.25,1.42857142857143,0,0.571428571428571,2,1.6,0,0,2.4,NA,NA,NA,NA,1.89473684210526,0.631578947368421,0.947368421052632,1.57894736842105,1.42857142857143,0,0.571428571428571,2,0,4,0,0,0,2.66666666666667,1.33333333333333,0,0.8,1.2,0.4,1.6,3,1.5,0,0.5,1.09090909090909,0.545454545454545,0,2.18181818181818,0,0,NA,2,0.631578947368421,0.666666666666667,0.315789473684211,1.33333333333333
