virus,realm,locus_tag,host,type,shape,AAA,AAC,AAG,AAT,ACA,ACC,ACG,ACT,AGA,AGC,AGG,AGT,ATA,ATC,ATG,ATT,CAA,CAC,CAG,CAT,CCA,CCC,CCG,CCT,CGA,CGC,CGG,CGT,CTA,CTC,CTG,CTT,GAA,GAC,GAG,GAT,GCA,GCC,GCG,GCT,GGA,GGC,GGG,GGT,GTA,GTC,GTG,GTT,TAA,TAC,TAG,TAT,TCA,TCC,TCG,TCT,TGA,TGC,TGG,TGT,TTA,TTC,TTG,TTT
Carrot cryptic virus,Riboviria,D1S76,land plants,RNA,linear,1.11764705882353,1.16923076923077,0.882352941176471,0.830769230769231,0.746666666666667,1.70666666666667,0.213333333333333,1.33333333333333,0.67741935483871,0.67741935483871,0.193548387096774,0.483870967741935,0.626865671641791,1.2089552238806,1,1.16417910447761,1.30434782608696,1.25581395348837,0.695652173913043,0.744186046511628,0.651162790697674,0.976744186046512,0.372093023255814,2,0.774193548387097,2.03225806451613,0.387096774193548,1.93548387096774,0.91304347826087,2.08695652173913,0.782608695652174,1.76086956521739,1.58333333333333,1.14285714285714,0.416666666666667,0.857142857142857,0.488888888888889,1.42222222222222,0.0888888888888889,2,1.16363636363636,1.45454545454545,0.290909090909091,1.09090909090909,0.888888888888889,2.04444444444444,0.266666666666667,0.8,1.5,1.32142857142857,1.5,0.678571428571429,0.870967741935484,1.25806451612903,0,2.70967741935484,0,0.888888888888889,1,1.11111111111111,0.260869565217391,1.28358208955224,0.195652173913043,0.716417910447761
