virus,realm,host,locus_tag,AAA,AAC,AAG,AAT,ACA,ACC,ACG,ACT,AGA,AGC,AGG,AGT,ATA,ATC,ATG,ATT,CAA,CAC,CAG,CAT,CCA,CCC,CCG,CCT,CGA,CGC,CGG,CGT,CTA,CTC,CTG,CTT,GAA,GAC,GAG,GAT,GCA,GCC,GCG,GCT,GGA,GGC,GGG,GGT,GTA,GTC,GTG,GTT,TAA,TAC,TAG,TAT,TCA,TCC,TCG,TCT,TGA,TGC,TGG,TGT,TTA,TTC,TTG,TTT
Cattle blood-associated gemycircularvirus,NA,NA,EXH98,1.62068965517241,0.415094339622642,0.379310344827586,1.58490566037736,1.82456140350877,0.701754385964912,0.210526315789474,1.26315789473684,3.39622641509434,0.130434782608696,0.566037735849057,1.69565217391304,0.75,0.5,1,1.75,1.5,0.125,0.5,1.875,2.59459459459459,0.108108108108108,0.216216216216216,1.08108108108108,0.339622641509434,0.113207547169811,0.113207547169811,1.47169811320755,0.36734693877551,1.10204081632653,0.122448979591837,1.22448979591837,1.63157894736842,0.444444444444444,0.368421052631579,1.55555555555556,1.62162162162162,0.432432432432432,0.108108108108108,1.83783783783784,1.78947368421053,0.105263157894737,0,2.10526315789474,1.95555555555556,0.266666666666667,0.0888888888888889,1.68888888888889,3,0.711111111111111,0,1.28888888888889,1.43478260869565,0.782608695652174,0.260869565217391,1.69565217391304,0,0.25,1,1.75,2.44897959183673,0.82051282051282,0.73469387755102,1.17948717948718
