virus,realm,locus_tag,host,type,shape,AAA,AAC,AAG,AAT,ACA,ACC,ACG,ACT,AGA,AGC,AGG,AGT,ATA,ATC,ATG,ATT,CAA,CAC,CAG,CAT,CCA,CCC,CCG,CCT,CGA,CGC,CGG,CGT,CTA,CTC,CTG,CTT,GAA,GAC,GAG,GAT,GCA,GCC,GCG,GCT,GGA,GGC,GGG,GGT,GTA,GTC,GTG,GTT,TAA,TAC,TAG,TAT,TCA,TCC,TCG,TCT,TGA,TGC,TGG,TGT,TTA,TTC,TTG,TTT
Caulobacter phage CcrRogue,Duplodnaviria,D869,bacteria,DNA,linear,0.11629392971246,1.81845536609829,1.88370607028754,0.181544633901705,0.018348623853211,2.66344760985031,1.23418638338967,0.0840173829068083,0.0267439268999331,1.7358922944715,0.160463561399599,0.0515611572615296,0.0143907898944675,2.85321394307643,1,0.132395267029101,0.375057313159101,1.62025316455696,1.6249426868409,0.379746835443038,0.0561443712403323,1.52277284445718,2.18504726439416,0.236035519908336,0.0802317806997994,4.17472698907956,1.10452418096724,0.453309560953867,0.0424451296934518,1.72719027752585,3.66987121349537,0.299292581171776,0.556066844272221,1.69785445697854,1.44393315572778,0.302145543021455,0.0612907414621478,2.52382807427607,1.20711595896637,0.207765225295416,0.10270940322295,3.08624048167168,0.469629891978041,0.341420223127324,0.0229396771452846,2.61172472387426,1.19966015293118,0.165675446049278,0.591428571428571,1.58881256133464,0.565714285714286,0.411187438665358,0.0498424520194787,1.41965052993412,2.58837009452879,0.154683471784589,1.84285714285714,1.83809523809524,1,0.161904761904762,0.00544168329403229,1.86656138965653,0.255759114819518,0.133438610343466
