virus,realm,locus_tag,host,type,shape,AAA,AAC,AAG,AAT,ACA,ACC,ACG,ACT,AGA,AGC,AGG,AGT,ATA,ATC,ATG,ATT,CAA,CAC,CAG,CAT,CCA,CCC,CCG,CCT,CGA,CGC,CGG,CGT,CTA,CTC,CTG,CTT,GAA,GAC,GAG,GAT,GCA,GCC,GCG,GCT,GGA,GGC,GGG,GGT,GTA,GTC,GTG,GTT,TAA,TAC,TAG,TAT,TCA,TCC,TCG,TCT,TGA,TGC,TGG,TGT,TTA,TTC,TTG,TTT
Cauliflower mosaic virus,Riboviria,CaMVgp,land plants,DNA,circular,1.00380228136882,0.887323943661972,0.996197718631179,1.11267605633803,1.17647058823529,1.32352941176471,0.382352941176471,1.11764705882353,3.33333333333333,1.21348314606742,1.2,0.808988764044944,0.790322580645161,1.19354838709677,1,1.01612903225806,1.5045871559633,0.833333333333333,0.495412844036697,1.16666666666667,1.74545454545455,0.909090909090909,0.327272727272727,1.01818181818182,0.8,0.2,0.133333333333333,0.333333333333333,1.11219512195122,1.2,0.380487804878049,1.34634146341463,1.45177664974619,0.925619834710744,0.548223350253807,1.07438016528926,1.34453781512605,1.00840336134454,0.436974789915966,1.21008403361345,2.33898305084746,0.508474576271186,0.203389830508475,0.949152542372881,0.961538461538462,1,0.576923076923077,1.46153846153846,1.71428571428571,1.22666666666667,0.428571428571429,0.773333333333333,1.38202247191011,0.876404494382023,0.573033707865168,1.14606741573034,0.857142857142857,0.923076923076923,1,1.07692307692308,1.43414634146341,1.18681318681319,0.526829268292683,0.813186813186813
