virus,realm,host,locus_tag,AAA,AAC,AAG,AAT,ACA,ACC,ACG,ACT,AGA,AGC,AGG,AGT,ATA,ATC,ATG,ATT,CAA,CAC,CAG,CAT,CCA,CCC,CCG,CCT,CGA,CGC,CGG,CGT,CTA,CTC,CTG,CTT,GAA,GAC,GAG,GAT,GCA,GCC,GCG,GCT,GGA,GGC,GGG,GGT,GTA,GTC,GTG,GTT,TAA,TAC,TAG,TAT,TCA,TCC,TCG,TCT,TGA,TGC,TGG,TGT,TTA,TTC,TTG,TTT
Celery latent virus,Riboviria,land plants,KM671,1.24166666666667,0.781065088757396,0.758333333333333,1.2189349112426,1.53448275862069,0.620689655172414,0.53448275862069,1.31034482758621,1.44943820224719,0.763636363636364,0.97752808988764,1.04727272727273,0.713592233009709,0.699029126213592,1,1.5873786407767,1.5,0.679611650485437,0.5,1.32038834951456,2.31325301204819,0.409638554216867,0.385542168674699,0.891566265060241,1.61797752808989,0.50561797752809,0.370786516853933,1.07865168539326,0.78169014084507,0.612676056338028,0.507042253521127,1.11971830985915,1.19811320754717,0.41340782122905,0.80188679245283,1.58659217877095,1.60885608856089,0.428044280442804,0.383763837638376,1.57933579335793,1.66990291262136,0.485436893203884,0.58252427184466,1.2621359223301,0.661016949152542,0.372881355932203,1.33898305084746,1.6271186440678,3,0.714285714285714,0,1.28571428571429,1.89818181818182,0.698181818181818,0.349090909090909,1.24363636363636,0,0.645161290322581,1,1.35483870967742,1.22535211267606,0.96,1.75352112676056,1.04
