virus,realm,locus_tag,host,type,shape,AAA,AAC,AAG,AAT,ACA,ACC,ACG,ACT,AGA,AGC,AGG,AGT,ATA,ATC,ATG,ATT,CAA,CAC,CAG,CAT,CCA,CCC,CCG,CCT,CGA,CGC,CGG,CGT,CTA,CTC,CTG,CTT,GAA,GAC,GAG,GAT,GCA,GCC,GCG,GCT,GGA,GGC,GGG,GGT,GTA,GTC,GTG,GTT,TAA,TAC,TAG,TAT,TCA,TCC,TCG,TCT,TGA,TGC,TGG,TGT,TTA,TTC,TTG,TTT
Cellulophaga phage phi14:2,Duplodnaviria,N356,bacteria,DNA,circular,1.57949479940565,0.491094147582697,0.420505200594354,1.5089058524173,1.6336032388664,0.180161943319838,0.109311740890688,2.07692307692308,4.32127096204766,0.276041666666667,0.407766990291262,1.86197916666667,1.37960687960688,0.253071253071253,1,1.36732186732187,1.65873836608066,0.289416846652268,0.341261633919338,1.71058315334773,1.36853685368537,0.123212321232123,0.0484048404840484,2.45984598459846,0.386584289496911,0.0635481023830538,0.0211827007943513,0.799646954986761,0.560096153846154,0.0625,0.0913461538461538,0.879807692307692,1.61673414304993,0.298993770963105,0.383265856950067,1.7010062290369,1.06167706167706,0.14968814968815,0.227304227304227,2.56133056133056,1.13725490196078,0.122004357298475,0.145969498910675,2.59477124183007,2.09245172615565,0.131070801638385,0.236395552954944,1.54008191925102,2.32432432432432,0.383321141185077,0.324324324324324,1.61667885881492,1.640625,0.140625,0.171875,1.90885416666667,0.351351351351351,0.272727272727273,1,1.72727272727273,3.91586538461538,0.490513000702741,0.490384615384615,1.50948699929726
