virus,realm,host,locus_tag,AAA,AAC,AAG,AAT,ACA,ACC,ACG,ACT,AGA,AGC,AGG,AGT,ATA,ATC,ATG,ATT,CAA,CAC,CAG,CAT,CCA,CCC,CCG,CCT,CGA,CGC,CGG,CGT,CTA,CTC,CTG,CTT,GAA,GAC,GAG,GAT,GCA,GCC,GCG,GCT,GGA,GGC,GGG,GGT,GTA,GTC,GTG,GTT,TAA,TAC,TAG,TAT,TCA,TCC,TCG,TCT,TGA,TGC,TGG,TGT,TTA,TTC,TTG,TTT
Cellulophaga phage phi19:1,Duplodnaviria,bacteria,Phi19,1.41430332922318,0.875981161695447,0.585696670776819,1.12401883830455,1.97849462365591,0.236559139784946,0.383512544802867,1.40143369175627,3.97389885807504,0.910543130990415,0.929853181076672,1.58626198083067,1.614576033637,0.193412754029432,1,1.19201121233357,1.71819960861057,0.816666666666667,0.281800391389432,1.18333333333333,1.69902912621359,0.155339805825243,0.349514563106796,1.79611650485437,0.381729200652529,0.127243066884176,0.0489396411092985,0.538336052202284,0.809032258064516,0.0270967741935484,0.0774193548387097,0.828387096774194,1.55164131305044,0.535135135135135,0.44835868694956,1.46486486486486,1.45494994438265,0.186874304783092,0.520578420467186,1.83759733036707,1.73484069886948,0.332990750256937,0.23021582733813,1.70195272353546,1.54863078375826,0.162417374881964,0.336166194523135,1.95278564683664,2.23684210526316,0.815483870967742,0.394736842105263,1.18451612903226,1.34664536741214,0.153354632587859,0.201277955271566,1.80191693290735,0.368421052631579,0.805687203791469,1,1.19431279620853,3.47612903225806,0.443890274314214,0.781935483870968,1.55610972568579
