virus,realm,locus_tag,host,type,shape,AAA,AAC,AAG,AAT,ACA,ACC,ACG,ACT,AGA,AGC,AGG,AGT,ATA,ATC,ATG,ATT,CAA,CAC,CAG,CAT,CCA,CCC,CCG,CCT,CGA,CGC,CGG,CGT,CTA,CTC,CTG,CTT,GAA,GAC,GAG,GAT,GCA,GCC,GCG,GCT,GGA,GGC,GGG,GGT,GTA,GTC,GTG,GTT,TAA,TAC,TAG,TAT,TCA,TCC,TCG,TCT,TGA,TGC,TGG,TGT,TTA,TTC,TTG,TTT
Ceratocystis resinifera virus 1,Riboviria,CrPaV,fungi,RNA,linear,1.27586206896552,0.888888888888889,0.724137931034483,1.11111111111111,0.558139534883721,1.30232558139535,0.558139534883721,1.58139534883721,1.42857142857143,0.19047619047619,0,0.523809523809524,0.315789473684211,1.10526315789474,1,1.57894736842105,1.42222222222222,1.04,0.577777777777778,0.96,0.577319587628866,1.19587628865979,0.247422680412371,1.97938144329897,1.23809523809524,1.80952380952381,0.476190476190476,1.04761904761905,0.528,1.776,0.672,2.112,1.64,0.944444444444444,0.36,1.05555555555556,0.790123456790123,1.08641975308642,0.296296296296296,1.82716049382716,1.13207547169811,1.13207547169811,0.150943396226415,1.58490566037736,0.906666666666667,0.906666666666667,0.213333333333333,1.97333333333333,0,0.947368421052632,1.5,1.05263157894737,1.42857142857143,1.57142857142857,0.238095238095238,2.04761904761905,1.5,0.823529411764706,1,1.17647058823529,0.48,1.01234567901235,0.432,0.987654320987654
