virus,realm,locus_tag,host,type,shape,AAA,AAC,AAG,AAT,ACA,ACC,ACG,ACT,AGA,AGC,AGG,AGT,ATA,ATC,ATG,ATT,CAA,CAC,CAG,CAT,CCA,CCC,CCG,CCT,CGA,CGC,CGG,CGT,CTA,CTC,CTG,CTT,GAA,GAC,GAG,GAT,GCA,GCC,GCG,GCT,GGA,GGC,GGG,GGT,GTA,GTC,GTG,GTT,TAA,TAC,TAG,TAT,TCA,TCC,TCG,TCT,TGA,TGC,TGG,TGT,TTA,TTC,TTG,TTT
Ceratocystis polonica partitivirus,Riboviria,CPPV,fungi,RNA,linear,1.28813559322034,0.793650793650794,0.711864406779661,1.20634920634921,0.571428571428571,1.09090909090909,0.623376623376623,1.71428571428571,1.59375,0.217391304347826,0,0.391304347826087,0.584415584415584,0.974025974025974,1,1.44155844155844,1.36363636363636,1.1063829787234,0.636363636363636,0.893617021276596,0.646464646464647,1.13131313131313,0.323232323232323,1.8989898989899,1.21875,1.59375,0.46875,1.125,0.67741935483871,1.5,0.774193548387097,1.69354838709677,1.6,0.88,0.4,1.12,0.691358024691358,0.987654320987654,0.395061728395062,1.92592592592593,1.28,1.12,0.08,1.52,0.8,1.17333333333333,0.266666666666667,1.76,0,1.19354838709677,1.5,0.806451612903226,1.34782608695652,1.78260869565217,0.391304347826087,1.8695652173913,1.5,0.555555555555556,1,1.44444444444444,0.774193548387097,1.05128205128205,0.580645161290323,0.948717948717949
