virus,realm,locus_tag,host,type,shape,AAA,AAC,AAG,AAT,ACA,ACC,ACG,ACT,AGA,AGC,AGG,AGT,ATA,ATC,ATG,ATT,CAA,CAC,CAG,CAT,CCA,CCC,CCG,CCT,CGA,CGC,CGG,CGT,CTA,CTC,CTG,CTT,GAA,GAC,GAG,GAT,GCA,GCC,GCG,GCT,GGA,GGC,GGG,GGT,GTA,GTC,GTG,GTT,TAA,TAC,TAG,TAT,TCA,TCC,TCG,TCT,TGA,TGC,TGG,TGT,TTA,TTC,TTG,TTT
Chaetoceros species RNA virus 02,Riboviria,KM465,eukaryotic algae,RNA,linear,1,0.569105691056911,1,1.43089430894309,0.831168831168831,0.649350649350649,0.337662337662338,2.18181818181818,2.016,0.254545454545455,0.624,1.23636363636364,0.270676691729323,0.518796992481203,1,2.21052631578947,1.36708860759494,0.716981132075472,0.632911392405063,1.28301886792453,1.2280701754386,0.350877192982456,0.315789473684211,2.10526315789474,0.48,0.432,0.24,2.208,0.537735849056604,0.650943396226415,0.19811320754717,1.44339622641509,1.29801324503311,0.382165605095541,0.701986754966887,1.61783439490446,1.03157894736842,0.757894736842105,0.231578947368421,1.97894736842105,1.50617283950617,0.419753086419753,0.320987654320988,1.75308641975309,0.832369942196532,0.601156069364162,0.578034682080925,1.98843930635838,1.5,0.75,1.5,1.25,0.909090909090909,0.872727272727273,0.327272727272727,2.4,0,0.708333333333333,1,1.29166666666667,1.27358490566038,0.793388429752066,1.89622641509434,1.20661157024793
