virus,realm,host,locus_tag,AAA,AAC,AAG,AAT,ACA,ACC,ACG,ACT,AGA,AGC,AGG,AGT,ATA,ATC,ATG,ATT,CAA,CAC,CAG,CAT,CCA,CCC,CCG,CCT,CGA,CGC,CGG,CGT,CTA,CTC,CTG,CTT,GAA,GAC,GAG,GAT,GCA,GCC,GCG,GCT,GGA,GGC,GGG,GGT,GTA,GTC,GTG,GTT,TAA,TAC,TAG,TAT,TCA,TCC,TCG,TCT,TGA,TGC,TGG,TGT,TTA,TTC,TTG,TTT
Changjiang picorna-like virus 6,Riboviria,invertebrates,BWV95,0.430769230769231,0.851485148514851,1.56923076923077,1.14851485148515,1.12,0.822857142857143,0.685714285714286,1.37142857142857,0.871794871794872,0.619565217391304,1.28205128205128,1.33695652173913,1.21487603305785,0.768595041322314,1,1.01652892561983,0.675675675675676,0.727272727272727,1.32432432432432,1.27272727272727,1.26495726495726,0.512820512820513,0.478632478632479,1.74358974358974,0.666666666666667,1.43589743589744,0.205128205128205,1.53846153846154,0.230769230769231,0.461538461538462,0.758241758241758,1.71428571428571,0.553571428571429,0.717557251908397,1.44642857142857,1.2824427480916,1.1214953271028,0.878504672897196,0.523364485981308,1.47663551401869,0.64804469273743,1.09497206703911,0.603351955307263,1.6536312849162,0.631578947368421,0.568421052631579,1.38947368421053,1.41052631578947,0,0.571428571428571,3,1.42857142857143,1.5,0.619565217391304,0.58695652173913,1.33695652173913,0,1.03448275862069,1,0.96551724137931,0.824175824175824,0.396694214876033,2.01098901098901,1.60330578512397
