virus,realm,host,locus_tag,AAA,AAC,AAG,AAT,ACA,ACC,ACG,ACT,AGA,AGC,AGG,AGT,ATA,ATC,ATG,ATT,CAA,CAC,CAG,CAT,CCA,CCC,CCG,CCT,CGA,CGC,CGG,CGT,CTA,CTC,CTG,CTT,GAA,GAC,GAG,GAT,GCA,GCC,GCG,GCT,GGA,GGC,GGG,GGT,GTA,GTC,GTG,GTT,TAA,TAC,TAG,TAT,TCA,TCC,TCG,TCT,TGA,TGC,TGG,TGT,TTA,TTC,TTG,TTT
Changjiang crawfish virus 6,Riboviria,invertebrates,BWV53,1.37674418604651,0.491978609625668,0.623255813953488,1.50802139037433,1.5,0.708333333333333,0.479166666666667,1.3125,1.94244604316547,0.512820512820513,1.03597122302158,1.58974358974359,1.23880597014925,0.417910447761194,1,1.34328358208955,1.62790697674419,0.466666666666667,0.372093023255814,1.53333333333333,1.45161290322581,0.354838709677419,0.612903225806452,1.58064516129032,1.03597122302158,0.690647482014389,0.215827338129496,1.07913669064748,0.516393442622951,0.516393442622951,0.418032786885246,1.08196721311475,1.51428571428571,0.662420382165605,0.485714285714286,1.33757961783439,0.673684210526316,0.568421052631579,0.4,2.35789473684211,0.993630573248408,0.687898089171974,0.535031847133758,1.78343949044586,0.507317073170732,0.604878048780488,0.682926829268293,2.20487804878049,1.5,0.758620689655172,1.5,1.24137931034483,1.05128205128205,0.666666666666667,0.538461538461538,1.64102564102564,0,0.461538461538462,1,1.53846153846154,2.13934426229508,0.529032258064516,1.32786885245902,1.47096774193548
