virus,realm,locus_tag,host,type,shape,AAA,AAC,AAG,AAT,ACA,ACC,ACG,ACT,AGA,AGC,AGG,AGT,ATA,ATC,ATG,ATT,CAA,CAC,CAG,CAT,CCA,CCC,CCG,CCT,CGA,CGC,CGG,CGT,CTA,CTC,CTG,CTT,GAA,GAC,GAG,GAT,GCA,GCC,GCG,GCT,GGA,GGC,GGG,GGT,GTA,GTC,GTG,GTT,TAA,TAC,TAG,TAT,TCA,TCC,TCG,TCT,TGA,TGC,TGG,TGT,TTA,TTC,TTG,TTT
Changjiang tombus-like virus 4,Riboviria,BWV74,invertebrates,RNA,linear,0.5,1,1.5,1,0.537313432835821,1.3134328358209,0.716417910447761,1.43283582089552,0.348837209302326,1.85185185185185,1.46511627906977,0.962962962962963,0.51219512195122,1.39024390243902,1,1.09756097560976,0.578947368421053,1.08333333333333,1.42105263157895,0.916666666666667,1.48387096774194,1.09677419354839,0.451612903225806,0.967741935483871,0.488372093023256,1.32558139534884,1.6046511627907,0.767441860465116,0.627906976744186,0.976744186046512,1.74418604651163,0.767441860465116,0.274509803921569,1,1.72549019607843,1,0.80672268907563,1.2436974789916,0.504201680672269,1.4453781512605,0.547368421052632,1.6,1.09473684210526,0.757894736842105,0.311688311688312,1.2987012987013,1.50649350649351,0.883116883116883,0,1.17241379310345,2,0.827586206896552,0.888888888888889,1.18518518518519,0.444444444444444,0.666666666666667,1,1.38461538461538,1,0.615384615384615,0.27906976744186,1.10526315789474,1.6046511627907,0.894736842105263
