virus,realm,host,locus_tag,AAA,AAC,AAG,AAT,ACA,ACC,ACG,ACT,AGA,AGC,AGG,AGT,ATA,ATC,ATG,ATT,CAA,CAC,CAG,CAT,CCA,CCC,CCG,CCT,CGA,CGC,CGG,CGT,CTA,CTC,CTG,CTT,GAA,GAC,GAG,GAT,GCA,GCC,GCG,GCT,GGA,GGC,GGG,GGT,GTA,GTC,GTG,GTT,TAA,TAC,TAG,TAT,TCA,TCC,TCG,TCT,TGA,TGC,TGG,TGT,TTA,TTC,TTG,TTT
Changjiang picorna-like virus 2,Riboviria,invertebrates,BWV39,1.37984496124031,0.330827067669173,0.62015503875969,1.66917293233083,1.28358208955224,0.597014925373134,0.208955223880597,1.91044776119403,1.66666666666667,0.174418604651163,0.0555555555555556,1.7093023255814,0.294478527607362,0.533742331288344,1,2.17177914110429,1.45945945945946,0.459016393442623,0.540540540540541,1.54098360655738,1.65957446808511,0.553191489361702,0.382978723404255,1.40425531914894,1.38888888888889,0.388888888888889,0.222222222222222,2.27777777777778,0.352941176470588,0.352941176470588,0.141176470588235,1.30588235294118,1.52830188679245,0.126760563380282,0.471698113207547,1.87323943661972,1.0625,0.5,0.28125,2.15625,1.31506849315068,0.219178082191781,0.356164383561644,2.10958904109589,0.805369127516778,0.429530201342282,1.02013422818792,1.74496644295302,3,0.403361344537815,0,1.59663865546218,1.6046511627907,0.488372093023256,0.348837209302326,1.67441860465116,0,0.352941176470588,1,1.64705882352941,1.90588235294118,0.647619047619048,1.94117647058824,1.35238095238095
