virus,realm,locus_tag,host,type,shape,AAA,AAC,AAG,AAT,ACA,ACC,ACG,ACT,AGA,AGC,AGG,AGT,ATA,ATC,ATG,ATT,CAA,CAC,CAG,CAT,CCA,CCC,CCG,CCT,CGA,CGC,CGG,CGT,CTA,CTC,CTG,CTT,GAA,GAC,GAG,GAT,GCA,GCC,GCG,GCT,GGA,GGC,GGG,GGT,GTA,GTC,GTG,GTT,TAA,TAC,TAG,TAT,TCA,TCC,TCG,TCT,TGA,TGC,TGG,TGT,TTA,TTC,TTG,TTT
Changjiang crawfish virus 1,Riboviria,BWV57,invertebrates,RNA,linear,1.28767123287671,0.616666666666667,0.712328767123288,1.38333333333333,1.36170212765957,0.382978723404255,0.404255319148936,1.85106382978723,1.26315789473684,0.247422680412371,0.902255639097744,1.29896907216495,0.553846153846154,0.438461538461538,1,2.00769230769231,1.41666666666667,0.571428571428571,0.583333333333333,1.42857142857143,1.28104575163399,0.496732026143791,0.0784313725490196,2.1437908496732,1.26315789473684,0.947368421052632,0.225563909774436,1.3984962406015,0.207920792079208,0.326732673267327,0.415841584158416,1.75247524752475,1.23076923076923,0.370860927152318,0.769230769230769,1.62913907284768,1.64444444444444,0.6,0.111111111111111,1.64444444444444,1.375,0.45,0.6,1.575,0.43298969072165,0.536082474226804,0.865979381443299,2.16494845360825,1.5,0.659574468085106,1.5,1.34042553191489,1.51546391752577,0.525773195876289,0.402061855670103,2.01030927835052,0,0.464285714285714,1,1.53571428571429,1.03960396039604,0.571428571428571,2.25742574257426,1.42857142857143
