virus,realm,locus_tag,host,type,shape,AAA,AAC,AAG,AAT,ACA,ACC,ACG,ACT,AGA,AGC,AGG,AGT,ATA,ATC,ATG,ATT,CAA,CAC,CAG,CAT,CCA,CCC,CCG,CCT,CGA,CGC,CGG,CGT,CTA,CTC,CTG,CTT,GAA,GAC,GAG,GAT,GCA,GCC,GCG,GCT,GGA,GGC,GGG,GGT,GTA,GTC,GTG,GTT,TAA,TAC,TAG,TAT,TCA,TCC,TCG,TCT,TGA,TGC,TGG,TGT,TTA,TTC,TTG,TTT
Changjiang crawfish virus 7,Riboviria,BWV52,invertebrates,RNA,linear,0.292682926829268,1.5,1.70731707317073,0.5,0.776119402985075,1.55223880597015,0.597014925373134,1.07462686567164,0.289156626506024,2,1.1566265060241,0.947368421052632,0.243243243243243,1.62162162162162,1,1.13513513513514,0.702702702702703,1.53846153846154,1.2972972972973,0.461538461538462,0.347826086956522,1.91304347826087,0.869565217391304,0.869565217391304,0.289156626506024,1.80722891566265,1.59036144578313,0.867469879518072,0.340909090909091,1.36363636363636,2.11363636363636,0.886363636363636,0.310344827586207,1.2,1.68965517241379,0.8,0.524590163934426,1.37704918032787,1.01639344262295,1.08196721311475,0.521739130434783,1.43478260869565,1.17391304347826,0.869565217391304,0.16,1.12,1.76,0.96,0,1.33333333333333,2,0.666666666666667,0.631578947368421,1.36842105263158,0.631578947368421,0.421052631578947,1,1.4,1,0.6,0.340909090909091,1.14285714285714,0.954545454545455,0.857142857142857
