virus,realm,host,locus_tag,AAA,AAC,AAG,AAT,ACA,ACC,ACG,ACT,AGA,AGC,AGG,AGT,ATA,ATC,ATG,ATT,CAA,CAC,CAG,CAT,CCA,CCC,CCG,CCT,CGA,CGC,CGG,CGT,CTA,CTC,CTG,CTT,GAA,GAC,GAG,GAT,GCA,GCC,GCG,GCT,GGA,GGC,GGG,GGT,GTA,GTC,GTG,GTT,TAA,TAC,TAG,TAT,TCA,TCC,TCG,TCT,TGA,TGC,TGG,TGT,TTA,TTC,TTG,TTT
Changjiang picorna-like virus 10,Riboviria,invertebrates,BWV46,0.541353383458647,1.20754716981132,1.45864661654135,0.792452830188679,0.696774193548387,0.645161290322581,1.44516129032258,1.21290322580645,0.20979020979021,1.05699481865285,0.713286713286713,0.932642487046632,0.482142857142857,1.125,1,1.39285714285714,0.686567164179104,1.21739130434783,1.3134328358209,0.782608695652174,0.918032786885246,0.655737704918033,0.819672131147541,1.60655737704918,0.377622377622378,2.89510489510489,0.461538461538462,1.34265734265734,0.25,1.05555555555556,0.777777777777778,1.77777777777778,0.339285714285714,1.10294117647059,1.66071428571429,0.897058823529412,0.823529411764706,0.65546218487395,1.26050420168067,1.26050420168067,0.457831325301205,1.34939759036145,0.409638554216867,1.78313253012048,0.235294117647059,0.81447963800905,1.14027149321267,1.80995475113122,1.5,1.09756097560976,1.5,0.902439024390244,0.77720207253886,0.746113989637306,0.901554404145078,1.58549222797927,0,1.08108108108108,1,0.918918918918919,0.5,0.628099173553719,1.63888888888889,1.37190082644628
