virus,realm,locus_tag,host,type,shape,AAA,AAC,AAG,AAT,ACA,ACC,ACG,ACT,AGA,AGC,AGG,AGT,ATA,ATC,ATG,ATT,CAA,CAC,CAG,CAT,CCA,CCC,CCG,CCT,CGA,CGC,CGG,CGT,CTA,CTC,CTG,CTT,GAA,GAC,GAG,GAT,GCA,GCC,GCG,GCT,GGA,GGC,GGG,GGT,GTA,GTC,GTG,GTT,TAA,TAC,TAG,TAT,TCA,TCC,TCG,TCT,TGA,TGC,TGG,TGT,TTA,TTC,TTG,TTT
Cherry necrotic rusty mottle virus,Riboviria,Cnrmvgp,land plants,ss-RNA,linear,1.05825242718447,0.732394366197183,0.941747572815534,1.26760563380282,1.16666666666667,0.722222222222222,0.361111111111111,1.75,2.96153846153846,1.01438848920863,1.61538461538462,1.33812949640288,0.497142857142857,0.702857142857143,1,1.8,1.25531914893617,1.02941176470588,0.74468085106383,0.970588235294118,1.57264957264957,0.683760683760684,0.273504273504274,1.47008547008547,0.423076923076923,0.384615384615385,0.0769230769230769,0.538461538461538,0.498461538461538,0.886153846153846,0.793846153846154,1.47692307692308,1.09473684210526,0.635135135135135,0.905263157894737,1.36486486486486,1.25274725274725,0.637362637362637,0.263736263736264,1.84615384615385,0.88622754491018,0.718562874251497,0.982035928143713,1.41317365269461,0.508670520231214,0.716763005780347,1.0635838150289,1.71098265895954,0.857142857142857,0.943820224719101,0.857142857142857,1.0561797752809,1.27338129496403,0.798561151079137,0.172661870503597,1.40287769784173,1.28571428571429,0.9,1,1.1,0.886153846153846,0.810526315789474,1.45846153846154,1.18947368421053
