virus,realm,locus_tag,host,type,shape,AAA,AAC,AAG,AAT,ACA,ACC,ACG,ACT,AGA,AGC,AGG,AGT,ATA,ATC,ATG,ATT,CAA,CAC,CAG,CAT,CCA,CCC,CCG,CCT,CGA,CGC,CGG,CGT,CTA,CTC,CTG,CTT,GAA,GAC,GAG,GAT,GCA,GCC,GCG,GCT,GGA,GGC,GGG,GGT,GTA,GTC,GTG,GTT,TAA,TAC,TAG,TAT,TCA,TCC,TCG,TCT,TGA,TGC,TGG,TGT,TTA,TTC,TTG,TTT
Chicken picornavirus 3,Riboviria,KW72,vertebrates,RNA,linear,1.08910891089109,0.618181818181818,0.910891089108911,1.38181818181818,1.49206349206349,0.857142857142857,0.0634920634920635,1.58730158730159,1.74757281553398,0.235294117647059,2.15533980582524,1.64705882352941,0.432,0.792,1,1.776,0.883116883116883,1.07407407407407,1.11688311688312,0.925925925925926,2.13333333333333,0.666666666666667,0.2,1,0.233009708737864,0.640776699029126,0.349514563106796,0.87378640776699,0.527472527472527,1.25274725274725,0.824175824175824,1.64835164835165,1.11926605504587,0.78740157480315,0.880733944954128,1.21259842519685,1.25490196078431,0.941176470588235,0.313725490196078,1.49019607843137,1.175,0.8,0.775,1.25,0.198581560283688,1.33333333333333,0.794326241134752,1.67375886524823,3,0.876712328767123,0,1.12328767123288,2.27450980392157,0.666666666666667,0.156862745098039,1.01960784313725,0,0.775510204081633,1,1.22448979591837,0.527472527472527,0.901960784313726,1.21978021978022,1.09803921568627
