virus,realm,locus_tag,host,type,shape,AAA,AAC,AAG,AAT,ACA,ACC,ACG,ACT,AGA,AGC,AGG,AGT,ATA,ATC,ATG,ATT,CAA,CAC,CAG,CAT,CCA,CCC,CCG,CCT,CGA,CGC,CGG,CGT,CTA,CTC,CTG,CTT,GAA,GAC,GAG,GAT,GCA,GCC,GCG,GCT,GGA,GGC,GGG,GGT,GTA,GTC,GTG,GTT,TAA,TAC,TAG,TAT,TCA,TCC,TCG,TCT,TGA,TGC,TGG,TGT,TTA,TTC,TTG,TTT
Chickpea redleaf virus,Monodnaviria,CpRLV,land plants,DNA,circular,0.935483870967742,1.27868852459016,1.06451612903226,0.721311475409836,0.861538461538462,1.10769230769231,0.615384615384615,1.41538461538462,2.20408163265306,0.357142857142857,1.10204081632653,0.928571428571429,1.14,0.96,1,0.9,1.11111111111111,0.971428571428571,0.888888888888889,1.02857142857143,1.39393939393939,0.545454545454545,0.363636363636364,1.6969696969697,0.979591836734694,0,0.244897959183673,1.46938775510204,0.620689655172414,0.931034482758621,0.620689655172414,2.27586206896552,1.28,1.04166666666667,0.72,0.958333333333333,0.717948717948718,0.82051282051282,0.41025641025641,2.05128205128205,1.58490566037736,0.30188679245283,0.754716981132076,1.35849056603774,0.949152542372881,0.610169491525424,1.15254237288136,1.28813559322034,0.75,1.1,1.5,0.9,1.28571428571429,1.07142857142857,0.357142857142857,2,0.75,0.625,1,1.375,0.724137931034483,0.851851851851852,0.827586206896552,1.14814814814815
