virus,realm,locus_tag,host,type,shape,AAA,AAC,AAG,AAT,ACA,ACC,ACG,ACT,AGA,AGC,AGG,AGT,ATA,ATC,ATG,ATT,CAA,CAC,CAG,CAT,CCA,CCC,CCG,CCT,CGA,CGC,CGG,CGT,CTA,CTC,CTG,CTT,GAA,GAC,GAG,GAT,GCA,GCC,GCG,GCT,GGA,GGC,GGG,GGT,GTA,GTC,GTG,GTT,TAA,TAC,TAG,TAT,TCA,TCC,TCG,TCT,TGA,TGC,TGG,TGT,TTA,TTC,TTG,TTT
Chickpea yellows virus,Monodnaviria,D1R00,land plants,ss-DNA,circular,1.10769230769231,0.769230769230769,0.892307692307692,1.23076923076923,1.47692307692308,1.16923076923077,0.246153846153846,1.10769230769231,3.34883720930233,0.785714285714286,1.11627906976744,0.785714285714286,1.2,0.9,1,0.9,1.2,1.28,0.8,0.72,1.41538461538462,0.738461538461539,0.184615384615385,1.66153846153846,0.697674418604651,0,0,0.837209302325581,0.833333333333333,1.33333333333333,0.583333333333333,1.25,1.48,0.76,0.52,1.24,1.42222222222222,0.622222222222222,0.266666666666667,1.68888888888889,1.30612244897959,0,1.22448979591837,1.46938775510204,0.461538461538462,1.07692307692308,1.23076923076923,1.23076923076923,1.5,0.769230769230769,1.5,1.23076923076923,1.14285714285714,0.785714285714286,0.714285714285714,1.78571428571429,0,0.761904761904762,1,1.23809523809524,1,0.846153846153846,1,1.15384615384615
