virus,realm,locus_tag,host,type,shape,AAA,AAC,AAG,AAT,ACA,ACC,ACG,ACT,AGA,AGC,AGG,AGT,ATA,ATC,ATG,ATT,CAA,CAC,CAG,CAT,CCA,CCC,CCG,CCT,CGA,CGC,CGG,CGT,CTA,CTC,CTG,CTT,GAA,GAC,GAG,GAT,GCA,GCC,GCG,GCT,GGA,GGC,GGG,GGT,GTA,GTC,GTG,GTT,TAA,TAC,TAG,TAT,TCA,TCC,TCG,TCT,TGA,TGC,TGG,TGT,TTA,TTC,TTG,TTT
Chimpanzee associated porprismacovirus 1,Monodnaviria,D1U67,vertebrates,DNA,circular,1,1.16129032258065,1,0.838709677419355,0.0869565217391304,1.04347826086957,1.65217391304348,1.21739130434783,0.818181818181818,0.260869565217391,1.22727272727273,0.391304347826087,0.8,1.2,1,1,0.782608695652174,1.2,1.21739130434783,0.8,0.685714285714286,1.02857142857143,1.48571428571429,0.8,0.818181818181818,0.818181818181818,1.09090909090909,1.22727272727273,0.941176470588235,1.41176470588235,1.29411764705882,1.64705882352941,1,0.952380952380952,1,1.04761904761905,1.08333333333333,0.666666666666667,1.08333333333333,1.16666666666667,0.866666666666667,1.06666666666667,0.733333333333333,1.33333333333333,0.545454545454545,1.27272727272727,1,1.18181818181818,0,1.21212121212121,0,0.787878787878788,0.652173913043478,1.17391304347826,1.30434782608696,2.21739130434783,3,0.4,1,1.6,0.235294117647059,1.64705882352941,0.470588235294118,0.352941176470588
