virus,realm,locus_tag,host,type,shape,AAA,AAC,AAG,AAT,ACA,ACC,ACG,ACT,AGA,AGC,AGG,AGT,ATA,ATC,ATG,ATT,CAA,CAC,CAG,CAT,CCA,CCC,CCG,CCT,CGA,CGC,CGG,CGT,CTA,CTC,CTG,CTT,GAA,GAC,GAG,GAT,GCA,GCC,GCG,GCT,GGA,GGC,GGG,GGT,GTA,GTC,GTG,GTT,TAA,TAC,TAG,TAT,TCA,TCC,TCG,TCT,TGA,TGC,TGG,TGT,TTA,TTC,TTG,TTT
Chino del tomate virus,Monodnaviria,CdTV,land plants,DNA,circular,0.8,1.06172839506173,1.2,0.938271604938272,0.95,0.65,1.6,0.8,1.53982300884956,0.810810810810811,1.69911504424779,0.72972972972973,0.841463414634146,1.42682926829268,1,0.731707317073171,0.983050847457627,0.888888888888889,1.01694915254237,1.11111111111111,1.18918918918919,0.864864864864865,0.810810810810811,1.13513513513514,0.584070796460177,0.47787610619469,0.63716814159292,1.06194690265487,1.24752475247525,1.18811881188119,1.18811881188119,0.534653465346535,0.906666666666667,0.727272727272727,1.09333333333333,1.27272727272727,1.22352941176471,0.941176470588235,0.894117647058824,0.941176470588235,1.22352941176471,0.705882352941177,0.941176470588235,1.12941176470588,0.521739130434783,1.1304347826087,0.869565217391304,1.47826086956522,1.28571428571429,0.9,0.428571428571429,1.1,1.33783783783784,1.25675675675676,0.77027027027027,1.09459459459459,1.28571428571429,1,1,1,0.891089108910891,1.3134328358209,0.95049504950495,0.686567164179104
