virus,realm,locus_tag,host,type,shape,AAA,AAC,AAG,AAT,ACA,ACC,ACG,ACT,AGA,AGC,AGG,AGT,ATA,ATC,ATG,ATT,CAA,CAC,CAG,CAT,CCA,CCC,CCG,CCT,CGA,CGC,CGG,CGT,CTA,CTC,CTG,CTT,GAA,GAC,GAG,GAT,GCA,GCC,GCG,GCT,GGA,GGC,GGG,GGT,GTA,GTC,GTG,GTT,TAA,TAC,TAG,TAT,TCA,TCC,TCG,TCT,TGA,TGC,TGG,TGT,TTA,TTC,TTG,TTT
Chino del tomate Amazonas virus,Monodnaviria,D1Q66,land plants,DNA,linear,0.666666666666667,0.826086956521739,1.33333333333333,1.17391304347826,1.47368421052632,0.421052631578947,1.12280701754386,0.982456140350877,1.42857142857143,0.705882352941177,1.80952380952381,0.423529411764706,0.947368421052632,1.10526315789474,1,0.947368421052632,1.1063829787234,1.02702702702703,0.893617021276596,0.972972972972973,1.36,1.04,0.32,1.28,0.476190476190476,0.666666666666667,0.476190476190476,1.14285714285714,1.32352941176471,1.32352941176471,1.05882352941176,0.441176470588235,0.702702702702703,1.06666666666667,1.2972972972973,0.933333333333333,1,1.11111111111111,0.444444444444444,1.44444444444444,1.49019607843137,0.941176470588235,0.784313725490196,0.784313725490196,1,0.833333333333333,1.33333333333333,0.833333333333333,2.25,0.580645161290323,0.75,1.41935483870968,2.75294117647059,0.847058823529412,0.564705882352941,0.705882352941177,0,1.625,1,0.375,1.05882352941176,1.16666666666667,0.794117647058823,0.833333333333333
