virus,realm,locus_tag,host,type,shape,AAA,AAC,AAG,AAT,ACA,ACC,ACG,ACT,AGA,AGC,AGG,AGT,ATA,ATC,ATG,ATT,CAA,CAC,CAG,CAT,CCA,CCC,CCG,CCT,CGA,CGC,CGG,CGT,CTA,CTC,CTG,CTT,GAA,GAC,GAG,GAT,GCA,GCC,GCG,GCT,GGA,GGC,GGG,GGT,GTA,GTC,GTG,GTT,TAA,TAC,TAG,TAT,TCA,TCC,TCG,TCT,TGA,TGC,TGG,TGT,TTA,TTC,TTG,TTT
Chinese yam necrotic mosaic virus,Riboviria,B920,land plants,RNA,linear,1.20670391061453,0.933333333333333,0.793296089385475,1.06666666666667,2.05714285714286,0.342857142857143,0.822857142857143,0.777142857142857,1.55,1.23076923076923,1.15,1,0.721518987341772,0.968354430379747,1,1.31012658227848,1.42148760330579,1.02439024390244,0.578512396694215,0.975609756097561,2.37209302325581,0.418604651162791,0.232558139534884,0.976744186046512,1.3,0.75,0.3,0.95,0.513513513513513,0.837837837837838,0.972972972972973,1.27027027027027,1.01408450704225,0.726114649681529,0.985915492957746,1.27388535031847,1.59162303664921,0.565445026178011,0.544502617801047,1.29842931937173,1.55395683453237,0.489208633093525,0.661870503597122,1.29496402877698,0.298850574712644,0.620689655172414,1.05747126436782,2.02298850574713,0,1.11764705882353,3,0.882352941176471,1.96153846153846,0.307692307692308,0.615384615384615,0.884615384615385,0,1.04347826086957,1,0.956521739130435,0.945945945945946,0.992481203007519,1.45945945945946,1.00751879699248
