virus,realm,locus_tag,host,type,shape,AAA,AAC,AAG,AAT,ACA,ACC,ACG,ACT,AGA,AGC,AGG,AGT,ATA,ATC,ATG,ATT,CAA,CAC,CAG,CAT,CCA,CCC,CCG,CCT,CGA,CGC,CGG,CGT,CTA,CTC,CTG,CTT,GAA,GAC,GAG,GAT,GCA,GCC,GCG,GCT,GGA,GGC,GGG,GGT,GTA,GTC,GTG,GTT,TAA,TAC,TAG,TAT,TCA,TCC,TCG,TCT,TGA,TGC,TGG,TGT,TTA,TTC,TTG,TTT
Chinese wheat mosaic virus,Riboviria,CWMVsRNA,land plants,RNA,linear,1.02005730659026,0.620320855614973,0.979942693409742,1.37967914438503,0.829931972789116,0.462585034013605,0.829931972789116,1.87755102040816,1.50553505535055,0.448,2.08118081180812,1.728,0.76036866359447,0.815668202764977,1,1.42396313364055,0.833333333333333,0.840909090909091,1.16666666666667,1.15909090909091,0.867132867132867,0.643356643356643,0.923076923076923,1.56643356643357,0.22140221402214,0.33210332103321,0.487084870848708,1.37269372693727,0.355555555555556,0.562962962962963,1.14074074074074,1.21481481481481,0.990415335463259,0.774774774774775,1.00958466453674,1.22522522522523,0.745519713261649,0.559139784946237,0.974910394265233,1.72043010752688,0.948905109489051,0.364963503649635,0.642335766423358,2.04379562043796,0.5249343832021,0.745406824146982,1.49081364829396,1.23884514435696,0.75,0.894736842105263,0.375,1.10526315789474,0.992,0.48,0.848,1.504,1.875,0.8,1,1.2,0.607407407407407,0.791208791208791,2.11851851851852,1.20879120879121
