virus,realm,locus_tag,host,type,shape,AAA,AAC,AAG,AAT,ACA,ACC,ACG,ACT,AGA,AGC,AGG,AGT,ATA,ATC,ATG,ATT,CAA,CAC,CAG,CAT,CCA,CCC,CCG,CCT,CGA,CGC,CGG,CGT,CTA,CTC,CTG,CTT,GAA,GAC,GAG,GAT,GCA,GCC,GCG,GCT,GGA,GGC,GGG,GGT,GTA,GTC,GTG,GTT,TAA,TAC,TAG,TAT,TCA,TCC,TCG,TCT,TGA,TGC,TGG,TGT,TTA,TTC,TTG,TTT
Chronic bee paralysis virus,Riboviria,CBPV,invertebrates,RNA,linear,0.863636363636364,1.1588785046729,1.13636363636364,0.841121495327103,1.11229946524064,1.3903743315508,0.598930481283422,0.898395721925134,0.872246696035242,0.838235294117647,0.634361233480176,0.507352941176471,0.517241379310345,1.60344827586207,1,0.879310344827586,1.01818181818182,0.929292929292929,0.981818181818182,1.07070707070707,1.14563106796116,0.970873786407767,0.87378640776699,1.00970873786408,0.872246696035242,1.69162995594714,0.713656387665198,1.215859030837,0.56390977443609,1.7593984962406,0.789473684210526,1.30827067669173,1.01851851851852,1.12903225806452,0.981481481481482,0.870967741935484,0.704663212435233,1.45077720207254,0.808290155440414,1.03626943005181,0.87218045112782,1.26315789473684,0.75187969924812,1.11278195488722,0.64,1.62666666666667,0.666666666666667,1.06666666666667,0.857142857142857,1.09090909090909,0.857142857142857,0.909090909090909,1.14705882352941,1.63235294117647,0.683823529411765,1.19117647058824,1.28571428571429,1.05555555555556,1,0.944444444444444,0.766917293233083,1.18181818181818,0.81203007518797,0.818181818181818
