virus,realm,locus_tag,host,type,shape,AAA,AAC,AAG,AAT,ACA,ACC,ACG,ACT,AGA,AGC,AGG,AGT,ATA,ATC,ATG,ATT,CAA,CAC,CAG,CAT,CCA,CCC,CCG,CCT,CGA,CGC,CGG,CGT,CTA,CTC,CTG,CTT,GAA,GAC,GAG,GAT,GCA,GCC,GCG,GCT,GGA,GGC,GGG,GGT,GTA,GTC,GTG,GTT,TAA,TAC,TAG,TAT,TCA,TCC,TCG,TCT,TGA,TGC,TGG,TGT,TTA,TTC,TTG,TTT
Chrysanthemum virus B,Riboviria,NA,land plants,RNA,linear,1.03867403314917,0.633093525179856,0.961325966850829,1.36690647482014,1.07586206896552,1.07586206896552,0.496551724137931,1.35172413793103,1.44578313253012,1.0259067357513,1.7710843373494,2.17616580310881,0.680851063829787,0.978723404255319,1,1.34042553191489,1.11392405063291,0.906976744186046,0.886075949367089,1.09302325581395,1.20588235294118,0.735294117647059,0.558823529411765,1.5,0.614457831325301,0.614457831325301,0.469879518072289,1.08433734939759,0.709677419354839,0.989247311827957,0.752688172043011,0.989247311827957,0.96551724137931,0.747967479674797,1.03448275862069,1.2520325203252,0.984615384615385,0.8,0.717948717948718,1.4974358974359,0.878048780487805,0.936585365853659,0.858536585365854,1.32682926829268,0.79144385026738,0.727272727272727,1.3903743315508,1.09090909090909,2,1.28301886792453,0.5,0.716981132075472,0.963730569948187,0.683937823834197,0.27979274611399,0.870466321243523,0.5,1.075,1,0.925,1.09677419354839,1.14893617021277,1.46236559139785,0.851063829787234
