virus,realm,locus_tag,host,type,shape,AAA,AAC,AAG,AAT,ACA,ACC,ACG,ACT,AGA,AGC,AGG,AGT,ATA,ATC,ATG,ATT,CAA,CAC,CAG,CAT,CCA,CCC,CCG,CCT,CGA,CGC,CGG,CGT,CTA,CTC,CTG,CTT,GAA,GAC,GAG,GAT,GCA,GCC,GCG,GCT,GGA,GGC,GGG,GGT,GTA,GTC,GTG,GTT,TAA,TAC,TAG,TAT,TCA,TCC,TCG,TCT,TGA,TGC,TGG,TGT,TTA,TTC,TTG,TTT
Circoviridae 15 LDMD-2013,NA,QS48,NA,DNA,circular,0.702702702702703,0.818181818181818,1.2972972972973,1.18181818181818,0.372093023255814,1.30232558139535,0.744186046511628,1.58139534883721,0.952380952380952,0.307692307692308,0.666666666666667,1.07692307692308,0.409090909090909,0.954545454545455,1,1.63636363636364,1.11111111111111,0.888888888888889,0.888888888888889,1.11111111111111,1.33333333333333,1.33333333333333,0.592592592592593,0.740740740740741,1.04761904761905,1.04761904761905,0.666666666666667,1.61904761904762,0.585365853658537,1.17073170731707,0.585365853658537,1.17073170731707,0.909090909090909,0.838709677419355,1.09090909090909,1.16129032258065,0.7,1.5,0.5,1.3,2,0.705882352941177,0.470588235294118,0.823529411764706,1.23076923076923,0.717948717948718,1.12820512820513,0.923076923076923,2,1.08333333333333,1,0.916666666666667,1.23076923076923,1.07692307692308,0.461538461538462,1.84615384615385,0,1.33333333333333,1,0.666666666666667,0.731707317073171,1,1.75609756097561,1
