virus,realm,host,locus_tag,AAA,AAC,AAG,AAT,ACA,ACC,ACG,ACT,AGA,AGC,AGG,AGT,ATA,ATC,ATG,ATT,CAA,CAC,CAG,CAT,CCA,CCC,CCG,CCT,CGA,CGC,CGG,CGT,CTA,CTC,CTG,CTT,GAA,GAC,GAG,GAT,GCA,GCC,GCG,GCT,GGA,GGC,GGG,GGT,GTA,GTC,GTG,GTT,TAA,TAC,TAG,TAT,TCA,TCC,TCG,TCT,TGA,TGC,TGG,TGT,TTA,TTC,TTG,TTT
Circoviridae 19 LDMD-2013,NA,NA,QS45,1.09090909090909,2,0.909090909090909,0,1.11111111111111,0.666666666666667,0.666666666666667,1.55555555555556,0.333333333333333,0,0,0.631578947368421,0,1.84615384615385,1,1.15384615384615,1.4,1.2,0.6,0.8,1.33333333333333,1.66666666666667,0.333333333333333,0.666666666666667,1.33333333333333,2,0.333333333333333,2,1.33333333333333,1,2.33333333333333,0.333333333333333,1.47826086956522,1.07692307692308,0.521739130434783,0.923076923076923,1.06666666666667,1.06666666666667,1.06666666666667,0.8,0.96,1.6,0.32,1.12,0.285714285714286,1.42857142857143,0.857142857142857,1.42857142857143,3,1.05882352941176,0,0.941176470588235,1.26315789473684,1.26315789473684,0.947368421052632,1.89473684210526,0,1.5,1,0.5,0.333333333333333,1.11111111111111,0.666666666666667,0.888888888888889
