virus,realm,locus_tag,host,type,shape,AAA,AAC,AAG,AAT,ACA,ACC,ACG,ACT,AGA,AGC,AGG,AGT,ATA,ATC,ATG,ATT,CAA,CAC,CAG,CAT,CCA,CCC,CCG,CCT,CGA,CGC,CGG,CGT,CTA,CTC,CTG,CTT,GAA,GAC,GAG,GAT,GCA,GCC,GCG,GCT,GGA,GGC,GGG,GGT,GTA,GTC,GTG,GTT,TAA,TAC,TAG,TAT,TCA,TCC,TCG,TCT,TGA,TGC,TGG,TGT,TTA,TTC,TTG,TTT
Circovirus-like genome RW-C,NA,RW,NA,DNA,circular,1.81132075471698,0.432432432432432,0.188679245283019,1.56756756756757,1.94285714285714,0.228571428571429,0.114285714285714,1.71428571428571,3.09677419354839,0.8,0.580645161290323,0.6,0.771428571428571,0.342857142857143,1,1.88571428571429,2,0.5,0,1.5,2.36363636363636,0,0,1.63636363636364,1.35483870967742,0,0,0.967741935483871,0.909090909090909,0.363636363636364,0.181818181818182,0.909090909090909,1.8125,0.72,0.1875,1.28,1.28,0.16,0.32,2.24,2.56,0.16,0,1.28,1.33333333333333,1,0.833333333333333,0.833333333333333,1.5,0.6875,1.5,1.3125,1.4,0,0.4,2.8,0,0.5,1,1.5,2.90909090909091,0.7,0.727272727272727,1.3
