virus,realm,host,locus_tag,AAA,AAC,AAG,AAT,ACA,ACC,ACG,ACT,AGA,AGC,AGG,AGT,ATA,ATC,ATG,ATT,CAA,CAC,CAG,CAT,CCA,CCC,CCG,CCT,CGA,CGC,CGG,CGT,CTA,CTC,CTG,CTT,GAA,GAC,GAG,GAT,GCA,GCC,GCG,GCT,GGA,GGC,GGG,GGT,GTA,GTC,GTG,GTT,TAA,TAC,TAG,TAT,TCA,TCC,TCG,TCT,TGA,TGC,TGG,TGT,TTA,TTC,TTG,TTT
Circovirus-like genome DHCV-5,NA,NA,BBV83,0.777777777777778,0.571428571428571,1.22222222222222,1.42857142857143,0.814814814814815,0.37037037037037,0.222222222222222,2.59259259259259,1.33333333333333,0.315789473684211,1.16666666666667,0.789473684210526,0.4,0.8,1,1.8,1.21739130434783,0.333333333333333,0.782608695652174,1.66666666666667,0.695652173913043,0.521739130434783,0.173913043478261,2.60869565217391,1,0.666666666666667,0.333333333333333,1.5,1.81818181818182,0.727272727272727,0.181818181818182,1.63636363636364,0.625,0.75,1.375,1.25,1.23076923076923,0.461538461538462,0.461538461538462,1.84615384615385,1.64705882352941,0.705882352941177,0.470588235294118,1.17647058823529,0.333333333333333,0.5,0.666666666666667,2.5,3,0.583333333333333,0,1.41666666666667,1.89473684210526,0,0.315789473684211,2.68421052631579,0,0.6,1,1.4,0.727272727272727,0.933333333333333,0.909090909090909,1.06666666666667
