virus,realm,locus_tag,host,type,shape,AAA,AAC,AAG,AAT,ACA,ACC,ACG,ACT,AGA,AGC,AGG,AGT,ATA,ATC,ATG,ATT,CAA,CAC,CAG,CAT,CCA,CCC,CCG,CCT,CGA,CGC,CGG,CGT,CTA,CTC,CTG,CTT,GAA,GAC,GAG,GAT,GCA,GCC,GCG,GCT,GGA,GGC,GGG,GGT,GTA,GTC,GTG,GTT,TAA,TAC,TAG,TAT,TCA,TCC,TCG,TCT,TGA,TGC,TGG,TGT,TTA,TTC,TTG,TTT
Citrobacter phage IME-CF2,Duplodnaviria,AVU18,bacteria,DNA,circular,1.47048391183177,1.30733019502354,0.529516088168229,0.692669804976463,1.06230721776681,0.978408389882788,0.771128932757557,1.18815545959284,0.445384615384615,1.0550284629981,0.156923076923077,0.967741935483871,0.253378378378378,1.46959459459459,1,1.27702702702703,0.947723440134907,0.840370751802266,1.05227655986509,1.15962924819773,0.941538461538462,0.252307692307692,1.42153846153846,1.38461538461538,0.683076923076923,1.63153846153846,0.279230769230769,2.80384615384615,0.32005792903693,0.427226647356988,2.22592324402607,1.02534395365677,1.67950775815944,0.605610561056106,0.320492241840556,1.39438943894389,1.36174690870823,0.394632991318074,0.992370428834517,1.25124967113917,0.622740524781341,0.692711370262391,0.594752186588921,2.08979591836735,0.95872853114586,0.462445526788003,0.786465008972058,1.79236093309408,1.71102661596958,0.840640809443508,0.159695817490494,1.15935919055649,1.0853889943074,0.698292220113852,0.650853889943074,1.5426944971537,1.12927756653992,0.756666666666667,1,1.24333333333333,0.87038377986966,1.15515695067265,1.13106444605358,0.844843049327354
