virus,realm,locus_tag,host,type,shape,AAA,AAC,AAG,AAT,ACA,ACC,ACG,ACT,AGA,AGC,AGG,AGT,ATA,ATC,ATG,ATT,CAA,CAC,CAG,CAT,CCA,CCC,CCG,CCT,CGA,CGC,CGG,CGT,CTA,CTC,CTG,CTT,GAA,GAC,GAG,GAT,GCA,GCC,GCG,GCT,GGA,GGC,GGG,GGT,GTA,GTC,GTG,GTT,TAA,TAC,TAG,TAT,TCA,TCC,TCG,TCT,TGA,TGC,TGG,TGT,TTA,TTC,TTG,TTT
Citrus leprosis virus C2,Riboviria,D1S88,land plants,RNA,linear,0.801801801801802,0.922279792746114,1.1981981981982,1.07772020725389,1.15686274509804,0.843137254901961,0.607843137254902,1.3921568627451,1.52727272727273,0.402332361516035,0.954545454545455,1.13702623906706,0.710204081632653,0.722448979591837,1,1.56734693877551,1.06666666666667,0.538461538461538,0.933333333333333,1.46153846153846,1.28205128205128,0.512820512820513,0.769230769230769,1.43589743589744,0.518181818181818,0.572727272727273,0.463636363636364,1.96363636363636,0.569230769230769,0.507692307692308,0.615384615384615,1.26153846153846,1.11340206185567,0.686792452830189,0.88659793814433,1.31320754716981,1.09803921568627,0.823529411764706,0.431372549019608,1.64705882352941,0.87378640776699,0.446601941747573,0.679611650485437,2,0.615384615384615,0.763076923076923,0.553846153846154,2.06769230769231,0.428571428571429,0.734177215189873,0.857142857142857,1.26582278481013,1.25947521865889,0.822157434402332,0.769679300291545,1.60932944606414,1.71428571428571,0.491525423728814,1,1.50847457627119,1.24615384615385,0.603174603174603,1.8,1.3968253968254
