virus,realm,host,locus_tag,AAA,AAC,AAG,AAT,ACA,ACC,ACG,ACT,AGA,AGC,AGG,AGT,ATA,ATC,ATG,ATT,CAA,CAC,CAG,CAT,CCA,CCC,CCG,CCT,CGA,CGC,CGG,CGT,CTA,CTC,CTG,CTT,GAA,GAC,GAG,GAT,GCA,GCC,GCG,GCT,GGA,GGC,GGG,GGT,GTA,GTC,GTG,GTT,TAA,TAC,TAG,TAT,TCA,TCC,TCG,TCT,TGA,TGC,TGG,TGT,TTA,TTC,TTG,TTT
Citrobacter phage Merlin,Duplodnaviria,bacteria,CPT,1.41005754315737,0.826722338204593,0.589942456842632,1.17327766179541,1.04564860426929,0.554351395730706,0.303448275862069,2.09655172413793,0.808716707021792,0.51668653158522,0.176755447941889,0.867103694874851,0.366141732283465,0.903937007874016,1,1.72992125984252,1.39747634069401,0.589178356713427,0.602523659305994,1.41082164328657,1.75982767905223,0.1421647819063,0.663435648896069,1.4345718901454,0.876513317191283,0.937046004842615,0.186440677966102,3.01452784503632,0.436067997043607,0.453806356245381,0.916481892091648,1.52549889135255,1.65539858728557,0.54670882437482,0.34460141271443,1.45329117562518,1.20679428417363,0.337557293070909,0.379617147479105,2.07603127527636,1.12451245124512,0.696069606960696,0.264026402640264,1.91539153915392,1.22619702806824,0.444689047881123,0.407264722069345,1.92184920198129,1.73267326732673,0.658612975391499,0.138613861386139,1.3413870246085,1.60905840286055,0.402264600715137,0.359356376638856,2.24553039332539,1.12871287128713,0.731871838111299,1,1.2681281618887,1.55062823355506,0.936260025327142,1.11751662971175,1.06373997467286
