virus,realm,host,locus_tag,AAA,AAC,AAG,AAT,ACA,ACC,ACG,ACT,AGA,AGC,AGG,AGT,ATA,ATC,ATG,ATT,CAA,CAC,CAG,CAT,CCA,CCC,CCG,CCT,CGA,CGC,CGG,CGT,CTA,CTC,CTG,CTT,GAA,GAC,GAG,GAT,GCA,GCC,GCG,GCT,GGA,GGC,GGG,GGT,GTA,GTC,GTG,GTT,TAA,TAC,TAG,TAT,TCA,TCC,TCG,TCT,TGA,TGC,TGG,TGT,TTA,TTC,TTG,TTT
Citrus tristeza virus,Riboviria,land plants,CTVgp,0.967532467532468,0.995918367346939,1.03246753246753,1.00408163265306,0.470588235294118,0.823529411764706,0.929411764705882,1.77647058823529,1.17880794701987,0.670926517571885,1.12582781456954,1.04472843450479,0.96309963099631,0.841328413284133,1,1.19557195571956,1.14035087719298,0.934426229508197,0.859649122807018,1.0655737704918,0.549356223175966,0.703862660944206,1.06437768240343,1.68240343347639,0.728476821192053,0.821192052980132,0.649006622516556,1.49668874172185,0.478048780487805,0.546341463414634,0.624390243902439,0.88780487804878,1.20261437908497,0.87598944591029,0.797385620915033,1.12401055408971,0.545931758530184,0.724409448818898,1.15485564304462,1.5748031496063,0.528089887640449,0.49438202247191,0.853932584269663,2.12359550561798,0.466552315608919,0.644939965694683,1.33790737564322,1.55060034305317,0.545454545454545,1.16738197424893,1.09090909090909,0.832618025751073,0.613418530351438,0.900958466453674,1.26517571884984,1.50479233226837,1.36363636363636,0.825174825174825,1,1.17482517482517,1.60975609756098,0.759036144578313,1.85365853658537,1.24096385542169
