virus,realm,host,locus_tag,AAA,AAC,AAG,AAT,ACA,ACC,ACG,ACT,AGA,AGC,AGG,AGT,ATA,ATC,ATG,ATT,CAA,CAC,CAG,CAT,CCA,CCC,CCG,CCT,CGA,CGC,CGG,CGT,CTA,CTC,CTG,CTT,GAA,GAC,GAG,GAT,GCA,GCC,GCG,GCT,GGA,GGC,GGG,GGT,GTA,GTC,GTG,GTT,TAA,TAC,TAG,TAT,TCA,TCC,TCG,TCT,TGA,TGC,TGG,TGT,TTA,TTC,TTG,TTT
Citrus chlorotic dwarf associated virus,Monodnaviria,land plants,B359,0.857142857142857,0.956521739130435,1.14285714285714,1.04347826086957,1.27272727272727,0.636363636363636,0.727272727272727,1.36363636363636,1.73493975903614,0.903225806451613,2.02409638554217,1.54838709677419,1.15,0.7,1,1.15,1.02439024390244,1.14285714285714,0.975609756097561,0.857142857142857,1.6875,0.9375,0.875,0.5,0.650602409638554,0.289156626506024,0.506024096385542,0.795180722891566,0.701298701298701,1.01298701298701,0.545454545454545,1.01298701298701,0.967741935483871,1.02857142857143,1.03225806451613,0.971428571428571,1.01492537313433,1.3134328358209,0.537313432835821,1.13432835820896,1.09090909090909,0.96969696969697,0.787878787878788,1.15151515151515,0.957746478873239,0.450704225352113,1.52112676056338,1.07042253521127,1.8,0.789473684210526,1.2,1.21052631578947,1.29032258064516,1.29032258064516,0.32258064516129,0.645161290322581,0,0.685714285714286,1,1.31428571428571,1.4025974025974,1.25,1.32467532467532,0.75
