virus,realm,locus_tag,host,type,shape,AAA,AAC,AAG,AAT,ACA,ACC,ACG,ACT,AGA,AGC,AGG,AGT,ATA,ATC,ATG,ATT,CAA,CAC,CAG,CAT,CCA,CCC,CCG,CCT,CGA,CGC,CGG,CGT,CTA,CTC,CTG,CTT,GAA,GAC,GAG,GAT,GCA,GCC,GCG,GCT,GGA,GGC,GGG,GGT,GTA,GTC,GTG,GTT,TAA,TAC,TAG,TAT,TCA,TCC,TCG,TCT,TGA,TGC,TGG,TGT,TTA,TTC,TTG,TTT
Citrobacter phage Mordin,Duplodnaviria,FDI02,bacteria,DNA,linear,1.15140009492169,0.993482983345402,0.84859990507831,1.0065170166546,1.52597014925373,0.398805970149254,0.255522388059702,1.81970149253731,2.02634054562559,0.672140762463343,0.553151458137347,1.19296187683284,0.201851851851852,0.912962962962963,1,1.88518518518519,1.05696202531646,1.021113243762,0.943037974683544,0.978886756238004,1.87039390088945,0.142312579415502,0.259212198221093,1.72808132147395,0.491063029162747,0.423330197554092,0.0564440263405456,2.44967074317968,0.595930232558139,0.337209302325581,0.930232558139535,1.64244186046512,1.29418162044589,0.691418137553256,0.705818379554106,1.30858186244674,1.74866879659212,0.17678381256656,0.159744408945687,1.91480298189563,0.69848661233993,0.339930151338766,0.311990686845169,2.64959254947613,1.31086956521739,0.367391304347826,0.445652173913043,1.87608695652174,1.89130434782609,0.858137510879025,0.304347826086957,1.14186248912097,1.61876832844575,0.358944281524927,0.102052785923754,2.05513196480938,0.804347826086957,0.654970760233918,1,1.34502923976608,1.54651162790698,0.856649395509499,0.947674418604651,1.1433506044905
