virus,realm,host,locus_tag,AAA,AAC,AAG,AAT,ACA,ACC,ACG,ACT,AGA,AGC,AGG,AGT,ATA,ATC,ATG,ATT,CAA,CAC,CAG,CAT,CCA,CCC,CCG,CCT,CGA,CGC,CGG,CGT,CTA,CTC,CTG,CTT,GAA,GAC,GAG,GAT,GCA,GCC,GCG,GCT,GGA,GGC,GGG,GGT,GTA,GTC,GTG,GTT,TAA,TAC,TAG,TAT,TCA,TCC,TCG,TCT,TGA,TGC,TGG,TGT,TTA,TTC,TTG,TTT
Citrobacter virus HCF1,Duplodnaviria,bacteria,KMB89,1.20855614973262,1.06554621848739,0.79144385026738,0.934453781512605,1.10843373493976,0.669344042838019,1.07630522088353,1.14591700133869,0.988416988416988,1.58714462299135,0.61003861003861,0.897404202719407,0.333333333333333,1.13475177304965,1,1.53191489361702,0.867924528301887,1.09166666666667,1.13207547169811,0.908333333333333,1.18226600985222,0.295566502463054,1.80295566502463,0.719211822660099,0.88030888030888,1.86100386100386,0.50965250965251,1.15057915057915,0.552966101694915,0.260593220338983,0.921610169491525,1.5,1.22666666666667,0.729658792650919,0.773333333333333,1.27034120734908,1.26673326673327,0.45954045954046,1.14285714285714,1.13086913086913,1.05239687848383,1.23522853957637,0.383500557413601,1.3288740245262,0.803551609322974,0.364039955604883,0.839067702552719,1.99334073251942,1.22535211267606,0.822546972860125,0.464788732394366,1.17745302713987,1.60197775030902,0.42274412855377,0.563658838071693,0.927070457354759,1.30985915492958,1.40909090909091,1,0.590909090909091,1.34745762711864,0.825515947467167,1.41737288135593,1.17448405253283
