virus,realm,host,locus_tag,AAA,AAC,AAG,AAT,ACA,ACC,ACG,ACT,AGA,AGC,AGG,AGT,ATA,ATC,ATG,ATT,CAA,CAC,CAG,CAT,CCA,CCC,CCG,CCT,CGA,CGC,CGG,CGT,CTA,CTC,CTG,CTT,GAA,GAC,GAG,GAT,GCA,GCC,GCG,GCT,GGA,GGC,GGG,GGT,GTA,GTC,GTG,GTT,TAA,TAC,TAG,TAT,TCA,TCC,TCG,TCT,TGA,TGC,TGG,TGT,TTA,TTC,TTG,TTT
Citrobacter phage vB CroP CrRp3,NA,NA,HOS73,0.868014268727705,0.925266903914591,1.13198573127229,1.07473309608541,1.17348377997179,0.716502115655853,0.394922425952045,1.71509167842031,0.794366197183099,0.665753424657534,0.676056338028169,1.07671232876712,0.484005563282337,0.980528511821975,1,1.53546592489569,1.02189781021898,0.939393939393939,0.978102189781022,1.06060606060606,1.20971302428256,0.229580573951435,0.565121412803532,1.99558498896247,0.743661971830986,1.09859154929577,0.27887323943662,2.40845070422535,0.794820717131474,0.525896414342629,1.08167330677291,1.45816733067729,1.0379746835443,0.766708701134931,0.962025316455696,1.23329129886507,1.54280964256027,0.56857855361596,0.359102244389027,1.52950955943475,0.621782178217822,0.875247524752475,0.43960396039604,2.06336633663366,1.33333333333333,0.411633109619687,1.06040268456376,1.19463087248322,2.0377358490566,0.816705336426914,0.39622641509434,1.18329466357309,0.961643835616438,0.723287671232877,0.361643835616438,2.21095890410959,0.566037735849057,0.930232558139535,1,1.06976744186047,1.20119521912351,1.09401709401709,0.938247011952191,0.905982905982906
