virus,realm,locus_tag,host,type,shape,AAA,AAC,AAG,AAT,ACA,ACC,ACG,ACT,AGA,AGC,AGG,AGT,ATA,ATC,ATG,ATT,CAA,CAC,CAG,CAT,CCA,CCC,CCG,CCT,CGA,CGC,CGG,CGT,CTA,CTC,CTG,CTT,GAA,GAC,GAG,GAT,GCA,GCC,GCG,GCT,GGA,GGC,GGG,GGT,GTA,GTC,GTG,GTT,TAA,TAC,TAG,TAT,TCA,TCC,TCG,TCT,TGA,TGC,TGG,TGT,TTA,TTC,TTG,TTT
Clerodendron yellow mosaic virus,Monodnaviria,CleYMV,land plants,DNA,circular,0.852459016393443,0.857142857142857,1.14754098360656,1.14285714285714,0.905660377358491,0.60377358490566,1.28301886792453,1.20754716981132,1.93103448275862,1.01123595505618,1.37931034482759,0.606741573033708,0.619047619047619,1.14285714285714,1,1.23809523809524,1.04347826086957,0.8,0.956521739130435,1.2,1.61194029850746,0.895522388059702,0.477611940298507,1.01492537313433,0.827586206896552,0.413793103448276,0.620689655172414,0.827586206896552,0.675,1.125,1.05,0.9,0.851851851851852,0.423076923076923,1.14814814814815,1.57692307692308,1.12280701754386,1.05263157894737,0.421052631578947,1.40350877192982,1.09090909090909,0.872727272727273,0.945454545454545,1.09090909090909,0.811594202898551,1.10144927536232,0.811594202898551,1.27536231884058,2,0.512820512820513,1,1.48717948717949,1.41573033707865,1.01123595505618,0.539325842696629,1.41573033707865,0,1.14285714285714,1,0.857142857142857,1.275,1.08333333333333,0.975,0.916666666666667
