virus,realm,locus_tag,host,type,shape,AAA,AAC,AAG,AAT,ACA,ACC,ACG,ACT,AGA,AGC,AGG,AGT,ATA,ATC,ATG,ATT,CAA,CAC,CAG,CAT,CCA,CCC,CCG,CCT,CGA,CGC,CGG,CGT,CTA,CTC,CTG,CTT,GAA,GAC,GAG,GAT,GCA,GCC,GCG,GCT,GGA,GGC,GGG,GGT,GTA,GTC,GTG,GTT,TAA,TAC,TAG,TAT,TCA,TCC,TCG,TCT,TGA,TGC,TGG,TGT,TTA,TTC,TTG,TTT
Clo Mor virus,NA,CA782,NA,RNA,linear,1.03211009174312,1.16546762589928,0.967889908256881,0.834532374100719,1.7172236503856,0.925449871465296,0.215938303341902,1.1413881748072,3.06818181818182,1.17241379310345,1.88636363636364,1.16091954022989,0.961077844311377,0.916167664670659,1,1.12275449101796,0.964467005076142,0.926829268292683,1.03553299492386,1.07317073170732,1.59241706161137,0.625592417061611,0.265402843601896,1.51658767772512,0.340909090909091,0.272727272727273,0.204545454545455,0.227272727272727,1.07110438729198,0.653555219364599,1.01664145234493,1.21633888048411,1.07268170426065,0.96085409252669,0.927318295739348,1.03914590747331,1.84386617100372,0.907063197026022,0.193308550185874,1.05576208178439,1.68976897689769,0.66006600660066,0.712871287128713,0.937293729372937,0.526027397260274,0.986301369863014,1.03013698630137,1.45753424657534,2,1.06329113924051,1,0.936708860759494,1.47126436781609,0.747126436781609,0.229885057471264,1.2183908045977,0,0.91025641025641,1,1.08974358974359,0.998487140695915,0.929824561403509,1.04387291981846,1.07017543859649
