virus,realm,locus_tag,host,type,shape,AAA,AAC,AAG,AAT,ACA,ACC,ACG,ACT,AGA,AGC,AGG,AGT,ATA,ATC,ATG,ATT,CAA,CAC,CAG,CAT,CCA,CCC,CCG,CCT,CGA,CGC,CGG,CGT,CTA,CTC,CTG,CTT,GAA,GAC,GAG,GAT,GCA,GCC,GCG,GCT,GGA,GGC,GGG,GGT,GTA,GTC,GTG,GTT,TAA,TAC,TAG,TAT,TCA,TCC,TCG,TCT,TGA,TGC,TGG,TGT,TTA,TTC,TTG,TTT
Clostridium phage CDKM9,Duplodnaviria,HWA97,bacteria,DNA,linear,1.54047322540473,0.333666333666334,0.459526774595268,1.66633366633367,2.14,0.17,0.12,1.57,4.66304347826087,0.602591792656587,0.771739130434783,2.33261339092873,1.82708492731446,0.1469013006886,1,1.02601377199694,1.68345323741007,0.408450704225352,0.316546762589928,1.59154929577465,1.72727272727273,0.298701298701299,0.142857142857143,1.83116883116883,0.282608695652174,0.0108695652173913,0,0.271739130434783,0.806880375293198,0.0938232994526974,0.136043784206411,0.886630179827991,1.54621848739496,0.31452581032413,0.453781512605042,1.68547418967587,2.00780234070221,0.124837451235371,0.150845253576073,1.71651495448635,1.77830188679245,0.306603773584906,0.424528301886792,1.49056603773585,1.76629213483146,0.139325842696629,0.426966292134831,1.66741573033708,1.8,0.38475499092559,0.88,1.61524500907441,1.25053995680346,0.0907127429805616,0.142548596112311,1.58099352051836,0.32,0.554838709677419,1,1.44516129032258,3.43393275996873,0.243739565943239,0.642689601250977,1.75626043405676
