virus,realm,locus_tag,host,type,shape,AAA,AAC,AAG,AAT,ACA,ACC,ACG,ACT,AGA,AGC,AGG,AGT,ATA,ATC,ATG,ATT,CAA,CAC,CAG,CAT,CCA,CCC,CCG,CCT,CGA,CGC,CGG,CGT,CTA,CTC,CTG,CTT,GAA,GAC,GAG,GAT,GCA,GCC,GCG,GCT,GGA,GGC,GGG,GGT,GTA,GTC,GTG,GTT,TAA,TAC,TAG,TAT,TCA,TCC,TCG,TCT,TGA,TGC,TGG,TGT,TTA,TTC,TTG,TTT
Clostridium phage phiCD38-2,Duplodnaviria,phiCD38,bacteria,DNA,linear,1.56907894736842,0.392817059483726,0.430921052631579,1.60718294051627,1.94929577464789,0.185915492957746,0.276056338028169,1.5887323943662,4.00954653937947,0.977835723598436,1.07398568019093,2.29986962190352,1.65671641791045,0.207089552238806,1,1.13619402985075,1.46448087431694,0.373831775700935,0.53551912568306,1.62616822429907,1.85221674876847,0.334975369458128,0.394088669950739,1.41871921182266,0.41527446300716,0.143198090692124,0.0715990453460621,0.286396181384248,0.780437044745057,0.112382934443288,0.224765868886576,1.02393340270552,1.51481481481481,0.609065155807365,0.485185185185185,1.39093484419263,1.84888888888889,0.165925925925926,0.391111111111111,1.59407407407407,1.43472022955524,0.654232424677188,0.774748923959828,1.13629842180775,1.37950937950938,0.380952380952381,0.346320346320346,1.89321789321789,2.12727272727273,0.472279260780287,0.6,1.52772073921971,1.02477183833116,0.148631029986962,0.289439374185137,1.25945241199478,0.272727272727273,0.735042735042735,1,1.26495726495726,2.94693028095734,0.340594059405941,0.911550468262227,1.65940594059406
