virus,realm,locus_tag,host,type,shape,AAA,AAC,AAG,AAT,ACA,ACC,ACG,ACT,AGA,AGC,AGG,AGT,ATA,ATC,ATG,ATT,CAA,CAC,CAG,CAT,CCA,CCC,CCG,CCT,CGA,CGC,CGG,CGT,CTA,CTC,CTG,CTT,GAA,GAC,GAG,GAT,GCA,GCC,GCG,GCT,GGA,GGC,GGG,GGT,GTA,GTC,GTG,GTT,TAA,TAC,TAG,TAT,TCA,TCC,TCG,TCT,TGA,TGC,TGG,TGT,TTA,TTC,TTG,TTT
Clostridium phage phi3626,Duplodnaviria,phi3626p,bacteria,DNA,linear,1.4902687673772,0.234354194407457,0.509731232622799,1.76564580559254,1.82725527831094,0.145873320537428,0.161228406909789,1.86564299424184,4.89686098654709,0.420701168614357,0.766816143497758,2.75459098497496,1.69290465631929,0.0631929046563193,1,1.24390243902439,1.66666666666667,0.265486725663717,0.333333333333333,1.73451327433628,2.28318584070796,0.123893805309735,0.0884955752212389,1.50442477876106,0.10762331838565,0.0269058295964126,0,0.201793721973094,0.559726962457338,0.0477815699658703,0.0273037542662116,0.989761092150171,1.51776103336921,0.182136602451839,0.482238966630786,1.81786339754816,1.64980544747082,0.132295719844358,0.186770428015564,2.03112840466926,2.2472613458529,0.206572769953052,0.419405320813772,1.12676056338028,1.69911504424779,0.0849557522123894,0.184070796460177,2.03185840707965,1.5,0.265116279069767,1.26,1.73488372093023,1.47245409015025,0.0701168614357262,0.120200333889816,1.16193656093489,0.24,0.333333333333333,1,1.66666666666667,3.86348122866894,0.241706161137441,0.511945392491468,1.75829383886256
