virus,realm,locus_tag,host,type,shape,AAA,AAC,AAG,AAT,ACA,ACC,ACG,ACT,AGA,AGC,AGG,AGT,ATA,ATC,ATG,ATT,CAA,CAC,CAG,CAT,CCA,CCC,CCG,CCT,CGA,CGC,CGG,CGT,CTA,CTC,CTG,CTT,GAA,GAC,GAG,GAT,GCA,GCC,GCG,GCT,GGA,GGC,GGG,GGT,GTA,GTC,GTG,GTT,TAA,TAC,TAG,TAT,TCA,TCC,TCG,TCT,TGA,TGC,TGG,TGT,TTA,TTC,TTG,TTT
Clostridium phage phiZP2,Duplodnaviria,PHIZP2,bacteria,DNA,linear,1.42094455852156,0.995121951219512,0.579055441478439,1.00487804878049,2.27272727272727,0.454545454545455,0.272727272727273,1,3.55980861244019,0.673684210526316,1.23444976076555,1.93684210526316,1.60144927536232,0.347826086956522,1,1.05072463768116,1.62732919254658,0.659090909090909,0.372670807453416,1.34090909090909,1.57823129251701,0.517006802721088,0.353741496598639,1.55102040816327,0.172248803827751,0.143540669856459,0.0287081339712919,0.861244019138756,0.796875,0.015625,0.21875,0.6875,1.31851851851852,1.21739130434783,0.681481481481481,0.782608695652174,1.70048309178744,0.63768115942029,0.830917874396135,0.830917874396135,1.4066985645933,0.325358851674641,0.564593301435407,1.70334928229665,1.32537313432836,0.370149253731343,0.525373134328358,1.77910447761194,2.22222222222222,0.570469798657718,0.666666666666667,1.42953020134228,1.51578947368421,0.442105263157895,0.294736842105263,1.13684210526316,0.111111111111111,0.404494382022472,1,1.59550561797753,3.609375,0.661157024793388,0.671875,1.33884297520661
