virus,realm,locus_tag,host,type,shape,AAA,AAC,AAG,AAT,ACA,ACC,ACG,ACT,AGA,AGC,AGG,AGT,ATA,ATC,ATG,ATT,CAA,CAC,CAG,CAT,CCA,CCC,CCG,CCT,CGA,CGC,CGG,CGT,CTA,CTC,CTG,CTT,GAA,GAC,GAG,GAT,GCA,GCC,GCG,GCT,GGA,GGC,GGG,GGT,GTA,GTC,GTG,GTT,TAA,TAC,TAG,TAT,TCA,TCC,TCG,TCT,TGA,TGC,TGG,TGT,TTA,TTC,TTG,TTT
Clostera anastomosis granulovirus Henan,Naldaviricetes,CaLGV,invertebrates,DNA,circular,0.956521739130435,1.36249371543489,1.04347826086957,0.637506284565108,0.842958459979737,1.25430597771023,1.34549138804458,0.557244174265451,1.28016571724495,1.07121661721068,1.35784567581564,1.2700296735905,1.01782421634911,1.04548248309773,1,0.936693300553165,0.904862579281184,1.66832917705736,1.09513742071882,0.331670822942643,1.12315270935961,1.29655172413793,1.12709359605911,0.45320197044335,0.835836354220611,1.04712584153288,0.419471776281719,1.05955463490419,0.769074262461852,0.767039674465921,1.65615462868769,0.630722278738555,1.0999422299249,1.30804810360777,0.900057770075101,0.691951896392229,0.690121786197564,1.44519621109608,1.37753721244926,0.487144790257104,0.895818568391212,0.861800141743444,0.385542168674699,1.85683912119064,0.57602143335566,1.02210314802411,1.6972538513061,0.704621567314133,1.37704918032787,1.58797653958944,0.663934426229508,0.412023460410557,0.863501483679525,1.05637982195846,1.2106824925816,0.528189910979229,0.959016393442623,0.781136638452237,1,1.21886336154776,0.61648016276704,0.736395759717315,1.56052899287894,1.26360424028269
