virus,realm,locus_tag,host,type,shape,AAA,AAC,AAG,AAT,ACA,ACC,ACG,ACT,AGA,AGC,AGG,AGT,ATA,ATC,ATG,ATT,CAA,CAC,CAG,CAT,CCA,CCC,CCG,CCT,CGA,CGC,CGG,CGT,CTA,CTC,CTG,CTT,GAA,GAC,GAG,GAT,GCA,GCC,GCG,GCT,GGA,GGC,GGG,GGT,GTA,GTC,GTG,GTT,TAA,TAC,TAG,TAT,TCA,TCC,TCG,TCT,TGA,TGC,TGG,TGT,TTA,TTC,TTG,TTT
Clostridium phage phiCTC2B,Duplodnaviria,phiCT,bacteria,DNA,circular,1.52575757575758,0.391143911439114,0.474242424242424,1.60885608856089,1.89861751152074,0.258064516129032,0.159754224270353,1.68356374807988,4.24317617866005,0.70326409495549,1.25062034739454,2.48367952522255,1.83981042654028,0.127962085308057,1,1.03222748815166,1.50985915492958,0.321678321678322,0.490140845070423,1.67832167832168,2.07003891050584,0.0933852140077821,0.202334630350195,1.63424124513619,0.193548387096774,0.0446650124069479,0.0148883374689826,0.253101736972705,0.786494538232373,0.0476663356504469,0.0774577954319762,0.846077457795432,1.63363363363363,0.254658385093168,0.366366366366366,1.74534161490683,1.98984771573604,0.135363790186125,0.196277495769882,1.67851099830795,1.84076433121019,0.356687898089172,0.452229299363057,1.35031847133758,2.01880877742947,0.106583072100313,0.338557993730408,1.53605015673981,1.86363636363636,0.356713426853707,0.727272727272727,1.64328657314629,1.0593471810089,0.169139465875371,0.106824925816024,1.47774480712166,0.409090909090909,0.517006802721088,1,1.48299319727891,3.67626613704071,0.266666666666667,0.566037735849057,1.73333333333333
