virus,realm,locus_tag,host,type,shape,AAA,AAC,AAG,AAT,ACA,ACC,ACG,ACT,AGA,AGC,AGG,AGT,ATA,ATC,ATG,ATT,CAA,CAC,CAG,CAT,CCA,CCC,CCG,CCT,CGA,CGC,CGG,CGT,CTA,CTC,CTG,CTT,GAA,GAC,GAG,GAT,GCA,GCC,GCG,GCT,GGA,GGC,GGG,GGT,GTA,GTC,GTG,GTT,TAA,TAC,TAG,TAT,TCA,TCC,TCG,TCT,TGA,TGC,TGG,TGT,TTA,TTC,TTG,TTT
Cnaphalocrocis medinalis granulovirus,Naldaviricetes,AYR72,invertebrates,DNA,circular,1.77079023582954,1.00739247311828,0.229209764170459,0.99260752688172,1.79372197309417,0.739013452914798,0.697757847533632,0.769506726457399,1.59831932773109,0.928194297782471,0.312605042016807,1.27032734952482,1.16716545532279,0.551517742625053,1,1.28131680205216,1.75077881619938,1.20099875156055,0.249221183800623,0.799001248439451,1.29090909090909,0.858181818181818,1,0.850909090909091,1.04873949579832,1.23025210084034,0.166386554621849,1.6436974789916,0.371786420566908,0.312458800263678,0.381674357284113,0.433091628213579,1.44338498212157,0.983739837398374,0.556615017878427,1.01626016260163,1.1787610619469,0.870796460176991,0.955752212389381,0.994690265486726,0.891089108910891,1.03366336633663,0.178217821782178,1.8970297029703,0.763901549680948,0.530537830446673,1.81039197812215,0.895168641750228,2.225,0.941107184923439,0.25,1.05889281507656,1.19429778247096,0.560718057022175,1.13410770855333,0.912354804646251,0.525,0.522588522588523,1,1.47741147741148,1.67106130520765,0.455534229046705,2.82992748846407,1.54446577095329
