virus,realm,host,locus_tag,AAA,AAC,AAG,AAT,ACA,ACC,ACG,ACT,AGA,AGC,AGG,AGT,ATA,ATC,ATG,ATT,CAA,CAC,CAG,CAT,CCA,CCC,CCG,CCT,CGA,CGC,CGG,CGT,CTA,CTC,CTG,CTT,GAA,GAC,GAG,GAT,GCA,GCC,GCG,GCT,GGA,GGC,GGG,GGT,GTA,GTC,GTG,GTT,TAA,TAC,TAG,TAT,TCA,TCC,TCG,TCT,TGA,TGC,TGG,TGT,TTA,TTC,TTG,TTT
Colocasia bobone disease-associated virus,Riboviria,land plants,CA801,0.921739130434783,0.823529411764706,1.07826086956522,1.17647058823529,1.1703056768559,0.943231441048035,0.331877729257642,1.55458515283843,2.15151515151515,0.624605678233438,1.78787878787879,0.889589905362776,1.07722007722008,0.972972972972973,1,0.94980694980695,1.05769230769231,0.722222222222222,0.942307692307692,1.27777777777778,0.886486486486487,0.886486486486487,0.864864864864865,1.36216216216216,0.909090909090909,0.181818181818182,0.575757575757576,0.393939393939394,0.82122905027933,0.70391061452514,0.787709497206704,0.972067039106145,0.915094339622642,0.656565656565657,1.08490566037736,1.34343434343434,1.52,0.68,0.62,1.18,1.58,0.38,1.44,0.6,0.969162995594714,1.05726872246696,0.969162995594714,1.00440528634361,1.5,0.682926829268293,1,1.31707317073171,1.45741324921136,0.738170347003155,0.719242902208202,1.57097791798107,0.5,0.754098360655738,1,1.24590163934426,1.18994413407821,0.936708860759494,1.52513966480447,1.06329113924051
