virus,realm,locus_tag,host,type,shape,AAA,AAC,AAG,AAT,ACA,ACC,ACG,ACT,AGA,AGC,AGG,AGT,ATA,ATC,ATG,ATT,CAA,CAC,CAG,CAT,CCA,CCC,CCG,CCT,CGA,CGC,CGG,CGT,CTA,CTC,CTG,CTT,GAA,GAC,GAG,GAT,GCA,GCC,GCG,GCT,GGA,GGC,GGG,GGT,GTA,GTC,GTG,GTT,TAA,TAC,TAG,TAT,TCA,TCC,TCG,TCT,TGA,TGC,TGG,TGT,TTA,TTC,TTG,TTT
Colwellia phage 9A,Duplodnaviria,COPG,bacteria,DNA,linear,1.19715362076182,0.558275058275058,0.802846379238175,1.44172494172494,1.47441629408843,0.578241430700447,0.214605067064083,1.73273720814704,1.71557562076749,0.558404558404558,0.618510158013544,1.72934472934473,0.853301886792453,0.778301886792453,1,1.36839622641509,1.41013824884793,0.634782608695652,0.589861751152074,1.36521739130435,1.375,0.18359375,0.25390625,2.1875,0.627539503386005,0.474040632054176,0.162528216704289,2.40180586907449,0.750843012364181,0.227051330086175,0.18658673660547,1.67478456350693,1.51744471744472,0.358223523670083,0.482555282555283,1.64177647632992,1.64093023255814,0.586046511627907,0.221395348837209,1.55162790697674,0.425695110258869,0.573346116970278,0.197507190795781,2.80345158197507,1.8300283286119,0.336166194523135,0.360717658168083,1.47308781869688,1.83221476510067,0.686056458511548,0.865771812080537,1.31394354148845,1.83475783475783,0.236467236467236,0.267806267806268,1.37321937321937,0.302013422818792,0.36405529953917,1,1.63594470046083,2.41888347695766,0.693498452012384,0.74185088047958,1.30650154798762
