virus,realm,host,locus_tag,AAA,AAC,AAG,AAT,ACA,ACC,ACG,ACT,AGA,AGC,AGG,AGT,ATA,ATC,ATG,ATT,CAA,CAC,CAG,CAT,CCA,CCC,CCG,CCT,CGA,CGC,CGG,CGT,CTA,CTC,CTG,CTT,GAA,GAC,GAG,GAT,GCA,GCC,GCG,GCT,GGA,GGC,GGG,GGT,GTA,GTC,GTG,GTT,TAA,TAC,TAG,TAT,TCA,TCC,TCG,TCT,TGA,TGC,TGG,TGT,TTA,TTC,TTG,TTT
Common midwife toad virus,Varidnaviria,vertebrates,D1U33,0.41025641025641,1.69405099150142,1.58974358974359,0.305949008498584,0.568488745980707,1.85980707395498,0.872025723472669,0.69967845659164,1.18840579710145,1.02189781021898,3.70144927536232,0.224817518248175,0.944262295081967,1.54754098360656,1,0.508196721311475,0.381995133819951,1.74367622259696,1.61800486618005,0.256323777403035,0.689655172413793,1.91351943076081,0.569239189928845,0.827586206896552,0.176811594202899,0.428985507246377,0.263768115942029,0.240579710144928,0.313672922252011,2.08847184986595,2.64879356568365,0.396782841823056,0.37848347375243,1.70612730517549,1.62151652624757,0.293872694824509,0.610542879622345,2.01888276947286,0.845003933910307,0.525570416994492,1.14147286821705,1.25387596899225,1.03294573643411,0.571705426356589,0.397790055248619,1.6081597960051,1.72715682107947,0.266893327666808,1.15384615384615,1.739336492891,0.894230769230769,0.260663507109005,0.44963503649635,1.76642335766423,0.82043795620438,1.71678832116788,0.951923076923077,1.60502692998205,1,0.394973070017953,0.128686327077748,0.78936170212766,0.423592493297587,1.21063829787234
