virus,realm,locus_tag,host,type,shape,AAA,AAC,AAG,AAT,ACA,ACC,ACG,ACT,AGA,AGC,AGG,AGT,ATA,ATC,ATG,ATT,CAA,CAC,CAG,CAT,CCA,CCC,CCG,CCT,CGA,CGC,CGG,CGT,CTA,CTC,CTG,CTT,GAA,GAC,GAG,GAT,GCA,GCC,GCG,GCT,GGA,GGC,GGG,GGT,GTA,GTC,GTG,GTT,TAA,TAC,TAG,TAT,TCA,TCC,TCG,TCT,TGA,TGC,TGG,TGT,TTA,TTC,TTG,TTT
Coniothyrium minitans RNA virus,NA,CMMV,NA,RNA,linear,0.871794871794872,1.26530612244898,1.12820512820513,0.73469387755102,0.745098039215686,1.45098039215686,1.05882352941176,0.745098039215686,0.6,0.857142857142857,0.65,0.857142857142857,0.786885245901639,1.47540983606557,1,0.737704918032787,0.717948717948718,1.65,1.28205128205128,0.35,0.712871287128713,1.5049504950495,1.06930693069307,0.712871287128713,0.5,1.8,0.9,1.55,0.397058823529412,2.11764705882353,1.32352941176471,0.794117647058823,0.656716417910448,1.37777777777778,1.34328358208955,0.622222222222222,0.771573604060914,1.6243654822335,0.751269035532995,0.852791878172589,0.575539568345324,1.35251798561151,0.805755395683453,1.26618705035971,0.571428571428571,1.47368421052632,1.32330827067669,0.631578947368421,0,1.61290322580645,1.5,0.387096774193548,0.910714285714286,1.17857142857143,1.44642857142857,0.75,1.5,1.06666666666667,1,0.933333333333333,0.397058823529412,1.51111111111111,0.970588235294118,0.488888888888889
