virus,realm,host,locus_tag,AAA,AAC,AAG,AAT,ACA,ACC,ACG,ACT,AGA,AGC,AGG,AGT,ATA,ATC,ATG,ATT,CAA,CAC,CAG,CAT,CCA,CCC,CCG,CCT,CGA,CGC,CGG,CGT,CTA,CTC,CTG,CTT,GAA,GAC,GAG,GAT,GCA,GCC,GCG,GCT,GGA,GGC,GGG,GGT,GTA,GTC,GTG,GTT,TAA,TAC,TAG,TAT,TCA,TCC,TCG,TCT,TGA,TGC,TGG,TGT,TTA,TTC,TTG,TTT
Corynebacterium phage StAB,Duplodnaviria,bacteria,HWC36,0.254697286012526,1.74468085106383,1.74530271398747,0.25531914893617,0.144834930777423,2.56443024494143,1.1629392971246,0.12779552715655,0.0411361410381978,0.997084548104956,0.199804113614104,0.113702623906706,0.00455235204855842,2.7040971168437,1,0.291350531107739,0.271604938271605,1.80664652567976,1.72839506172839,0.193353474320242,0.203883495145631,1.60679611650485,2.03398058252427,0.155339805825243,0.628795298726738,3.3437806072478,1.41625857002938,0.370225269343781,0.092057761732852,2.59386281588448,2.69675090252708,0.216606498194946,0.658285714285714,1.69433198380567,1.34171428571429,0.305668016194332,0.310363537710255,2.21378187737385,1.31958762886598,0.156266956049919,0.354430379746835,2.62616033755274,0.705485232067511,0.313924050632911,0.11988011988012,2.44555444555445,1.27872127872128,0.155844155844156,0.590163934426229,1.88449848024316,0.491803278688525,0.115501519756839,0.157434402332362,2.25655976676385,2.27405247813411,0.201166180758017,1.91803278688525,1.73737373737374,1,0.262626262626263,0.0108303249097473,1.86461538461538,0.389891696750903,0.135384615384615
