virus,realm,host,locus_tag,AAA,AAC,AAG,AAT,ACA,ACC,ACG,ACT,AGA,AGC,AGG,AGT,ATA,ATC,ATG,ATT,CAA,CAC,CAG,CAT,CCA,CCC,CCG,CCT,CGA,CGC,CGG,CGT,CTA,CTC,CTG,CTT,GAA,GAC,GAG,GAT,GCA,GCC,GCG,GCT,GGA,GGC,GGG,GGT,GTA,GTC,GTG,GTT,TAA,TAC,TAG,TAT,TCA,TCC,TCG,TCT,TGA,TGC,TGG,TGT,TTA,TTC,TTG,TTT
Cotesia rubecula bracovirus,NA,NA,FK961,1.07368421052632,0.763157894736842,0.926315789473684,1.23684210526316,1.5,0.545454545454545,0.727272727272727,1.22727272727273,1.80821917808219,1.10924369747899,1.64383561643836,1.46218487394958,0.834782608695652,1.04347826086957,1,1.12173913043478,1.26666666666667,0.909090909090909,0.733333333333333,1.09090909090909,1.14285714285714,0.642857142857143,1.07142857142857,1.14285714285714,1.31506849315068,0.328767123287671,0.410958904109589,0.493150684931507,1.16417910447761,0.671641791044776,1.02985074626866,0.985074626865672,1.38181818181818,0.746666666666667,0.618181818181818,1.25333333333333,1.49152542372881,0.406779661016949,0.949152542372881,1.15254237288136,1.6,0.8,0.628571428571429,0.971428571428571,0.915254237288136,0.779661016949153,0.847457627118644,1.45762711864407,NA,0.981132075471698,NA,1.0188679245283,1.05882352941176,0.65546218487395,0.857142857142857,0.857142857142857,NA,0.9,1,1.1,0.805970149253731,0.756756756756757,1.34328358208955,1.24324324324324
