virus,realm,host,locus_tag,AAA,AAC,AAG,AAT,ACA,ACC,ACG,ACT,AGA,AGC,AGG,AGT,ATA,ATC,ATG,ATT,CAA,CAC,CAG,CAT,CCA,CCC,CCG,CCT,CGA,CGC,CGG,CGT,CTA,CTC,CTG,CTT,GAA,GAC,GAG,GAT,GCA,GCC,GCG,GCT,GGA,GGC,GGG,GGT,GTA,GTC,GTG,GTT,TAA,TAC,TAG,TAT,TCA,TCC,TCG,TCT,TGA,TGC,TGG,TGT,TTA,TTC,TTG,TTT
Cotton leaf curl Gezira virus-[Cotton],Monodnaviria,land plants,D1Q67,0.9,0.933333333333333,1.1,1.06666666666667,0.928571428571429,0.857142857142857,1,1.21428571428571,1.69014084507042,0.868421052631579,1.26760563380282,0.789473684210526,0.526315789473684,1.10526315789474,1,1.36842105263158,1.05660377358491,0.810810810810811,0.943396226415094,1.18918918918919,0.982456140350877,0.982456140350877,0.56140350877193,1.47368421052632,0.507042253521127,0.676056338028169,0.507042253521127,1.35211267605634,0.666666666666667,1.08333333333333,0.916666666666667,1.58333333333333,1.05882352941176,0.830188679245283,0.941176470588235,1.16981132075472,1.38181818181818,0.872727272727273,0.8,0.945454545454545,1.28301886792453,0.377358490566038,1.20754716981132,1.13207547169811,1.09677419354839,0.838709677419355,0.645161290322581,1.41935483870968,1.2,0.702702702702703,0.6,1.2972972972973,1.26315789473684,1.34210526315789,0.710526315789474,1.02631578947368,1.2,0.9,1,1.1,0.916666666666667,1.30434782608696,0.833333333333333,0.695652173913043
