virus,realm,locus_tag,host,type,shape,AAA,AAC,AAG,AAT,ACA,ACC,ACG,ACT,AGA,AGC,AGG,AGT,ATA,ATC,ATG,ATT,CAA,CAC,CAG,CAT,CCA,CCC,CCG,CCT,CGA,CGC,CGG,CGT,CTA,CTC,CTG,CTT,GAA,GAC,GAG,GAT,GCA,GCC,GCG,GCT,GGA,GGC,GGG,GGT,GTA,GTC,GTG,GTT,TAA,TAC,TAG,TAT,TCA,TCC,TCG,TCT,TGA,TGC,TGG,TGT,TTA,TTC,TTG,TTT
Cotton leafroll dwarf virus,Riboviria,CLRDV,land plants,RNA,linear,1.09803921568627,0.992125984251969,0.901960784313726,1.00787401574803,0.935672514619883,1.45029239766082,0.748538011695906,0.865497076023392,1.08571428571429,0.718562874251497,1.08571428571429,0.646706586826347,0.451327433628319,1.48672566371681,1,1.06194690265487,1.29824561403509,0.950819672131147,0.701754385964912,1.04918032786885,1.07692307692308,1.19230769230769,0.557692307692308,1.17307692307692,0.942857142857143,0.885714285714286,1.02857142857143,0.971428571428571,0.48,1.30909090909091,1.00363636363636,1.46181818181818,0.88135593220339,0.8125,1.11864406779661,1.1875,0.811059907834101,1.12442396313364,0.847926267281106,1.21658986175115,1.48878923766816,0.896860986547085,0.573991031390135,1.04035874439462,0.8,0.947368421052632,1.26315789473684,0.989473684210526,0.375,1.11627906976744,1.5,0.883720930232558,1.18562874251497,1.34730538922156,0.772455089820359,1.32934131736527,1.125,1.34782608695652,1,0.652173913043478,0.829090909090909,1.1156462585034,0.916363636363636,0.884353741496599
