virus,realm,locus_tag,host,type,shape,AAA,AAC,AAG,AAT,ACA,ACC,ACG,ACT,AGA,AGC,AGG,AGT,ATA,ATC,ATG,ATT,CAA,CAC,CAG,CAT,CCA,CCC,CCG,CCT,CGA,CGC,CGG,CGT,CTA,CTC,CTG,CTT,GAA,GAC,GAG,GAT,GCA,GCC,GCG,GCT,GGA,GGC,GGG,GGT,GTA,GTC,GTG,GTT,TAA,TAC,TAG,TAT,TCA,TCC,TCG,TCT,TGA,TGC,TGG,TGT,TTA,TTC,TTG,TTT
Cotton leaf curl Shahdadpur virus,Monodnaviria,A1H81,land plants,DNA,circular,1,0.857142857142857,1,1.14285714285714,0.875,0.8125,1.125,1.1875,1.79220779220779,0.84,1.94805194805195,1.08,0.775862068965517,1.24137931034483,1,0.982758620689655,1.01587301587302,1,0.984126984126984,1,1.46031746031746,1.01587301587302,0.634920634920635,0.888888888888889,0.467532467532468,0.623376623376623,0.467532467532468,0.701298701298701,0.675,1.125,1.05,1.05,1.05263157894737,0.867924528301887,0.947368421052632,1.13207547169811,1.2258064516129,0.838709677419355,0.645161290322581,1.29032258064516,1.31034482758621,0.344827586206897,1.10344827586207,1.24137931034483,1.1875,0.875,0.5625,1.375,1.5,0.636363636363636,1,1.36363636363636,1.14,1.08,0.54,1.32,0.5,0.846153846153846,1,1.15384615384615,1.125,1.15555555555556,0.975,0.844444444444444
