virus,realm,locus_tag,host,type,shape,AAA,AAC,AAG,AAT,ACA,ACC,ACG,ACT,AGA,AGC,AGG,AGT,ATA,ATC,ATG,ATT,CAA,CAC,CAG,CAT,CCA,CCC,CCG,CCT,CGA,CGC,CGG,CGT,CTA,CTC,CTG,CTT,GAA,GAC,GAG,GAT,GCA,GCC,GCG,GCT,GGA,GGC,GGG,GGT,GTA,GTC,GTG,GTT,TAA,TAC,TAG,TAT,TCA,TCC,TCG,TCT,TGA,TGC,TGG,TGT,TTA,TTC,TTG,TTT
Cowpea aphid-borne mosaic virus,Riboviria,CABMVgp,land plants,RNA,linear,0.995951417004049,0.808219178082192,1.00404858299595,1.19178082191781,2,0.659090909090909,0.340909090909091,1,2.85185185185185,1.30188679245283,1.33333333333333,1.24528301886792,0.880239520958084,0.718562874251497,1,1.40119760479042,1.25179856115108,0.868421052631579,0.748201438848921,1.13157894736842,2.13333333333333,0.60952380952381,0.342857142857143,0.914285714285714,0.592592592592593,0.296296296296296,0.407407407407407,0.518518518518518,0.776223776223776,1.02797202797203,0.818181818181818,1.46853146853147,1.19457013574661,0.703030303030303,0.805429864253394,1.2969696969697,2.21978021978022,0.505494505494505,0.307692307692308,0.967032967032967,1.41436464088398,0.751381215469613,0.861878453038674,0.972375690607735,0.676056338028169,0.713615023474178,1.12676056338028,1.48356807511737,1.5,0.944444444444444,0,1.05555555555556,1.69811320754717,0.424528301886792,0.311320754716981,1.0188679245283,1.5,1.01818181818182,1,0.981818181818182,0.713286713286713,0.980891719745223,1.1958041958042,1.01910828025478
