virus,realm,host,locus_tag,AAA,AAC,AAG,AAT,ACA,ACC,ACG,ACT,AGA,AGC,AGG,AGT,ATA,ATC,ATG,ATT,CAA,CAC,CAG,CAT,CCA,CCC,CCG,CCT,CGA,CGC,CGG,CGT,CTA,CTC,CTG,CTT,GAA,GAC,GAG,GAT,GCA,GCC,GCG,GCT,GGA,GGC,GGG,GGT,GTA,GTC,GTG,GTT,TAA,TAC,TAG,TAT,TCA,TCC,TCG,TCT,TGA,TGC,TGG,TGT,TTA,TTC,TTG,TTT
crAssphage cr126 1,NA,NA,KNV42,0.872553699284009,0.564456233421751,1.12744630071599,1.43554376657825,1.2337962962963,0.3125,0.0162037037037037,2.4375,5.06805444355484,0.459375,0.88871096877502,2.271875,1.16802688430149,0.420547287566011,1,1.4114258281325,1.25154639175258,0.483965014577259,0.748453608247423,1.51603498542274,1.30204081632653,0.179591836734694,0.00816326530612245,2.51020408163265,0.0192153722978383,0,0.00480384307445957,0.0192153722978383,0.882978723404255,0.220744680851064,0.36968085106383,1.63297872340426,1.2330900243309,0.479154433352907,0.7669099756691,1.52084556664709,1.4855195911414,0.179443498012493,0.0159000567859171,2.31913685406019,1.06218487394958,0.358543417366947,0.237535014005602,2.34173669467787,1.93156732891832,0.187637969094923,0.483443708609272,1.39735099337748,1.94117647058824,0.411255411255411,0.470588235294118,1.58874458874459,1.359375,0.265625,0.0125,1.63125,0.588235294117647,0.384057971014493,1,1.61594202898551,2.08244680851064,0.786991869918699,0.811170212765957,1.2130081300813
