virus,realm,host,locus_tag,AAA,AAC,AAG,AAT,ACA,ACC,ACG,ACT,AGA,AGC,AGG,AGT,ATA,ATC,ATG,ATT,CAA,CAC,CAG,CAT,CCA,CCC,CCG,CCT,CGA,CGC,CGG,CGT,CTA,CTC,CTG,CTT,GAA,GAC,GAG,GAT,GCA,GCC,GCG,GCT,GGA,GGC,GGG,GGT,GTA,GTC,GTG,GTT,TAA,TAC,TAG,TAT,TCA,TCC,TCG,TCT,TGA,TGC,TGG,TGT,TTA,TTC,TTG,TTT
crAssphage cr11 1,NA,NA,KNV34,1.61593895718525,0.247946228528753,0.384061042814752,1.75205377147125,0.711803475134811,0.242061114439784,0.165368484122229,2.88076692630318,2.21602787456446,0.52,0.0470383275261324,2.48,0.694915254237288,0.161016949152542,1,2.14406779661017,1.78815489749431,0.164021164021164,0.211845102505695,1.83597883597884,0.591397849462366,0.236559139784946,0.354838709677419,2.81720430107527,0.412891986062718,0.25609756097561,0.0836236933797909,2.98432055749129,0.256333830104322,0.184798807749627,0.0983606557377049,3.26974664679583,1.81607929515419,0.232558139534884,0.183920704845815,1.76744186046512,0.48582995951417,0.267206477732794,0.111336032388664,3.13562753036437,1.08294625082946,0.41672196416722,0.108825481088255,2.39150630391506,0.750853242320819,0.147895335608646,0.0887372013651877,3.01251422070535,2.07692307692308,0.120655737704918,0.32967032967033,1.87934426229508,0.384,0.184,0.108,2.324,0.593406593406593,0.288659793814433,1,1.71134020618557,1.61549925484352,0.285468615649183,0.575260804769002,1.71453138435082
