virus,realm,locus_tag,host,type,shape,AAA,AAC,AAG,AAT,ACA,ACC,ACG,ACT,AGA,AGC,AGG,AGT,ATA,ATC,ATG,ATT,CAA,CAC,CAG,CAT,CCA,CCC,CCG,CCT,CGA,CGC,CGG,CGT,CTA,CTC,CTG,CTT,GAA,GAC,GAG,GAT,GCA,GCC,GCG,GCT,GGA,GGC,GGG,GGT,GTA,GTC,GTG,GTT,TAA,TAC,TAG,TAT,TCA,TCC,TCG,TCT,TGA,TGC,TGG,TGT,TTA,TTC,TTG,TTT
crAssphage cr271 1,NA,KNV45,NA,NA,NA,1.50917030567686,0.268450184501845,0.490829694323144,1.73154981549816,1.23076923076923,0.122171945701357,0.0678733031674208,2.57918552036199,2.65454545454545,0.247737556561086,0.161038961038961,2.52149321266968,0.951319381255687,0.165150136487716,1,1.8835304822566,1.65627950897073,0.205567451820128,0.343720491029273,1.79443254817987,0.733413751507841,0.0386007237635706,0.0434258142340169,3.18455971049457,0.436363636363636,0.0987012987012987,0.0467532467532468,2.6025974025974,0.333017077798861,0.148007590132827,0.156546489563567,3.19639468690702,1.70533880903491,0.267232237539767,0.294661190965092,1.73276776246023,1.02974580854516,0.07355327203894,0.0605732828555976,2.8361276365603,1.07432854465959,0.192379762648345,0.0574640849469082,2.67582760774516,1.45385587863464,0.134007585335019,0.149178255372946,2.2629582806574,2.29787234042553,0.154488517745303,0.191489361702128,1.8455114822547,0.760180995475113,0.0644796380090498,0.0678733031674208,2.33823529411765,0.51063829787234,0.191358024691358,1,1.80864197530864,1.69070208728653,0.299283154121864,0.475332068311195,1.70071684587814
