virus,realm,locus_tag,host,type,shape,AAA,AAC,AAG,AAT,ACA,ACC,ACG,ACT,AGA,AGC,AGG,AGT,ATA,ATC,ATG,ATT,CAA,CAC,CAG,CAT,CCA,CCC,CCG,CCT,CGA,CGC,CGG,CGT,CTA,CTC,CTG,CTT,GAA,GAC,GAG,GAT,GCA,GCC,GCG,GCT,GGA,GGC,GGG,GGT,GTA,GTC,GTG,GTT,TAA,TAC,TAG,TAT,TCA,TCC,TCG,TCT,TGA,TGC,TGG,TGT,TTA,TTC,TTG,TTT
crAssphage cr115 1,NA,KNV56,NA,NA,NA,1.31680672268908,0.426305970149254,0.683193277310924,1.57369402985075,1.11518858307849,0.1855249745158,0.197757390417941,2.50152905198777,3.67326732673267,0.45565749235474,0.336633663366337,2.01223241590214,1.50201342281879,0.291275167785235,1,1.20671140939597,1.42025611175786,0.402234636871508,0.579743888242142,1.59776536312849,1.23897435897436,0.143589743589744,0.278974358974359,2.33846153846154,0.351485148514851,0.128712871287129,0.0544554455445545,1.45544554455446,0.7215859030837,0.174449339207048,0.301321585903084,1.2079295154185,1.52173913043478,0.344827586206897,0.478260869565217,1.6551724137931,1.37689050211736,0.220205686630369,0.183908045977011,2.21899576527526,1.26968381897086,0.324860508369498,0.213267203967762,2.19218846869188,2.47144592952612,0.131227217496962,0.221142162818955,1.17618469015796,0.544757033248082,0.440027416038382,2.30946291560102,1.55997258396162,0.920489296636086,0.195718654434251,0.103975535168196,2.31192660550459,0.145780051150895,0.485714285714286,1,1.51428571428571,2.96299559471366,0.579457364341085,0.631718061674009,1.42054263565891
