virus,realm,host,locus_tag,AAA,AAC,AAG,AAT,ACA,ACC,ACG,ACT,AGA,AGC,AGG,AGT,ATA,ATC,ATG,ATT,CAA,CAC,CAG,CAT,CCA,CCC,CCG,CCT,CGA,CGC,CGG,CGT,CTA,CTC,CTG,CTT,GAA,GAC,GAG,GAT,GCA,GCC,GCG,GCT,GGA,GGC,GGG,GGT,GTA,GTC,GTG,GTT,TAA,TAC,TAG,TAT,TCA,TCC,TCG,TCT,TGA,TGC,TGG,TGT,TTA,TTC,TTG,TTT
crAssphage cr272 1,NA,NA,KNV61,1.32326530612245,0.929156626506024,0.676734693877551,1.07084337349398,1.92522380200105,0.46129541864139,0.313849394418115,1.29963138493944,2.65656565656566,0.653968253968254,0.287878787878788,1.32063492063492,1.465626523647,0.384690394929303,1,1.1496830814237,1.27237728585178,0.887417218543046,0.727622714148219,1.11258278145695,2.19105691056911,0.178861788617886,0.495934959349593,1.13414634146341,0.641414141414141,0.570707070707071,0.146464646464646,1.6969696969697,0.629099307159353,0.368591224018476,0.448960739030023,1.71547344110855,1.45002644103649,0.659470068694799,0.549973558963511,1.3405299313052,1.75531914893617,0.35531914893617,0.391489361702128,1.49787234042553,1.6480686695279,0.497854077253219,0.169221336603311,1.68485591661557,2,0.222477064220183,0.387614678899083,1.38990825688073,0.68780487804878,0.536520584329349,1.91707317073171,1.46347941567065,1.10793650793651,0.222222222222222,0.361904761904762,2.33333333333333,0.395121951219512,0.42320819112628,1,1.57679180887372,1.8540415704388,0.564643799472295,0.983833718244804,1.4353562005277
