virus,realm,locus_tag,host,type,shape,AAA,AAC,AAG,AAT,ACA,ACC,ACG,ACT,AGA,AGC,AGG,AGT,ATA,ATC,ATG,ATT,CAA,CAC,CAG,CAT,CCA,CCC,CCG,CCT,CGA,CGC,CGG,CGT,CTA,CTC,CTG,CTT,GAA,GAC,GAG,GAT,GCA,GCC,GCG,GCT,GGA,GGC,GGG,GGT,GTA,GTC,GTG,GTT,TAA,TAC,TAG,TAT,TCA,TCC,TCG,TCT,TGA,TGC,TGG,TGT,TTA,TTC,TTG,TTT
Cronobacter phage vB CsaP 009,NA,HWB19,NA,NA,NA,1.42483069977427,0.6480920654149,0.575169300225734,1.3519079345851,1.81221273801707,0.362442547603414,0.157583716349311,1.6677609980302,2.42740619902121,0.33984375,0.983686786296901,1.365234375,0.707303974221267,0.634801288936627,1,1.65789473684211,1.39170506912442,0.786427145708583,0.608294930875576,1.21357285429142,2.0682302771855,0.119402985074627,0.119402985074627,1.69296375266525,0.719412724306688,0.161500815660685,0.0978792822185971,1.61011419249592,0.826067003212483,0.198256080770996,0.366223038090867,1.16750803120698,1.40697103583702,0.323951141795008,0.593028964162985,1.67604885820499,1.46954813359528,0.356254092992796,0.170268500327439,2.00392927308448,0.80393227744402,0.297105406881486,0.358274167121791,2.5406881485527,1.15935591338145,0.32870627429206,0.373126041088284,2.1388117712382,2.12142857142857,0.530689329556185,0.257142857142857,1.46931067044382,1.5439453125,0.328125,0.10546875,2.3173828125,0.621428571428571,0.5,1,1.5,2.70674621385957,0.786206896551724,0.73519963285911,1.21379310344828
