virus,realm,locus_tag,host,type,shape,AAA,AAC,AAG,AAT,ACA,ACC,ACG,ACT,AGA,AGC,AGG,AGT,ATA,ATC,ATG,ATT,CAA,CAC,CAG,CAT,CCA,CCC,CCG,CCT,CGA,CGC,CGG,CGT,CTA,CTC,CTG,CTT,GAA,GAC,GAG,GAT,GCA,GCC,GCG,GCT,GGA,GGC,GGG,GGT,GTA,GTC,GTG,GTT,TAA,TAC,TAG,TAT,TCA,TCC,TCG,TCT,TGA,TGC,TGG,TGT,TTA,TTC,TTG,TTT
Cryptophlebia leucotreta granulovirus,Naldaviricetes,ClgVgp,invertebrates,DNA,circular,1.68017524644031,0.722908093278464,0.319824753559693,1.27709190672154,1.38437001594896,0.808080808080808,0.520999468367889,1.28654970760234,2.37574850299401,0.681630783325699,0.817365269461078,1.51168117269812,1.24230619400078,0.434748733930658,1,1.32294507206856,1.5586592178771,0.785185185185185,0.441340782122905,1.21481481481481,1.17516218721038,0.633920296570899,0.704355885078777,1.48656163113994,0.844311377245509,0.511976047904192,0.211077844311377,1.23952095808383,0.597579894508222,0.199193298169407,0.46726652187403,0.564070741545144,1.62890442890443,0.71055179090029,0.371095571095571,1.28944820909971,1.17063870352717,0.804575786463298,0.659675881792183,1.36510962821735,1.36355710549259,0.387096774193548,0.272013949433304,1.97733217088056,1.23288929719798,0.43546164446486,0.992191088654111,1.33945796968305,2.1328125,0.775609756097561,0.4453125,1.22439024390244,1.13788364635822,0.516720109940449,0.698121850664223,1.45396243701328,0.421875,0.479604449938195,1,1.5203955500618,2.34564070741545,0.420091324200913,1.82624883648774,1.57990867579909
