virus,realm,locus_tag,host,type,shape,AAA,AAC,AAG,AAT,ACA,ACC,ACG,ACT,AGA,AGC,AGG,AGT,ATA,ATC,ATG,ATT,CAA,CAC,CAG,CAT,CCA,CCC,CCG,CCT,CGA,CGC,CGG,CGT,CTA,CTC,CTG,CTT,GAA,GAC,GAG,GAT,GCA,GCC,GCG,GCT,GGA,GGC,GGG,GGT,GTA,GTC,GTG,GTT,TAA,TAC,TAG,TAT,TCA,TCC,TCG,TCT,TGA,TGC,TGG,TGT,TTA,TTC,TTG,TTT
Ctenophore-associated circular virus 4,NA,AXI98,NA,DNA,circular,1.12820512820513,0.869565217391304,0.871794871794872,1.1304347826087,1.21212121212121,0.848484848484849,0.606060606060606,1.33333333333333,0.72,1.13513513513514,0.48,0.810810810810811,1.22727272727273,0.681818181818182,1,1.09090909090909,0.8,0.923076923076923,1.2,1.07692307692308,1.71428571428571,0,1.14285714285714,1.14285714285714,0.72,1.92,0.48,1.68,1.05,0.9,1.5,1.05,1.3,1,0.7,1,0.606060606060606,0.606060606060606,1.09090909090909,1.6969696969697,1.55555555555556,0.888888888888889,0.555555555555556,1,1.42857142857143,0.571428571428571,0.428571428571429,1.57142857142857,1.5,0.315789473684211,1.5,1.68421052631579,0.810810810810811,0.810810810810811,1.2972972972973,1.13513513513514,0,1.25,1,0.75,1.05,0.526315789473684,0.45,1.47368421052632
