virus,realm,locus_tag,host,type,shape,AAA,AAC,AAG,AAT,ACA,ACC,ACG,ACT,AGA,AGC,AGG,AGT,ATA,ATC,ATG,ATT,CAA,CAC,CAG,CAT,CCA,CCC,CCG,CCT,CGA,CGC,CGG,CGT,CTA,CTC,CTG,CTT,GAA,GAC,GAG,GAT,GCA,GCC,GCG,GCT,GGA,GGC,GGG,GGT,GTA,GTC,GTG,GTT,TAA,TAC,TAG,TAT,TCA,TCC,TCG,TCT,TGA,TGC,TGG,TGT,TTA,TTC,TTG,TTT
Cucumber vein-clearing virus,Riboviria,FK827,land plants,RNA,linear,1.32710280373832,0.422222222222222,0.672897196261682,1.57777777777778,0.926829268292683,1.17073170731707,0.0975609756097561,1.80487804878049,2.27368421052632,0.778625954198473,1.51578947368421,1.6030534351145,0.953271028037383,0.588785046728972,1,1.45794392523364,1.50877192982456,0.512820512820513,0.491228070175439,1.48717948717949,1.28,0.853333333333333,0.16,1.70666666666667,0.568421052631579,0.757894736842105,0.252631578947368,0.631578947368421,0.39344262295082,0.524590163934426,0.590163934426229,0.852459016393443,1.06306306306306,0.727272727272727,0.936936936936937,1.27272727272727,0.776699029126214,0.932038834951456,0.194174757281553,2.09708737864078,0.860215053763441,0.946236559139785,0.688172043010753,1.50537634408602,0.911392405063291,0.658227848101266,0.962025316455696,1.46835443037975,1.5,0.88,0.5,1.12,1.23664122137405,0.824427480916031,0.137404580152672,1.41984732824427,1,1.02325581395349,1,0.976744186046512,1.67213114754098,0.489795918367347,1.9672131147541,1.51020408163265
