virus,realm,host,locus_tag,AAA,AAC,AAG,AAT,ACA,ACC,ACG,ACT,AGA,AGC,AGG,AGT,ATA,ATC,ATG,ATT,CAA,CAC,CAG,CAT,CCA,CCC,CCG,CCT,CGA,CGC,CGG,CGT,CTA,CTC,CTG,CTT,GAA,GAC,GAG,GAT,GCA,GCC,GCG,GCT,GGA,GGC,GGG,GGT,GTA,GTC,GTG,GTT,TAA,TAC,TAG,TAT,TCA,TCC,TCG,TCT,TGA,TGC,TGG,TGT,TTA,TTC,TTG,TTT
Cucurbit vein banding virus,Riboviria,land plants,CFB78,1.2,0.686746987951807,0.8,1.31325301204819,1.84126984126984,0.571428571428571,0.740740740740741,0.846560846560847,2,0.493506493506494,0.852459016393443,1.32467532467532,0.861386138613861,0.816831683168317,1,1.32178217821782,1.21666666666667,0.95049504950495,0.783333333333333,1.04950495049505,1.856,0.384,0.416,1.344,1.11475409836066,0.852459016393443,0.295081967213115,0.885245901639344,0.473118279569892,0.795698924731183,0.688172043010753,0.967741935483871,1.15577889447236,0.720930232558139,0.844221105527638,1.27906976744186,1.54639175257732,0.494845360824742,0.597938144329897,1.36082474226804,1.36170212765957,0.617021276595745,0.51063829787234,1.51063829787234,0.417061611374408,0.739336492890995,1.09952606635071,1.74407582938389,0,0.823529411764706,1.5,1.17647058823529,1.94805194805195,0.519480519480519,0.701298701298701,1.01298701298701,1.5,0.905660377358491,1,1.09433962264151,1.37634408602151,0.776315789473684,1.6989247311828,1.22368421052632
