virus,realm,host,locus_tag,AAA,AAC,AAG,AAT,ACA,ACC,ACG,ACT,AGA,AGC,AGG,AGT,ATA,ATC,ATG,ATT,CAA,CAC,CAG,CAT,CCA,CCC,CCG,CCT,CGA,CGC,CGG,CGT,CTA,CTC,CTG,CTT,GAA,GAC,GAG,GAT,GCA,GCC,GCG,GCT,GGA,GGC,GGG,GGT,GTA,GTC,GTG,GTT,TAA,TAC,TAG,TAT,TCA,TCC,TCG,TCT,TGA,TGC,TGG,TGT,TTA,TTC,TTG,TTT
Cucumber Bulgarian latent virus,Riboviria,land plants,CBvgp,0.803921568627451,0.806451612903226,1.19607843137255,1.19354838709677,0.954128440366973,0.990825688073395,0.403669724770642,1.65137614678899,1.12230215827338,0.642857142857143,2.15827338129496,1.71428571428571,0.733333333333333,1.03333333333333,1,1.23333333333333,0.821428571428571,0.742857142857143,1.17857142857143,1.25714285714286,1.03896103896104,0.883116883116883,0.363636363636364,1.71428571428571,0.690647482014389,0.561151079136691,0.776978417266187,0.690647482014389,0.442953020134228,1.32885906040268,1.00671140939597,1.24832214765101,0.769230769230769,0.64367816091954,1.23076923076923,1.35632183908046,1.17829457364341,0.806201550387597,0.961240310077519,1.05426356589147,1.4,0.571428571428571,0.885714285714286,1.14285714285714,0.613333333333333,0.906666666666667,1.22666666666667,1.25333333333333,0,0.769230769230769,2,1.23076923076923,0.803571428571429,0.857142857142857,0.642857142857143,1.33928571428571,1,0.558139534883721,1,1.44186046511628,0.885906040268456,0.942857142857143,1.08724832214765,1.05714285714286
