virus,realm,locus_tag,host,type,shape,AAA,AAC,AAG,AAT,ACA,ACC,ACG,ACT,AGA,AGC,AGG,AGT,ATA,ATC,ATG,ATT,CAA,CAC,CAG,CAT,CCA,CCC,CCG,CCT,CGA,CGC,CGG,CGT,CTA,CTC,CTG,CTT,GAA,GAC,GAG,GAT,GCA,GCC,GCG,GCT,GGA,GGC,GGG,GGT,GTA,GTC,GTG,GTT,TAA,TAC,TAG,TAT,TCA,TCC,TCG,TCT,TGA,TGC,TGG,TGT,TTA,TTC,TTG,TTT
Curvularia thermal tolerance virus,Riboviria,CThTV,fungi,RNA,linear,0.363636363636364,1.25,1.63636363636364,0.75,0.5,1.27777777777778,1.44444444444444,0.777777777777778,0.282352941176471,1,0.988235294117647,0.909090909090909,0.525,1.8,1,0.675,0.612244897959184,1.22222222222222,1.38775510204082,0.777777777777778,1.05882352941176,1.23529411764706,0.882352941176471,0.823529411764706,0.564705882352941,2.18823529411765,0.847058823529412,1.12941176470588,0.5,1.33333333333333,1.05555555555556,1.16666666666667,0.404494382022472,0.958904109589041,1.59550561797753,1.04109589041096,0.807692307692308,1.15384615384615,1.23076923076923,0.807692307692308,0.682926829268293,1.07317073170732,1.60975609756098,0.634146341463415,0.537313432835821,1.19402985074627,1.25373134328358,1.01492537313433,0.75,1.12820512820513,0.75,0.871794871794872,0.818181818181818,1.09090909090909,1.36363636363636,0.818181818181818,1.5,1.33333333333333,1,0.666666666666667,0.388888888888889,1.38888888888889,1.55555555555556,0.611111111111111
