virus,realm,host,locus_tag,AAA,AAC,AAG,AAT,ACA,ACC,ACG,ACT,AGA,AGC,AGG,AGT,ATA,ATC,ATG,ATT,CAA,CAC,CAG,CAT,CCA,CCC,CCG,CCT,CGA,CGC,CGG,CGT,CTA,CTC,CTG,CTT,GAA,GAC,GAG,GAT,GCA,GCC,GCG,GCT,GGA,GGC,GGG,GGT,GTA,GTC,GTG,GTT,TAA,TAC,TAG,TAT,TCA,TCC,TCG,TCT,TGA,TGC,TGG,TGT,TTA,TTC,TTG,TTT
Cyanophage PP,Duplodnaviria,bacteria,V420,0.840940525587829,1.99662162162162,1.15905947441217,0.00337837837837838,1.62426614481409,0.575342465753425,0.63013698630137,1.17025440313112,1.29473684210526,0.803632236095346,0.189473684210526,1.59364358683314,0.483443708609272,2.51655629139073,1,0,1.2090395480226,1.16431924882629,0.790960451977401,0.835680751173709,1.32642487046632,0.352331606217617,0.525043177892919,1.79620034542314,0.852631578947368,0.592105263157895,0.339473684210526,2.73157894736842,1.53535353535354,0.48989898989899,0.712121212121212,1.39393939393939,1.05263157894737,1.10148232611174,0.947368421052632,0.898517673888255,1.25074925074925,0.255744255744256,0.547452547452547,1.94605394605395,0.63924794359577,0.371327849588719,0.314923619271445,2.67450058754407,1.52473326867119,0.803103782735209,0.779825412221145,0.892337536372454,1.97560975609756,1.4526678141136,0.585365853658537,0.547332185886403,1.04199772985244,0.251986379114642,0.510783200908059,1.79795686719637,0.439024390243902,0.434782608695652,1,1.56521739130435,1.0959595959596,0.901345291479821,0.772727272727273,1.09865470852018
