virus,realm,locus_tag,host,type,shape,AAA,AAC,AAG,AAT,ACA,ACC,ACG,ACT,AGA,AGC,AGG,AGT,ATA,ATC,ATG,ATT,CAA,CAC,CAG,CAT,CCA,CCC,CCG,CCT,CGA,CGC,CGG,CGT,CTA,CTC,CTG,CTT,GAA,GAC,GAG,GAT,GCA,GCC,GCG,GCT,GGA,GGC,GGG,GGT,GTA,GTC,GTG,GTT,TAA,TAC,TAG,TAT,TCA,TCC,TCG,TCT,TGA,TGC,TGG,TGT,TTA,TTC,TTG,TTT
Cyanophage S-TIM5,Duplodnaviria,F417,bacteria,DNA,linear,1.29249011857708,0.867814225397856,0.707509881422925,1.13218577460214,1.30376193149916,0.689500280741157,0.314430095451993,1.69230769230769,3.06038426349497,0.893078640535847,0.730100640439158,0.87521706772513,0.689226948152748,0.733933561005899,1,1.57683949084135,1.3337072349972,0.843881856540084,0.666292765002804,1.15611814345992,1.08810784785749,0.568127106403467,0.446798266730862,1.89696677900818,0.507776761207685,0.579139981701738,0.197621225983532,0.924977127172919,1.03021148036254,0.761329305135952,0.270392749244713,1.80211480362538,1.31626506024096,0.720255183413078,0.683734939759036,1.27974481658692,1.39144919489173,0.676290949472515,0.335369239311494,1.59689061632426,1.5841867111217,0.790664443915218,0.37246963562753,1.25267920933556,1.47548244226511,0.416323948117684,0.349256564378361,1.75893704523885,1.4,0.785894206549118,0.45,1.21410579345088,0.785909203671545,0.48821632349293,0.424212354254527,2.53336641032002,1.15,0.986238532110092,1,1.01376146788991,1.56042296072508,0.594619666048237,0.575528700906344,1.40538033395176
