virus,realm,locus_tag,host,type,shape,AAA,AAC,AAG,AAT,ACA,ACC,ACG,ACT,AGA,AGC,AGG,AGT,ATA,ATC,ATG,ATT,CAA,CAC,CAG,CAT,CCA,CCC,CCG,CCT,CGA,CGC,CGG,CGT,CTA,CTC,CTG,CTT,GAA,GAC,GAG,GAT,GCA,GCC,GCG,GCT,GGA,GGC,GGG,GGT,GTA,GTC,GTG,GTT,TAA,TAC,TAG,TAT,TCA,TCC,TCG,TCT,TGA,TGC,TGG,TGT,TTA,TTC,TTG,TTT
Cyclovirus bat/USA/2009,Monodnaviria,CyCV,vertebrates,ss-DNA,circular,1.5,0.647058823529412,0.5,1.35294117647059,1.64102564102564,0.615384615384615,0.82051282051282,0.923076923076923,0.9,0.888888888888889,0.45,0.666666666666667,1.28571428571429,0.685714285714286,1,1.02857142857143,1.68421052631579,0.833333333333333,0.315789473684211,1.16666666666667,1.52380952380952,0.380952380952381,0.380952380952381,1.71428571428571,1.2,1.2,0.75,1.5,1.15384615384615,0.923076923076923,0.692307692307692,0.461538461538462,1.5,0.727272727272727,0.5,1.27272727272727,1.14285714285714,0.380952380952381,1.14285714285714,1.33333333333333,2.46153846153846,0.307692307692308,0.615384615384615,0.615384615384615,1.17647058823529,0.352941176470588,0.470588235294118,2,3,1.04347826086957,0,0.956521739130435,1.77777777777778,0.222222222222222,0.666666666666667,1.77777777777778,0,1.5,1,0.5,1.15384615384615,0.620689655172414,1.61538461538462,1.37931034482759
