virus,realm,host,locus_tag,AAA,AAC,AAG,AAT,ACA,ACC,ACG,ACT,AGA,AGC,AGG,AGT,ATA,ATC,ATG,ATT,CAA,CAC,CAG,CAT,CCA,CCC,CCG,CCT,CGA,CGC,CGG,CGT,CTA,CTC,CTG,CTT,GAA,GAC,GAG,GAT,GCA,GCC,GCG,GCT,GGA,GGC,GGG,GGT,GTA,GTC,GTG,GTT,TAA,TAC,TAG,TAT,TCA,TCC,TCG,TCT,TGA,TGC,TGG,TGT,TTA,TTC,TTG,TTT
Cynomolgus adenovirus 1,Varidnaviria,vertebrates,B9W67,0.72289156626506,1.74831460674157,1.27710843373494,0.251685393258427,0.130081300813008,2.30243902439024,1.14471544715447,0.422764227642276,0.217343578485181,2.10596026490066,0.237102085620198,0.341721854304636,0.120743034055728,1.73684210526316,1,1.14241486068111,0.41779497098646,1.70397111913357,1.58220502901354,0.296028880866426,0.271576524741082,2.03452243958573,1.19677790563867,0.497123130034522,0.46761800219539,3.41822173435785,1.15257958287596,0.507135016465423,0.194805194805195,1.65584415584416,3.0487012987013,0.340909090909091,0.547307132459971,1.72504708097928,1.45269286754003,0.274952919020716,0.162962962962963,2.17037037037037,1.21111111111111,0.455555555555556,0.581196581196581,1.97720797720798,1.01424501424501,0.427350427350427,0.23778071334214,1.03038309114927,2.37252311756935,0.359313077939234,1.78125,1.73604060913706,0.65625,0.263959390862944,0.214569536423841,1.66092715231788,1.05695364238411,0.619867549668874,0.5625,1.49295774647887,1,0.507042253521127,0.233766233766234,0.846511627906977,0.525974025974026,1.15348837209302
