virus,realm,locus_tag,host,type,shape,AAA,AAC,AAG,AAT,ACA,ACC,ACG,ACT,AGA,AGC,AGG,AGT,ATA,ATC,ATG,ATT,CAA,CAC,CAG,CAT,CCA,CCC,CCG,CCT,CGA,CGC,CGG,CGT,CTA,CTC,CTG,CTT,GAA,GAC,GAG,GAT,GCA,GCC,GCG,GCT,GGA,GGC,GGG,GGT,GTA,GTC,GTG,GTT,TAA,TAC,TAG,TAT,TCA,TCC,TCG,TCT,TGA,TGC,TGG,TGT,TTA,TTC,TTG,TTT
Daeseongdong virus 1,unclassified viruses,AT157,invertebrates,RNA,linear,0.879518072289157,1.07482993197279,1.12048192771084,0.925170068027211,0.568306010928962,1.57377049180328,0.633879781420765,1.22404371584699,1.40350877192982,0.45,0.736842105263158,0.625,0.407407407407407,1.2962962962963,1,1.2962962962963,1.03703703703704,0.888888888888889,0.962962962962963,1.11111111111111,0.595744680851064,1.36170212765957,0.879432624113475,1.16312056737589,0.666666666666667,0.947368421052632,0.736842105263158,1.50877192982456,0.0456273764258555,1.52851711026616,0.889733840304182,1.18631178707224,0.956521739130435,1.22826086956522,1.04347826086957,0.771739130434783,0.525714285714286,1.44,0.571428571428571,1.46285714285714,1.15942028985507,0.405797101449275,0.550724637681159,1.88405797101449,0.33195020746888,1.84232365145228,0.780082987551867,1.04564315352697,3,0.990990990990991,0,1.00900900900901,0.975,1.5,0.825,1.625,0,0.466666666666667,1,1.53333333333333,0.159695817490494,1.23560209424084,2.19011406844106,0.764397905759162
