virus,realm,locus_tag,host,type,shape,AAA,AAC,AAG,AAT,ACA,ACC,ACG,ACT,AGA,AGC,AGG,AGT,ATA,ATC,ATG,ATT,CAA,CAC,CAG,CAT,CCA,CCC,CCG,CCT,CGA,CGC,CGG,CGT,CTA,CTC,CTG,CTT,GAA,GAC,GAG,GAT,GCA,GCC,GCG,GCT,GGA,GGC,GGG,GGT,GTA,GTC,GTG,GTT,TAA,TAC,TAG,TAT,TCA,TCC,TCG,TCT,TGA,TGC,TGG,TGT,TTA,TTC,TTG,TTT
Datura leaf curl virus,Monodnaviria,FLA66,land plants,DNA,circular,0.950819672131147,0.533333333333333,1.04918032786885,1.46666666666667,1.01818181818182,1.16363636363636,0.654545454545455,1.16363636363636,1.33333333333333,1.07865168539326,2,0.943820224719101,0.818181818181818,1.04545454545455,1,1.13636363636364,0.966666666666667,0.893617021276596,1.03333333333333,1.1063829787234,1.65714285714286,1.31428571428571,0.342857142857143,0.685714285714286,0.916666666666667,0.25,0.5,1,1.08333333333333,1.25,1.08333333333333,0.583333333333333,0.916666666666667,0.655172413793103,1.08333333333333,1.3448275862069,1.08474576271186,1.22033898305085,0.406779661016949,1.28813559322034,1.35714285714286,0.571428571428571,0.857142857142857,1.21428571428571,0.96969696969697,1.09090909090909,0.545454545454545,1.39393939393939,2,0.789473684210526,0,1.21052631578947,1.14606741573034,1.28089887640449,0.741573033707865,0.808988764044944,1,1.09090909090909,1,0.909090909090909,1.16666666666667,1.05882352941176,0.833333333333333,0.941176470588235
