virus,realm,host,locus_tag,AAA,AAC,AAG,AAT,ACA,ACC,ACG,ACT,AGA,AGC,AGG,AGT,ATA,ATC,ATG,ATT,CAA,CAC,CAG,CAT,CCA,CCC,CCG,CCT,CGA,CGC,CGG,CGT,CTA,CTC,CTG,CTT,GAA,GAC,GAG,GAT,GCA,GCC,GCG,GCT,GGA,GGC,GGG,GGT,GTA,GTC,GTG,GTT,TAA,TAC,TAG,TAT,TCA,TCC,TCG,TCT,TGA,TGC,TGG,TGT,TTA,TTC,TTG,TTT
DeBrazza's monkey arterivirus,Riboviria,vertebrates,UO72,0.562277580071174,1.23694779116466,1.43772241992883,0.763052208835341,0.850574712643678,1.60153256704981,0.551724137931034,0.996168582375479,0.863753213367609,1.04825291181364,0.647814910025707,0.399334442595674,0.287790697674419,1.63081395348837,1,1.08139534883721,0.889830508474576,1.33333333333333,1.11016949152542,0.666666666666667,0.878464818763326,1.36460554371002,0.776119402985075,0.980810234541578,0.647814910025707,2.23650385604113,0.740359897172236,0.863753213367609,0.62782401902497,1.91200951248514,1.25564803804994,1.24137931034483,0.732510288065844,1.35625,1.26748971193416,0.64375,0.683333333333333,1.39444444444444,0.588888888888889,1.33333333333333,0.9140625,1.5390625,0.609375,0.9375,0.493506493506494,1.33766233766234,1.2012987012987,0.967532467532468,1.15384615384615,1.28853754940711,0.461538461538462,0.711462450592885,1.13810316139767,1.40765391014975,0.479201331114809,1.52745424292845,1.38461538461538,1.28099173553719,1,0.71900826446281,0.221165279429251,1.32738095238095,0.741973840665874,0.672619047619048
