virus,realm,locus_tag,host,type,shape,AAA,AAC,AAG,AAT,ACA,ACC,ACG,ACT,AGA,AGC,AGG,AGT,ATA,ATC,ATG,ATT,CAA,CAC,CAG,CAT,CCA,CCC,CCG,CCT,CGA,CGC,CGG,CGT,CTA,CTC,CTG,CTT,GAA,GAC,GAG,GAT,GCA,GCC,GCG,GCT,GGA,GGC,GGG,GGT,GTA,GTC,GTG,GTT,TAA,TAC,TAG,TAT,TCA,TCC,TCG,TCT,TGA,TGC,TGG,TGT,TTA,TTC,TTG,TTT
Diabrotica virgifera virgifera virus 3,unclassified viruses,B7L78,invertebrates,RNA,linear,1.5448275862069,0.360655737704918,0.455172413793103,1.63934426229508,1.58208955223881,0.417910447761194,0.522388059701492,1.47761194029851,3.75,0.315789473684211,0.5625,1.41052631578947,0.996428571428571,0.171428571428571,1,1.83214285714286,1.53548387096774,0.302325581395349,0.464516129032258,1.69767441860465,1.80246913580247,0.444444444444444,0.320987654320988,1.4320987654321,0.46875,0.28125,0.140625,0.796875,0.461538461538462,0.211538461538462,0.365384615384615,0.807692307692308,1.61904761904762,0.427947598253275,0.380952380952381,1.57205240174672,1.77593360995851,0.365145228215768,0.315352697095436,1.54356846473029,1.59574468085106,0.595744680851064,0.148936170212766,1.65957446808511,1.4061433447099,0.286689419795222,0.51877133105802,1.78839590443686,0,0.355555555555556,1.5,1.64444444444444,1.95789473684211,0.336842105263158,0.336842105263158,1.64210526315789,1.5,0.30188679245283,1,1.69811320754717,2.48076923076923,0.506024096385542,1.67307692307692,1.49397590361446
