virus,realm,locus_tag,host,type,shape,AAA,AAC,AAG,AAT,ACA,ACC,ACG,ACT,AGA,AGC,AGG,AGT,ATA,ATC,ATG,ATT,CAA,CAC,CAG,CAT,CCA,CCC,CCG,CCT,CGA,CGC,CGG,CGT,CTA,CTC,CTG,CTT,GAA,GAC,GAG,GAT,GCA,GCC,GCG,GCT,GGA,GGC,GGG,GGT,GTA,GTC,GTG,GTT,TAA,TAC,TAG,TAT,TCA,TCC,TCG,TCT,TGA,TGC,TGG,TGT,TTA,TTC,TTG,TTT
Diatom colony associated dsRNA virus 3,NA,EXK99,NA,RNA,linear,0.696969696969697,1.23529411764706,1.3030303030303,0.764705882352941,0.817204301075269,0.860215053763441,1.20430107526882,1.11827956989247,0.578947368421053,0.976744186046512,0.631578947368421,1.34883720930233,0.381818181818182,1.58181818181818,1,1.03636363636364,0.620689655172414,1.31428571428571,1.37931034482759,0.685714285714286,0.645161290322581,0.860215053763441,0.989247311827957,1.50537634408602,0.631578947368421,1.63157894736842,0.578947368421053,1.94736842105263,0.375,1.59375,1.640625,0.75,0.482758620689655,1.1,1.51724137931034,0.9,0.63768115942029,1.21739130434783,1.07246376811594,1.07246376811594,0.736842105263158,1.6140350877193,0.526315789473684,1.12280701754386,0.3125,1.28125,1.15625,1.25,1.5,1.48,1.5,0.52,0.697674418604651,0.697674418604651,1.34883720930233,0.930232558139535,0,0.896551724137931,1,1.10344827586207,0.65625,1.05454545454545,0.984375,0.945454545454545
