virus,realm,locus_tag,host,type,shape,AAA,AAC,AAG,AAT,ACA,ACC,ACG,ACT,AGA,AGC,AGG,AGT,ATA,ATC,ATG,ATT,CAA,CAC,CAG,CAT,CCA,CCC,CCG,CCT,CGA,CGC,CGG,CGT,CTA,CTC,CTG,CTT,GAA,GAC,GAG,GAT,GCA,GCC,GCG,GCT,GGA,GGC,GGG,GGT,GTA,GTC,GTG,GTT,TAA,TAC,TAG,TAT,TCA,TCC,TCG,TCT,TGA,TGC,TGG,TGT,TTA,TTC,TTG,TTT
Dicliptera yellow mottle virus,Monodnaviria,Dymv,land plants,DNA,circular,0.980392156862745,0.772727272727273,1.01960784313725,1.22727272727273,1.92,0.533333333333333,0.48,1.06666666666667,1.63636363636364,0.690647482014389,1.63636363636364,0.906474820143885,1.0609756097561,0.658536585365854,1,1.28048780487805,1.29230769230769,0.618181818181818,0.707692307692308,1.38181818181818,1.625,0.875,0.1875,1.3125,0.545454545454545,0.272727272727273,0.272727272727273,1.63636363636364,0.75,0.75,0.865384615384615,1.03846153846154,1.23333333333333,0.666666666666667,0.766666666666667,1.33333333333333,1.35135135135135,0.972972972972973,0.27027027027027,1.40540540540541,0.923076923076923,1.02564102564103,0.769230769230769,1.28205128205128,0.791208791208791,0.703296703296703,1.27472527472527,1.23076923076923,2.5,0.507462686567164,0.5,1.49253731343284,1.59712230215827,0.992805755395683,0.215827338129496,1.59712230215827,0,0.692307692307692,1,1.30769230769231,1.44230769230769,1.0625,1.15384615384615,0.9375
