virus,realm,locus_tag,host,type,shape,AAA,AAC,AAG,AAT,ACA,ACC,ACG,ACT,AGA,AGC,AGG,AGT,ATA,ATC,ATG,ATT,CAA,CAC,CAG,CAT,CCA,CCC,CCG,CCT,CGA,CGC,CGG,CGT,CTA,CTC,CTG,CTT,GAA,GAC,GAG,GAT,GCA,GCC,GCG,GCT,GGA,GGC,GGG,GGT,GTA,GTC,GTG,GTT,TAA,TAC,TAG,TAT,TCA,TCC,TCG,TCT,TGA,TGC,TGG,TGT,TTA,TTC,TTG,TTT
Diodia vein chlorosis virus,Riboviria,D1S63,land plants,RNA,linear,1.23225806451613,0.642857142857143,0.767741935483871,1.35714285714286,1.13294797687861,0.751445086705202,0.554913294797688,1.5606936416185,3.19626168224299,0.397790055248619,1.86915887850467,1.30386740331492,1.11498973305955,0.68993839835729,1,1.19507186858316,1.18918918918919,0.461538461538462,0.810810810810811,1.53846153846154,1.16746411483254,0.555023923444976,0.516746411483254,1.76076555023923,0.168224299065421,0.11214953271028,0.11214953271028,0.542056074766355,0.453376205787781,0.472668810289389,0.588424437299035,1.22508038585209,1.13930348258706,0.59447983014862,0.860696517412935,1.40552016985138,0.96969696969697,0.772727272727273,0.575757575757576,1.68181818181818,1.00606060606061,0.363636363636364,0.787878787878788,1.84242424242424,0.809619238476954,0.82565130260521,0.769539078156313,1.59519038076152,0.9,0.719242902208202,0.6,1.2807570977918,1.31491712707182,0.696132596685083,0.607734806629834,1.67955801104972,1.5,0.468965517241379,1,1.53103448275862,1.67845659163987,0.711779448621554,1.58199356913183,1.28822055137845
