virus,realm,host,locus_tag,AAA,AAC,AAG,AAT,ACA,ACC,ACG,ACT,AGA,AGC,AGG,AGT,ATA,ATC,ATG,ATT,CAA,CAC,CAG,CAT,CCA,CCC,CCG,CCT,CGA,CGC,CGG,CGT,CTA,CTC,CTG,CTT,GAA,GAC,GAG,GAT,GCA,GCC,GCG,GCT,GGA,GGC,GGG,GGT,GTA,GTC,GTG,GTT,TAA,TAC,TAG,TAT,TCA,TCC,TCG,TCT,TGA,TGC,TGG,TGT,TTA,TTC,TTG,TTT
Diplodia scrobiculata RNA virus 1,Riboviria,fungi,DSRV,0.631578947368421,1.51515151515152,1.36842105263158,0.484848484848485,0.395604395604396,1.23076923076923,1.45054945054945,0.923076923076923,0.276923076923077,0.992125984251969,0.692307692307692,0.566929133858268,0.48,1.92,1,0.6,0.606060606060606,1,1.39393939393939,1,0.842105263157895,1.15789473684211,1.12280701754386,0.87719298245614,0.461538461538462,2.67692307692308,0.646153846153846,1.24615384615385,0.882352941176471,2.25882352941176,1.37647058823529,0.494117647058824,0.72463768115942,1.44,1.27536231884058,0.56,0.380952380952381,1.52380952380952,1,1.0952380952381,0.40506329113924,1.62025316455696,0.556962025316456,1.41772151898734,0.380952380952381,1.76190476190476,0.857142857142857,1,0,1.2093023255814,3,0.790697674418605,0.803149606299213,1.18110236220472,1.37007874015748,1.08661417322835,0,0.666666666666667,1,1.33333333333333,0.317647058823529,1.40983606557377,0.670588235294118,0.590163934426229
