virus,realm,locus_tag,host,type,shape,AAA,AAC,AAG,AAT,ACA,ACC,ACG,ACT,AGA,AGC,AGG,AGT,ATA,ATC,ATG,ATT,CAA,CAC,CAG,CAT,CCA,CCC,CCG,CCT,CGA,CGC,CGG,CGT,CTA,CTC,CTG,CTT,GAA,GAC,GAG,GAT,GCA,GCC,GCG,GCT,GGA,GGC,GGG,GGT,GTA,GTC,GTG,GTT,TAA,TAC,TAG,TAT,TCA,TCC,TCG,TCT,TGA,TGC,TGG,TGT,TTA,TTC,TTG,TTT
Dragonfly circularisvirus,unclassified viruses,DF46,invertebrates,DNA,circular,1.25423728813559,0.16,0.745762711864407,1.84,0.941176470588235,0.352941176470588,0.352941176470588,2.35294117647059,1.53191489361702,0.391304347826087,0.893617021276596,1.30434782608696,0.5625,0.375,1,2.0625,1.3,0.222222222222222,0.7,1.77777777777778,0.470588235294118,0.352941176470588,0.588235294117647,2.58823529411765,0.51063829787234,0.765957446808511,0.382978723404255,1.91489361702128,0.380952380952381,0.476190476190476,0.857142857142857,0.857142857142857,1.07142857142857,0.486486486486487,0.928571428571429,1.51351351351351,1.37931034482759,0.137931034482759,1.10344827586207,1.37931034482759,0.685714285714286,0.685714285714286,0.571428571428571,2.05714285714286,1,0.5,0.833333333333333,1.66666666666667,3,0.533333333333333,0,1.46666666666667,0.782608695652174,0.130434782608696,0.652173913043478,2.73913043478261,0,0.6,1,1.4,1.52380952380952,0.342857142857143,1.9047619047619,1.65714285714286
