virus,realm,locus_tag,host,type,shape,AAA,AAC,AAG,AAT,ACA,ACC,ACG,ACT,AGA,AGC,AGG,AGT,ATA,ATC,ATG,ATT,CAA,CAC,CAG,CAT,CCA,CCC,CCG,CCT,CGA,CGC,CGG,CGT,CTA,CTC,CTG,CTT,GAA,GAC,GAG,GAT,GCA,GCC,GCG,GCT,GGA,GGC,GGG,GGT,GTA,GTC,GTG,GTT,TAA,TAC,TAG,TAT,TCA,TCC,TCG,TCT,TGA,TGC,TGG,TGT,TTA,TTC,TTG,TTT
Dragonfly associated cyclovirus 1,Monodnaviria,DJ37,invertebrates,DNA,linear,1.44186046511628,0.733333333333333,0.558139534883721,1.26666666666667,1.06666666666667,1.06666666666667,0.8,1.06666666666667,0.571428571428571,0.923076923076923,0.285714285714286,1.61538461538462,0.951219512195122,0.878048780487805,1,1.17073170731707,0.888888888888889,0.266666666666667,1.11111111111111,1.73333333333333,1.23076923076923,0.307692307692308,0.923076923076923,1.53846153846154,0.714285714285714,1.14285714285714,1.14285714285714,2.14285714285714,0.545454545454545,0.272727272727273,0.818181818181818,1.36363636363636,1.33333333333333,0.96,0.666666666666667,1.04,1.45454545454545,0.363636363636364,0.909090909090909,1.27272727272727,2.06060606060606,0.606060606060606,0.484848484848485,0.848484848484849,0.516129032258065,0.774193548387097,1.16129032258065,1.54838709677419,0,0.484848484848485,0,1.51515151515152,1.15384615384615,0.692307692307692,0.230769230769231,1.38461538461538,3,0.833333333333333,1,1.16666666666667,1.36363636363636,0.32258064516129,1.63636363636364,1.67741935483871
