virus,realm,locus_tag,host,type,shape,AAA,AAC,AAG,AAT,ACA,ACC,ACG,ACT,AGA,AGC,AGG,AGT,ATA,ATC,ATG,ATT,CAA,CAC,CAG,CAT,CCA,CCC,CCG,CCT,CGA,CGC,CGG,CGT,CTA,CTC,CTG,CTT,GAA,GAC,GAG,GAT,GCA,GCC,GCG,GCT,GGA,GGC,GGG,GGT,GTA,GTC,GTG,GTT,TAA,TAC,TAG,TAT,TCA,TCC,TCG,TCT,TGA,TGC,TGG,TGT,TTA,TTC,TTG,TTT
Dragonfly larvae associated circular virus-10,unclassified viruses,BA91,invertebrates,DNA,circular,1.13793103448276,0.709677419354839,0.862068965517241,1.29032258064516,0.818181818181818,1,0.818181818181818,1.36363636363636,1.56,0.666666666666667,0.72,0.933333333333333,0.65625,0.46875,1,1.875,1.40740740740741,0.181818181818182,0.592592592592593,1.81818181818182,0.521739130434783,1.39130434782609,0.347826086956522,1.73913043478261,0.84,0.96,0.36,1.56,0.486486486486487,0.810810810810811,1.2972972972973,2.10810810810811,1.42857142857143,0.790697674418605,0.571428571428571,1.2093023255814,1.51351351351351,0.432432432432432,0.216216216216216,1.83783783783784,1.64102564102564,0.82051282051282,0.512820512820513,1.02564102564103,0.642857142857143,1.07142857142857,1.35714285714286,0.928571428571429,3,0.928571428571429,0,1.07142857142857,0.666666666666667,1.2,0.4,2.13333333333333,0,0.769230769230769,1,1.23076923076923,0.162162162162162,1,1.13513513513514,1
