virus,realm,locus_tag,host,type,shape,AAA,AAC,AAG,AAT,ACA,ACC,ACG,ACT,AGA,AGC,AGG,AGT,ATA,ATC,ATG,ATT,CAA,CAC,CAG,CAT,CCA,CCC,CCG,CCT,CGA,CGC,CGG,CGT,CTA,CTC,CTG,CTT,GAA,GAC,GAG,GAT,GCA,GCC,GCG,GCT,GGA,GGC,GGG,GGT,GTA,GTC,GTG,GTT,TAA,TAC,TAG,TAT,TCA,TCC,TCG,TCT,TGA,TGC,TGG,TGT,TTA,TTC,TTG,TTT
Dromedary camel bocaparvovirus 1,Monodnaviria,CGU96,vertebrates,DNA,linear,1.26153846153846,1.34920634920635,0.738461538461539,0.650793650793651,1.59477124183007,1.17647058823529,0.65359477124183,0.57516339869281,3.55752212389381,1.6271186440678,0.79646017699115,0.305084745762712,0.837209302325581,1.74418604651163,1,0.418604651162791,1.04347826086957,1.4,0.956521739130435,0.6,1.82352941176471,0.205882352941176,1,0.970588235294118,0.63716814159292,0.47787610619469,0.212389380530973,0.31858407079646,1.47368421052632,1.94736842105263,1.31578947368421,0.315789473684211,1.08965517241379,1.15686274509804,0.910344827586207,0.843137254901961,1.36434108527132,0.992248062015504,0.837209302325581,0.806201550387597,1.95,0.9,0.5,0.65,1.02752293577982,2.05504587155963,0.587155963302752,0.330275229357798,2.25,1.5,0,0.5,1.72881355932203,0.661016949152542,0.610169491525424,1.06779661016949,0.75,1.18918918918919,1,0.810810810810811,0.0526315789473684,1.15789473684211,0.894736842105263,0.842105263157895
