virus,realm,locus_tag,host,type,shape,AAA,AAC,AAG,AAT,ACA,ACC,ACG,ACT,AGA,AGC,AGG,AGT,ATA,ATC,ATG,ATT,CAA,CAC,CAG,CAT,CCA,CCC,CCG,CCT,CGA,CGC,CGG,CGT,CTA,CTC,CTG,CTT,GAA,GAC,GAG,GAT,GCA,GCC,GCG,GCT,GGA,GGC,GGG,GGT,GTA,GTC,GTG,GTT,TAA,TAC,TAG,TAT,TCA,TCC,TCG,TCT,TGA,TGC,TGG,TGT,TTA,TTC,TTG,TTT
Dromedary astrovirus,Riboviria,AL356,vertebrates,RNA,linear,1.19745222929936,0.992125984251969,0.802547770700637,1.00787401574803,1.5067264573991,0.932735426008969,0.394618834080717,1.16591928251121,1.07262569832402,0.848167539267016,1.0391061452514,0.879581151832461,0.865030674846626,0.828220858895706,1,1.30674846625767,0.736,0.830188679245283,1.264,1.16981132075472,1.85142857142857,0.708571428571429,0.411428571428571,1.02857142857143,0.569832402234637,1.24022346368715,0.603351955307263,1.47486033519553,0.438461538461538,1.29230769230769,0.6,1.77692307692308,1.14457831325301,0.79746835443038,0.855421686746988,1.20253164556962,1.21428571428571,1.25,0.464285714285714,1.07142857142857,0.923076923076923,1.25274725274725,0.659340659340659,1.16483516483516,0.623115577889447,0.864321608040201,1.0251256281407,1.48743718592965,0.75,0.914893617021277,2.25,1.08510638297872,1.69633507853403,1.03664921465969,0.219895287958115,1.31937172774869,0,1.04347826086957,1,0.956521739130435,0.923076923076923,0.814159292035398,0.969230769230769,1.1858407079646
