virus,realm,host,locus_tag,AAA,AAC,AAG,AAT,ACA,ACC,ACG,ACT,AGA,AGC,AGG,AGT,ATA,ATC,ATG,ATT,CAA,CAC,CAG,CAT,CCA,CCC,CCG,CCT,CGA,CGC,CGG,CGT,CTA,CTC,CTG,CTT,GAA,GAC,GAG,GAT,GCA,GCC,GCG,GCT,GGA,GGC,GGG,GGT,GTA,GTC,GTG,GTT,TAA,TAC,TAG,TAT,TCA,TCC,TCG,TCT,TGA,TGC,TGG,TGT,TTA,TTC,TTG,TTT
Dromedary stool-associated circular ssDNA virus,Monodnaviria,vertebrates,SB16,0.758620689655172,0.708333333333333,1.24137931034483,1.29166666666667,1.2,0.32,0.48,2,1.92,0.711864406779661,0.32,0.711864406779661,0.142857142857143,1,1,1.85714285714286,1.18181818181818,0.521739130434783,0.818181818181818,1.47826086956522,0.622222222222222,0.444444444444444,0.622222222222222,2.31111111111111,0.56,0.4,0.32,2.48,0.19672131147541,0.688524590163934,0.295081967213115,1.57377049180328,1.12,0.266666666666667,0.88,1.73333333333333,0.666666666666667,0.424242424242424,0.424242424242424,2.48484848484848,1.52727272727273,0.727272727272727,0.290909090909091,1.45454545454545,0.425531914893617,1.1063829787234,0.595744680851064,1.87234042553191,3,0.512820512820513,0,1.48717948717949,0.813559322033898,0.610169491525424,0.610169491525424,2.54237288135593,0,0.315789473684211,1,1.68421052631579,1.57377049180328,0.888888888888889,1.67213114754098,1.11111111111111
