virus,realm,locus_tag,host,type,shape,AAA,AAC,AAG,AAT,ACA,ACC,ACG,ACT,AGA,AGC,AGG,AGT,ATA,ATC,ATG,ATT,CAA,CAC,CAG,CAT,CCA,CCC,CCG,CCT,CGA,CGC,CGG,CGT,CTA,CTC,CTG,CTT,GAA,GAC,GAG,GAT,GCA,GCC,GCG,GCT,GGA,GGC,GGG,GGT,GTA,GTC,GTG,GTT,TAA,TAC,TAG,TAT,TCA,TCC,TCG,TCT,TGA,TGC,TGG,TGT,TTA,TTC,TTG,TTT
Drosophila A virus,Riboviria,DAV,invertebrates,RNA,linear,0.909090909090909,0.866666666666667,1.09090909090909,1.13333333333333,1.15789473684211,1.2280701754386,0.456140350877193,1.15789473684211,1.93333333333333,1,1.06666666666667,1.25,1.06329113924051,0.607594936708861,1,1.32911392405063,0.956521739130435,1,1.04347826086957,1,0.99009900990099,1.22772277227723,0.356435643564356,1.42574257425743,0.533333333333333,0.733333333333333,1,0.733333333333333,0.75,1.5,0.75,1.55357142857143,0.95,0.85,1.05,1.15,1.20754716981132,1.16981132075472,0.226415094339623,1.39622641509434,1.84,0.76,0.48,0.92,0.776119402985075,0.835820895522388,1.07462686567164,1.3134328358209,3,0.977777777777778,0,1.02222222222222,0.8125,1.125,0.5625,1.25,0,0.875,1,1.125,0.375,0.958333333333333,1.07142857142857,1.04166666666667
