virus,realm,locus_tag,host,type,shape,AAA,AAC,AAG,AAT,ACA,ACC,ACG,ACT,AGA,AGC,AGG,AGT,ATA,ATC,ATG,ATT,CAA,CAC,CAG,CAT,CCA,CCC,CCG,CCT,CGA,CGC,CGG,CGT,CTA,CTC,CTG,CTT,GAA,GAC,GAG,GAT,GCA,GCC,GCG,GCT,GGA,GGC,GGG,GGT,GTA,GTC,GTG,GTT,TAA,TAC,TAG,TAT,TCA,TCC,TCG,TCT,TGA,TGC,TGG,TGT,TTA,TTC,TTG,TTT
Drosophila obscura sigmavirus 10A,Riboviria,U126,invertebrates,RNA,linear,1.19713261648746,0.517857142857143,0.802867383512545,1.48214285714286,1.49397590361446,0.979919678714859,0.289156626506024,1.23694779116466,2.29591836734694,0.474164133738602,1.10204081632653,0.820668693009118,0.905084745762712,0.76271186440678,1,1.33220338983051,1.39393939393939,0.44,0.606060606060606,1.56,1.47826086956522,0.760869565217391,0.478260869565217,1.28260869565217,1.16326530612245,0.244897959183673,0.673469387755102,0.520408163265306,0.780722891566265,0.578313253012048,0.462650602409639,0.621686746987952,1.2421875,0.571428571428571,0.7578125,1.42857142857143,1.47150259067358,0.787564766839378,0.310880829015544,1.4300518134715,1.61434977578475,0.412556053811659,0.84304932735426,1.13004484304933,1.05726872246696,0.933920704845815,0.969162995594714,1.03964757709251,2,0.692307692307692,0,1.30769230769231,1.75075987841945,1.07598784194529,0.364741641337386,1.51367781155015,1,0.56,1,1.44,1.74939759036145,0.830409356725146,1.80722891566265,1.16959064327485
