virus,realm,locus_tag,host,type,shape,AAA,AAC,AAG,AAT,ACA,ACC,ACG,ACT,AGA,AGC,AGG,AGT,ATA,ATC,ATG,ATT,CAA,CAC,CAG,CAT,CCA,CCC,CCG,CCT,CGA,CGC,CGG,CGT,CTA,CTC,CTG,CTT,GAA,GAC,GAG,GAT,GCA,GCC,GCG,GCT,GGA,GGC,GGG,GGT,GTA,GTC,GTG,GTT,TAA,TAC,TAG,TAT,TCA,TCC,TCG,TCT,TGA,TGC,TGG,TGT,TTA,TTC,TTG,TTT
Duck aalivirus 1,Riboviria,DP95,vertebrates,RNA,linear,1.00645161290323,0.432835820895522,0.993548387096774,1.56716417910448,1.61658031088083,0.455958549222798,0.0829015544041451,1.84455958549223,2.59842519685039,0.610778443113772,2.74015748031496,1.18562874251497,0.704697986577181,0.281879194630872,1,2.01342281879195,0.683333333333333,0.78125,1.31666666666667,1.21875,2.32876712328767,0.712328767123288,0.136986301369863,0.821917808219178,0.094488188976378,0.047244094488189,0.425196850393701,0.094488188976378,0.39,0.78,1.92,1.05,0.987179487179487,0.917808219178082,1.01282051282051,1.08219178082192,1.44927536231884,1.1304347826087,0.0289855072463768,1.39130434782609,1.40229885057471,0.758620689655172,0.942528735632184,0.896551724137931,0.333333333333333,0.771929824561403,1.21052631578947,1.68421052631579,0,0.828282828282828,3,1.17171717171717,2.26347305389222,0.862275449101796,0.0359281437125748,1.04191616766467,0,0.846153846153846,1,1.15384615384615,0.48,0.854545454545454,1.38,1.14545454545455
