virus,realm,host,locus_tag,AAA,AAC,AAG,AAT,ACA,ACC,ACG,ACT,AGA,AGC,AGG,AGT,ATA,ATC,ATG,ATT,CAA,CAC,CAG,CAT,CCA,CCC,CCG,CCT,CGA,CGC,CGG,CGT,CTA,CTC,CTG,CTT,GAA,GAC,GAG,GAT,GCA,GCC,GCG,GCT,GGA,GGC,GGG,GGT,GTA,GTC,GTG,GTT,TAA,TAC,TAG,TAT,TCA,TCC,TCG,TCT,TGA,TGC,TGG,TGT,TTA,TTC,TTG,TTT
Durania virus,NA,NA,KM578,0.852589641434263,0.788321167883212,1.14741035856574,1.21167883211679,1.55102040816327,0.816326530612245,0.244897959183673,1.38775510204082,3.45622119815668,0.850515463917526,1.963133640553,0.835051546391753,1.26377952755906,0.708661417322835,1,1.02755905511811,0.793388429752066,0.843137254901961,1.20661157024793,1.15686274509804,1.44516129032258,0.619354838709677,0.232258064516129,1.70322580645161,0.221198156682028,0.138248847926267,0.0552995391705069,0.165898617511521,1.15850144092219,0.881844380403458,0.847262247838617,0.93371757925072,0.976923076923077,0.846153846153846,1.02307692307692,1.15384615384615,1.89473684210526,0.61244019138756,0.191387559808612,1.30143540669856,1.37339055793991,0.772532188841202,1.06437768240343,0.789699570815451,0.78714859437751,0.85140562248996,1.33333333333333,1.0281124497992,1.5,0.851485148514851,0.75,1.14851485148515,1.7319587628866,0.77319587628866,0.216494845360825,1.59278350515464,0.75,0.991150442477876,1,1.00884955752212,1.07204610951009,0.994594594594595,1.10662824207493,1.00540540540541
