virus,realm,host,locus_tag,AAA,AAC,AAG,AAT,ACA,ACC,ACG,ACT,AGA,AGC,AGG,AGT,ATA,ATC,ATG,ATT,CAA,CAC,CAG,CAT,CCA,CCC,CCG,CCT,CGA,CGC,CGG,CGT,CTA,CTC,CTG,CTT,GAA,GAC,GAG,GAT,GCA,GCC,GCG,GCT,GGA,GGC,GGG,GGT,GTA,GTC,GTG,GTT,TAA,TAC,TAG,TAT,TCA,TCC,TCG,TCT,TGA,TGC,TGG,TGT,TTA,TTC,TTG,TTT
East Asian Passiflora distortion virus,Riboviria,land plants,KM648,0.970212765957447,0.790697674418605,1.02978723404255,1.2093023255814,2.152466367713,0.484304932735426,0.286995515695067,1.0762331838565,2.13559322033898,1.27093596059113,1.32203389830508,1.35960591133005,0.857142857142857,0.72,1,1.42285714285714,1.35570469798658,0.869565217391304,0.644295302013423,1.1304347826087,2.43137254901961,0.509803921568627,0.235294117647059,0.823529411764706,0.915254237288136,0.677966101694915,0.542372881355932,0.406779661016949,0.814285714285714,0.835714285714286,0.535714285714286,1.45714285714286,1.02752293577982,0.692737430167598,0.972477064220184,1.3072625698324,2.17435897435897,0.41025641025641,0.533333333333333,0.882051282051282,1.40540540540541,0.540540540540541,0.735135135135135,1.31891891891892,0.785714285714286,0.839285714285714,1.07142857142857,1.30357142857143,3,0.827586206896552,0,1.17241379310345,1.95073891625616,0.354679802955665,0.38423645320197,0.679802955665025,0,1.05454545454545,1,0.945454545454545,1.00714285714286,0.880597014925373,1.35,1.11940298507463
