virus,realm,locus_tag,host,type,shape,AAA,AAC,AAG,AAT,ACA,ACC,ACG,ACT,AGA,AGC,AGG,AGT,ATA,ATC,ATG,ATT,CAA,CAC,CAG,CAT,CCA,CCC,CCG,CCT,CGA,CGC,CGG,CGT,CTA,CTC,CTG,CTT,GAA,GAC,GAG,GAT,GCA,GCC,GCG,GCT,GGA,GGC,GGG,GGT,GTA,GTC,GTG,GTT,TAA,TAC,TAG,TAT,TCA,TCC,TCG,TCT,TGA,TGC,TGG,TGT,TTA,TTC,TTG,TTT
Echarate virus,Riboviria,KM576,human,RNA,linear,1.1048951048951,0.708571428571429,0.895104895104895,1.29142857142857,1.91836734693878,0.673469387755102,0.224489795918367,1.18367346938776,3.66666666666667,0.642857142857143,1.56666666666667,0.93956043956044,1.24285714285714,0.707142857142857,1,1.05,1,0.725274725274725,1,1.27472527472527,1.6551724137931,0.496551724137931,0.275862068965517,1.57241379310345,0.266666666666667,0.0666666666666667,0.133333333333333,0.3,1.1728045325779,0.543909348441926,0.934844192634561,0.86685552407932,1.198606271777,0.787037037037037,0.801393728222996,1.21296296296296,1.35449735449735,0.825396825396825,0.19047619047619,1.62962962962963,1.34453781512605,0.689075630252101,0.840336134453782,1.12605042016807,0.755760368663594,0.755760368663594,1.23502304147465,1.25345622119816,1.5,0.904761904761905,1.5,1.0952380952381,2.27472527472527,0.576923076923077,0.115384615384615,1.45054945054945,0,0.912280701754386,1,1.08771929824561,1.25779036827195,0.757894736842105,1.22379603399433,1.24210526315789
