virus,realm,host,locus_tag,AAA,AAC,AAG,AAT,ACA,ACC,ACG,ACT,AGA,AGC,AGG,AGT,ATA,ATC,ATG,ATT,CAA,CAC,CAG,CAT,CCA,CCC,CCG,CCT,CGA,CGC,CGG,CGT,CTA,CTC,CTG,CTT,GAA,GAC,GAG,GAT,GCA,GCC,GCG,GCT,GGA,GGC,GGG,GGT,GTA,GTC,GTG,GTT,TAA,TAC,TAG,TAT,TCA,TCC,TCG,TCT,TGA,TGC,TGG,TGT,TTA,TTC,TTG,TTT
Eggerthella phage PMBT5,Duplodnaviria,bacteria,HOT76,0.905187835420394,1.39908256880734,1.09481216457961,0.600917431192661,0.8,0.983606557377049,1.54098360655738,0.675409836065574,0.412322274881517,2.46082949308756,0.696682464454976,0.3963133640553,0.903114186851211,1.40138408304498,1,0.695501730103806,0.759878419452888,1.09401709401709,1.24012158054711,0.905982905982906,0.847222222222222,0.583333333333333,1.48611111111111,1.08333333333333,1.06635071090047,2.6303317535545,0.298578199052133,0.895734597156398,0.970992366412214,0.76030534351145,1.48396946564885,1.35572519083969,0.958402662229617,1.21661721068249,1.04159733777038,0.783382789317507,1.20948616600791,0.758893280632411,1.01581027667984,1.01581027667984,0.774193548387097,1.9859747545582,0.482468443197756,0.757363253856942,0.949919224555735,0.788368336025848,1.04684975767367,1.21486268174475,0.954545454545455,1.35869565217391,0.886363636363636,0.641304347826087,0.866359447004608,0.451612903225806,1.29953917050691,0.525345622119816,1.15909090909091,1.7012987012987,1,0.298701298701299,0.531297709923664,1.02739726027397,0.897709923664122,0.972602739726027
