virus,realm,locus_tag,host,type,shape,AAA,AAC,AAG,AAT,ACA,ACC,ACG,ACT,AGA,AGC,AGG,AGT,ATA,ATC,ATG,ATT,CAA,CAC,CAG,CAT,CCA,CCC,CCG,CCT,CGA,CGC,CGG,CGT,CTA,CTC,CTG,CTT,GAA,GAC,GAG,GAT,GCA,GCC,GCG,GCT,GGA,GGC,GGG,GGT,GTA,GTC,GTG,GTT,TAA,TAC,TAG,TAT,TCA,TCC,TCG,TCT,TGA,TGC,TGG,TGT,TTA,TTC,TTG,TTT
Eggplant mosaic virus,Riboviria,EMVgp,land plants,ss-RNA,linear,0.952380952380952,1.11111111111111,1.04761904761905,0.888888888888889,0.729281767955801,1.52486187845304,0.176795580110497,1.56906077348066,0.902255639097744,0.532544378698225,0.360902255639098,0.284023668639053,0.327272727272727,1.85454545454545,1,0.818181818181818,1.31578947368421,1.33846153846154,0.684210526315789,0.661538461538462,1.05135951661631,1.55891238670695,0.314199395770393,1.07552870090634,1.03759398496241,2.30075187969925,0.721804511278195,0.676691729323308,0.508474576271186,2.74576271186441,1,1.16949152542373,1.16417910447761,1.24210526315789,0.835820895522388,0.757894736842105,0.548571428571429,1.46285714285714,0.388571428571429,1.6,0.65,2.2,0.35,0.8,0.411214953271028,2.09345794392523,0.85981308411215,0.635514018691589,1,1.40983606557377,1,0.590163934426229,0.887573964497041,2.18343195266272,0.372781065088757,1.7396449704142,1,1.62068965517241,1,0.379310344827586,0.0847457627118644,1.26315789473684,0.491525423728814,0.736842105263158
