virus,realm,locus_tag,host,type,shape,AAA,AAC,AAG,AAT,ACA,ACC,ACG,ACT,AGA,AGC,AGG,AGT,ATA,ATC,ATG,ATT,CAA,CAC,CAG,CAT,CCA,CCC,CCG,CCT,CGA,CGC,CGG,CGT,CTA,CTC,CTG,CTT,GAA,GAC,GAG,GAT,GCA,GCC,GCG,GCT,GGA,GGC,GGG,GGT,GTA,GTC,GTG,GTT,TAA,TAC,TAG,TAT,TCA,TCC,TCG,TCT,TGA,TGC,TGG,TGT,TTA,TTC,TTG,TTT
Ekpoma virus 2,Riboviria,D1P11,human,RNA,linear,1.36518771331058,0.915555555555556,0.63481228668942,1.08444444444444,1.61632653061224,0.995918367346939,0.212244897959184,1.17551020408163,3.03370786516854,0.837209302325581,1.65168539325843,0.941860465116279,1.03361344537815,0.957983193277311,1,1.00840336134454,1.3781512605042,0.819672131147541,0.621848739495798,1.18032786885246,1.49282296650718,0.861244019138756,0.478468899521531,1.16746411483254,0.674157303370786,0.202247191011236,0.202247191011236,0.235955056179775,1.00471698113208,0.693396226415094,0.693396226415094,0.905660377358491,1.21461187214612,0.723214285714286,0.785388127853881,1.27678571428571,1.62091503267974,0.73202614379085,0.313725490196078,1.33333333333333,1.84474885844749,0.493150684931507,0.876712328767123,0.785388127853881,0.983957219251337,1.00534759358289,0.898395721925134,1.11229946524064,1.125,0.735483870967742,0.75,1.26451612903226,1.69186046511628,0.906976744186046,0.261627906976744,1.36046511627907,1.125,0.886363636363636,1,1.11363636363636,1.54245283018868,0.96,1.16037735849057,1.04
