virus,realm,locus_tag,host,type,shape,AAA,AAC,AAG,AAT,ACA,ACC,ACG,ACT,AGA,AGC,AGG,AGT,ATA,ATC,ATG,ATT,CAA,CAC,CAG,CAT,CCA,CCC,CCG,CCT,CGA,CGC,CGG,CGT,CTA,CTC,CTG,CTT,GAA,GAC,GAG,GAT,GCA,GCC,GCG,GCT,GGA,GGC,GGG,GGT,GTA,GTC,GTG,GTT,TAA,TAC,TAG,TAT,TCA,TCC,TCG,TCT,TGA,TGC,TGG,TGT,TTA,TTC,TTG,TTT
Elderberry carlavirus E,Riboviria,AXI80,land plants,RNA,linear,0.993939393939394,0.98,1.00606060606061,1.02,0.833333333333333,1.30952380952381,0.833333333333333,1.02380952380952,0.867469879518072,1.78461538461538,1.80722891566265,1.2,0.880239520958084,1.36526946107784,1,0.754491017964072,1.03030303030303,1.3,0.96969696969697,0.7,1.00699300699301,1.06293706293706,0.979020979020979,0.951048951048951,0.614457831325301,0.903614457831325,0.975903614457831,0.831325301204819,0.986577181208054,1.10738255033557,1.22818791946309,0.604026845637584,0.842696629213483,0.865671641791045,1.15730337078652,1.13432835820896,0.768558951965066,1.1528384279476,0.890829694323144,1.18777292576419,0.42603550295858,1.37278106508876,1.23076923076923,0.970414201183432,0.598639455782313,0.925170068027211,1.79591836734694,0.680272108843537,0.5,1.23711340206186,0.5,0.762886597938144,0.892307692307692,1.04615384615385,0.430769230769231,0.646153846153846,2,1.44927536231884,1,0.550724637681159,0.74496644295302,1.21212121212121,1.32885906040268,0.787878787878788
