virus,realm,locus_tag,host,type,shape,AAA,AAC,AAG,AAT,ACA,ACC,ACG,ACT,AGA,AGC,AGG,AGT,ATA,ATC,ATG,ATT,CAA,CAC,CAG,CAT,CCA,CCC,CCG,CCT,CGA,CGC,CGG,CGT,CTA,CTC,CTG,CTT,GAA,GAC,GAG,GAT,GCA,GCC,GCG,GCT,GGA,GGC,GGG,GGT,GTA,GTC,GTG,GTT,TAA,TAC,TAG,TAT,TCA,TCC,TCG,TCT,TGA,TGC,TGG,TGT,TTA,TTC,TTG,TTT
Emiliania huxleyi virus 86,Varidnaviria,EhV,eukaryotic algae,DNA,circular,1.22085976039464,0.617276720351391,0.779140239605356,1.38272327964861,1.7015888185402,0.676143829888902,0.67853303070123,0.943734320869669,1.0017283097131,0.352826299229684,0.345316280677497,1.0975371595964,0.700862358606787,0.631313696942547,1,1.66782394445067,1.24568965517241,0.648475120385233,0.754310344827586,1.35152487961477,2.23783241344706,0.413948820873056,0.815353738083291,0.532865027596588,0.954026961631524,1.17801590044936,0.55893536121673,1.96197718631179,1.04705882352941,0.72156862745098,0.458823529411765,1.5359477124183,1.41206511330993,0.641729483714977,0.587934886690073,1.35827051628502,2.05035605289929,0.518311291963377,0.760427263479145,0.670905391658189,1.23614979882389,0.598576292169607,0.591767254719901,1.5735066542866,1.35935124176381,0.594526102382159,0.671059300557527,1.3750633552965,1.86228813559322,0.591923076923077,0.578389830508475,1.40807692307692,1.66713681241185,0.686123467505696,0.969946837365737,1.22642942389064,0.559322033898305,0.728,1,1.272,1.3516339869281,0.477200424178155,0.884967320261438,1.52279957582185
