virus,realm,host,locus_tag,AAA,AAC,AAG,AAT,ACA,ACC,ACG,ACT,AGA,AGC,AGG,AGT,ATA,ATC,ATG,ATT,CAA,CAC,CAG,CAT,CCA,CCC,CCG,CCT,CGA,CGC,CGG,CGT,CTA,CTC,CTG,CTT,GAA,GAC,GAG,GAT,GCA,GCC,GCG,GCT,GGA,GGC,GGG,GGT,GTA,GTC,GTG,GTT,TAA,TAC,TAG,TAT,TCA,TCC,TCG,TCT,TGA,TGC,TGG,TGT,TTA,TTC,TTG,TTT
Enterococcus phage vB EfaP Ef7.3,NA,NA,H3T72,1.70833333333333,0.971291866028708,0.291666666666667,1.02870813397129,2.24561403508772,0.350877192982456,0.330827067669173,1.07268170426065,2.76190476190476,0.765957446808511,0.349206349206349,1.56838905775076,0.492537313432836,0.522388059701492,1,1.98507462686567,1.76649746192893,0.912621359223301,0.233502538071066,1.0873786407767,2.16161616161616,0.262626262626263,0.222222222222222,1.35353535353535,0.825396825396825,0.222222222222222,0.0952380952380952,1.74603174603175,0.767295597484277,0.0880503144654088,0.0754716981132075,0.641509433962264,1.60267857142857,0.638418079096045,0.397321428571429,1.36158192090395,1.20529801324503,0.423841059602649,0.317880794701987,2.05298013245033,1.30337078651685,0.157303370786517,0.348314606741573,2.19101123595506,1.73913043478261,0.231884057971014,0.278260869565217,1.75072463768116,2.11111111111111,0.690553745928339,0.555555555555556,1.30944625407166,1.91489361702128,0.127659574468085,0.25531914893617,1.3677811550152,0.333333333333333,0.490566037735849,1,1.50943396226415,3.67295597484277,0.722222222222222,0.754716981132076,1.27777777777778
