virus,realm,locus_tag,host,type,shape,AAA,AAC,AAG,AAT,ACA,ACC,ACG,ACT,AGA,AGC,AGG,AGT,ATA,ATC,ATG,ATT,CAA,CAC,CAG,CAT,CCA,CCC,CCG,CCT,CGA,CGC,CGG,CGT,CTA,CTC,CTG,CTT,GAA,GAC,GAG,GAT,GCA,GCC,GCG,GCT,GGA,GGC,GGG,GGT,GTA,GTC,GTG,GTT,TAA,TAC,TAG,TAT,TCA,TCC,TCG,TCT,TGA,TGC,TGG,TGT,TTA,TTC,TTG,TTT
Enterobacter phage E-2,Duplodnaviria,AXI78,bacteria,DNA,linear,0.606145251396648,1.47878787878788,1.39385474860335,0.521212121212121,0.787234042553192,1.4113475177305,0.609929078014184,1.19148936170213,0.29951690821256,0.935433070866142,0.29951690821256,0.859842519685039,0.179023508137432,1.38878842676311,1,1.43218806509946,0.674311926605505,1.31979695431472,1.3256880733945,0.680203045685279,0.936386768447837,0.213740458015267,1.45547073791349,1.39440203562341,0.734299516908213,1.70048309178744,0.376811594202899,2.58937198067633,0.631205673758865,0.957446808510638,2.00709219858156,0.929078014184397,0.755844155844156,1.20882352941176,1.24415584415584,0.791176470588235,0.891108891108891,0.823176823176823,0.927072927072927,1.35864135864136,0.520446096654275,1.0359355638166,0.510532837670384,1.93308550185874,0.761346998535871,0.761346998535871,1.28843338213763,1.18887262079063,2.1219512195122,1.20234604105572,0.0731707317073171,0.797653958944281,0.878740157480315,1.28503937007874,0.491338582677165,1.5496062992126,0.804878048780488,0.952380952380952,1,1.04761904761905,0.617021276595745,1.5,0.858156028368794,0.5
