virus,realm,host,locus_tag,AAA,AAC,AAG,AAT,ACA,ACC,ACG,ACT,AGA,AGC,AGG,AGT,ATA,ATC,ATG,ATT,CAA,CAC,CAG,CAT,CCA,CCC,CCG,CCT,CGA,CGC,CGG,CGT,CTA,CTC,CTG,CTT,GAA,GAC,GAG,GAT,GCA,GCC,GCG,GCT,GGA,GGC,GGG,GGT,GTA,GTC,GTG,GTT,TAA,TAC,TAG,TAT,TCA,TCC,TCG,TCT,TGA,TGC,TGG,TGT,TTA,TTC,TTG,TTT
Enterococcus phage vB EfaS IME198,NA,NA,AVT94,1.07413249211356,1.14726840855107,0.925867507886435,0.852731591448931,1.42014242115972,0.476093591047813,0.349949135300102,1.75381485249237,1.96237337192475,1.25538461538462,0.364688856729378,0.763076923076923,0.424007744433688,0.96999031945789,1,1.60600193610842,1.27931034482759,0.91358024691358,0.720689655172414,1.08641975308642,1.48296593186373,0.208416833667335,0.160320641282565,2.14829659318637,0.833574529667149,0.685962373371925,0.260492040520984,1.89290882778582,1.00766550522648,0.163066202090592,0.196515679442509,1.55540069686411,1.24363161332462,1.22050290135397,0.756368386675376,0.779497098646035,1.17178423236515,0.52448132780083,0.292116182572614,2.01161825726141,1.75074775672981,0.869391824526421,0.307078763708873,1.0727816550349,1.49194991055456,0.382826475849732,0.504472271914132,1.62075134168157,1.92631578947368,0.926080892608089,0.852631578947368,1.07391910739191,1.62461538461538,0.4,0.252307692307692,1.70461538461538,0.221052631578947,0.79646017699115,1,1.20353982300885,2.32473867595819,0.992657856093979,0.752613240418119,1.00734214390602
