virus,realm,locus_tag,host,type,shape,AAA,AAC,AAG,AAT,ACA,ACC,ACG,ACT,AGA,AGC,AGG,AGT,ATA,ATC,ATG,ATT,CAA,CAC,CAG,CAT,CCA,CCC,CCG,CCT,CGA,CGC,CGG,CGT,CTA,CTC,CTG,CTT,GAA,GAC,GAG,GAT,GCA,GCC,GCG,GCT,GGA,GGC,GGG,GGT,GTA,GTC,GTG,GTT,TAA,TAC,TAG,TAT,TCA,TCC,TCG,TCT,TGA,TGC,TGG,TGT,TTA,TTC,TTG,TTT
Enterobacteria phage VT2-Sakai,Duplodnaviria,VT2,bacteria,DNA,linear,1.2895467160037,0.975979772439949,0.7104532839963,1.02402022756005,1.11195445920304,1.10815939278937,1.07779886148008,0.702087286527514,0.818846466287571,1.2620320855615,0.54102355808286,1.1283422459893,0.522435897435897,1.15384615384615,1,1.32371794871795,0.411280846063455,0.861538461538462,1.58871915393655,1.13846153846154,0.865671641791045,0.477611940298507,1.88557213930348,0.771144278606965,0.677497969130788,1.4378554021121,0.804224207961007,1.72055239642567,0.231759656652361,0.660944206008584,2.67811158798283,1.20600858369099,1.16437246963563,0.817164179104478,0.835627530364372,1.18283582089552,1.21000581733566,0.886561954624782,1.04944735311227,0.853984874927283,0.864622288706058,1.02916978309648,0.861630516080778,1.24457741211668,0.652286453839517,0.583261432269198,1.4702329594478,1.29421915444349,1.26506024096386,0.887189292543021,0.144578313253012,1.11281070745698,1.29411764705882,0.828877005347594,0.679144385026738,0.807486631016043,1.59036144578313,1.11587982832618,1,0.88412017167382,0.699570815450644,0.822934232715008,0.523605150214592,1.17706576728499
