virus,realm,locus_tag,host,type,shape,AAA,AAC,AAG,AAT,ACA,ACC,ACG,ACT,AGA,AGC,AGG,AGT,ATA,ATC,ATG,ATT,CAA,CAC,CAG,CAT,CCA,CCC,CCG,CCT,CGA,CGC,CGG,CGT,CTA,CTC,CTG,CTT,GAA,GAC,GAG,GAT,GCA,GCC,GCG,GCT,GGA,GGC,GGG,GGT,GTA,GTC,GTG,GTT,TAA,TAC,TAG,TAT,TCA,TCC,TCG,TCT,TGA,TGC,TGG,TGT,TTA,TTC,TTG,TTT
Enterovirus E,Riboviria,BEVgp1,vertebrates,ss-RNA,linear,0.648648648648649,1.1264367816092,1.35135135135135,0.873563218390805,0.751677852348993,1.55704697986577,0.402684563758389,1.28859060402685,1.77142857142857,1.27941176470588,1.82857142857143,0.75,0.504,1.056,1,1.44,1.02173913043478,1.06122448979592,0.978260869565217,0.938775510204082,1.28695652173913,0.973913043478261,0.730434782608696,1.00869565217391,0.171428571428571,1.14285714285714,0.342857142857143,0.742857142857143,0.818181818181818,1.05681818181818,0.920454545454545,1.77272727272727,0.847457627118644,0.859504132231405,1.15254237288136,1.1404958677686,1.38011695906433,1.38011695906433,0.444444444444444,0.795321637426901,0.921052631578947,1.10526315789474,0.868421052631579,1.10526315789474,0.609271523178808,1.05960264900662,1.21854304635762,1.11258278145695,0,1.16129032258065,0,0.838709677419355,1.14705882352941,1.36764705882353,0.308823529411765,1.14705882352941,3,1.38095238095238,1,0.619047619047619,0.443181818181818,1.14606741573034,0.988636363636364,0.853932584269663
