virus,realm,locus_tag,host,type,shape,AAA,AAC,AAG,AAT,ACA,ACC,ACG,ACT,AGA,AGC,AGG,AGT,ATA,ATC,ATG,ATT,CAA,CAC,CAG,CAT,CCA,CCC,CCG,CCT,CGA,CGC,CGG,CGT,CTA,CTC,CTG,CTT,GAA,GAC,GAG,GAT,GCA,GCC,GCG,GCT,GGA,GGC,GGG,GGT,GTA,GTC,GTG,GTT,TAA,TAC,TAG,TAT,TCA,TCC,TCG,TCT,TGA,TGC,TGG,TGT,TTA,TTC,TTG,TTT
Enterobacter phage Ec L1,NA,FDJ47,NA,NA,NA,0.872021182700794,1.46361185983828,1.12797881729921,0.536388140161725,0.850467289719626,0.962616822429907,1.07476635514019,1.11214953271028,0.639791937581274,1.56913827655311,0.663198959687906,0.498997995991984,0.348049281314168,1.60164271047228,1,1.05030800821355,0.571428571428571,1.23333333333333,1.42857142857143,0.766666666666667,1.25396825396825,0.19047619047619,1.0952380952381,1.46031746031746,1.39661898569571,1.84135240572172,0.327698309492848,1.13133940182055,0.482090997095837,0.789932236205227,1.57986447241045,1.62633107454017,0.787821122740247,1.0300518134715,1.21217887725975,0.969948186528497,0.956457564575646,0.631734317343173,0.956457564575646,1.45535055350554,0.896434634974533,1.26655348047538,0.539898132427844,1.29711375212224,0.711188204683434,0.634865568083261,0.662619254119688,1.99132697311362,1.76470588235294,1.13123844731978,0.352941176470588,0.868761552680222,1.58717434869739,0.811623246492986,0.474949899799599,1.05811623246493,0.882352941176471,1.32420091324201,1,0.675799086757991,0.679574056147144,1.22508038585209,0.842207163601162,0.77491961414791
