virus,realm,locus_tag,host,type,shape,AAA,AAC,AAG,AAT,ACA,ACC,ACG,ACT,AGA,AGC,AGG,AGT,ATA,ATC,ATG,ATT,CAA,CAC,CAG,CAT,CCA,CCC,CCG,CCT,CGA,CGC,CGG,CGT,CTA,CTC,CTG,CTT,GAA,GAC,GAG,GAT,GCA,GCC,GCG,GCT,GGA,GGC,GGG,GGT,GTA,GTC,GTG,GTT,TAA,TAC,TAG,TAT,TCA,TCC,TCG,TCT,TGA,TGC,TGG,TGT,TTA,TTC,TTG,TTT
Enterococcus phage vB EfaP Efmus3,NA,H3T69,NA,NA,NA,1.69294605809129,1.03117505995204,0.307053941908714,0.968824940047962,2.02912621359223,0.41747572815534,0.349514563106796,1.20388349514563,2.98477157360406,0.766355140186916,0.33502538071066,1.62616822429907,0.63,0.6075,1,1.7625,1.74619289340102,1.00990099009901,0.253807106598985,0.99009900990099,2.09045226130653,0.221105527638191,0.321608040201005,1.36683417085427,0.487309644670051,0.304568527918782,0.121827411167513,1.76649746192893,0.920086393088553,0.103671706263499,0.0518358531317495,0.609071274298056,1.63431151241535,0.679775280898876,0.36568848758465,1.32022471910112,1.24324324324324,0.405405405405405,0.22972972972973,2.12162162162162,1.30337078651685,0.179775280898876,0.337078651685393,2.17977528089888,1.56521739130435,0.208695652173913,0.278260869565217,1.94782608695652,1.92857142857143,0.694533762057878,0.428571428571429,1.30546623794212,1.83177570093458,0.0934579439252336,0.261682242990654,1.42056074766355,0.642857142857143,0.423076923076923,1,1.57692307692308,3.70626349892009,0.681003584229391,0.609071274298056,1.31899641577061
