virus,realm,locus_tag,host,type,shape,AAA,AAC,AAG,AAT,ACA,ACC,ACG,ACT,AGA,AGC,AGG,AGT,ATA,ATC,ATG,ATT,CAA,CAC,CAG,CAT,CCA,CCC,CCG,CCT,CGA,CGC,CGG,CGT,CTA,CTC,CTG,CTT,GAA,GAC,GAG,GAT,GCA,GCC,GCG,GCT,GGA,GGC,GGG,GGT,GTA,GTC,GTG,GTT,TAA,TAC,TAG,TAT,TCA,TCC,TCG,TCT,TGA,TGC,TGG,TGT,TTA,TTC,TTG,TTT
Enterobacter phage E-3,Duplodnaviria,AVU28,bacteria,DNA,linear,0.606260296540362,1.47945205479452,1.39373970345964,0.520547945205479,0.685258964143426,1.36254980079681,0.669322709163347,1.28286852589641,0.266173752310536,0.961267605633803,0.232902033271719,0.834507042253521,0.247933884297521,1.25826446280992,1,1.49380165289256,0.68586387434555,1.33333333333333,1.31413612565445,0.666666666666667,0.890207715133531,0.28486646884273,1.41246290801187,1.41246290801187,0.842883548983364,1.55268022181146,0.410351201478743,2.69500924214418,0.576,0.952,1.984,1.016,0.752592592592593,1.17073170731707,1.24740740740741,0.829268292682927,0.754802259887006,0.781920903954802,0.935593220338983,1.52768361581921,0.49255751014885,1.01217861975643,0.562922868741543,1.93234100135318,0.743882544861338,0.769983686786297,1.278955954323,1.20717781402936,2.25,1.19867549668874,0.0833333333333333,0.801324503311258,0.802816901408451,1.34154929577465,0.549295774647887,1.51056338028169,0.666666666666667,0.869565217391304,1,1.1304347826087,0.584,1.49704142011834,0.888,0.502958579881657
