virus,realm,locus_tag,host,type,shape,AAA,AAC,AAG,AAT,ACA,ACC,ACG,ACT,AGA,AGC,AGG,AGT,ATA,ATC,ATG,ATT,CAA,CAC,CAG,CAT,CCA,CCC,CCG,CCT,CGA,CGC,CGG,CGT,CTA,CTC,CTG,CTT,GAA,GAC,GAG,GAT,GCA,GCC,GCG,GCT,GGA,GGC,GGG,GGT,GTA,GTC,GTG,GTT,TAA,TAC,TAG,TAT,TCA,TCC,TCG,TCT,TGA,TGC,TGG,TGT,TTA,TTC,TTG,TTT
Enterovirus SEV-gx,Riboviria,A6I61,vertebrates,RNA,linear,1.08474576271186,0.666666666666667,0.915254237288136,1.33333333333333,1.93288590604027,0.671140939597315,0.322147651006711,1.0738255033557,3.41935483870968,0.638297872340426,1.29032258064516,1.48936170212766,1.07142857142857,0.595238095238095,1,1.33333333333333,1.06818181818182,0.871794871794872,0.931818181818182,1.12820512820513,2.1037037037037,0.77037037037037,0.177777777777778,0.948148148148148,0.258064516129032,0.451612903225806,0.129032258064516,0.451612903225806,0.815217391304348,0.619565217391304,0.684782608695652,0.978260869565217,1.1743119266055,0.666666666666667,0.825688073394495,1.33333333333333,1.5031847133758,0.789808917197452,0.178343949044586,1.52866242038217,1.34210526315789,0.684210526315789,0.710526315789474,1.26315789473684,0.680272108843537,0.680272108843537,1.03401360544218,1.60544217687075,3,0.651685393258427,0,1.34831460674157,2.51063829787234,0.553191489361702,0.0851063829787234,0.723404255319149,0,0.745098039215686,1,1.25490196078431,1.23913043478261,0.612244897959184,1.66304347826087,1.38775510204082
