virus,realm,host,locus_tag,AAA,AAC,AAG,AAT,ACA,ACC,ACG,ACT,AGA,AGC,AGG,AGT,ATA,ATC,ATG,ATT,CAA,CAC,CAG,CAT,CCA,CCC,CCG,CCT,CGA,CGC,CGG,CGT,CTA,CTC,CTG,CTT,GAA,GAC,GAG,GAT,GCA,GCC,GCG,GCT,GGA,GGC,GGG,GGT,GTA,GTC,GTG,GTT,TAA,TAC,TAG,TAT,TCA,TCC,TCG,TCT,TGA,TGC,TGG,TGT,TTA,TTC,TTG,TTT
Enterococcus phage phiFL1A,Duplodnaviria,bacteria,EP,1.5899419729207,0.492227979274611,0.410058027079304,1.50777202072539,1.73988439306358,0.289017341040462,0.554913294797688,1.41618497109827,2.51441241685144,0.693227091633466,0.452328159645233,1.56972111553785,0.887019230769231,0.472355769230769,1,1.640625,1.69772256728778,0.409448818897638,0.302277432712215,1.59055118110236,1.85303514376997,0.166134185303514,0.383386581469649,1.59744408945687,1.03769401330377,0.492239467849224,0.226164079822616,1.27716186252772,0.760041194644696,0.123583934088568,0.259526261585994,0.741503604531411,1.6298773690078,0.447024673439768,0.370122630992196,1.55297532656023,1.49933065595716,0.299866131191432,0.530120481927711,1.67068273092369,1.45048814504881,0.529986052998605,0.479776847977685,1.5397489539749,1.16220028208745,0.400564174894217,0.603667136812412,1.83356840620592,1.72131147540984,0.473913043478261,0.590163934426229,1.52608695652174,1.70517928286853,0.286852589641434,0.286852589641434,1.45816733067729,0.688524590163934,0.511627906976744,1,1.48837209302326,2.89804325437693,0.431718061674009,1.2173017507724,1.56828193832599
