virus,realm,locus_tag,host,type,shape,AAA,AAC,AAG,AAT,ACA,ACC,ACG,ACT,AGA,AGC,AGG,AGT,ATA,ATC,ATG,ATT,CAA,CAC,CAG,CAT,CCA,CCC,CCG,CCT,CGA,CGC,CGG,CGT,CTA,CTC,CTG,CTT,GAA,GAC,GAG,GAT,GCA,GCC,GCG,GCT,GGA,GGC,GGG,GGT,GTA,GTC,GTG,GTT,TAA,TAC,TAG,TAT,TCA,TCC,TCG,TCT,TGA,TGC,TGG,TGT,TTA,TTC,TTG,TTT
Enterobacteria phage vB EcoM IME340,NA,KMB96,NA,NA,NA,1.56585724797645,0.529920442753373,0.434142752023547,1.47007955724663,1.20901639344262,0.426229508196721,0.39207650273224,1.97267759562842,1.27818853974122,0.513274336283186,0.177449168207024,1.02477876106195,0.430681523710806,0.472661311220523,1,2.09665716506867,1.32869565217391,0.417350527549824,0.671304347826087,1.58264947245018,1.58214081282198,0.128219805380653,0.597595878649113,1.69204350314825,0.745841035120148,0.901109057301294,0.133086876155268,2.76432532347505,0.560149373166178,0.321685782875433,0.480128034142438,1.55721525740197,1.72647294054919,0.448804414469651,0.273527059450813,1.55119558553035,1.28390596745027,0.331525015069319,0.373719107896323,2.01084990958409,1.32641142115509,0.591823491239455,0.228423101881895,1.85334198572356,1.26752934095697,0.337044839000903,0.339452302136624,2.05597351790551,1.92692307692308,0.463742166517457,0.184615384615385,1.53625783348254,1.66371681415929,0.309734513274336,0.336283185840708,2.15221238938053,0.888461538461538,0.778793418647166,1,1.22120658135283,2.19098426246999,0.510078878177038,0.889837289943985,1.48992112182296
