virus,realm,locus_tag,host,type,shape,AAA,AAC,AAG,AAT,ACA,ACC,ACG,ACT,AGA,AGC,AGG,AGT,ATA,ATC,ATG,ATT,CAA,CAC,CAG,CAT,CCA,CCC,CCG,CCT,CGA,CGC,CGG,CGT,CTA,CTC,CTG,CTT,GAA,GAC,GAG,GAT,GCA,GCC,GCG,GCT,GGA,GGC,GGG,GGT,GTA,GTC,GTG,GTT,TAA,TAC,TAG,TAT,TCA,TCC,TCG,TCT,TGA,TGC,TGG,TGT,TTA,TTC,TTG,TTT
Enterococcus phage phiSHEF4,Duplodnaviria,FDI49,bacteria,DNA,linear,1.47579908675799,0.896984924623116,0.524200913242009,1.10301507537688,2.5765306122449,0.301020408163265,0.239795918367347,0.88265306122449,1.9954128440367,0.75,0.371559633027523,1.83433734939759,0.571092831962397,0.539365452408931,1,1.88954171562867,1.57399103139013,0.870466321243523,0.426008968609865,1.12953367875648,2.83473389355742,0.134453781512605,0.134453781512605,0.896358543417367,0.619266055045872,0.853211009174312,0.165137614678899,1.9954128440367,1.15068493150685,0.0587084148727984,0.199608610567515,0.681017612524462,1.57673019057172,0.824468085106383,0.423269809428285,1.17553191489362,2.06376811594203,0.278260869565217,0.376811594202899,1.28115942028986,0.992771084337349,0.36144578313253,0.265060240963855,2.38072289156627,1.82829504232164,0.183796856106409,0.444981862152358,1.54292623941959,2,0.654545454545455,0.333333333333333,1.34545454545455,2.62048192771084,0.0813253012048193,0.0632530120481928,0.650602409638554,0.666666666666667,0.415584415584416,1,1.58441558441558,3.16438356164384,0.667992047713718,0.74559686888454,1.33200795228628
