virus,realm,host,locus_tag,AAA,AAC,AAG,AAT,ACA,ACC,ACG,ACT,AGA,AGC,AGG,AGT,ATA,ATC,ATG,ATT,CAA,CAC,CAG,CAT,CCA,CCC,CCG,CCT,CGA,CGC,CGG,CGT,CTA,CTC,CTG,CTT,GAA,GAC,GAG,GAT,GCA,GCC,GCG,GCT,GGA,GGC,GGG,GGT,GTA,GTC,GTG,GTT,TAA,TAC,TAG,TAT,TCA,TCC,TCG,TCT,TGA,TGC,TGG,TGT,TTA,TTC,TTG,TTT
Enterococcus phage vB EfaP IME195,NA,NA,AU087,1.69787234042553,0.961538461538462,0.302127659574468,1.03846153846154,2.28428927680798,0.319201995012469,0.319201995012469,1.07730673316708,3,0.743034055727554,0.244897959183673,1.61609907120743,0.455497382198953,0.651832460732984,1,1.89267015706806,1.75,0.83495145631068,0.25,1.16504854368932,1.95073891625616,0.216748768472906,0.315270935960591,1.51724137931034,0.76530612244898,0.153061224489796,0.153061224489796,1.68367346938776,0.927835051546392,0.0618556701030928,0.0371134020618557,0.668041237113402,1.60810810810811,0.677685950413223,0.391891891891892,1.32231404958678,1.28859060402685,0.322147651006711,0.187919463087248,2.20134228187919,1.29545454545455,0.159090909090909,0.340909090909091,2.20454545454545,1.71929824561404,0.187134502923977,0.304093567251462,1.78947368421053,2,0.818181818181818,0.666666666666667,1.18181818181818,1.98761609907121,0.204334365325077,0.130030959752322,1.31888544891641,0.333333333333333,0.4,1,1.6,3.62474226804124,0.625454545454545,0.680412371134021,1.37454545454545
