virus,realm,locus_tag,host,type,shape,AAA,AAC,AAG,AAT,ACA,ACC,ACG,ACT,AGA,AGC,AGG,AGT,ATA,ATC,ATG,ATT,CAA,CAC,CAG,CAT,CCA,CCC,CCG,CCT,CGA,CGC,CGG,CGT,CTA,CTC,CTG,CTT,GAA,GAC,GAG,GAT,GCA,GCC,GCG,GCT,GGA,GGC,GGG,GGT,GTA,GTC,GTG,GTT,TAA,TAC,TAG,TAT,TCA,TCC,TCG,TCT,TGA,TGC,TGG,TGT,TTA,TTC,TTG,TTT
Enterobacteria phage ATK47,Duplodnaviria,KNT12,bacteria,DNA,linear,1.51838671411625,0.785120696478037,0.481613285883749,1.21487930352196,1.25955016065691,0.582649053909318,0.416993930739022,1.74080685469475,0.777217741935484,0.446985446985447,0.163306451612903,0.910602910602911,0.366300366300366,0.751831501831502,1,1.88186813186813,1.37737083060824,0.510800508259212,0.622629169391759,1.48919949174079,1.41515341264872,0.0926737633061991,0.598622417031935,1.89355040701315,0.840725806451613,0.662298387096774,0.142137096774194,3.41431451612903,0.499267506592441,0.399062408438324,0.602988573102842,1.66481101670085,1.67621951219512,0.720277296360485,0.323780487804878,1.27972270363951,1.35396518375242,0.505480335267569,0.337846550612508,1.8027079303675,0.914532996754418,0.718355571583123,0.333213126577714,2.03389830508475,1.15506636451926,0.451926189705406,0.363871803172548,2.02913564260278,2.00956937799043,0.574568288854003,0.172248803827751,1.425431711146,1.45530145530146,0.405405405405405,0.417879417879418,2.36382536382536,0.818181818181818,0.592901878914405,1,1.4070981210856,1.8159976560211,0.784431137724551,1.01787283914445,1.21556886227545
