virus,realm,locus_tag,host,type,shape,AAA,AAC,AAG,AAT,ACA,ACC,ACG,ACT,AGA,AGC,AGG,AGT,ATA,ATC,ATG,ATT,CAA,CAC,CAG,CAT,CCA,CCC,CCG,CCT,CGA,CGC,CGG,CGT,CTA,CTC,CTG,CTT,GAA,GAC,GAG,GAT,GCA,GCC,GCG,GCT,GGA,GGC,GGG,GGT,GTA,GTC,GTG,GTT,TAA,TAC,TAG,TAT,TCA,TCC,TCG,TCT,TGA,TGC,TGG,TGT,TTA,TTC,TTG,TTT
Enterobacteria phage RB18,Duplodnaviria,KMB98,bacteria,DNA,linear,1.57021996615905,0.510413223140496,0.429780033840948,1.4895867768595,1.2071475843812,0.397088021178028,0.370615486432826,2.02514890800794,1.27479526842584,0.517510853835022,0.18835304822566,1.01070911722142,0.435762584522915,0.456799398948159,1,2.10743801652893,1.32203389830508,0.412371134020619,0.677966101694915,1.58762886597938,1.64586846543002,0.107925801011804,0.571107363687465,1.67509836987071,0.767060964513194,0.835304822565969,0.13648771610555,2.79799818016379,0.526912181303116,0.330672160700489,0.465104300798352,1.54983260365697,1.70574350904799,0.448160535117057,0.294256490952006,1.55183946488294,1.28727487452022,0.324771183938589,0.353114850900502,2.03483909064069,1.35709739019733,0.555060471037556,0.238064926798218,1.8497772119669,1.25902024053975,0.330888823701965,0.359049574655324,2.05104136110296,1.86813186813187,0.440544098288723,0.164835164835165,1.55945590171128,1.62373371924747,0.309117221418234,0.335166425470333,2.20376266280753,0.967032967032967,0.670138888888889,1,1.32986111111111,2.24053566829771,0.520102651839179,0.886943085243369,1.47989734816082
