virus,realm,locus_tag,host,type,shape,AAA,AAC,AAG,AAT,ACA,ACC,ACG,ACT,AGA,AGC,AGG,AGT,ATA,ATC,ATG,ATT,CAA,CAC,CAG,CAT,CCA,CCC,CCG,CCT,CGA,CGC,CGG,CGT,CTA,CTC,CTG,CTT,GAA,GAC,GAG,GAT,GCA,GCC,GCG,GCT,GGA,GGC,GGG,GGT,GTA,GTC,GTG,GTT,TAA,TAC,TAG,TAT,TCA,TCC,TCG,TCT,TGA,TGC,TGG,TGT,TTA,TTC,TTG,TTT
Enterobacteria phage phiP27,Duplodnaviria,P27p,bacteria,DNA,linear,1.4051724137931,0.884086444007859,0.594827586206897,1.11591355599214,1.1214953271028,1.28170894526035,1.00400534045394,0.592790387182911,0.710828025477707,1.05606258148631,0.519745222929936,1.07170795306389,0.455587392550143,1.0487106017192,1,1.49570200573066,0.467771639042357,0.89344262295082,1.53222836095764,1.10655737704918,0.852207293666027,0.690978886756238,1.56621880998081,0.890595009596929,0.527388535031847,1.42165605095541,0.810191082802548,2.01019108280255,0.148148148148148,0.481481481481481,2.86243386243386,1.05820105820106,1.28801843317972,0.662216288384513,0.711981566820276,1.33778371161549,1.07130434782609,1.06782608695652,1.08869565217391,0.772173913043478,0.84453781512605,1.05882352941176,0.886554621848739,1.21008403361345,0.52794292508918,0.746730083234245,1.46492271105826,1.26040428061831,1.08620689655172,0.756892230576441,0.155172413793103,1.24310776942356,1.19687092568448,1.0013037809648,0.727509778357236,0.946544980443285,1.75862068965517,1.08609271523179,1,0.913907284768212,0.708994708994709,0.683035714285714,0.740740740740741,1.31696428571429
