virus,realm,locus_tag,host,type,shape,AAA,AAC,AAG,AAT,ACA,ACC,ACG,ACT,AGA,AGC,AGG,AGT,ATA,ATC,ATG,ATT,CAA,CAC,CAG,CAT,CCA,CCC,CCG,CCT,CGA,CGC,CGG,CGT,CTA,CTC,CTG,CTT,GAA,GAC,GAG,GAT,GCA,GCC,GCG,GCT,GGA,GGC,GGG,GGT,GTA,GTC,GTG,GTT,TAA,TAC,TAG,TAT,TCA,TCC,TCG,TCT,TGA,TGC,TGG,TGT,TTA,TTC,TTG,TTT
Enterobacteria phage T6,Duplodnaviria,KMB99,bacteria,DNA,linear,1.57264172595823,0.484828496042216,0.427358274041772,1.51517150395778,1.205716184779,0.40810900631439,0.378863409770688,2.00731139913593,1.3398316349136,0.496901408450704,0.2233052724856,1.01239436619718,0.476059162697418,0.459513662572073,1,2.06442717473051,1.33061699650757,0.418708240534521,0.669383003492433,1.58129175946548,1.58723170060539,0.112272977435333,0.634012107870116,1.66648321408916,0.778910057598582,0.824102791315906,0.154186973859105,2.6796632698272,0.513178294573643,0.305426356589147,0.457364341085271,1.53643410852713,1.69648397104447,0.446082949308756,0.303516028955533,1.55391705069124,1.29241877256318,0.327316486161252,0.341756919374248,2.03850782190132,1.36912751677852,0.553531479705976,0.245445829338447,1.83189517417705,1.29418742586002,0.34282325029656,0.336892052194543,2.02609727164887,1.83396226415094,0.445130013221684,0.192452830188679,1.55486998677832,1.65464788732394,0.331267605633803,0.31943661971831,2.18535211267606,0.973584905660377,0.733108108108108,1,1.26689189189189,2.27751937984496,0.491803278688525,0.910077519379845,1.50819672131148
