virus,realm,locus_tag,host,type,shape,AAA,AAC,AAG,AAT,ACA,ACC,ACG,ACT,AGA,AGC,AGG,AGT,ATA,ATC,ATG,ATT,CAA,CAC,CAG,CAT,CCA,CCC,CCG,CCT,CGA,CGC,CGG,CGT,CTA,CTC,CTG,CTT,GAA,GAC,GAG,GAT,GCA,GCC,GCG,GCT,GGA,GGC,GGG,GGT,GTA,GTC,GTG,GTT,TAA,TAC,TAG,TAT,TCA,TCC,TCG,TCT,TGA,TGC,TGG,TGT,TTA,TTC,TTG,TTT
Enterococcus phage vB EfaP IME199,NA,H3T64,NA,NA,NA,1.70068027210884,0.829596412556054,0.299319727891156,1.17040358744395,2.22737819025522,0.352668213457077,0.408352668213457,1.01160092807425,2.37073170731707,0.643478260869565,0.351219512195122,1.2,0.587467362924282,0.548302872062663,1,1.86422976501305,1.71074380165289,0.752293577981651,0.289256198347107,1.24770642201835,1.65384615384615,0.326923076923077,0.192307692307692,1.82692307692308,0.760975609756098,0.468292682926829,0.175609756097561,1.87317073170732,1.00429184549356,0.0901287553648069,0.0901287553648069,0.721030042918455,1.56666666666667,0.659090909090909,0.433333333333333,1.34090909090909,1.07027027027027,0.389189189189189,0.281081081081081,2.25945945945946,1.32960893854749,0.424581005586592,0.726256983240223,1.5195530726257,1.23893805309735,0.507374631268437,0.554572271386431,1.69911504424779,2.31818181818182,0.63481228668942,0.136363636363636,1.36518771331058,1.86086956521739,0.347826086956522,0.226086956521739,1.72173913043478,0.545454545454545,0.358974358974359,1,1.64102564102564,3.47639484978541,0.557971014492754,0.618025751072961,1.44202898550725
