virus,realm,locus_tag,host,type,shape,AAA,AAC,AAG,AAT,ACA,ACC,ACG,ACT,AGA,AGC,AGG,AGT,ATA,ATC,ATG,ATT,CAA,CAC,CAG,CAT,CCA,CCC,CCG,CCT,CGA,CGC,CGG,CGT,CTA,CTC,CTG,CTT,GAA,GAC,GAG,GAT,GCA,GCC,GCG,GCT,GGA,GGC,GGG,GGT,GTA,GTC,GTG,GTT,TAA,TAC,TAG,TAT,TCA,TCC,TCG,TCT,TGA,TGC,TGG,TGT,TTA,TTC,TTG,TTT
Enterococcus phage ECP3,Duplodnaviria,ACQ25,bacteria,DNA,linear,1.42977190876351,0.867401060791514,0.570228091236495,1.13259893920849,2.05871423262728,0.359717577108881,0.307692307692308,1.27387588257153,2.75323149236193,0.7698199923401,0.518213866039953,1.6384527001149,0.845872899926954,0.473338203067933,1,1.68078889700511,1.42262317834837,0.650485436893204,0.577376821651631,1.3495145631068,1.67112509834776,0.264358772619984,0.239181746656176,1.82533438237608,0.616921269095182,0.218566392479436,0.232667450058754,1.66039952996475,1.44019528071603,0.161106590724166,0.227827502034174,0.759967453213995,1.27257754597859,0.816945200155461,0.727422454021411,1.18305479984454,1.93229166666667,0.310763888888889,0.274305555555556,1.48263888888889,1.10037735849057,0.360754716981132,0.762264150943396,1.77660377358491,1.93578911794525,0.255491720175735,0.501520784048665,1.30719837783035,1.55454545454545,0.762145748987854,1.00909090909091,1.23785425101215,1.39716583684412,0.324013787820758,0.179241669858292,1.69130601302183,0.436363636363636,0.52247191011236,1,1.47752808988764,2.7160292921074,0.608247422680412,0.694873881204231,1.39175257731959
