virus,realm,locus_tag,host,type,shape,AAA,AAC,AAG,AAT,ACA,ACC,ACG,ACT,AGA,AGC,AGG,AGT,ATA,ATC,ATG,ATT,CAA,CAC,CAG,CAT,CCA,CCC,CCG,CCT,CGA,CGC,CGG,CGT,CTA,CTC,CTG,CTT,GAA,GAC,GAG,GAT,GCA,GCC,GCG,GCT,GGA,GGC,GGG,GGT,GTA,GTC,GTG,GTT,TAA,TAC,TAG,TAT,TCA,TCC,TCG,TCT,TGA,TGC,TGG,TGT,TTA,TTC,TTG,TTT
Eptesipox virus,Varidnaviria,CG743,vertebrates,DNA,linear,1.88329743489328,0.316235864297254,0.116702565106716,1.68376413570275,2.18409090909091,0.0511363636363636,0.164772727272727,1.6,3.58570483123759,0.186466165413534,0.13898080741231,1.6,1.23064168462941,0.0661581827225999,1,1.70320013264799,1.9165402124431,0.316190476190476,0.0834597875569044,1.68380952380952,1.89937106918239,0.0830188679245283,0.163522012578616,1.85408805031447,0.786234281932495,0.206485771012574,0.0555923229649239,1.22700198544011,0.643156007172744,0.0394500896592947,0.0310818888224746,0.773460848774656,1.86294927779644,0.240329740012682,0.137050722203561,1.75967025998732,1.86071238702818,0.0489101541733121,0.199893673577884,1.89048378522063,1.80291153415454,0.150055991041433,0.0694288913773796,1.97760358342665,1.88965972910472,0.0370003303600925,0.14800132144037,1.92533861909481,2.52879581151832,0.204094488188976,0.157068062827225,1.79590551181102,1.72781954887218,0.0781954887218045,0.233082706766917,2.17443609022556,0.31413612565445,0.114649681528662,1,1.88535031847134,3.85056784219964,0.0646270195943623,0.662283323371189,1.93537298040564
