virus,realm,host,locus_tag,AAA,AAC,AAG,AAT,ACA,ACC,ACG,ACT,AGA,AGC,AGG,AGT,ATA,ATC,ATG,ATT,CAA,CAC,CAG,CAT,CCA,CCC,CCG,CCT,CGA,CGC,CGG,CGT,CTA,CTC,CTG,CTT,GAA,GAC,GAG,GAT,GCA,GCC,GCG,GCT,GGA,GGC,GGG,GGT,GTA,GTC,GTG,GTT,TAA,TAC,TAG,TAT,TCA,TCC,TCG,TCT,TGA,TGC,TGG,TGT,TTA,TTC,TTG,TTT
Equine rhinitis A virus,Riboviria,vertebrates,ERAVgp,1.06273062730627,0.88,0.937269372693727,1.12,1.4071661237785,0.859934853420195,0.416938110749186,1.31596091205212,1.10714285714286,0.389380530973451,1.14285714285714,0.495575221238938,0.358695652173913,0.293478260869565,1,2.34782608695652,0.826815642458101,0.816326530612245,1.1731843575419,1.18367346938776,1.6,0.914285714285714,0.228571428571429,1.25714285714286,0.428571428571429,1.5,1.32142857142857,0.5,0.311320754716981,0.537735849056604,1.0188679245283,1.61320754716981,0.908212560386473,0.870229007633588,1.09178743961353,1.12977099236641,1.24691358024691,0.54320987654321,0.395061728395062,1.81481481481481,1.21554770318021,1.11660777385159,0.706713780918728,0.96113074204947,0.383561643835616,0.526027397260274,1.6986301369863,1.39178082191781,3,0.993197278911565,0,1.00680272108844,1.66371681415929,1.06194690265487,0.566371681415929,1.82300884955752,0,0.666666666666667,1,1.33333333333333,0.481132075471698,0.476190476190476,2.0377358490566,1.52380952380952
