virus,realm,locus_tag,host,type,shape,AAA,AAC,AAG,AAT,ACA,ACC,ACG,ACT,AGA,AGC,AGG,AGT,ATA,ATC,ATG,ATT,CAA,CAC,CAG,CAT,CCA,CCC,CCG,CCT,CGA,CGC,CGG,CGT,CTA,CTC,CTG,CTT,GAA,GAC,GAG,GAT,GCA,GCC,GCG,GCT,GGA,GGC,GGG,GGT,GTA,GTC,GTG,GTT,TAA,TAC,TAG,TAT,TCA,TCC,TCG,TCT,TGA,TGC,TGG,TGT,TTA,TTC,TTG,TTT
Erinaceus europaeus papillomavirus 1,Monodnaviria,EHPV1,vertebrates,DNA,circular,1.26717557251908,0.390804597701149,0.732824427480916,1.60919540229885,1.28,0.773333333333333,0.24,1.70666666666667,2.93430656934307,1.04046242774566,1.00729927007299,1.59537572254335,1.45544554455446,0.326732673267327,1,1.21782178217822,0.918367346938776,0.651162790697674,1.08163265306122,1.34883720930233,1.12903225806452,0.580645161290323,0.32258064516129,1.96774193548387,0.613138686131387,0.569343065693431,0.437956204379562,0.437956204379562,0.911764705882353,0.617647058823529,1.08823529411765,1.20588235294118,0.985294117647059,0.666666666666667,1.01470588235294,1.33333333333333,1.54285714285714,0.714285714285714,0.2,1.54285714285714,1.35849056603774,0.70440251572327,0.981132075471698,0.955974842767296,1.02013422818792,0.590604026845638,1.18120805369128,1.20805369127517,1.71428571428571,0.815789473684211,0.428571428571429,1.18421052631579,0.728323699421965,0.69364161849711,0.450867052023121,1.49132947976879,0.857142857142857,0.943396226415094,1,1.05660377358491,1.08823529411765,0.514851485148515,1.08823529411765,1.48514851485149
