virus,realm,host,locus_tag,AAA,AAC,AAG,AAT,ACA,ACC,ACG,ACT,AGA,AGC,AGG,AGT,ATA,ATC,ATG,ATT,CAA,CAC,CAG,CAT,CCA,CCC,CCG,CCT,CGA,CGC,CGG,CGT,CTA,CTC,CTG,CTT,GAA,GAC,GAG,GAT,GCA,GCC,GCG,GCT,GGA,GGC,GGG,GGT,GTA,GTC,GTG,GTT,TAA,TAC,TAG,TAT,TCA,TCC,TCG,TCT,TGA,TGC,TGG,TGT,TTA,TTC,TTG,TTT
Erwinia phage Era103,Duplodnaviria,bacteria,Era103g,0.549261083743842,1.31901840490798,1.45073891625616,0.680981595092024,1.01990049751244,1.21393034825871,0.507462686567164,1.25870646766169,0.479360852197071,1.14114832535885,0.415446071904128,0.674641148325359,0.160404624277457,1.5606936416185,1,1.27890173410405,0.664418212478921,1.12056737588652,1.33558178752108,0.879432624113475,1.23475046210721,0.340110905730129,0.924214417744917,1.50092421441774,0.495339547270306,1.54194407456724,0.335552596537949,2.7323568575233,0.634146341463415,0.531165311653117,2.10840108401084,1.11653116531165,0.858457997698504,0.970963995354239,1.1415420023015,1.02903600464576,1.2239263803681,0.739263803680982,0.48159509202454,1.55521472392638,0.405479452054795,1.29315068493151,0.478538812785388,1.82283105022831,1.05699481865285,0.605181347150259,1.1979274611399,1.13989637305699,1.75471698113208,1.08387096774194,0.509433962264151,0.916129032258065,1.28468899521531,0.861244019138756,0.430622009569378,1.60765550239234,0.735849056603774,1.09615384615385,1,0.903846153846154,0.607046070460705,1.22844827586207,1.00271002710027,0.771551724137931
