virus,realm,locus_tag,host,type,shape,AAA,AAC,AAG,AAT,ACA,ACC,ACG,ACT,AGA,AGC,AGG,AGT,ATA,ATC,ATG,ATT,CAA,CAC,CAG,CAT,CCA,CCC,CCG,CCT,CGA,CGC,CGG,CGT,CTA,CTC,CTG,CTT,GAA,GAC,GAG,GAT,GCA,GCC,GCG,GCT,GGA,GGC,GGG,GGT,GTA,GTC,GTG,GTT,TAA,TAC,TAG,TAT,TCA,TCC,TCG,TCT,TGA,TGC,TGG,TGT,TTA,TTC,TTG,TTT
Erwinia phage pEa SNUABM 17,NA,MPK72,NA,NA,NA,0.971987215642038,1.41078405834853,1.02801278435796,0.589215941651472,0.844995233555767,0.761105815061964,1.01353670162059,1.38036224976168,0.328082808280828,1.21749006246451,0.14986498649865,0.908574673480977,0.221875696146135,1.51503675651593,1,1.26308754733794,0.771373056994819,1.17355371900826,1.22862694300518,0.826446280991736,0.760165975103734,0.210235131396957,1.07109266943292,1.95850622406639,0.542754275427543,1.91584158415842,0.139063906390639,2.92439243924392,0.287653429602888,0.972996389891697,2.49184115523466,1.02498194945848,1.20071188451651,1.10790353810949,0.799288115483488,0.892096461890512,1.0440094405109,0.540885742051923,0.974593919200333,1.44051089823685,0.369084597113101,1.3550155307875,0.242645715329801,2.0332541567696,0.751527158659402,0.717847119035826,1.11540366518078,1.41522205712399,1.85454545454545,1.05702647657841,0.236363636363636,0.942973523421589,0.82793867120954,0.513344690516752,0.835888699602499,1.69676320272572,0.909090909090909,0.932238193018481,1,1.06776180698152,0.383826714801444,1.43036780886514,0.83870036101083,0.569632191134863
