virus,realm,locus_tag,host,type,shape,AAA,AAC,AAG,AAT,ACA,ACC,ACG,ACT,AGA,AGC,AGG,AGT,ATA,ATC,ATG,ATT,CAA,CAC,CAG,CAT,CCA,CCC,CCG,CCT,CGA,CGC,CGG,CGT,CTA,CTC,CTG,CTT,GAA,GAC,GAG,GAT,GCA,GCC,GCG,GCT,GGA,GGC,GGG,GGT,GTA,GTC,GTG,GTT,TAA,TAC,TAG,TAT,TCA,TCC,TCG,TCT,TGA,TGC,TGG,TGT,TTA,TTC,TTG,TTT
Erwinia phage pEa SNUABM 3,NA,MPK68,NA,NA,NA,0.985375118708452,1.43136749935617,1.01462488129155,0.568632500643832,0.806525037936267,0.74051593323217,1.08877086494689,1.36418816388467,0.324568965517241,1.28192589806282,0.129310344827586,0.809102877562535,0.195137976346912,1.63863337713535,1,1.16622864651774,0.766266582438408,1.20689655172414,1.23373341756159,0.793103448275862,0.8399781540142,0.232659748771163,1.13162206444566,1.79574003276898,0.468103448275862,1.95,0.13448275862069,2.99353448275862,0.205062205062205,1.08537108537109,2.50536250536251,1.00557700557701,1.1777990430622,1.11095579241656,0.822200956937799,0.889044207583435,1.03611800385994,0.503997794320375,0.987041632202923,1.47284256961676,0.325114155251142,1.48675799086758,0.235981735159817,1.95214611872146,0.727451623483109,0.741882584453919,1.15775664152181,1.37290915054116,1.83185840707965,1.14529914529915,0.256637168141593,0.854700854700855,0.845213466240361,0.463795373330826,0.916306187699831,1.68365619710363,0.911504424778761,1.044921875,1,0.955078125,0.388674388674389,1.4520037278658,0.80995280995281,0.547996272134203
