virus,realm,locus_tag,host,type,shape,AAA,AAC,AAG,AAT,ACA,ACC,ACG,ACT,AGA,AGC,AGG,AGT,ATA,ATC,ATG,ATT,CAA,CAC,CAG,CAT,CCA,CCC,CCG,CCT,CGA,CGC,CGG,CGT,CTA,CTC,CTG,CTT,GAA,GAC,GAG,GAT,GCA,GCC,GCG,GCT,GGA,GGC,GGG,GGT,GTA,GTC,GTG,GTT,TAA,TAC,TAG,TAT,TCA,TCC,TCG,TCT,TGA,TGC,TGG,TGT,TTA,TTC,TTG,TTT
Erwinia phage Wellington,Duplodnaviria,HOT70,bacteria,DNA,linear,1.05914786967419,1.48899624261943,0.940852130325814,0.511003757380569,0.476675493990629,1.95151762069668,1.10246486046038,0.469342024852312,0.155898876404494,1.08071255773037,0.129213483146067,0.897294919727293,0.170244263508512,1.56550703182828,1,1.26424870466321,0.732173319686114,1.34138972809668,1.26782668031389,0.658610271903323,0.837821663674446,0.599640933572711,1.92220227408737,0.64033512866547,0.383426966292135,1.72050561797753,0.740168539325843,2.87078651685393,0.165184972755951,0.919701749354746,2.49067966733582,0.572985374247204,1.09212513484358,1.13584288052373,0.907874865156419,0.864157119476268,0.923316223362887,1.20454191942759,1.23191787214186,0.640223985067662,0.294117647058824,1.31686274509804,0.766274509803922,1.62274509803922,0.44468085106383,0.939007092198582,1.66737588652482,0.948936170212766,1.8815331010453,1.36845730027548,0.439024390243902,0.631542699724518,0.844512865625687,0.956674730591599,1.26808884979107,0.952716076533978,0.679442508710801,0.857142857142857,1,1.14285714285714,0.710639518210496,1.18942731277533,1.14080871809578,0.81057268722467
