virus,realm,host,locus_tag,AAA,AAC,AAG,AAT,ACA,ACC,ACG,ACT,AGA,AGC,AGG,AGT,ATA,ATC,ATG,ATT,CAA,CAC,CAG,CAT,CCA,CCC,CCG,CCT,CGA,CGC,CGG,CGT,CTA,CTC,CTG,CTT,GAA,GAC,GAG,GAT,GCA,GCC,GCG,GCT,GGA,GGC,GGG,GGT,GTA,GTC,GTG,GTT,TAA,TAC,TAG,TAT,TCA,TCC,TCG,TCT,TGA,TGC,TGG,TGT,TTA,TTC,TTG,TTT
Escherichia phage vB EcoM PhAPEC2,NA,NA,LD34,1.53978606835377,0.788173913043478,0.46021393164623,1.21182608695652,1.24160206718346,0.607235142118863,0.418604651162791,1.73255813953488,0.837636761487965,0.492468490624039,0.186433260393873,0.936981248078697,0.376502002670227,0.733778371161549,1,1.88971962616822,1.39161252215003,0.548837209302326,0.60838747784997,1.45116279069767,1.33407202216066,0.110803324099723,0.662603878116343,1.89252077562327,0.798249452954048,0.640700218818381,0.160175054704595,3.37680525164114,0.504958047292143,0.389016018306636,0.601067887109077,1.63386727688787,1.67488729779899,0.700671960904093,0.325112702201008,1.29932803909591,1.36088310217945,0.567223322954996,0.340786866685536,1.73110670818002,0.928638205048302,0.754129012153319,0.301651604861328,2.01558117793705,1.14252873563218,0.449425287356322,0.393103448275862,2.01494252873563,1.99606299212598,0.566515837104072,0.165354330708661,1.43348416289593,1.44789425146019,0.39471257300953,0.381801414079311,2.34614202274823,0.838582677165354,0.585185185185185,1,1.41481481481481,1.86880244088482,0.784347826086957,1.00228832951945,1.21565217391304
