virus,realm,host,locus_tag,AAA,AAC,AAG,AAT,ACA,ACC,ACG,ACT,AGA,AGC,AGG,AGT,ATA,ATC,ATG,ATT,CAA,CAC,CAG,CAT,CCA,CCC,CCG,CCT,CGA,CGC,CGG,CGT,CTA,CTC,CTG,CTT,GAA,GAC,GAG,GAT,GCA,GCC,GCG,GCT,GGA,GGC,GGG,GGT,GTA,GTC,GTG,GTT,TAA,TAC,TAG,TAT,TCA,TCC,TCG,TCT,TGA,TGC,TGG,TGT,TTA,TTC,TTG,TTT
Escherichia phage vB EcoM-UFV13,NA,NA,BIZ64,1.56813213504979,0.517790579464588,0.431867864950206,1.48220942053541,1.19693435521493,0.410529823392203,0.377207597467511,2.01532822392536,1.26702997275204,0.499275152218034,0.182561307901907,1.01594665120325,0.424744897959184,0.485204081632653,1,2.09005102040816,1.31214528944381,0.469606674612634,0.687854710556186,1.53039332538737,1.62364980102331,0.122797043774872,0.561682774303582,1.69187038089824,0.749318801089918,0.760217983651226,0.130790190735695,2.91008174386921,0.546583850931677,0.327639751552795,0.484472049689441,1.54968944099379,1.70319514127278,0.469437652811736,0.296804858727225,1.53056234718826,1.27422196124486,0.346447445684087,0.376981796829125,2.00234879624193,1.33804627249357,0.557840616966581,0.236503856041131,1.86760925449871,1.25687259828555,0.322790422701744,0.352349985220219,2.06798699379249,1.90298507462687,0.443151298119964,0.190298507462687,1.55684870188004,1.63873586546825,0.306175703102348,0.332270223253117,2.207596404755,0.906716417910448,0.681739130434783,1,1.31826086956522,2.18012422360248,0.517757809157039,0.911490683229814,1.48224219084296
