virus,realm,locus_tag,host,type,shape,AAA,AAC,AAG,AAT,ACA,ACC,ACG,ACT,AGA,AGC,AGG,AGT,ATA,ATC,ATG,ATT,CAA,CAC,CAG,CAT,CCA,CCC,CCG,CCT,CGA,CGC,CGG,CGT,CTA,CTC,CTG,CTT,GAA,GAC,GAG,GAT,GCA,GCC,GCG,GCT,GGA,GGC,GGG,GGT,GTA,GTC,GTG,GTT,TAA,TAC,TAG,TAT,TCA,TCC,TCG,TCT,TGA,TGC,TGG,TGT,TTA,TTC,TTG,TTT
Escherichia phage alia,Duplodnaviria,JR320,bacteria,DNA,linear,1.46987951807229,0.805867126833477,0.530120481927711,1.19413287316652,1.74521354933726,0.440353460972018,0.375552282768778,1.43888070692194,1.42059336823735,0.669735327963176,0.380453752181501,1.52819332566168,0.464399574920298,0.73538788522848,1,1.80021253985122,1.45661450924609,0.825665859564165,0.543385490753912,1.17433414043584,1.56521739130435,0.119565217391304,0.383152173913043,1.9320652173913,0.656195462478185,0.677137870855148,0.12216404886562,2.7434554973822,0.820642978003384,0.211505922165821,0.796954314720812,1.44500846023689,1.51876379690949,0.399305555555556,0.481236203090508,1.60069444444444,1.74878556557946,0.351145038167939,0.29146426092991,1.60860513532269,0.826909600560617,0.428871758934828,0.391030133146461,2.35318850735809,1.40823491860836,0.219597829556336,0.561761889562719,1.81040536227258,2.275,0.610220440881764,0.2125,1.38977955911824,1.02646720368239,0.432681242807825,0.161104718066743,2.18181818181818,0.5125,0.576104746317512,1,1.42389525368249,1.74111675126904,0.676156583629893,0.984771573604061,1.32384341637011
