virus,realm,locus_tag,host,type,shape,AAA,AAC,AAG,AAT,ACA,ACC,ACG,ACT,AGA,AGC,AGG,AGT,ATA,ATC,ATG,ATT,CAA,CAC,CAG,CAT,CCA,CCC,CCG,CCT,CGA,CGC,CGG,CGT,CTA,CTC,CTG,CTT,GAA,GAC,GAG,GAT,GCA,GCC,GCG,GCT,GGA,GGC,GGG,GGT,GTA,GTC,GTG,GTT,TAA,TAC,TAG,TAT,TCA,TCC,TCG,TCT,TGA,TGC,TGG,TGT,TTA,TTC,TTG,TTT
Escherichia phage ADB-2,Duplodnaviria,B508,bacteria,DNA,circular,1.03232125367287,1.20597014925373,0.96767874632713,0.794029850746269,0.917385943279901,0.764488286066584,0.942046855733662,1.37607891491985,0.701854493580599,1.22814498933902,0.462196861626248,0.754797441364606,0.337809917355372,1.33264462809917,1,1.32954545454545,0.760147601476015,1.15953307392996,1.23985239852399,0.840466926070039,0.91304347826087,0.234782608695652,1.51304347826087,1.33913043478261,1.42082738944365,1.90014265335235,0.239657631954351,1.2753209700428,0.613562970936491,0.432723358449946,1.31754574811625,1.73735199138859,1.05102040816327,0.768729641693811,0.948979591836735,1.23127035830619,1.24851569126378,0.498727735368957,1.03138252756573,1.22137404580153,0.918547595682041,1.15014720314033,0.529931305201178,1.40137389597645,1.01112234580384,0.501516683518706,0.816986855409505,1.67037411526795,1.76923076923077,1.1377245508982,0.346153846153846,0.862275449101796,1.76545842217484,0.633262260127932,0.594882729211087,1.02345415778252,0.884615384615385,1.36612021857923,1,0.633879781420765,0.968783638320775,1.12937062937063,0.930032292787944,0.870629370629371
