virus,realm,locus_tag,host,type,shape,AAA,AAC,AAG,AAT,ACA,ACC,ACG,ACT,AGA,AGC,AGG,AGT,ATA,ATC,ATG,ATT,CAA,CAC,CAG,CAT,CCA,CCC,CCG,CCT,CGA,CGC,CGG,CGT,CTA,CTC,CTG,CTT,GAA,GAC,GAG,GAT,GCA,GCC,GCG,GCT,GGA,GGC,GGG,GGT,GTA,GTC,GTG,GTT,TAA,TAC,TAG,TAT,TCA,TCC,TCG,TCT,TGA,TGC,TGG,TGT,TTA,TTC,TTG,TTT
Escherichia phage vB EcoM-VpaE1,NA,ACQ43,NA,NA,NA,1.17251184834123,0.908054169636493,0.827488151658768,1.09194583036351,1.55721393034826,0.432835820895522,0.241293532338308,1.76865671641791,2.33152173913043,0.636950146627566,0.668478260869565,1.22111436950147,0.277358490566038,0.945283018867925,1,1.77735849056604,1.01653803748622,0.91214953271028,0.983461962513782,1.08785046728972,2.05263157894737,0.157894736842105,0.284210526315789,1.50526315789474,0.505434782608696,0.418478260869565,0.108695652173913,1.96739130434783,0.655753490611459,0.392874337987482,0.837746750120366,1.66682715454983,1.23172103487064,0.757232704402516,0.768278965129359,1.24276729559748,1.73200442967885,0.30343300110742,0.141749723145072,1.82281284606866,0.591549295774648,0.514084507042254,0.330985915492958,2.56338028169014,1.2529601722282,0.447793326157158,0.529601722282024,1.76964477933262,2,0.858391608391608,0.25,1.14160839160839,1.6574780058651,0.358944281524927,0.158357771260997,1.96715542521994,0.75,0.67966573816156,1,1.32033426183844,1.6177178623014,0.810126582278481,0.829080404429466,1.18987341772152
