virus,realm,locus_tag,host,type,shape,AAA,AAC,AAG,AAT,ACA,ACC,ACG,ACT,AGA,AGC,AGG,AGT,ATA,ATC,ATG,ATT,CAA,CAC,CAG,CAT,CCA,CCC,CCG,CCT,CGA,CGC,CGG,CGT,CTA,CTC,CTG,CTT,GAA,GAC,GAG,GAT,GCA,GCC,GCG,GCT,GGA,GGC,GGG,GGT,GTA,GTC,GTG,GTT,TAA,TAC,TAG,TAT,TCA,TCC,TCG,TCT,TGA,TGC,TGG,TGT,TTA,TTC,TTG,TTT
Escherichia phage slur01,Duplodnaviria,AVU05,bacteria,DNA,linear,1.24444444444444,1.06737967914439,0.755555555555556,0.932620320855615,1.12343470483005,0.73345259391771,0.676207513416816,1.46690518783542,0.57328990228013,1.42744323790721,0.286644951140065,1.02467917077986,0.377777777777778,0.816666666666667,1,1.80555555555556,1.0162703379224,0.783625730994152,0.983729662077597,1.21637426900585,1.10627400768246,0.297055057618438,1.26504481434059,1.33162612035851,0.449511400651466,1.63517915309446,0.364820846905537,2.69055374592834,0.458181818181818,0.318545454545455,1.2,1.63636363636364,1.43833333333333,0.768935762224353,0.561666666666667,1.23106423777565,1.27338129496403,0.354916067146283,0.781774580335731,1.58992805755396,0.631264023934181,0.786836200448766,0.592370979805535,1.98952879581152,1.06016755521706,0.533130236100533,0.706778370144707,1.6999238385377,2.06666666666667,0.706586826347305,0.133333333333333,1.29341317365269,0.764067127344521,1.06614017769003,0.414610069101678,1.3030602171767,0.8,1.0381679389313,1,0.961832061068702,1.40945454545455,0.834094368340944,0.977454545454545,1.16590563165906
