virus,realm,host,locus_tag,AAA,AAC,AAG,AAT,ACA,ACC,ACG,ACT,AGA,AGC,AGG,AGT,ATA,ATC,ATG,ATT,CAA,CAC,CAG,CAT,CCA,CCC,CCG,CCT,CGA,CGC,CGG,CGT,CTA,CTC,CTG,CTT,GAA,GAC,GAG,GAT,GCA,GCC,GCG,GCT,GGA,GGC,GGG,GGT,GTA,GTC,GTG,GTT,TAA,TAC,TAG,TAT,TCA,TCC,TCG,TCT,TGA,TGC,TGG,TGT,TTA,TTC,TTG,TTT
Escherichia phage JSE,Duplodnaviria,bacteria,EpJSE,1.38151009220035,0.902590295512587,0.618489907799651,1.09740970448741,1.15555555555556,0.886235489220564,0.526699834162521,1.43150912106136,0.775862068965517,1.17400419287212,0.218652037617555,1.0377358490566,0.297925311203319,1.11120331950207,1,1.59087136929461,1.12858926342072,0.685185185185185,0.871410736579276,1.31481481481481,1.31290512669417,0.141426045963465,1.32940483205657,1.2162639952858,1.04858934169279,1.30956112852665,0.31269592476489,2.3346394984326,0.731822971548999,0.311380400421496,1.33561643835616,1.19336143308746,1.48307056086844,0.641564506713368,0.516929439131559,1.35843549328663,1.47356387539297,0.410402972277794,0.818519577022006,1.29751357530723,0.820290751623879,0.697803897309001,0.466439839158676,2.01546551190844,1.23689374824783,0.411550322399776,0.622371740958789,1.72918418839361,1.91696750902527,0.558160504959423,0.162454873646209,1.44183949504058,1.10272536687631,0.60167714884696,0.461215932914046,1.62264150943396,0.92057761732852,0.783382789317507,1,1.21661721068249,1.28661749209694,0.736244541484716,1.14120126448894,1.26375545851528
