virus,realm,locus_tag,host,type,shape,AAA,AAC,AAG,AAT,ACA,ACC,ACG,ACT,AGA,AGC,AGG,AGT,ATA,ATC,ATG,ATT,CAA,CAC,CAG,CAT,CCA,CCC,CCG,CCT,CGA,CGC,CGG,CGT,CTA,CTC,CTG,CTT,GAA,GAC,GAG,GAT,GCA,GCC,GCG,GCT,GGA,GGC,GGG,GGT,GTA,GTC,GTG,GTT,TAA,TAC,TAG,TAT,TCA,TCC,TCG,TCT,TGA,TGC,TGG,TGT,TTA,TTC,TTG,TTT
Escherichia phage ECP1,Duplodnaviria,H3H31,bacteria,DNA,linear,1.20610687022901,1.20973782771536,0.793893129770992,0.790262172284644,0.832137733142037,1.40028694404591,1.12482065997131,0.642754662840746,0.689466484268126,1.6044776119403,0.574555403556772,0.626865671641791,0.368098159509202,1.43098159509202,1,1.20092024539877,0.454054054054054,1.17587939698492,1.54594594594595,0.824120603015075,1.12,0.545882352941176,1.39294117647059,0.941176470588235,0.853625170998632,2.09302325581395,0.632010943912449,1.15731874145007,0.274509803921569,0.928104575163399,2.39869281045752,1.45751633986928,1.14681440443213,0.953101361573374,0.853185595567867,1.04689863842663,1.07342657342657,0.979020979020979,0.947552447552448,1,0.840934371523915,1.51279199110122,0.676307007786429,0.969966629588432,0.733601070950469,0.781793842034806,1.1673360107095,1.31726907630522,1.0952380952381,0.976744186046512,0.333333333333333,1.02325581395349,1.14179104477612,0.932835820895522,0.716417910447761,0.977611940298508,1.57142857142857,1.33333333333333,1,0.666666666666667,0.542483660130719,1.10928961748634,0.398692810457516,0.890710382513661
