virus,realm,locus_tag,host,type,shape,AAA,AAC,AAG,AAT,ACA,ACC,ACG,ACT,AGA,AGC,AGG,AGT,ATA,ATC,ATG,ATT,CAA,CAC,CAG,CAT,CCA,CCC,CCG,CCT,CGA,CGC,CGG,CGT,CTA,CTC,CTG,CTT,GAA,GAC,GAG,GAT,GCA,GCC,GCG,GCT,GGA,GGC,GGG,GGT,GTA,GTC,GTG,GTT,TAA,TAC,TAG,TAT,TCA,TCC,TCG,TCT,TGA,TGC,TGG,TGT,TTA,TTC,TTG,TTT
Escherichia phage EcNP1,Duplodnaviria,KMC02,bacteria,DNA,linear,1.57272951021413,0.510816468946267,0.427270489785873,1.48918353105373,1.18528704022001,0.437263664489515,0.385012031625988,1.99243726366449,1.23743016759777,0.496860986547085,0.198324022346369,1.03318385650224,0.436534938497775,0.483643025386025,1,2.0798220361162,1.34941176470588,0.442857142857143,0.650588235294118,1.55714285714286,1.552,0.107428571428571,0.582857142857143,1.75771428571429,0.787709497206704,0.826815642458101,0.14804469273743,2.80167597765363,0.543137775418105,0.334483674011149,0.46349880541545,1.55455269445182,1.71853425385024,0.454658385093168,0.281465746149761,1.54534161490683,1.29533050333535,0.328684050939964,0.373559733171619,2.00242571255306,1.36447368421053,0.556578947368421,0.207894736842105,1.87105263157895,1.27333131984295,0.328601630927212,0.347931138628813,2.05013591060103,1.88076923076923,0.460986547085202,0.173076923076923,1.5390134529148,1.63946188340807,0.326457399103139,0.328251121076233,2.17578475336323,0.946153846153846,0.755963302752294,1,1.24403669724771,2.17732943987258,0.514361467079099,0.9269976108309,1.4856385329209
