virus,realm,host,locus_tag,AAA,AAC,AAG,AAT,ACA,ACC,ACG,ACT,AGA,AGC,AGG,AGT,ATA,ATC,ATG,ATT,CAA,CAC,CAG,CAT,CCA,CCC,CCG,CCT,CGA,CGC,CGG,CGT,CTA,CTC,CTG,CTT,GAA,GAC,GAG,GAT,GCA,GCC,GCG,GCT,GGA,GGC,GGG,GGT,GTA,GTC,GTG,GTT,TAA,TAC,TAG,TAT,TCA,TCC,TCG,TCT,TGA,TGC,TGG,TGT,TTA,TTC,TTG,TTT
Escherichia phage HK446,Duplodnaviria,bacteria,F846,1.25217391304348,1.13438045375218,0.747826086956522,0.865619546247818,0.94356005788712,1.31403762662808,1.05933429811867,0.683068017366136,0.720338983050847,1.49082007343941,0.652542372881356,0.653610771113831,0.439767779390421,1.36284470246734,1,1.19738751814224,0.533333333333333,1.02673796791444,1.46666666666667,0.973262032085562,1.11214953271028,0.579439252336449,1.41121495327103,0.897196261682243,0.855932203389831,1.97457627118644,0.516949152542373,1.27966101694915,0.266522210184182,0.871072589382449,2.35319609967497,1.42361863488624,1.19508867667121,0.957415565345081,0.804911323328786,1.04258443465492,1.04827586206897,0.982758620689655,0.893103448275862,1.07586206896552,0.887387387387387,1.35585585585586,0.743243243243243,1.01351351351351,0.836601307189543,0.684967320261438,1.15555555555556,1.32287581699346,1.2,0.997014925373134,0.35,1.00298507462687,1.27784577723378,0.800489596083231,0.771113831089351,1.00611995104039,1.45,1.32413793103448,1,0.675862068965517,0.643553629469122,1.04812834224599,0.442036836403034,0.951871657754011
