virus,realm,locus_tag,host,type,shape,AAA,AAC,AAG,AAT,ACA,ACC,ACG,ACT,AGA,AGC,AGG,AGT,ATA,ATC,ATG,ATT,CAA,CAC,CAG,CAT,CCA,CCC,CCG,CCT,CGA,CGC,CGG,CGT,CTA,CTC,CTG,CTT,GAA,GAC,GAG,GAT,GCA,GCC,GCG,GCT,GGA,GGC,GGG,GGT,GTA,GTC,GTG,GTT,TAA,TAC,TAG,TAT,TCA,TCC,TCG,TCT,TGA,TGC,TGG,TGT,TTA,TTC,TTG,TTT
Escherichia phage phiC120,Duplodnaviria,KNT62,bacteria,DNA,circular,1.56301726176401,0.774834437086093,0.43698273823599,1.22516556291391,1.25927993301702,0.57716996929947,0.389617638850126,1.77393245883338,0.902203324313877,0.492118621426663,0.21105527638191,0.937750467539407,0.412837517764093,0.696352439602084,1,1.89081004263382,1.41407867494824,0.541882109617373,0.58592132505176,1.45811789038263,1.37482319660537,0.0848656294200849,0.654408297972654,1.88590287600189,0.811751063007344,0.67955160417472,0.15771163509857,3.23772709702358,0.492773571920165,0.355127322780454,0.553337921541638,1.61459050240881,1.6890054853327,0.710441334768568,0.310994514667303,1.28955866523143,1.39862280030604,0.52843662331038,0.342769701606733,1.73017087477684,0.923907177549919,0.735024284943335,0.31948192120885,2.0215866162979,1.13467336683417,0.452261306532663,0.391959798994975,2.02110552763819,1.9644128113879,0.5546875,0.192170818505338,1.4453125,1.43628105797489,0.3895271172856,0.411969008816457,2.33235372695699,0.843416370106762,0.552412645590682,1,1.44758735440932,1.96971782518926,0.763636363636364,1.01445285615967,1.23636363636364
