virus,realm,locus_tag,host,type,shape,AAA,AAC,AAG,AAT,ACA,ACC,ACG,ACT,AGA,AGC,AGG,AGT,ATA,ATC,ATG,ATT,CAA,CAC,CAG,CAT,CCA,CCC,CCG,CCT,CGA,CGC,CGG,CGT,CTA,CTC,CTG,CTT,GAA,GAC,GAG,GAT,GCA,GCC,GCG,GCT,GGA,GGC,GGG,GGT,GTA,GTC,GTG,GTT,TAA,TAC,TAG,TAT,TCA,TCC,TCG,TCT,TGA,TGC,TGG,TGT,TTA,TTC,TTG,TTT
Escherichia phage PA2,Duplodnaviria,AS349,bacteria,DNA,linear,1.30837789661319,0.989195678271308,0.691622103386809,1.01080432172869,1.06666666666667,1.14844444444444,1.056,0.728888888888889,0.66824644549763,1.19896640826873,0.436018957345972,1.15762273901809,0.460815047021944,1.17241379310345,1,1.36677115987461,0.407582938388626,0.818991097922849,1.59241706161137,1.18100890207715,0.809356725146199,0.575438596491228,1.77777777777778,0.837426900584795,0.578199052132701,1.4739336492891,0.800947867298578,2.04265402843602,0.214864864864865,0.697297297297297,2.73243243243243,1.13918918918919,1.18931297709924,0.787934186471664,0.810687022900763,1.21206581352834,1.15842134519177,0.900500277932185,1.04724847137299,0.893829905503057,0.849929873772791,1.054698457223,0.838709677419355,1.25666199158485,0.646178092986604,0.668242710795902,1.36800630417652,1.31757289204098,1.07142857142857,0.907180385288967,0.25,1.09281961471103,1.27131782945736,0.806201550387597,0.713178294573643,0.852713178294574,1.67857142857143,1.00840336134454,1,0.991596638655462,0.628378378378378,0.87072808320951,0.587837837837838,1.12927191679049
