virus,realm,locus_tag,host,type,shape,AAA,AAC,AAG,AAT,ACA,ACC,ACG,ACT,AGA,AGC,AGG,AGT,ATA,ATC,ATG,ATT,CAA,CAC,CAG,CAT,CCA,CCC,CCG,CCT,CGA,CGC,CGG,CGT,CTA,CTC,CTG,CTT,GAA,GAC,GAG,GAT,GCA,GCC,GCG,GCT,GGA,GGC,GGG,GGT,GTA,GTC,GTG,GTT,TAA,TAC,TAG,TAT,TCA,TCC,TCG,TCT,TGA,TGC,TGG,TGT,TTA,TTC,TTG,TTT
Escherichia phage T4,NA,T4p,NA,NA,NA,1.57290729072907,0.516458932566315,0.427092709270927,1.48354106743368,1.19689119170984,0.44559585492228,0.382124352331606,1.97538860103627,1.37994945240101,0.50369155045119,0.250210614995788,0.946677604593929,0.488558909444985,0.451314508276534,1,2.06012658227848,1.32890365448505,0.449691991786448,0.67109634551495,1.55030800821355,1.63317384370016,0.129718234981393,0.565656565656566,1.67145135566188,0.770850884582982,0.793597304128054,0.156697556866049,2.64869418702612,0.570511237342554,0.333415658187207,0.457890837243764,1.49518399604841,1.69547325102881,0.475995316159251,0.304526748971193,1.52400468384075,1.25414847161572,0.340029112081514,0.415720524017467,1.9901018922853,1.32514583972981,0.542830825913417,0.262818544673012,1.86920478968376,1.26787252368648,0.343382141831754,0.391616422624175,1.99712891185759,1.84532374100719,0.448073701842546,0.205035971223022,1.55192629815745,1.66037735849057,0.324856439704676,0.344544708777687,2.21985233798195,0.949640287769784,0.673234811165846,1,1.32676518883415,2.27463571252161,0.500204666393778,0.868362558656458,1.49979533360622
