virus,realm,host,locus_tag,AAA,AAC,AAG,AAT,ACA,ACC,ACG,ACT,AGA,AGC,AGG,AGT,ATA,ATC,ATG,ATT,CAA,CAC,CAG,CAT,CCA,CCC,CCG,CCT,CGA,CGC,CGG,CGT,CTA,CTC,CTG,CTT,GAA,GAC,GAG,GAT,GCA,GCC,GCG,GCT,GGA,GGC,GGG,GGT,GTA,GTC,GTG,GTT,TAA,TAC,TAG,TAT,TCA,TCC,TCG,TCT,TGA,TGC,TGG,TGT,TTA,TTC,TTG,TTT
Escherichia phage JS98,Duplodnaviria,bacteria,EpJS98,1.43322138982175,0.877280858676208,0.566778610178248,1.12271914132379,0.896167703897805,1.04683917458238,0.404847690795938,1.65214543072388,0.653623832814584,0.525918944392083,0.197421076033793,0.980207351555137,0.316936836221353,0.872833985466741,1,1.81022917831191,1.26718403547672,0.638636363636364,0.732815964523282,1.36136363636364,1.11583421891605,0.112646121147715,0.607863974495218,2.16365568544102,0.618941751889729,0.7309915518008,0.168074699866607,3.63094708759449,0.394380331159057,0.468138484696438,0.936276969392875,1.470647265429,1.62454116413214,0.735389133627019,0.375458835867855,1.26461086637298,1.04613733905579,0.8068669527897,0.302575107296137,1.84442060085837,0.663819402074436,0.85784014643075,0.294081757169005,2.18425869432581,1.13388524122181,0.484156437339423,0.484156437339423,1.89780188409934,1.82706766917293,0.564422648238966,0.214285714285714,1.43557735176103,1.17059377945335,0.654099905749293,0.459943449575872,2.20923656927427,0.958646616541353,0.63254113345521,1,1.36745886654479,1.57601605619669,0.838454784899034,1.15454089312594,1.16154521510097
