virus,realm,host,locus_tag,AAA,AAC,AAG,AAT,ACA,ACC,ACG,ACT,AGA,AGC,AGG,AGT,ATA,ATC,ATG,ATT,CAA,CAC,CAG,CAT,CCA,CCC,CCG,CCT,CGA,CGC,CGG,CGT,CTA,CTC,CTG,CTT,GAA,GAC,GAG,GAT,GCA,GCC,GCG,GCT,GGA,GGC,GGG,GGT,GTA,GTC,GTG,GTT,TAA,TAC,TAG,TAT,TCA,TCC,TCG,TCT,TGA,TGC,TGG,TGT,TTA,TTC,TTG,TTT
Escherichia virus FI,Riboviria,bacteria,AVT74,0.63013698630137,0.870967741935484,1.36986301369863,1.12903225806452,0.504854368932039,1.04854368932039,1.28155339805825,1.16504854368932,0.573913043478261,0.944444444444444,0.730434782608696,0.833333333333333,0.703125,1.5,1,0.796875,0.604651162790698,1.1,1.3953488372093,0.9,0.519480519480519,0.571428571428571,1.71428571428571,1.19480519480519,0.730434782608696,1.56521739130435,0.521739130434783,1.87826086956522,0.779220779220779,1.55844155844156,0.857142857142857,1.32467532467532,1.02941176470588,0.791666666666667,0.970588235294118,1.20833333333333,0.745762711864407,0.847457627118644,1.35593220338983,1.05084745762712,0.731182795698925,1.41935483870968,0.559139784946237,1.29032258064516,0.672566371681416,1.02654867256637,1.06194690265487,1.23893805309735,1.2,0.867924528301887,0,1.13207547169811,0.555555555555556,0.888888888888889,1.5,1.27777777777778,1.8,1,1,1,0.662337662337662,1.15942028985507,0.818181818181818,0.840579710144927
