virus,realm,host,locus_tag,AAA,AAC,AAG,AAT,ACA,ACC,ACG,ACT,AGA,AGC,AGG,AGT,ATA,ATC,ATG,ATT,CAA,CAC,CAG,CAT,CCA,CCC,CCG,CCT,CGA,CGC,CGG,CGT,CTA,CTC,CTG,CTT,GAA,GAC,GAG,GAT,GCA,GCC,GCG,GCT,GGA,GGC,GGG,GGT,GTA,GTC,GTG,GTT,TAA,TAC,TAG,TAT,TCA,TCC,TCG,TCT,TGA,TGC,TGG,TGT,TTA,TTC,TTG,TTT
Escherichia phage LM33 P1,NA,NA,BOX15,0.540612516644474,1.55513307984791,1.45938748335553,0.444866920152091,0.734214390602056,1.28046989720999,0.675477239353891,1.30983847283407,0.501639344262295,0.90625,0.314754098360656,0.8046875,0.304568527918782,1.48730964467005,1,1.20812182741117,0.627450980392157,1.28502415458937,1.37254901960784,0.714975845410628,1.00227790432802,0.154897494305239,1.23006833712984,1.6127562642369,0.845901639344262,1.24918032786885,0.521311475409836,2.5672131147541,0.523706896551724,0.672413793103448,2.20474137931034,1.33836206896552,0.8,1.33420365535248,1.2,0.66579634464752,0.75049115913556,0.652259332023576,0.601178781925344,1.99607072691552,0.552016985138004,0.908704883227176,0.653927813163482,1.88535031847134,0.877358490566038,1.14150943396226,1.05188679245283,0.929245283018868,1.95918367346939,1.14427860696517,0.244897959183673,0.855721393034826,1.296875,0.96875,0.546875,1.4765625,0.795918367346939,1.05660377358491,1,0.943396226415094,0.678879310344828,1.55299539170507,0.581896551724138,0.447004608294931
