virus,realm,locus_tag,host,type,shape,AAA,AAC,AAG,AAT,ACA,ACC,ACG,ACT,AGA,AGC,AGG,AGT,ATA,ATC,ATG,ATT,CAA,CAC,CAG,CAT,CCA,CCC,CCG,CCT,CGA,CGC,CGG,CGT,CTA,CTC,CTG,CTT,GAA,GAC,GAG,GAT,GCA,GCC,GCG,GCT,GGA,GGC,GGG,GGT,GTA,GTC,GTG,GTT,TAA,TAC,TAG,TAT,TCA,TCC,TCG,TCT,TGA,TGC,TGG,TGT,TTA,TTC,TTG,TTT
Escherichia virus RB16,Duplodnaviria,RB16p,bacteria,DNA,linear,1.47683397683398,1.3160453808752,0.523166023166023,0.683954619124797,0.964126890008894,1.07204269196561,0.823006225911651,1.14082419211385,0.49521002210759,1.04577144589269,0.210022107590273,0.965747196120036,0.26619488296135,1.51224823081111,1,1.22155688622754,0.925611052072264,0.88394584139265,1.07438894792774,1.11605415860735,0.991588322612568,0.267194458189015,1.41712023750619,1.32409698169223,0.703021370670597,1.620486366986,0.320560058953574,2.65070007369197,0.312662107993398,0.448479132280123,2.29757132751709,0.979014383400141,1.6695334897055,0.636708175419599,0.330466510294501,1.3632918245804,1.31919296430419,0.434557682359027,1.03569580962235,1.21055354371443,0.658584719481252,0.727375246687341,0.602199041443473,2.01184099238793,0.986301369863014,0.451307596513076,0.782067247820672,1.78032378580324,1.61111111111111,0.854700854700855,0.144444444444444,1.14529914529915,1.16762655350106,0.72749317975144,0.632919066383753,1.46044255835102,1.24444444444444,0.808510638297872,1,1.19148936170213,0.918179674605046,1.16724436741768,1.0440933742042,0.832755632582322
