virus,realm,locus_tag,host,type,shape,AAA,AAC,AAG,AAT,ACA,ACC,ACG,ACT,AGA,AGC,AGG,AGT,ATA,ATC,ATG,ATT,CAA,CAC,CAG,CAT,CCA,CCC,CCG,CCT,CGA,CGC,CGG,CGT,CTA,CTC,CTG,CTT,GAA,GAC,GAG,GAT,GCA,GCC,GCG,GCT,GGA,GGC,GGG,GGT,GTA,GTC,GTG,GTT,TAA,TAC,TAG,TAT,TCA,TCC,TCG,TCT,TGA,TGC,TGG,TGT,TTA,TTC,TTG,TTT
Escherichia phage vB EcoP C,NA,HOR58,NA,NA,NA,0.840860215053763,1.02166064981949,1.15913978494624,0.978339350180505,1.10785619174434,0.809587217043941,0.394141145139814,1.6884154460719,0.512890094979647,0.897196261682243,0.455902306648575,1.00133511348465,0.45,1.06216216216216,1,1.48783783783784,1.04545454545455,0.903846153846154,0.954545454545455,1.09615384615385,1.10344827586207,0.251521298174442,0.57606490872211,2.06896551724138,0.691994572591587,1.40027137042062,0.162822252374491,2.77611940298507,0.889101338432122,0.527724665391969,1.19885277246654,1.35946462715105,1.08757637474542,0.708235294117647,0.912423625254583,1.29176470588235,1.53114754098361,0.491803278688525,0.363934426229508,1.61311475409836,0.519024390243902,0.866341463414634,0.394146341463415,2.22048780487805,1.47045951859956,0.424507658643326,0.897155361050328,1.20787746170678,2.13559322033898,0.804878048780488,0.254237288135593,1.19512195121951,0.945260347129506,0.616822429906542,0.296395193591455,2.24299065420561,0.610169491525424,0.934306569343066,1,1.06569343065693,1.15869980879541,1.10220440881764,0.866156787762906,0.897795591182365
