virus,realm,locus_tag,host,type,shape,AAA,AAC,AAG,AAT,ACA,ACC,ACG,ACT,AGA,AGC,AGG,AGT,ATA,ATC,ATG,ATT,CAA,CAC,CAG,CAT,CCA,CCC,CCG,CCT,CGA,CGC,CGG,CGT,CTA,CTC,CTG,CTT,GAA,GAC,GAG,GAT,GCA,GCC,GCG,GCT,GGA,GGC,GGG,GGT,GTA,GTC,GTG,GTT,TAA,TAC,TAG,TAT,TCA,TCC,TCG,TCT,TGA,TGC,TGG,TGT,TTA,TTC,TTG,TTT
Escherichia phage saus132,Duplodnaviria,HOS37,bacteria,DNA,linear,1.27272727272727,0.8808618504436,0.727272727272727,1.1191381495564,0.890848952590959,0.56670341786108,0.405733186328556,2.1367144432194,1.07509293680297,0.676056338028169,0.339033457249071,1.16431924882629,0.379671150971599,0.923766816143498,1,1.6965620328849,1.01418439716312,0.692579505300353,0.985815602836879,1.30742049469965,1.49416342412451,0.284046692607004,0.680933852140078,1.5408560311284,0.504089219330855,0.780669144981413,0.0892193308550186,3.21189591078067,1.13019390581717,0.415512465373961,1.25603482390186,1.16580925999209,1.40778032036613,0.501788451711804,0.592219679633867,1.4982115482882,1.30206227254347,0.415689446016983,0.396279822078447,1.8859684593611,0.879591836734694,0.648979591836735,0.308163265306122,2.16326530612245,1.38210578348987,0.296589223924864,0.438952051408799,1.88235294117647,2.26829268292683,0.72927241962775,0.164634146341463,1.27072758037225,0.763693270735524,0.766823161189358,0.231611893583725,2.39749608763693,0.567073170731707,0.628930817610063,1,1.37106918238994,1.40324495449149,0.953962264150943,0.629204590423427,1.04603773584906
