virus,realm,locus_tag,host,type,shape,AAA,AAC,AAG,AAT,ACA,ACC,ACG,ACT,AGA,AGC,AGG,AGT,ATA,ATC,ATG,ATT,CAA,CAC,CAG,CAT,CCA,CCC,CCG,CCT,CGA,CGC,CGG,CGT,CTA,CTC,CTG,CTT,GAA,GAC,GAG,GAT,GCA,GCC,GCG,GCT,GGA,GGC,GGG,GGT,GTA,GTC,GTG,GTT,TAA,TAC,TAG,TAT,TCA,TCC,TCG,TCT,TGA,TGC,TGG,TGT,TTA,TTC,TTG,TTT
Escherichia phage vB EcoM Lutter,NA,KMC16,NA,NA,NA,1.57086339306493,0.508704061895551,0.429136606935071,1.49129593810445,1.24228496388706,0.424162836506894,0.344057780695995,1.98949441891005,1.26525198938992,0.479661016949153,0.236074270557029,1,0.463022508038585,0.460054415038338,1,2.07692307692308,1.31629755820556,0.474885844748858,0.683702441794435,1.52511415525114,1.57555555555556,0.137777777777778,0.626666666666667,1.66,0.729442970822281,0.888594164456233,0.156498673740053,2.72413793103448,0.537358490566038,0.330566037735849,0.487547169811321,1.48528301886792,1.70433878929592,0.44705174488568,0.295661210704079,1.55294825511432,1.27437774524158,0.336163982430454,0.366617862371889,2.02284040995608,1.31362063541994,0.529726329034288,0.262975778546713,1.89367725699906,1.26952436876101,0.338226658837346,0.358191426893717,2.03405754550793,1.8494623655914,0.453057708871662,0.193548387096774,1.54694229112834,1.68305084745763,0.311864406779661,0.323728813559322,2.20169491525424,0.956989247311828,0.719063545150502,1,1.2809364548495,2.25207547169811,0.496852706672262,0.907169811320755,1.50314729332774
