virus,realm,locus_tag,host,type,shape,AAA,AAC,AAG,AAT,ACA,ACC,ACG,ACT,AGA,AGC,AGG,AGT,ATA,ATC,ATG,ATT,CAA,CAC,CAG,CAT,CCA,CCC,CCG,CCT,CGA,CGC,CGG,CGT,CTA,CTC,CTG,CTT,GAA,GAC,GAG,GAT,GCA,GCC,GCG,GCT,GGA,GGC,GGG,GGT,GTA,GTC,GTG,GTT,TAA,TAC,TAG,TAT,TCA,TCC,TCG,TCT,TGA,TGC,TGG,TGT,TTA,TTC,TTG,TTT
Escherichia phage grams,Duplodnaviria,H1N91,bacteria,DNA,linear,1.08041627246925,1.04860088365243,0.919583727530747,0.95139911634757,1.33333333333333,0.545454545454545,0.843434343434343,1.27777777777778,0.83758389261745,1.64483906770255,0.684563758389262,0.672586015538291,0.446742502585315,1.07032057911065,1,1.48293691830403,0.860176991150442,0.910505836575875,1.13982300884956,1.08949416342412,1.53658536585366,0.121951219512195,1.17886178861789,1.16260162601626,1.12751677852349,2.02953020134228,0.257718120805369,1.06308724832215,0.530526315789474,0.24,1.18105263157895,2.00842105263158,1.19028340080972,0.655555555555556,0.809716599190283,1.34444444444444,1.45210084033613,0.389915966386555,0.974789915966387,1.18319327731092,1.12132352941176,1.28308823529412,0.334558823529412,1.26102941176471,0.914851485148515,0.257425742574257,0.78019801980198,2.04752475247525,1.81578947368421,0.907407407407407,0.197368421052632,1.09259259259259,1.51831298557159,0.459489456159822,0.619311875693674,1.08546059933407,0.986842105263158,1.35643564356436,1,0.643564356435644,0.890526315789474,0.744268077601411,1.14947368421053,1.25573192239859
