virus,realm,locus_tag,host,type,shape,AAA,AAC,AAG,AAT,ACA,ACC,ACG,ACT,AGA,AGC,AGG,AGT,ATA,ATC,ATG,ATT,CAA,CAC,CAG,CAT,CCA,CCC,CCG,CCT,CGA,CGC,CGG,CGT,CTA,CTC,CTG,CTT,GAA,GAC,GAG,GAT,GCA,GCC,GCG,GCT,GGA,GGC,GGG,GGT,GTA,GTC,GTG,GTT,TAA,TAC,TAG,TAT,TCA,TCC,TCG,TCT,TGA,TGC,TGG,TGT,TTA,TTC,TTG,TTT
Escherichia phage 172-1,Duplodnaviria,AVV18,bacteria,DNA,linear,1.07177033492823,1.05126243305279,0.92822966507177,0.948737566947207,1.15378729915838,0.661055853098699,0.33052792654935,1.85462892119357,1.20201173512154,0.802325581395349,0.402347024308466,1.0968992248062,0.343963553530752,1.07061503416856,1,1.58542141230068,1.004158004158,0.886255924170616,0.995841995841996,1.11374407582938,1.07270560190703,0.171632896305125,0.533969010727056,2.22169249106079,0.749371332774518,0.633696563285834,0.165968147527242,2.8466051969824,0.597173144876325,0.57243816254417,1.09187279151943,1.41696113074205,1.20676691729323,0.597014925373134,0.793233082706767,1.40298507462687,1.16517857142857,0.352678571428571,0.254464285714286,2.22767857142857,0.765799256505576,0.51548946716233,0.473358116480793,2.2453531598513,1.07262569832402,0.409683426443203,0.5983860955928,1.91930477963998,1.82307692307692,0.7225,0.346153846153846,1.2775,1.01162790697674,0.534883720930233,0.186046511627907,2.36821705426357,0.830769230769231,0.492857142857143,1,1.50714285714286,1.34628975265018,1.01925254813137,0.975265017667845,0.98074745186863
