virus,realm,locus_tag,host,type,shape,AAA,AAC,AAG,AAT,ACA,ACC,ACG,ACT,AGA,AGC,AGG,AGT,ATA,ATC,ATG,ATT,CAA,CAC,CAG,CAT,CCA,CCC,CCG,CCT,CGA,CGC,CGG,CGT,CTA,CTC,CTG,CTT,GAA,GAC,GAG,GAT,GCA,GCC,GCG,GCT,GGA,GGC,GGG,GGT,GTA,GTC,GTG,GTT,TAA,TAC,TAG,TAT,TCA,TCC,TCG,TCT,TGA,TGC,TGG,TGT,TTA,TTC,TTG,TTT
Escherichia phage NJ01,Duplodnaviria,NJ01,bacteria,DNA,linear,1.11209179170344,1.05882352941176,0.887908208296558,0.941176470588235,1.14018691588785,0.68785046728972,0.328971962616822,1.84299065420561,1.11254019292605,0.756712774613507,0.411575562700965,1.19609438567941,0.321428571428571,1.08590733590734,1,1.59266409266409,1.03504043126685,0.851063829787234,0.964959568733154,1.14893617021277,1.04615384615385,0.196923076923077,0.492307692307692,2.26461538461538,0.765273311897106,0.62379421221865,0.167202572347267,2.91961414790997,0.626524390243902,0.544207317073171,1.10670731707317,1.39939024390244,1.27009646302251,0.587601078167116,0.729903536977492,1.41239892183288,1.17763623496108,0.353857041755131,0.260438782731776,2.20806794055202,0.772914946325351,0.488852188274154,0.432700247729149,2.30553261767135,1.11547525530244,0.421052631578947,0.581304006284368,1.88216810683425,1.67889908256881,0.777089783281734,0.330275229357798,1.22291021671827,0.991049633848657,0.497965825874695,0.195280716029292,2.36289666395443,0.990825688073395,0.516746411483254,1,1.48325358851675,1.3125,1.02571860816944,1.01067073170732,0.97428139183056
