virus,realm,locus_tag,host,type,shape,AAA,AAC,AAG,AAT,ACA,ACC,ACG,ACT,AGA,AGC,AGG,AGT,ATA,ATC,ATG,ATT,CAA,CAC,CAG,CAT,CCA,CCC,CCG,CCT,CGA,CGC,CGG,CGT,CTA,CTC,CTG,CTT,GAA,GAC,GAG,GAT,GCA,GCC,GCG,GCT,GGA,GGC,GGG,GGT,GTA,GTC,GTG,GTT,TAA,TAC,TAG,TAT,TCA,TCC,TCG,TCT,TGA,TGC,TGG,TGT,TTA,TTC,TTG,TTT
Escherichia phage Minorna,Duplodnaviria,HOV29,bacteria,DNA,linear,0.719402985074627,1.21212121212121,1.28059701492537,0.787878787878788,0.787878787878788,1.20707070707071,0.661616161616162,1.34343434343434,0.472868217054264,1.41176470588235,0.465116279069767,1.22117647058824,0.387247278382582,1.22706065318818,1,1.38569206842924,0.60062893081761,1.25283018867925,1.39937106918239,0.747169811320755,0.99236641221374,0.450381679389313,1.22900763358779,1.32824427480916,0.75968992248062,1.72093023255814,0.705426356589147,1.87596899224806,0.763458401305057,0.807504078303426,2.27569331158238,0.704730831973899,0.7109375,0.94541231126597,1.2890625,1.05458768873403,1.12226148409894,0.825441696113074,0.777385159010601,1.27491166077739,0.565853658536585,0.831219512195122,0.995121951219512,1.60780487804878,1.49372384937239,0.368200836820084,1.28870292887029,0.849372384937239,1.68421052631579,1.2090395480226,0.263157894736842,0.790960451977401,0.607058823529412,0.952941176470588,0.402352941176471,1.40470588235294,1.05263157894737,1.1046511627907,1,0.895348837209302,0.66068515497553,1.32038834951456,0.787928221859706,0.679611650485437
