virus,realm,locus_tag,host,type,shape,AAA,AAC,AAG,AAT,ACA,ACC,ACG,ACT,AGA,AGC,AGG,AGT,ATA,ATC,ATG,ATT,CAA,CAC,CAG,CAT,CCA,CCC,CCG,CCT,CGA,CGC,CGG,CGT,CTA,CTC,CTG,CTT,GAA,GAC,GAG,GAT,GCA,GCC,GCG,GCT,GGA,GGC,GGG,GGT,GTA,GTC,GTG,GTT,TAA,TAC,TAG,TAT,TCA,TCC,TCG,TCT,TGA,TGC,TGG,TGT,TTA,TTC,TTG,TTT
Escherichia phage vB EcoM 4HA13,NA,HYP96,NA,NA,NA,1.16919959473151,0.953395472703063,0.83080040526849,1.04660452729694,1.10267857142857,0.642857142857143,0.410714285714286,1.84375,0.757446808510638,0.636806231742941,0.314893617021277,0.940603700097371,0.376195536663124,0.81615302869288,1,1.807651434644,1.19874804381847,0.853025936599424,0.801251956181534,1.14697406340058,1.82504288164666,0.205831903945111,0.898799313893654,1.07032590051458,0.748936170212766,0.859574468085106,0.161702127659574,3.15744680851064,0.426369863013699,0.513698630136986,1.17123287671233,1.38698630136986,1.45304437564499,0.806451612903226,0.546955624355005,1.19354838709677,1.65594855305466,0.495176848874598,0.385852090032154,1.46302250803859,0.80704845814978,0.919823788546255,0.246696035242291,2.02643171806167,0.97037037037037,0.488888888888889,0.585185185185185,1.95555555555556,2.11111111111111,0.887640449438202,0.296296296296296,1.1123595505618,1.25024342745862,0.806231742940604,0.44985394352483,1.91626095423564,0.592592592592593,0.794520547945205,1,1.20547945205479,1.05821917808219,1.14569536423841,1.44349315068493,0.854304635761589
