virus,realm,locus_tag,host,type,shape,AAA,AAC,AAG,AAT,ACA,ACC,ACG,ACT,AGA,AGC,AGG,AGT,ATA,ATC,ATG,ATT,CAA,CAC,CAG,CAT,CCA,CCC,CCG,CCT,CGA,CGC,CGG,CGT,CTA,CTC,CTG,CTT,GAA,GAC,GAG,GAT,GCA,GCC,GCG,GCT,GGA,GGC,GGG,GGT,GTA,GTC,GTG,GTT,TAA,TAC,TAG,TAT,TCA,TCC,TCG,TCT,TGA,TGC,TGG,TGT,TTA,TTC,TTG,TTT
Escherichia phage K1F,Duplodnaviria,CKV1F,bacteria,DNA,linear,0.527472527472527,1.50393700787402,1.47252747252747,0.496062992125984,0.745562130177515,1.19526627218935,0.627218934911243,1.43195266272189,0.504672897196262,0.87378640776699,0.308411214953271,0.823855755894591,0.280276816608997,1.48961937716263,1,1.23010380622837,0.605922551252847,1.22,1.39407744874715,0.78,1.08061002178649,0.156862745098039,1.12418300653595,1.63834422657952,0.906542056074766,1.1214953271028,0.392523364485981,2.76635514018692,0.569832402234637,0.603351955307263,2.25251396648045,1.35418994413408,0.82089552238806,1.24503311258278,1.17910447761194,0.754966887417219,0.778550148957299,0.643495531281033,0.587884806355511,1.99006951340616,0.563256325632563,0.814081408140814,0.638063806380638,1.98459845984598,0.826245443499392,1.13730255164034,1.00607533414338,1.03037667071689,2.02325581395349,1.12289156626506,0.27906976744186,0.87710843373494,1.21497919556172,0.940360610263523,0.515950069348128,1.63106796116505,0.697674418604651,0.961538461538462,1,1.03846153846154,0.697206703910615,1.53444180522565,0.522905027932961,0.465558194774347
