virus,realm,locus_tag,host,type,shape,AAA,AAC,AAG,AAT,ACA,ACC,ACG,ACT,AGA,AGC,AGG,AGT,ATA,ATC,ATG,ATT,CAA,CAC,CAG,CAT,CCA,CCC,CCG,CCT,CGA,CGC,CGG,CGT,CTA,CTC,CTG,CTT,GAA,GAC,GAG,GAT,GCA,GCC,GCG,GCT,GGA,GGC,GGG,GGT,GTA,GTC,GTG,GTT,TAA,TAC,TAG,TAT,TCA,TCC,TCG,TCT,TGA,TGC,TGG,TGT,TTA,TTC,TTG,TTT
Escherichia phage vB EcoM-Ro157c2YLVW,NA,H7U14,NA,NA,NA,1.29611307420495,0.956132497761862,0.703886925795053,1.04386750223814,0.96,1.20982456140351,0.934736842105263,0.895438596491228,0.51652574942352,1.31358660656793,0.442736356648732,0.865421764327109,0.505689900426743,1.17994310099573,1,1.31436699857752,0.695095948827292,0.868932038834951,1.30490405117271,1.13106796116505,1.12169312169312,0.495238095238095,1.4010582010582,0.982010582010582,0.760953112990008,1.95080707148347,0.779400461183705,1.54957724827056,0.393777345649003,0.615459406903257,1.91054934370442,1.25717063684978,1.25757575757576,0.679584775086505,0.742424242424242,1.32041522491349,1.12042818911686,0.940231935771632,0.950936663693131,0.988403211418377,0.602706027060271,1.24231242312423,0.742927429274293,1.41205412054121,0.803180914512923,0.742213386348575,0.927766732935719,1.52683896620278,1.5,0.82336578581363,0.174418604651163,1.17663421418637,1.16291049581455,0.857694784288474,0.691564713457824,1.10882163554411,1.32558139534884,1.16101694915254,1,0.838983050847458,0.869227029654837,0.9337822671156,0.953816237238697,1.0662177328844
