virus,realm,host,locus_tag,AAA,AAC,AAG,AAT,ACA,ACC,ACG,ACT,AGA,AGC,AGG,AGT,ATA,ATC,ATG,ATT,CAA,CAC,CAG,CAT,CCA,CCC,CCG,CCT,CGA,CGC,CGG,CGT,CTA,CTC,CTG,CTT,GAA,GAC,GAG,GAT,GCA,GCC,GCG,GCT,GGA,GGC,GGG,GGT,GTA,GTC,GTG,GTT,TAA,TAC,TAG,TAT,TCA,TCC,TCG,TCT,TGA,TGC,TGG,TGT,TTA,TTC,TTG,TTT
Escherichia phage SRT8,Duplodnaviria,bacteria,FDI72,1.08782435129741,1.33518776077886,0.912175648702595,0.664812239221141,0.688279301745636,0.932668329177057,1.34164588528678,1.03740648379052,0.480314960629921,1.48760330578512,0.354330708661417,0.474616292798111,0.251612903225806,1.48709677419355,1,1.26129032258065,0.96113074204947,1.31313131313131,1.03886925795053,0.686868686868687,0.560975609756098,0.284552845528455,2.40650406504065,0.747967479674797,1.04724409448819,2.30708661417323,0.519685039370079,1.29133858267717,0.553022794846383,0.118929633300297,1.37958374628345,1.52824578790882,1.54198473282443,1.03448275862069,0.458015267175573,0.96551724137931,0.851996867658575,0.645262333594362,1.72278778386844,0.779953014878622,0.63267070008643,1.72515125324114,0.639585133967156,1.00259291270527,0.965127238454288,0.806786050895382,0.769085768143261,1.45900094250707,1.71428571428571,1.13503649635036,0.5,0.864963503649635,0.991735537190083,0.935064935064935,1.2396694214876,0.871310507674144,0.785714285714286,1.22105263157895,1,0.778947368421053,1.34985133795837,1.29790660225443,1.07036669970268,0.702093397745572
