virus,realm,locus_tag,host,type,shape,AAA,AAC,AAG,AAT,ACA,ACC,ACG,ACT,AGA,AGC,AGG,AGT,ATA,ATC,ATG,ATT,CAA,CAC,CAG,CAT,CCA,CCC,CCG,CCT,CGA,CGC,CGG,CGT,CTA,CTC,CTG,CTT,GAA,GAC,GAG,GAT,GCA,GCC,GCG,GCT,GGA,GGC,GGG,GGT,GTA,GTC,GTG,GTT,TAA,TAC,TAG,TAT,TCA,TCC,TCG,TCT,TGA,TGC,TGG,TGT,TTA,TTC,TTG,TTT
Escherichia phage ECD7,Duplodnaviria,FDH53,bacteria,DNA,circular,1.36618257261411,0.886621315192744,0.633817427385892,1.11337868480726,1.08866826429305,0.936665525504964,0.514892160219103,1.45977404998288,0.749691738594328,1.14756446991404,0.172626387176326,1.00143266475645,0.294151376146789,1.11897935779817,1,1.58686926605505,1.12613784135241,0.699203187250996,0.873862158647594,1.300796812749,1.34149326805386,0.134638922888617,1.32925336597307,1.19461444308446,1.04069050554871,1.40813810110974,0.313193588162762,2.31565967940814,0.685337726523888,0.308072487644152,1.37561779242175,1.21911037891269,1.49216467463479,0.62631105783638,0.507835325365206,1.37368894216362,1.47911111111111,0.425481481481481,0.809481481481481,1.28592592592593,0.780519064402435,0.711310477411086,0.463953860942006,2.04421659724447,1.24769585253456,0.415898617511521,0.594470046082949,1.74193548387097,1.94656488549618,0.560037523452158,0.137404580152672,1.43996247654784,1.17550143266476,0.644699140401146,0.423352435530086,1.60744985673352,0.916030534351145,0.830015313935682,1,1.16998468606432,1.32454695222405,0.739738385205232,1.08731466227348,1.26026161479477
