virus,realm,host,locus_tag,AAA,AAC,AAG,AAT,ACA,ACC,ACG,ACT,AGA,AGC,AGG,AGT,ATA,ATC,ATG,ATT,CAA,CAC,CAG,CAT,CCA,CCC,CCG,CCT,CGA,CGC,CGG,CGT,CTA,CTC,CTG,CTT,GAA,GAC,GAG,GAT,GCA,GCC,GCG,GCT,GGA,GGC,GGG,GGT,GTA,GTC,GTG,GTT,TAA,TAC,TAG,TAT,TCA,TCC,TCG,TCT,TGA,TGC,TGG,TGT,TTA,TTC,TTG,TTT
Escherichia phage vB EcoP B,NA,NA,HOR57,0.827346465816918,0.973782771535581,1.17265353418308,1.02621722846442,1.08016877637131,0.810126582278481,0.382559774964838,1.72714486638537,0.583690987124464,0.821917808219178,0.394849785407725,1.03561643835616,0.463872832369942,1.09248554913295,1,1.44364161849711,1.05340699815838,0.859106529209622,0.946593001841621,1.14089347079038,1.06437768240343,0.274678111587983,0.55793991416309,2.10300429184549,0.695278969957081,1.36480686695279,0.128755364806867,2.83261802575107,0.821752265861027,0.531722054380665,1.25679758308157,1.33534743202417,1.09539121114684,0.704156479217604,0.904608788853162,1.2958435207824,1.53299492385787,0.480541455160744,0.365482233502538,1.62098138747885,0.512295081967213,0.885245901639344,0.422131147540984,2.18032786885246,1.44907407407407,0.472222222222222,0.898148148148148,1.18055555555556,2.12727272727273,0.791304347826087,0.109090909090909,1.20869565217391,0.961643835616438,0.575342465753425,0.304109589041096,2.3013698630137,0.763636363636364,0.96,1,1.04,1.17824773413897,1.10359408033827,0.876132930513595,0.896405919661734
