virus,realm,locus_tag,host,type,shape,AAA,AAC,AAG,AAT,ACA,ACC,ACG,ACT,AGA,AGC,AGG,AGT,ATA,ATC,ATG,ATT,CAA,CAC,CAG,CAT,CCA,CCC,CCG,CCT,CGA,CGC,CGG,CGT,CTA,CTC,CTG,CTT,GAA,GAC,GAG,GAT,GCA,GCC,GCG,GCT,GGA,GGC,GGG,GGT,GTA,GTC,GTG,GTT,TAA,TAC,TAG,TAT,TCA,TCC,TCG,TCT,TGA,TGC,TGG,TGT,TTA,TTC,TTG,TTT
Escherichia phage ESCO5,Duplodnaviria,HOR27,bacteria,DNA,linear,1.47903014416776,0.884631064003261,0.520969855832241,1.11536893599674,1.67794117647059,0.552941176470588,0.377941176470588,1.39117647058824,1.12052117263844,0.710584752035529,0.384364820846906,1.46113989637306,0.501422475106686,0.831081081081081,1,1.66749644381223,1.45376955903272,0.765859284890427,0.546230440967283,1.23414071510957,1.4325,0.1975,0.3775,1.9925,0.752442996742671,0.716612377850163,0.166123778501629,2.8599348534202,0.49765775695784,0.279415817029485,0.894461284100303,1.45659961421879,1.45111691325791,0.463347164591978,0.548883086742095,1.53665283540802,1.5930568948891,0.434586949533912,0.334297653487625,1.63805850208936,1.06543291473893,0.463978849966953,0.507600793126239,1.96298744216788,1.16268980477223,0.286334056399132,0.668112798264642,1.88286334056399,2.00377358490566,0.690335305719921,0.271698113207547,1.30966469428008,0.910436713545522,0.490747594374537,0.228719467061436,2.19837157660992,0.724528301886792,0.563338301043219,1,1.43666169895678,1.58556076054009,0.755490483162518,1.28630476715349,1.24450951683748
