virus,realm,host,locus_tag,AAA,AAC,AAG,AAT,ACA,ACC,ACG,ACT,AGA,AGC,AGG,AGT,ATA,ATC,ATG,ATT,CAA,CAC,CAG,CAT,CCA,CCC,CCG,CCT,CGA,CGC,CGG,CGT,CTA,CTC,CTG,CTT,GAA,GAC,GAG,GAT,GCA,GCC,GCG,GCT,GGA,GGC,GGG,GGT,GTA,GTC,GTG,GTT,TAA,TAC,TAG,TAT,TCA,TCC,TCG,TCT,TGA,TGC,TGG,TGT,TTA,TTC,TTG,TTT
Escherichia phage C5,Duplodnaviria,bacteria,HOU34,0.618985695708713,1.4618320610687,1.38101430429129,0.538167938931298,0.679012345679012,1.2962962962963,0.611111111111111,1.41358024691358,0.406015037593985,0.804769001490313,0.360902255639098,0.751117734724292,0.272727272727273,1.25358851674641,1,1.47368421052632,0.960187353629977,1.3972602739726,1.03981264637002,0.602739726027397,0.963503649635037,0.214111922141119,0.944038929440389,1.87834549878345,0.983458646616541,1.25413533834586,0.324812030075188,2.67067669172932,0.638023630504833,0.818474758324382,1.61761546723953,1.43071965628357,0.832369942196532,1.19275549805951,1.16763005780347,0.807244501940492,0.736842105263158,0.653357531760436,0.62431941923775,1.98548094373866,0.645905420991926,0.816608996539792,0.55363321799308,1.9838523644752,0.994565217391304,0.728260869565217,0.983695652173913,1.29347826086957,1.97727272727273,1.29896907216495,0.0681818181818182,0.701030927835051,0.938897168405365,1.18032786885246,0.473919523099851,1.85096870342772,0.954545454545455,1.12605042016807,1,0.873949579831933,0.702470461868958,1.41509433962264,0.792696025778733,0.584905660377358
