virus,realm,host,locus_tag,AAA,AAC,AAG,AAT,ACA,ACC,ACG,ACT,AGA,AGC,AGG,AGT,ATA,ATC,ATG,ATT,CAA,CAC,CAG,CAT,CCA,CCC,CCG,CCT,CGA,CGC,CGG,CGT,CTA,CTC,CTG,CTT,GAA,GAC,GAG,GAT,GCA,GCC,GCG,GCT,GGA,GGC,GGG,GGT,GTA,GTC,GTG,GTT,TAA,TAC,TAG,TAT,TCA,TCC,TCG,TCT,TGA,TGC,TGG,TGT,TTA,TTC,TTG,TTT
Escherichia phage VEcB,NA,NA,JR328,1.47762615042844,0.812687526789541,0.522373849571565,1.18731247321046,1.71659324522761,0.455212922173275,0.399412628487518,1.4287812041116,1.44066852367688,0.66120625465376,0.42116991643454,1.5078183172003,0.456091634849011,0.754946199236376,1,1.78896216591461,1.4540350877193,0.816037735849057,0.545964912280702,1.18396226415094,1.6128170894526,0.11214953271028,0.373831775700935,1.90120160213618,0.645125348189415,0.658495821727019,0.143732590529248,2.6908077994429,0.772525027808676,0.208565072302558,0.82258064516129,1.46162402669633,1.51212028229518,0.40450204638472,0.487879717704817,1.59549795361528,1.76169341072038,0.348241720723796,0.299078183680437,1.59098668487538,0.818086956521739,0.453565217391304,0.386782608695652,2.3415652173913,1.40836215026721,0.236403646651996,0.567117258723672,1.78811694435712,2.28915662650602,0.615233415233415,0.265060240963855,1.38476658476658,1.06329113924051,0.424422933730454,0.194341027550261,2.14892032762472,0.44578313253012,0.569206842923795,1,1.43079315707621,1.73526140155729,0.663645518630413,0.99944382647386,1.33635448136959
