virus,realm,locus_tag,host,type,shape,AAA,AAC,AAG,AAT,ACA,ACC,ACG,ACT,AGA,AGC,AGG,AGT,ATA,ATC,ATG,ATT,CAA,CAC,CAG,CAT,CCA,CCC,CCG,CCT,CGA,CGC,CGG,CGT,CTA,CTC,CTG,CTT,GAA,GAC,GAG,GAT,GCA,GCC,GCG,GCT,GGA,GGC,GGG,GGT,GTA,GTC,GTG,GTT,TAA,TAC,TAG,TAT,TCA,TCC,TCG,TCT,TGA,TGC,TGG,TGT,TTA,TTC,TTG,TTT
Escherichia phage NC35,Monodnaviria,CNV35,bacteria,DNA,circular,1.06306306306306,0.705882352941177,0.936936936936937,1.29411764705882,0.419047619047619,0.8,0.647619047619048,2.13333333333333,0.358974358974359,0.535031847133758,0.102564102564103,1.03184713375796,0.12,0.48,1,2.4,0.766355140186916,0.48780487804878,1.23364485981308,1.51219512195122,0.153846153846154,0.358974358974359,1.58974358974359,1.8974358974359,0.461538461538462,1.58974358974359,0.461538461538462,3.02564102564103,0.110429447852761,0.662576687116564,1.06748466257669,1.54601226993865,0.934782608695652,0.702702702702703,1.06521739130435,1.2972972972973,0.571428571428571,0.761904761904762,0.428571428571429,2.23809523809524,0.770642201834862,0.73394495412844,0.036697247706422,2.45871559633028,0.434108527131783,0.527131782945736,0.341085271317829,2.69767441860465,1.5,0.516129032258065,0,1.48387096774194,0.496815286624204,0.802547770700637,0.573248407643312,2.56050955414013,1.5,0.857142857142857,1,1.14285714285714,0.883435582822086,0.96551724137931,1.73006134969325,1.03448275862069
