virus,realm,locus_tag,host,type,shape,AAA,AAC,AAG,AAT,ACA,ACC,ACG,ACT,AGA,AGC,AGG,AGT,ATA,ATC,ATG,ATT,CAA,CAC,CAG,CAT,CCA,CCC,CCG,CCT,CGA,CGC,CGG,CGT,CTA,CTC,CTG,CTT,GAA,GAC,GAG,GAT,GCA,GCC,GCG,GCT,GGA,GGC,GGG,GGT,GTA,GTC,GTG,GTT,TAA,TAC,TAG,TAT,TCA,TCC,TCG,TCT,TGA,TGC,TGG,TGT,TTA,TTC,TTG,TTT
Escherichia phage JMPW2,Duplodnaviria,FDG90,bacteria,DNA,linear,0.978281397544854,1.12898751733703,1.02171860245515,0.871012482662968,0.892682926829268,0.839024390243902,0.88780487804878,1.38048780487805,0.898785425101215,1.27858627858628,0.704453441295547,0.723492723492724,0.455544455544456,1.24375624375624,1,1.3006993006993,0.774774774774775,1.19557195571956,1.22522522522523,0.804428044280443,0.997938144329897,0.214432989690722,1.50103092783505,1.28659793814433,1.27935222672065,1.62753036437247,0.291497975708502,1.19838056680162,0.740663900414938,0.410788381742739,1.23236514522822,1.73029045643154,1.05315947843531,0.731182795698925,0.946840521564694,1.26881720430108,1.2765246449457,0.534670008354219,0.992481203007519,1.19632414369256,0.891385767790262,1.17228464419476,0.51310861423221,1.42322097378277,0.982658959537572,0.543352601156069,0.778420038535645,1.69556840077071,1.9875,1.09714285714286,0.2625,0.902857142857143,1.69022869022869,0.604989604989605,0.567567567567568,1.13513513513514,0.75,1.38461538461538,1,0.615384615384615,0.933609958506224,1.04957264957265,0.952282157676348,0.95042735042735
