virus,realm,host,locus_tag,AAA,AAC,AAG,AAT,ACA,ACC,ACG,ACT,AGA,AGC,AGG,AGT,ATA,ATC,ATG,ATT,CAA,CAC,CAG,CAT,CCA,CCC,CCG,CCT,CGA,CGC,CGG,CGT,CTA,CTC,CTG,CTT,GAA,GAC,GAG,GAT,GCA,GCC,GCG,GCT,GGA,GGC,GGG,GGT,GTA,GTC,GTG,GTT,TAA,TAC,TAG,TAT,TCA,TCC,TCG,TCT,TGA,TGC,TGG,TGT,TTA,TTC,TTG,TTT
Escherichia phage AnYang,Duplodnaviria,bacteria,KNU29,1.42989690721649,0.85952133194589,0.570103092783505,1.14047866805411,0.922389013094858,1.05908655381667,0.415202810603641,1.60332162248483,0.818300653594771,0.552202776101388,0.22483660130719,0.995775497887749,0.376454293628809,0.861772853185596,1,1.7617728531856,1.260348583878,0.646799116997792,0.739651416122004,1.35320088300221,1.0703933747412,0.149068322981366,0.658385093167702,2.12215320910973,0.603921568627451,0.69281045751634,0.154248366013072,3.50588235294118,0.433807030665669,0.486163051608078,0.913986537023186,1.47643979057592,1.6171381488602,0.750152718387294,0.382861851139797,1.24984728161271,1.03772553307818,0.788408966648442,0.325861126298524,1.84800437397485,0.707748627211714,0.837095790115924,0.26235509456986,2.1928004881025,1.11875180583646,0.475007223345854,0.535105460849465,1.87113550996822,2.0253164556962,0.579908675799087,0.20253164556962,1.42009132420091,1.16958358479179,0.745926372963187,0.445383222691611,2.09112854556427,0.772151898734177,0.611218568665377,1,1.38878143133462,1.52281226626776,0.847863247863248,1.16679132385939,1.15213675213675
