virus,realm,host,locus_tag,AAA,AAC,AAG,AAT,ACA,ACC,ACG,ACT,AGA,AGC,AGG,AGT,ATA,ATC,ATG,ATT,CAA,CAC,CAG,CAT,CCA,CCC,CCG,CCT,CGA,CGC,CGG,CGT,CTA,CTC,CTG,CTT,GAA,GAC,GAG,GAT,GCA,GCC,GCG,GCT,GGA,GGC,GGG,GGT,GTA,GTC,GTG,GTT,TAA,TAC,TAG,TAT,TCA,TCC,TCG,TCT,TGA,TGC,TGG,TGT,TTA,TTC,TTG,TTT
Escherichia phage vB vPM PD06,NA,NA,JR318,1.48702791461412,0.780445969125214,0.512972085385878,1.21955403087479,1.75285872371819,0.444116562154187,0.370343046846182,1.43268166728145,1.4408475573867,0.670962850644428,0.374337845791642,1.53070507960576,0.444723618090452,0.721464465183058,1,1.83381191672649,1.46536039188244,0.820766378244747,0.534639608117565,1.17923362175525,1.58977807666442,0.10221923335575,0.379287155346335,1.92871553463349,0.628605061801059,0.628605061801059,0.173042966450853,2.75456150676869,0.787638219449957,0.205840657782818,0.821661468670258,1.46640204139495,1.50157331655129,0.392471244336006,0.49842668344871,1.60752875566399,1.77746870653686,0.322670375521558,0.29346314325452,1.60639777468707,0.811860218849276,0.410871867278503,0.389692905047653,2.38757500882457,1.41650671785029,0.212412028150992,0.587332053742802,1.78374920025592,2.29411764705882,0.612430520464881,0.201680672268908,1.38756947953512,1.07808946171342,0.420773313115997,0.175132676269901,2.12433661865049,0.504201680672269,0.545751633986928,1,1.45424836601307,1.68755316132691,0.678936605316973,1.03090445137511,1.32106339468303
