virus,realm,locus_tag,host,type,shape,AAA,AAC,AAG,AAT,ACA,ACC,ACG,ACT,AGA,AGC,AGG,AGT,ATA,ATC,ATG,ATT,CAA,CAC,CAG,CAT,CCA,CCC,CCG,CCT,CGA,CGC,CGG,CGT,CTA,CTC,CTG,CTT,GAA,GAC,GAG,GAT,GCA,GCC,GCG,GCT,GGA,GGC,GGG,GGT,GTA,GTC,GTG,GTT,TAA,TAC,TAG,TAT,TCA,TCC,TCG,TCT,TGA,TGC,TGG,TGT,TTA,TTC,TTG,TTT
Escherichia phage vB EcoP K,NA,HOR60,NA,NA,NA,0.806241872561768,0.947826086956522,1.19375812743823,1.05217391304348,1.10062893081761,0.79874213836478,0.389937106918239,1.71069182389937,0.671850699844479,0.792109256449165,0.475894245723173,1.09256449165402,0.484177215189873,1.06329113924051,1,1.45253164556962,1.01214574898785,0.817843866171004,0.987854251012146,1.182156133829,1.14009661835749,0.280193236714976,0.454106280193237,2.1256038647343,0.774494556765163,1.20373250388802,0.195956454121306,2.67807153965785,0.889632107023411,0.548494983277592,1.16387959866221,1.40468227424749,1.07635467980296,0.679611650485437,0.923645320197044,1.32038834951456,1.57370517928287,0.470119521912351,0.330677290836653,1.62549800796813,0.56140350877193,0.833333333333333,0.390350877192982,2.21491228070175,1.41634241245136,0.498054474708171,0.897535667963684,1.18806744487678,2.02173913043478,0.841584158415842,0.130434782608696,1.15841584158416,0.974203338391502,0.555386949924128,0.300455235204856,2.28528072837633,0.847826086956522,0.933333333333333,1,1.06666666666667,1.12374581939799,1.08715596330275,0.869565217391304,0.912844036697248
