virus,realm,host,locus_tag,AAA,AAC,AAG,AAT,ACA,ACC,ACG,ACT,AGA,AGC,AGG,AGT,ATA,ATC,ATG,ATT,CAA,CAC,CAG,CAT,CCA,CCC,CCG,CCT,CGA,CGC,CGG,CGT,CTA,CTC,CTG,CTT,GAA,GAC,GAG,GAT,GCA,GCC,GCG,GCT,GGA,GGC,GGG,GGT,GTA,GTC,GTG,GTT,TAA,TAC,TAG,TAT,TCA,TCC,TCG,TCT,TGA,TGC,TGG,TGT,TTA,TTC,TTG,TTT
Esparto virus,Naldaviricetes,invertebrates,EXI89,1.69894044574351,0.277060575968222,0.301059554256485,1.72293942403178,2.00791958574475,0.415473652147426,0.375266524520256,1.20134023758757,0.769623484365029,0.318076477404403,0.0727504786215699,1.02375434530707,1.17865739502541,0.369884995988232,1,1.45145760898636,1.79314491882141,0.311300639658849,0.206855081178593,1.68869936034115,2.819750148721,0.302201070791196,0.399762046400952,0.478286734086853,1.55073388640715,0.593490746649649,0.13401403956605,2.87938736439055,0.906824555936429,0.239326893113119,0.157058273605485,0.631972577126831,1.70064644455495,0.317460317460317,0.299353555445052,1.68253968253968,1.74309723889556,0.552220888355342,0.259303721488595,1.4453781512605,0.868189806678383,0.692442882249561,0.0843585237258348,2.35500878734622,1.42422535211268,0.610704225352113,0.331267605633803,1.63380281690141,2.27586206896552,0.307107976125882,0.206896551724138,1.69289202387412,2.47334878331402,0.258980301274623,1.01680185399768,0.909038238702202,0.517241379310345,0.529500756429652,1,1.47049924357035,2.31473979432845,0.601092896174863,1.75007790588969,1.39890710382514
