virus,realm,locus_tag,host,type,shape,AAA,AAC,AAG,AAT,ACA,ACC,ACG,ACT,AGA,AGC,AGG,AGT,ATA,ATC,ATG,ATT,CAA,CAC,CAG,CAT,CCA,CCC,CCG,CCT,CGA,CGC,CGG,CGT,CTA,CTC,CTG,CTT,GAA,GAC,GAG,GAT,GCA,GCC,GCG,GCT,GGA,GGC,GGG,GGT,GTA,GTC,GTG,GTT,TAA,TAC,TAG,TAT,TCA,TCC,TCG,TCT,TGA,TGC,TGG,TGT,TTA,TTC,TTG,TTT
Euphorbia mosaic Peru virus,Monodnaviria,D1U77,land plants,DNA,linear,0.8,0.915254237288136,1.2,1.08474576271186,0.981132075471698,0.679245283018868,1.20754716981132,1.13207547169811,1.04347826086957,0.659340659340659,1.47826086956522,1.05494505494505,1.08196721311475,1.08196721311475,1,0.836065573770492,1.1,0.857142857142857,0.9,1.14285714285714,1.52380952380952,0.888888888888889,0.761904761904762,0.825396825396825,1.1304347826087,0.347826086956522,0.869565217391304,1.1304347826087,0.771428571428571,1.54285714285714,1.11428571428571,0.428571428571429,0.628571428571429,0.821428571428571,1.37142857142857,1.17857142857143,0.945454545454545,0.654545454545455,0.581818181818182,1.81818181818182,0.982456140350877,0.842105263157895,0.982456140350877,1.19298245614035,0.369230769230769,1.41538461538462,1.04615384615385,1.16923076923077,1.8,0.536585365853659,0.6,1.46341463414634,0.923076923076923,1.45054945054945,0.791208791208791,1.12087912087912,0.6,0.777777777777778,1,1.22222222222222,1.02857142857143,1.06382978723404,1.11428571428571,0.936170212765957
