virus,realm,host,locus_tag,AAA,AAC,AAG,AAT,ACA,ACC,ACG,ACT,AGA,AGC,AGG,AGT,ATA,ATC,ATG,ATT,CAA,CAC,CAG,CAT,CCA,CCC,CCG,CCT,CGA,CGC,CGG,CGT,CTA,CTC,CTG,CTT,GAA,GAC,GAG,GAT,GCA,GCC,GCG,GCT,GGA,GGC,GGG,GGT,GTA,GTC,GTG,GTT,TAA,TAC,TAG,TAT,TCA,TCC,TCG,TCT,TGA,TGC,TGG,TGT,TTA,TTC,TTG,TTT
Euphorbia yellow mosaic virus associated DNA 1,Alphasatellitidae,land plants,EuMVD1,0.56,0.727272727272727,1.44,1.27272727272727,0.285714285714286,0.285714285714286,1.71428571428571,1.71428571428571,1.8,1.2,1.5,0.96,1,1,1,1,0.769230769230769,1,1.23076923076923,1,0.923076923076923,0.923076923076923,0.615384615384615,1.53846153846154,0.9,0.3,0.3,1.2,0,2.0625,1.5,1.125,0.956521739130435,0.363636363636364,1.04347826086957,1.63636363636364,1.09090909090909,1.09090909090909,1.09090909090909,0.727272727272727,1.33333333333333,0.888888888888889,1.11111111111111,0.666666666666667,1.26315789473684,0.842105263157895,0.631578947368421,1.26315789473684,0,0.615384615384615,3,1.38461538461538,0.48,0.96,0,2.4,0,1.25,1,0.75,0.9375,0.714285714285714,0.375,1.28571428571429
