virus,realm,locus_tag,host,type,shape,AAA,AAC,AAG,AAT,ACA,ACC,ACG,ACT,AGA,AGC,AGG,AGT,ATA,ATC,ATG,ATT,CAA,CAC,CAG,CAT,CCA,CCC,CCG,CCT,CGA,CGC,CGG,CGT,CTA,CTC,CTG,CTT,GAA,GAC,GAG,GAT,GCA,GCC,GCG,GCT,GGA,GGC,GGG,GGT,GTA,GTC,GTG,GTT,TAA,TAC,TAG,TAT,TCA,TCC,TCG,TCT,TGA,TGC,TGG,TGT,TTA,TTC,TTG,TTT
Euphorbia leaf curl virus,Monodnaviria,EuLCV,land plants,ss-DNA,circular,0.786885245901639,0.688524590163934,1.21311475409836,1.31147540983607,0.689655172413793,1.10344827586207,1.10344827586207,1.10344827586207,1.65789473684211,0.733333333333333,2.13157894736842,1.26666666666667,0.490909090909091,1.2,1,1.30909090909091,1.11475409836066,1.07317073170732,0.885245901639344,0.926829268292683,1.44262295081967,0.983606557377049,0.459016393442623,1.11475409836066,0.552631578947368,0.236842105263158,0.473684210526316,0.947368421052632,0.962962962962963,1.11111111111111,1.03703703703704,0.962962962962963,0.981132075471698,0.60377358490566,1.0188679245283,1.39622641509434,1.51515151515152,0.909090909090909,0.484848484848485,1.09090909090909,1,0.785714285714286,1,1.21428571428571,0.732394366197183,1.01408450704225,0.845070422535211,1.40845070422535,1.5,0.714285714285714,0.5,1.28571428571429,1.26666666666667,0.8,0.866666666666667,1.06666666666667,1,0.782608695652174,1,1.21739130434783,1.33333333333333,1.17391304347826,0.592592592592593,0.826086956521739
