virus,realm,locus_tag,host,type,shape,AAA,AAC,AAG,AAT,ACA,ACC,ACG,ACT,AGA,AGC,AGG,AGT,ATA,ATC,ATG,ATT,CAA,CAC,CAG,CAT,CCA,CCC,CCG,CCT,CGA,CGC,CGG,CGT,CTA,CTC,CTG,CTT,GAA,GAC,GAG,GAT,GCA,GCC,GCG,GCT,GGA,GGC,GGG,GGT,GTA,GTC,GTG,GTT,TAA,TAC,TAG,TAT,TCA,TCC,TCG,TCT,TGA,TGC,TGG,TGT,TTA,TTC,TTG,TTT
Euprosterna elaeasa virus,NA,Eevgp,NA,RNA,linear,0.862745098039216,0.971428571428571,1.13725490196078,1.02857142857143,0.8,1.05714285714286,1.25714285714286,0.885714285714286,0.974025974025974,1.14084507042254,1.28571428571429,0.71830985915493,1.13513513513514,0.932432432432432,1,0.932432432432432,0.853658536585366,0.941176470588235,1.14634146341463,1.05882352941176,0.666666666666667,1.36231884057971,0.898550724637681,1.07246376811594,0.935064935064935,0.974025974025974,0.935064935064935,0.896103896103896,0.581818181818182,0.981818181818182,1.27272727272727,0.8,0.686567164179104,0.891089108910891,1.3134328358209,1.10891089108911,0.43312101910828,1.47770700636943,0.942675159235669,1.14649681528662,0.758169934640523,0.836601307189543,1.33333333333333,1.0718954248366,0.397350993377483,0.662251655629139,1.56291390728477,1.37748344370861,1.5,0.452830188679245,0,1.54716981132075,0.71830985915493,1.14084507042254,0.845070422535211,1.43661971830986,1.5,0.857142857142857,1,1.14285714285714,0.763636363636364,0.761904761904762,1.6,1.23809523809524
