virus,realm,locus_tag,host,type,shape,AAA,AAC,AAG,AAT,ACA,ACC,ACG,ACT,AGA,AGC,AGG,AGT,ATA,ATC,ATG,ATT,CAA,CAC,CAG,CAT,CCA,CCC,CCG,CCT,CGA,CGC,CGG,CGT,CTA,CTC,CTG,CTT,GAA,GAC,GAG,GAT,GCA,GCC,GCG,GCT,GGA,GGC,GGG,GGT,GTA,GTC,GTG,GTT,TAA,TAC,TAG,TAT,TCA,TCC,TCG,TCT,TGA,TGC,TGG,TGT,TTA,TTC,TTG,TTT
Faba bean necrotic yellows C11 alphasatellite,NA,FBNYVs1gp1,NA,DNA,circular,1,1.09090909090909,1,0.909090909090909,0.857142857142857,0.857142857142857,0.857142857142857,1.42857142857143,2.84210526315789,0,0.631578947368421,1,0.5,0.5,1,2,1.6,0,0.4,2,1.45454545454545,1.45454545454545,0,1.09090909090909,0.315789473684211,0.947368421052632,0.631578947368421,0.631578947368421,0.285714285714286,0.571428571428571,0.285714285714286,1.71428571428571,1.22222222222222,1,0.777777777777778,1,0.941176470588235,0,0.941176470588235,2.11764705882353,2.4,0.266666666666667,0.266666666666667,1.06666666666667,1.06666666666667,0.266666666666667,1.06666666666667,1.6,0,0.285714285714286,0,1.71428571428571,0.666666666666667,0.333333333333333,2,2,3,0.5,1,1.5,1.42857142857143,0.833333333333333,1.71428571428571,1.16666666666667
