virus,realm,host,locus_tag,AAA,AAC,AAG,AAT,ACA,ACC,ACG,ACT,AGA,AGC,AGG,AGT,ATA,ATC,ATG,ATT,CAA,CAC,CAG,CAT,CCA,CCC,CCG,CCT,CGA,CGC,CGG,CGT,CTA,CTC,CTG,CTT,GAA,GAC,GAG,GAT,GCA,GCC,GCG,GCT,GGA,GGC,GGG,GGT,GTA,GTC,GTG,GTT,TAA,TAC,TAG,TAT,TCA,TCC,TCG,TCT,TGA,TGC,TGG,TGT,TTA,TTC,TTG,TTT
Faeces associated gemycircularvirus 17,Monodnaviria,vertebrates,A8B55,0.8,1.06666666666667,1.2,0.933333333333333,0.578313253012048,1.73493975903614,0.819277108433735,0.867469879518072,0.51219512195122,0.48,1.60975609756098,1.26,0.585365853658537,1.39024390243902,1,1.02439024390244,0.888888888888889,0.5,1.11111111111111,1.5,0.814814814814815,1.55555555555556,1.18518518518519,0.444444444444444,0.951219512195122,0.951219512195122,1.24390243902439,0.731707317073171,0.795180722891566,1.2289156626506,0.939759036144578,0.578313253012048,0.652173913043478,0.871794871794872,1.34782608695652,1.12820512820513,0.677966101694915,0.949152542372881,1.28813559322034,1.08474576271186,0.8,1.09090909090909,0.945454545454545,1.16363636363636,0.727272727272727,1.63636363636364,1.09090909090909,0.545454545454545,2,0.933333333333333,1,1.06666666666667,0.72,0.9,1.74,0.9,0,1.38461538461538,1,0.615384615384615,0.795180722891566,1.05882352941176,1.66265060240964,0.941176470588235
