virus,realm,locus_tag,host,type,shape,AAA,AAC,AAG,AAT,ACA,ACC,ACG,ACT,AGA,AGC,AGG,AGT,ATA,ATC,ATG,ATT,CAA,CAC,CAG,CAT,CCA,CCC,CCG,CCT,CGA,CGC,CGG,CGT,CTA,CTC,CTG,CTT,GAA,GAC,GAG,GAT,GCA,GCC,GCG,GCT,GGA,GGC,GGG,GGT,GTA,GTC,GTG,GTT,TAA,TAC,TAG,TAT,TCA,TCC,TCG,TCT,TGA,TGC,TGG,TGT,TTA,TTC,TTG,TTT
Faeces associated gemycircularvirus 15,Monodnaviria,A8B57,vertebrates,DNA,circular,0.285714285714286,1.07142857142857,1.71428571428571,0.928571428571429,1,1.08333333333333,0.583333333333333,1.33333333333333,1.02631578947368,0.206896551724138,0.315789473684211,0.620689655172414,0.157894736842105,1.26315789473684,1,1.57894736842105,1.09090909090909,1.15384615384615,0.909090909090909,0.846153846153846,0.583333333333333,0.833333333333333,1.25,1.33333333333333,1.65789473684211,1.26315789473684,0.631578947368421,1.10526315789474,0.441176470588235,1.85294117647059,1.32352941176471,1.76470588235294,0.717948717948718,1.1,1.28205128205128,0.9,0.8125,1.0625,1.0625,1.0625,1.27272727272727,1.33333333333333,0.545454545454545,0.848484848484849,0.645161290322581,1.16129032258065,1.54838709677419,0.645161290322581,1,1.125,2,0.875,1.44827586206897,1.44827586206897,0.931034482758621,1.3448275862069,0,1.44444444444444,1,0.555555555555556,0.0882352941176471,1.28,0.529411764705882,0.72
