virus,realm,locus_tag,host,type,shape,AAA,AAC,AAG,AAT,ACA,ACC,ACG,ACT,AGA,AGC,AGG,AGT,ATA,ATC,ATG,ATT,CAA,CAC,CAG,CAT,CCA,CCC,CCG,CCT,CGA,CGC,CGG,CGT,CTA,CTC,CTG,CTT,GAA,GAC,GAG,GAT,GCA,GCC,GCG,GCT,GGA,GGC,GGG,GGT,GTA,GTC,GTG,GTT,TAA,TAC,TAG,TAT,TCA,TCC,TCG,TCT,TGA,TGC,TGG,TGT,TTA,TTC,TTG,TTT
Faecalibacterium phage FP Taranis,NA,HOS67,NA,NA,NA,0.778761061946903,1.36222910216718,1.2212389380531,0.637770897832817,0.414298808432631,2.15215398716774,0.975252062328139,0.458295142071494,0.398200224971879,2.20289855072464,0.330708661417323,0.498550724637681,0.128755364806867,1.86695278969957,1,1.00429184549356,0.25,1.35384615384615,1.75,0.646153846153846,0.192307692307692,1.46794871794872,1.74358974358974,0.596153846153846,0.398200224971879,2.11923509561305,1.78852643419573,0.965129358830146,0.0406320541760722,1.02483069977427,3.44469525959368,0.681715575620767,0.833052276559865,1.13589503280225,1.16694772344013,0.864104967197751,0.98932384341637,1.54685646500593,0.68564650059312,0.778173190984579,0.459392945036916,2.25102543068089,0.479081214109926,0.810500410172272,0.34703196347032,1.20182648401826,1.54520547945205,0.905936073059361,1.16470588235294,1.23053435114504,0.141176470588235,0.769465648854962,0.255072463768116,1.61739130434783,0.672463768115942,0.753623188405797,1.69411764705882,1.69072164948454,1,0.309278350515464,0.072234762979684,1.30581613508443,0.735891647855531,0.694183864915572
