virus,realm,host,locus_tag,AAA,AAC,AAG,AAT,ACA,ACC,ACG,ACT,AGA,AGC,AGG,AGT,ATA,ATC,ATG,ATT,CAA,CAC,CAG,CAT,CCA,CCC,CCG,CCT,CGA,CGC,CGG,CGT,CTA,CTC,CTG,CTT,GAA,GAC,GAG,GAT,GCA,GCC,GCG,GCT,GGA,GGC,GGG,GGT,GTA,GTC,GTG,GTT,TAA,TAC,TAG,TAT,TCA,TCC,TCG,TCT,TGA,TGC,TGG,TGT,TTA,TTC,TTG,TTT
Fako virus,Riboviria,invertebrates,PR22,1.36714975845411,0.544747081712062,0.632850241545894,1.45525291828794,1.82258064516129,0.338709677419355,0.564516129032258,1.2741935483871,2.31325301204819,0.438202247191011,0.650602409638554,1.53932584269663,1.09677419354839,0.419354838709677,1,1.48387096774194,1.52409638554217,0.53416149068323,0.475903614457831,1.46583850931677,2.41004184100418,0.217573221757322,0.418410041841004,0.95397489539749,1.10240963855422,0.271084337349398,0.253012048192771,1.40963855421687,0.877611940298507,0.152238805970149,0.125373134328358,0.877611940298507,1.43896103896104,0.477064220183486,0.561038961038961,1.52293577981651,1.73170731707317,0.341463414634146,0.707317073170732,1.21951219512195,1.77142857142857,0.628571428571429,0.285714285714286,1.31428571428571,1.47417840375587,0.347417840375587,0.544600938967136,1.63380281690141,1,0.401197604790419,1.33333333333333,1.59880239520958,2.21348314606742,0.292134831460674,0.48314606741573,1.03370786516854,0.666666666666667,0.436781609195402,1,1.5632183908046,2.91044776119403,0.468085106382979,1.05671641791045,1.53191489361702
