virus,realm,locus_tag,host,type,shape,AAA,AAC,AAG,AAT,ACA,ACC,ACG,ACT,AGA,AGC,AGG,AGT,ATA,ATC,ATG,ATT,CAA,CAC,CAG,CAT,CCA,CCC,CCG,CCT,CGA,CGC,CGG,CGT,CTA,CTC,CTG,CTT,GAA,GAC,GAG,GAT,GCA,GCC,GCG,GCT,GGA,GGC,GGG,GGT,GTA,GTC,GTG,GTT,TAA,TAC,TAG,TAT,TCA,TCC,TCG,TCT,TGA,TGC,TGG,TGT,TTA,TTC,TTG,TTT
Falcon picornavirus,Riboviria,CLD19,vertebrates,RNA,linear,1.28125,0.323809523809524,0.71875,1.67619047619048,1.35031847133758,1.37579617834395,0.229299363057325,1.04458598726115,1.91489361702128,0.73015873015873,1.02127659574468,0.444444444444444,1.025,0.425,1,1.55,0.958333333333333,0.285714285714286,1.04166666666667,1.71428571428571,1.39449541284404,1.1743119266055,0.18348623853211,1.24770642201835,0.702127659574468,0.957446808510638,0.51063829787234,0.893617021276596,0.485714285714286,0.171428571428571,0.428571428571429,1.37142857142857,1.13559322033898,0.233576642335766,0.864406779661017,1.76642335766423,0.842105263157895,1.21052631578947,0.289473684210526,1.65789473684211,0.993103448275862,1.21379310344828,0.662068965517241,1.13103448275862,0.32183908045977,0.505747126436782,1.31034482758621,1.86206896551724,3,0.175824175824176,0,1.82417582417582,1.36507936507937,1.71428571428571,0.222222222222222,1.52380952380952,0,0.944444444444444,1,1.05555555555556,1.05714285714286,0.175438596491228,2.48571428571429,1.82456140350877
