virus,realm,locus_tag,host,type,shape,AAA,AAC,AAG,AAT,ACA,ACC,ACG,ACT,AGA,AGC,AGG,AGT,ATA,ATC,ATG,ATT,CAA,CAC,CAG,CAT,CCA,CCC,CCG,CCT,CGA,CGC,CGG,CGT,CTA,CTC,CTG,CTT,GAA,GAC,GAG,GAT,GCA,GCC,GCG,GCT,GGA,GGC,GGG,GGT,GTA,GTC,GTG,GTT,TAA,TAC,TAG,TAT,TCA,TCC,TCG,TCT,TGA,TGC,TGG,TGT,TTA,TTC,TTG,TTT
Farallon virus,Riboviria,CAU96,invertebrates,ss-RNA,linear,1.25714285714286,0.906666666666667,0.742857142857143,1.09333333333333,2.04545454545455,0.590909090909091,0.0795454545454545,1.28409090909091,3.96138996138996,1.00978473581213,1.22779922779923,1.29158512720157,1.20906801007557,0.634760705289673,1,1.15617128463476,1.11111111111111,0.617886178861789,0.888888888888889,1.38211382113821,1.69767441860465,0.372093023255814,0.232558139534884,1.69767441860465,0.370656370656371,0.138996138996139,0.0231660231660232,0.277992277992278,1.17607973421927,0.438538205980066,0.897009966777409,1.29568106312292,1.35148514851485,0.778877887788779,0.648514851485149,1.22112211221122,2.22058823529412,0.632352941176471,0.0147058823529412,1.13235294117647,1.49659863945578,0.829931972789116,0.326530612244898,1.3469387755102,0.860215053763441,0.795698924731183,0.913978494623656,1.43010752688172,0,0.923076923076923,1,1.07692307692308,1.6320939334638,0.587084148727984,0.199608610567515,1.27984344422701,2,0.751677852348993,1,1.24832214765101,1.41528239202658,0.76078431372549,0.777408637873754,1.23921568627451
