virus,realm,locus_tag,host,type,shape,AAA,AAC,AAG,AAT,ACA,ACC,ACG,ACT,AGA,AGC,AGG,AGT,ATA,ATC,ATG,ATT,CAA,CAC,CAG,CAT,CCA,CCC,CCG,CCT,CGA,CGC,CGG,CGT,CTA,CTC,CTG,CTT,GAA,GAC,GAG,GAT,GCA,GCC,GCG,GCT,GGA,GGC,GGG,GGT,GTA,GTC,GTG,GTT,TAA,TAC,TAG,TAT,TCA,TCC,TCG,TCT,TGA,TGC,TGG,TGT,TTA,TTC,TTG,TTT
Feline stool-associated circular virus KU14,Monodnaviria,EXI28,vertebrates,DNA,circular,0.260869565217391,1.73333333333333,1.73913043478261,0.266666666666667,0.3,1.3,1.1,1.3,0.72,1.71428571428571,1.8,0.514285714285714,1.2,1.6,1,0.2,0.357142857142857,1.38461538461538,1.64285714285714,0.615384615384615,0.4,1.73333333333333,1.06666666666667,0.8,0,1.68,0,1.8,1.07692307692308,1.23076923076923,2.61538461538462,0.307692307692308,0.8,1.46153846153846,1.2,0.538461538461538,0.816326530612245,1.22448979591837,0.897959183673469,1.06122448979592,0.571428571428571,2.04081632653061,1.06122448979592,0.326530612244898,0.111111111111111,2.11111111111111,1.11111111111111,0.666666666666667,3,0.888888888888889,0,1.11111111111111,0.514285714285714,1.2,0.857142857142857,1.2,0,1.33333333333333,1,0.666666666666667,0.769230769230769,1.84,0,0.16
