virus,realm,locus_tag,host,type,shape,AAA,AAC,AAG,AAT,ACA,ACC,ACG,ACT,AGA,AGC,AGG,AGT,ATA,ATC,ATG,ATT,CAA,CAC,CAG,CAT,CCA,CCC,CCG,CCT,CGA,CGC,CGG,CGT,CTA,CTC,CTG,CTT,GAA,GAC,GAG,GAT,GCA,GCC,GCG,GCT,GGA,GGC,GGG,GGT,GTA,GTC,GTG,GTT,TAA,TAC,TAG,TAT,TCA,TCC,TCG,TCT,TGA,TGC,TGG,TGT,TTA,TTC,TTG,TTT
Feline sakobuvirus A,Riboviria,SakoVgp1,vertebrates,RNA,linear,0.656716417910448,1.45263157894737,1.34328358208955,0.547368421052632,0.48,1.52,0.56,1.44,0.169811320754717,0.304147465437788,0.849056603773585,0.221198156682028,0.131868131868132,1.97802197802198,1,0.89010989010989,0.743589743589744,1.41379310344828,1.25641025641026,0.586206896551724,0.773584905660377,1.0377358490566,0.660377358490566,1.52830188679245,0.566037735849057,1.75471698113208,1.47169811320755,1.18867924528302,0.257142857142857,1.85714285714286,1.08571428571429,1.71428571428571,0.635294117647059,1.16949152542373,1.36470588235294,0.830508474576271,0.525252525252525,1.51515151515152,0.585858585858586,1.37373737373737,0.571428571428571,0.8,0.891428571428571,1.73714285714286,0.166666666666667,1.58333333333333,1.125,1.125,0,1.34177215189873,0,0.658227848101266,0.387096774193548,1.93548387096774,0.63594470046083,2.51612903225806,3,0.952380952380952,1,1.04761904761905,0.142857142857143,1.2621359223301,0.942857142857143,0.737864077669903
