virus,realm,host,locus_tag,AAA,AAC,AAG,AAT,ACA,ACC,ACG,ACT,AGA,AGC,AGG,AGT,ATA,ATC,ATG,ATT,CAA,CAC,CAG,CAT,CCA,CCC,CCG,CCT,CGA,CGC,CGG,CGT,CTA,CTC,CTG,CTT,GAA,GAC,GAG,GAT,GCA,GCC,GCG,GCT,GGA,GGC,GGG,GGT,GTA,GTC,GTG,GTT,TAA,TAC,TAG,TAT,TCA,TCC,TCG,TCT,TGA,TGC,TGG,TGT,TTA,TTC,TTG,TTT
Fengkai orbivirus,Riboviria,invertebrates,AMQ96,1.11166253101737,0.657004830917874,0.88833746898263,1.34299516908213,1.38271604938272,0.382716049382716,1.24691358024691,0.987654320987654,1.87032418952618,0.758620689655172,0.927680798004987,1.36206896551724,1.05797101449275,0.681159420289855,1,1.26086956521739,1.05627705627706,0.657718120805369,0.943722943722944,1.34228187919463,1.69747899159664,0.352941176470588,1.07563025210084,0.873949579831933,1.12219451371571,0.508728179551122,0.538653366583541,1.03241895261845,0.853932584269663,0.303370786516854,0.730337078651685,0.426966292134831,1.11015118790497,0.378082191780822,0.889848812095032,1.62191780821918,1.33333333333333,0.257777777777778,1.50222222222222,0.906666666666667,1.44959128065395,0.588555858310627,0.948228882833787,1.01362397820163,0.97196261682243,0.532710280373832,1.1588785046729,1.33644859813084,1.2,0.633333333333333,0.6,1.36666666666667,1.89655172413793,0.396551724137931,0.810344827586207,0.775862068965517,1.2,0.806451612903226,1,1.19354838709677,2.1685393258427,0.663677130044843,1.51685393258427,1.33632286995516
