virus,realm,locus_tag,host,type,shape,AAA,AAC,AAG,AAT,ACA,ACC,ACG,ACT,AGA,AGC,AGG,AGT,ATA,ATC,ATG,ATT,CAA,CAC,CAG,CAT,CCA,CCC,CCG,CCT,CGA,CGC,CGG,CGT,CTA,CTC,CTG,CTT,GAA,GAC,GAG,GAT,GCA,GCC,GCG,GCT,GGA,GGC,GGG,GGT,GTA,GTC,GTG,GTT,TAA,TAC,TAG,TAT,TCA,TCC,TCG,TCT,TGA,TGC,TGG,TGT,TTA,TTC,TTG,TTT
Fer-de-lance virus,Riboviria,FDLV,vertebrates,RNA,linear,0.99644128113879,0.841201716738197,1.00355871886121,1.1587982832618,1.51111111111111,0.944444444444444,0.455555555555556,1.08888888888889,2.86530612244898,0.91156462585034,2.05714285714286,1.00680272108844,1.12128712871287,1.07673267326733,1,0.801980198019802,1.10382513661202,0.780487804878049,0.896174863387978,1.21951219512195,1.22772277227723,0.811881188118812,0.772277227722772,1.18811881188119,0.36734693877551,0.073469387755102,0.293877551020408,0.342857142857143,1.09207708779443,0.693790149892934,1.05353319057816,0.822269807280514,0.941580756013746,0.774436090225564,1.05841924398625,1.22556390977444,1.6085409252669,0.740213523131673,0.555160142348754,1.09608540925267,1.15189873417722,0.658227848101266,1.22784810126582,0.962025316455696,0.955974842767296,1.10691823899371,0.905660377358491,1.0314465408805,1.875,1.06578947368421,0,0.934210526315789,1.65986394557823,0.829931972789116,0.394557823129252,1.19727891156463,1.125,0.674418604651163,1,1.32558139534884,1.16916488222698,1.22147651006711,1.16916488222698,0.778523489932886
