virus,realm,locus_tag,host,type,shape,AAA,AAC,AAG,AAT,ACA,ACC,ACG,ACT,AGA,AGC,AGG,AGT,ATA,ATC,ATG,ATT,CAA,CAC,CAG,CAT,CCA,CCC,CCG,CCT,CGA,CGC,CGG,CGT,CTA,CTC,CTG,CTT,GAA,GAC,GAG,GAT,GCA,GCC,GCG,GCT,GGA,GGC,GGG,GGT,GTA,GTC,GTG,GTT,TAA,TAC,TAG,TAT,TCA,TCC,TCG,TCT,TGA,TGC,TGG,TGT,TTA,TTC,TTG,TTT
Festuca pratensis amalgavirus 1,NA,EXK17,NA,RNA,linear,0.148148148148148,0.926829268292683,1.85185185185185,1.07317073170732,0.521739130434783,1.56521739130435,0.927536231884058,0.985507246376812,0.46551724137931,1.09756097560976,0.827586206896552,0.439024390243902,0.452054794520548,1.97260273972603,1,0.575342465753425,0.188679245283019,1.375,1.81132075471698,0.625,0.477611940298507,1.61194029850746,1.13432835820896,0.776119402985075,0.46551724137931,2.94827586206897,0.775862068965517,0.517241379310345,0.613138686131387,1.66423357664234,1.4014598540146,1.00729927007299,0.408602150537634,1,1.59139784946237,1,0.232258064516129,1.88387096774194,0.903225806451613,0.980645161290323,0.488888888888889,1.82222222222222,0.8,0.888888888888889,0.148148148148148,1.28395061728395,1.82716049382716,0.740740740740741,0,1.17073170731707,1.5,0.829268292682927,0.585365853658537,1.46341463414634,1.09756097560976,1.31707317073171,1.5,1.33333333333333,1,0.666666666666667,0.437956204379562,1.46835443037975,0.875912408759124,0.531645569620253
