virus,realm,host,locus_tag,AAA,AAC,AAG,AAT,ACA,ACC,ACG,ACT,AGA,AGC,AGG,AGT,ATA,ATC,ATG,ATT,CAA,CAC,CAG,CAT,CCA,CCC,CCG,CCT,CGA,CGC,CGG,CGT,CTA,CTC,CTG,CTT,GAA,GAC,GAG,GAT,GCA,GCC,GCG,GCT,GGA,GGC,GGG,GGT,GTA,GTC,GTG,GTT,TAA,TAC,TAG,TAT,TCA,TCC,TCG,TCT,TGA,TGC,TGG,TGT,TTA,TTC,TTG,TTT
Finch circovirus,Monodnaviria,vertebrates,FiCV,0.888888888888889,1.46153846153846,1.11111111111111,0.538461538461538,0.7,1.3,1,1,1.28571428571429,1.2,0.942857142857143,0.96,1.37837837837838,1.05405405405405,1,0.567567567567568,0.692307692307692,1.4,1.30769230769231,0.6,1.2972972972973,1.18918918918919,0.864864864864865,0.648648648648649,0.342857142857143,1.11428571428571,1.62857142857143,0.685714285714286,0.444444444444444,1.22222222222222,2.55555555555556,1.33333333333333,0.975609756097561,1.16129032258065,1.02439024390244,0.838709677419355,0.51063829787234,1.87234042553191,0.851063829787234,0.765957446808511,0.408163265306122,1.22448979591837,1.63265306122449,0.73469387755102,0.682926829268293,1.17073170731707,1.07317073170732,1.07317073170732,1,0.727272727272727,0,1.27272727272727,0.96,1.2,0.72,0.96,2,1.09090909090909,1,0.909090909090909,0,1.1875,0.444444444444444,0.8125
