virus,realm,locus_tag,host,type,shape,AAA,AAC,AAG,AAT,ACA,ACC,ACG,ACT,AGA,AGC,AGG,AGT,ATA,ATC,ATG,ATT,CAA,CAC,CAG,CAT,CCA,CCC,CCG,CCT,CGA,CGC,CGG,CGT,CTA,CTC,CTG,CTT,GAA,GAC,GAG,GAT,GCA,GCC,GCG,GCT,GGA,GGC,GGG,GGT,GTA,GTC,GTG,GTT,TAA,TAC,TAG,TAT,TCA,TCC,TCG,TCT,TGA,TGC,TGG,TGT,TTA,TTC,TTG,TTT
Flavobacterium phage FLiP,Finnlakeviridae,HOR88,bacteria,DNA,circular,1.44,0.613496932515337,0.56,1.38650306748466,0.904109589041096,0.712328767123288,0.575342465753425,1.80821917808219,2.51428571428571,1.11475409836066,0.857142857142857,0.983606557377049,0.448275862068966,0.448275862068966,1,2.10344827586207,1.14893617021277,0.454545454545455,0.851063829787234,1.54545454545455,0.75,0.3,0.65,2.3,0.285714285714286,0.685714285714286,0.114285714285714,1.54285714285714,0.262008733624454,0.235807860262009,0.262008733624454,1.62445414847162,1.26666666666667,0.642424242424242,0.733333333333333,1.35757575757576,0.851063829787234,0.397163120567376,0.595744680851064,2.15602836879433,0.825396825396825,1.01587301587302,0.158730158730159,2,0.666666666666667,0.387096774193548,0.279569892473118,2.66666666666667,2.25,0.523076923076923,0.375,1.47692307692308,0.786885245901639,0.131147540983607,0.721311475409836,2.26229508196721,0.375,0.857142857142857,1,1.14285714285714,1.57205240174672,0.337209302325581,2.04366812227074,1.66279069767442
