virus,realm,host,locus_tag,AAA,AAC,AAG,AAT,ACA,ACC,ACG,ACT,AGA,AGC,AGG,AGT,ATA,ATC,ATG,ATT,CAA,CAC,CAG,CAT,CCA,CCC,CCG,CCT,CGA,CGC,CGG,CGT,CTA,CTC,CTG,CTT,GAA,GAC,GAG,GAT,GCA,GCC,GCG,GCT,GGA,GGC,GGG,GGT,GTA,GTC,GTG,GTT,TAA,TAC,TAG,TAT,TCA,TCC,TCG,TCT,TGA,TGC,TGG,TGT,TTA,TTC,TTG,TTT
Flavobacterium phage vB FspM pippi8-1,NA,NA,HWC86,1.53785644051131,1.07309941520468,0.462143559488692,0.926900584795322,1.73487031700288,0.368876080691643,0.922190201729107,0.974063400576369,1.54838709677419,1.27580893682589,0.833746898263027,0.841294298921418,0.910652920962199,0.216494845360825,1,1.87285223367698,1.44505494505495,1.27407407407407,0.554945054945055,0.725925925925926,1.10903426791277,0.336448598130841,0.959501557632399,1.59501557632399,0.833746898263027,1.31017369727047,0.178660049627792,1.29528535980149,0.218649517684887,0.0385852090032154,0.327974276527331,2.48231511254019,1.95170142700329,1.62333333333333,0.0482985729967069,0.376666666666667,0.91358024691358,0.54320987654321,0.819753086419753,1.72345679012346,0.957415565345081,1.49192364170338,0.428781204111601,1.12187958883994,0.887671232876712,0.487671232876712,0.273972602739726,2.35068493150685,2.49056603773585,0.917098445595855,0.226415094339623,1.08290155440415,1.5808936825886,0.0832049306625578,1.01694915254237,1.20184899845917,0.283018867924528,0.686274509803922,1,1.31372549019608,1.95498392282958,0.641509433962264,0.977491961414791,1.35849056603774
