virus,realm,host,locus_tag,AAA,AAC,AAG,AAT,ACA,ACC,ACG,ACT,AGA,AGC,AGG,AGT,ATA,ATC,ATG,ATT,CAA,CAC,CAG,CAT,CCA,CCC,CCG,CCT,CGA,CGC,CGG,CGT,CTA,CTC,CTG,CTT,GAA,GAC,GAG,GAT,GCA,GCC,GCG,GCT,GGA,GGC,GGG,GGT,GTA,GTC,GTG,GTT,TAA,TAC,TAG,TAT,TCA,TCC,TCG,TCT,TGA,TGC,TGG,TGT,TTA,TTC,TTG,TTT
Flavobacterium phage vB FspS morran9-1,NA,NA,HWC92,1.67417677642981,0.672858617131063,0.325823223570191,1.32714138286894,1.93138500635324,0.259212198221093,0.325285895806862,1.48411689961881,3.26975476839237,0.889175257731959,0.555858310626703,1.71649484536082,1.17484662576687,0.208588957055215,1,1.61656441717791,1.79633401221996,0.918238993710692,0.203665987780041,1.08176100628931,2.08469055374593,0.104234527687296,0.547231270358306,1.26384364820847,0.506811989100817,0.245231607629428,0.0653950953678474,1.35694822888283,0.444647758462946,0.0439158279963403,0.0329368709972553,0.724611161939616,1.67567567567568,0.456716417910448,0.324324324324324,1.54328358208955,1.80132450331126,0.218543046357616,0.503311258278146,1.47682119205298,1.65492957746479,0.422535211267606,0.323943661971831,1.59859154929577,1.95092024539877,0.0920245398773006,0.177914110429448,1.77914110429448,2.05479452054795,0.616541353383459,0.410958904109589,1.38345864661654,1.56185567010309,0.139175257731959,0.278350515463918,1.41494845360825,0.534246575342466,0.794117647058823,1,1.20588235294118,4.06221408966148,0.308970099667774,0.69167429094236,1.69102990033223
