virus,realm,locus_tag,host,type,shape,AAA,AAC,AAG,AAT,ACA,ACC,ACG,ACT,AGA,AGC,AGG,AGT,ATA,ATC,ATG,ATT,CAA,CAC,CAG,CAT,CCA,CCC,CCG,CCT,CGA,CGC,CGG,CGT,CTA,CTC,CTG,CTT,GAA,GAC,GAG,GAT,GCA,GCC,GCG,GCT,GGA,GGC,GGG,GGT,GTA,GTC,GTG,GTT,TAA,TAC,TAG,TAT,TCA,TCC,TCG,TCT,TGA,TGC,TGG,TGT,TTA,TTC,TTG,TTT
French bean severe leaf curl virus,Monodnaviria,B888,land plants,DNA,circular,0.769230769230769,0.705882352941177,1.23076923076923,1.29411764705882,1.55555555555556,0.555555555555556,0.666666666666667,1.22222222222222,2.76923076923077,0.36,1.53846153846154,1.2,0.685714285714286,0.514285714285714,1,1.8,1.03225806451613,1.07692307692308,0.967741935483871,0.923076923076923,1.21212121212121,1.09090909090909,0.484848484848485,1.21212121212121,0.615384615384615,0.461538461538462,0.153846153846154,0.461538461538462,0.1875,0.5625,0.375,1.125,1.05263157894737,0.928571428571429,0.947368421052632,1.07142857142857,1.38461538461538,0.769230769230769,0.153846153846154,1.69230769230769,2.06896551724138,0.275862068965517,0.827586206896552,0.827586206896552,0.96969696969697,0.727272727272727,0.96969696969697,1.33333333333333,1.5,0.636363636363636,1.5,1.36363636363636,1.44,1.08,0.84,1.08,0,0.6,1,1.4,2.4375,0.64,1.3125,1.36
