virus,realm,host,locus_tag,AAA,AAC,AAG,AAT,ACA,ACC,ACG,ACT,AGA,AGC,AGG,AGT,ATA,ATC,ATG,ATT,CAA,CAC,CAG,CAT,CCA,CCC,CCG,CCT,CGA,CGC,CGG,CGT,CTA,CTC,CTG,CTT,GAA,GAC,GAG,GAT,GCA,GCC,GCG,GCT,GGA,GGC,GGG,GGT,GTA,GTC,GTG,GTT,TAA,TAC,TAG,TAT,TCA,TCC,TCG,TCT,TGA,TGC,TGG,TGT,TTA,TTC,TTG,TTT
Fur seal faeces associated circular DNA virus,Monodnaviria,vertebrates,DJ35,0.977777777777778,0.774193548387097,1.02222222222222,1.2258064516129,1.14285714285714,1.02857142857143,0.342857142857143,1.48571428571429,2.76923076923077,0.421052631578947,0.184615384615385,1.05263157894737,0.391304347826087,0.847826086956522,1,1.76086956521739,1.56521739130435,0.75,0.434782608695652,1.25,1.05263157894737,0.315789473684211,0.210526315789474,2.42105263157895,0.738461538461539,0.276923076923077,0.184615384615385,1.84615384615385,0.310344827586207,0.827586206896552,0.620689655172414,1.75862068965517,1.31914893617021,0.325581395348837,0.680851063829787,1.67441860465116,0.685714285714286,0.228571428571429,0.114285714285714,2.97142857142857,1.72549019607843,0.313725490196078,0.156862745098039,1.80392156862745,0.756756756756757,0.864864864864865,0.972972972972973,1.40540540540541,3,0.695652173913043,0,1.30434782608696,1.78947368421053,0.526315789473684,0.526315789473684,1.68421052631579,0,0.761904761904762,1,1.23809523809524,1.55172413793103,0.740740740740741,0.931034482758621,1.25925925925926
