virus,realm,host,locus_tag,AAA,AAC,AAG,AAT,ACA,ACC,ACG,ACT,AGA,AGC,AGG,AGT,ATA,ATC,ATG,ATT,CAA,CAC,CAG,CAT,CCA,CCC,CCG,CCT,CGA,CGC,CGG,CGT,CTA,CTC,CTG,CTT,GAA,GAC,GAG,GAT,GCA,GCC,GCG,GCT,GGA,GGC,GGG,GGT,GTA,GTC,GTG,GTT,TAA,TAC,TAG,TAT,TCA,TCC,TCG,TCT,TGA,TGC,TGG,TGT,TTA,TTC,TTG,TTT
Fusarium graminearum dsRNA mycovirus 4,Riboviria,fungi,FGMV,0.5,1.14285714285714,1.5,0.857142857142857,0.927536231884058,1.73913043478261,0.63768115942029,0.695652173913043,0.123711340206186,1.25373134328358,0.804123711340206,1.07462686567164,0.384615384615385,1.23076923076923,1,1.38461538461538,0.745098039215686,1.35294117647059,1.25490196078431,0.647058823529412,1.1830985915493,1.52112676056338,0.845070422535211,0.450704225352113,0.865979381443299,2.5979381443299,0.742268041237113,0.865979381443299,0.849056603773585,0.962264150943396,2.0377358490566,0.849056603773585,0.507042253521127,0.941176470588235,1.49295774647887,1.05882352941176,0.576576576576577,1.87387387387387,0.756756756756757,0.792792792792793,0.473684210526316,1.36842105263158,1.42105263157895,0.736842105263158,0.9375,0.9375,1.3125,0.8125,1,0.894736842105263,2,1.10526315789474,0.805970149253731,1.25373134328358,1.34328358208955,0.26865671641791,0,0.769230769230769,1,1.23076923076923,0.226415094339623,1.19047619047619,1.07547169811321,0.80952380952381
