virus,realm,locus_tag,host,type,shape,AAA,AAC,AAG,AAT,ACA,ACC,ACG,ACT,AGA,AGC,AGG,AGT,ATA,ATC,ATG,ATT,CAA,CAC,CAG,CAT,CCA,CCC,CCG,CCT,CGA,CGC,CGG,CGT,CTA,CTC,CTG,CTT,GAA,GAC,GAG,GAT,GCA,GCC,GCG,GCT,GGA,GGC,GGG,GGT,GTA,GTC,GTG,GTT,TAA,TAC,TAG,TAT,TCA,TCC,TCG,TCT,TGA,TGC,TGG,TGT,TTA,TTC,TTG,TTT
Fusarium poae virus 1,Riboviria,Fpv1,fungi,ds-RNA,linear,1.33333333333333,1.21875,0.666666666666667,0.78125,1.09473684210526,1.01052631578947,0.421052631578947,1.47368421052632,0.818181818181818,0.195121951219512,0,0.24390243902439,0.315789473684211,1.30263157894737,1,1.38157894736842,1.55,1.38775510204082,0.45,0.612244897959184,0.909090909090909,1.68181818181818,0.181818181818182,1.22727272727273,1.18181818181818,2.63636363636364,0,1.36363636363636,0.80952380952381,2.14285714285714,0.476190476190476,1.85714285714286,1.65384615384615,1.025,0.346153846153846,0.975,0.871794871794872,1.07692307692308,0.0512820512820513,2,0.982456140350877,1.26315789473684,0,1.75438596491228,0.656716417910448,1.49253731343284,0.119402985074627,1.73134328358209,0,1.24242424242424,0,0.757575757575758,1.02439024390244,2.14634146341463,0.195121951219512,2.19512195121951,3,0.727272727272727,1,1.27272727272727,0.523809523809524,1.17948717948718,0.19047619047619,0.82051282051282
Fusarium poae virus 1,Riboviria,Fpv1,fungi,RNA,linear,1.33333333333333,1.21875,0.666666666666667,0.78125,1.09473684210526,1.01052631578947,0.421052631578947,1.47368421052632,0.818181818181818,0.195121951219512,0,0.24390243902439,0.315789473684211,1.30263157894737,1,1.38157894736842,1.55,1.38775510204082,0.45,0.612244897959184,0.909090909090909,1.68181818181818,0.181818181818182,1.22727272727273,1.18181818181818,2.63636363636364,0,1.36363636363636,0.80952380952381,2.14285714285714,0.476190476190476,1.85714285714286,1.65384615384615,1.025,0.346153846153846,0.975,0.871794871794872,1.07692307692308,0.0512820512820513,2,0.982456140350877,1.26315789473684,0,1.75438596491228,0.656716417910448,1.49253731343284,0.119402985074627,1.73134328358209,0,1.24242424242424,0,0.757575757575758,1.02439024390244,2.14634146341463,0.195121951219512,2.19512195121951,3,0.727272727272727,1,1.27272727272727,0.523809523809524,1.17948717948718,0.19047619047619,0.82051282051282
