virus,realm,host,locus_tag,AAA,AAC,AAG,AAT,ACA,ACC,ACG,ACT,AGA,AGC,AGG,AGT,ATA,ATC,ATG,ATT,CAA,CAC,CAG,CAT,CCA,CCC,CCG,CCT,CGA,CGC,CGG,CGT,CTA,CTC,CTG,CTT,GAA,GAC,GAG,GAT,GCA,GCC,GCG,GCT,GGA,GGC,GGG,GGT,GTA,GTC,GTG,GTT,TAA,TAC,TAG,TAT,TCA,TCC,TCG,TCT,TGA,TGC,TGG,TGT,TTA,TTC,TTG,TTT
Gaillardia latent virus,Riboviria,land plants,DK23,0.862068965517241,0.819672131147541,1.13793103448276,1.18032786885246,1.02189781021898,1.16788321167883,0.72992700729927,1.08029197080292,1.27810650887574,1.53061224489796,2.02366863905325,1.43877551020408,0.94,1.18,1,0.88,0.857142857142857,1.1,1.14285714285714,0.9,1.3968253968254,0.825396825396825,0.952380952380952,0.825396825396825,0.745562130177515,0.603550295857988,0.745562130177515,0.603550295857988,0.936802973977695,0.91449814126394,1.36059479553903,0.780669144981413,0.896860986547085,0.780487804878049,1.10313901345291,1.21951219512195,1.22751322751323,0.952380952380952,0.634920634920635,1.18518518518519,0.860215053763441,0.795698924731183,1.41935483870968,0.924731182795699,0.705882352941177,0.705882352941177,1.60427807486631,0.983957219251337,0.5,1.30909090909091,1,0.690909090909091,1.13265306122449,0.704081632653061,0.520408163265306,0.673469387755102,1.5,1.46268656716418,1,0.537313432835821,0.736059479553903,1.15862068965517,1.27137546468401,0.841379310344828
