virus,realm,locus_tag,host,type,shape,AAA,AAC,AAG,AAT,ACA,ACC,ACG,ACT,AGA,AGC,AGG,AGT,ATA,ATC,ATG,ATT,CAA,CAC,CAG,CAT,CCA,CCC,CCG,CCT,CGA,CGC,CGG,CGT,CTA,CTC,CTG,CTT,GAA,GAC,GAG,GAT,GCA,GCC,GCG,GCT,GGA,GGC,GGG,GGT,GTA,GTC,GTG,GTT,TAA,TAC,TAG,TAT,TCA,TCC,TCG,TCT,TGA,TGC,TGG,TGT,TTA,TTC,TTG,TTT
Gallivirus Pf-CHK1/GV,Riboviria,AVT87,vertebrates,RNA,linear,1.09278350515464,0.444444444444444,0.907216494845361,1.55555555555556,0.204379562043796,0.934306569343066,0.35036496350365,2.51094890510949,0.679245283018868,0.027027027027027,0.792452830188679,0.27027027027027,0.153284671532847,0.854014598540146,1,1.99270072992701,1.26666666666667,0.711111111111111,0.733333333333333,1.28888888888889,0.26046511627907,1.17209302325581,0.0930232558139535,2.47441860465116,0.226415094339623,1.58490566037736,0.452830188679245,2.26415094339623,0.0957446808510638,1.40425531914894,0.446808510638298,2.93617021276596,1.52577319587629,0.391304347826087,0.474226804123711,1.60869565217391,0.423728813559322,0.525423728813559,0.0677966101694915,2.98305084745763,0.617283950617284,0.54320987654321,0.0740740740740741,2.76543209876543,0.409090909090909,0.75,1,1.84090909090909,0,0.765432098765432,0,1.23456790123457,0.189189189189189,1.97297297297297,0.216216216216216,3.32432432432432,3,0.51063829787234,1,1.48936170212766,0.191489361702128,0.964912280701754,0.925531914893617,1.03508771929825
