virus,realm,locus_tag,host,type,shape,AAA,AAC,AAG,AAT,ACA,ACC,ACG,ACT,AGA,AGC,AGG,AGT,ATA,ATC,ATG,ATT,CAA,CAC,CAG,CAT,CCA,CCC,CCG,CCT,CGA,CGC,CGG,CGT,CTA,CTC,CTG,CTT,GAA,GAC,GAG,GAT,GCA,GCC,GCG,GCT,GGA,GGC,GGG,GGT,GTA,GTC,GTG,GTT,TAA,TAC,TAG,TAT,TCA,TCC,TCG,TCT,TGA,TGC,TGG,TGT,TTA,TTC,TTG,TTT
Garlic latent virus,Riboviria,GarLVgp,land plants,RNA,linear,1.18604651162791,0.700729927007299,0.813953488372093,1.2992700729927,0.743589743589744,1.15384615384615,0.333333333333333,1.76923076923077,1.26530612244898,1.20603015075377,1.26530612244898,1.38693467336683,0.683823529411765,0.970588235294118,1,1.34558823529412,1.1044776119403,1.02941176470588,0.895522388059702,0.970588235294118,1.13207547169811,0.830188679245283,0.490566037735849,1.54716981132075,0.448979591836735,1.18367346938776,0.612244897959184,1.22448979591837,0.666666666666667,0.833333333333333,0.833333333333333,1.08333333333333,1.18681318681319,0.586466165413534,0.813186813186813,1.41353383458647,0.75,1.06818181818182,0.659090909090909,1.52272727272727,0.581818181818182,0.678787878787879,1.04242424242424,1.6969696969697,0.511627906976744,0.767441860465116,1.48837209302326,1.23255813953488,0,1.07317073170732,1,0.926829268292683,0.78391959798995,0.844221105527638,0.331658291457286,1.44723618090452,2,0.969072164948454,1,1.03092783505155,1.0625,1.09090909090909,1.52083333333333,0.909090909090909
