virus,realm,locus_tag,host,type,shape,AAA,AAC,AAG,AAT,ACA,ACC,ACG,ACT,AGA,AGC,AGG,AGT,ATA,ATC,ATG,ATT,CAA,CAC,CAG,CAT,CCA,CCC,CCG,CCT,CGA,CGC,CGG,CGT,CTA,CTC,CTG,CTT,GAA,GAC,GAG,GAT,GCA,GCC,GCG,GCT,GGA,GGC,GGG,GGT,GTA,GTC,GTG,GTT,TAA,TAC,TAG,TAT,TCA,TCC,TCG,TCT,TGA,TGC,TGG,TGT,TTA,TTC,TTG,TTT
Gata virus,Riboviria,BLX32,invertebrates,RNA,linear,1.15837104072398,0.712041884816754,0.841628959276018,1.28795811518325,1.35323383084577,1.0547263681592,0.398009950248756,1.19402985074627,2.62702702702703,0.605187319884726,1.88108108108108,0.726224783861671,1.10526315789474,0.947368421052632,1,0.947368421052632,1.10344827586207,0.613636363636364,0.896551724137931,1.38636363636364,0.912280701754386,1.05263157894737,0.39766081871345,1.6374269005848,0.616216216216216,0.194594594594595,0.356756756756757,0.324324324324324,0.873949579831933,0.823529411764706,0.621848739495798,0.957983193277311,0.98876404494382,0.729857819905213,1.01123595505618,1.27014218009479,1.41843971631206,1.02127659574468,0.226950354609929,1.33333333333333,1.52657004830918,0.270531400966184,1.17874396135266,1.02415458937198,1.33333333333333,0.927536231884058,0.695652173913043,1.04347826086957,1.8,0.656488549618321,0,1.34351145038168,1.60806916426513,0.93371757925072,0.570605187319885,1.55619596541787,1.2,0.761904761904762,1,1.23809523809524,1.61344537815126,0.925925925925926,1.10924369747899,1.07407407407407
