virus,realm,locus_tag,host,type,shape,AAA,AAC,AAG,AAT,ACA,ACC,ACG,ACT,AGA,AGC,AGG,AGT,ATA,ATC,ATG,ATT,CAA,CAC,CAG,CAT,CCA,CCC,CCG,CCT,CGA,CGC,CGG,CGT,CTA,CTC,CTG,CTT,GAA,GAC,GAG,GAT,GCA,GCC,GCG,GCT,GGA,GGC,GGG,GGT,GTA,GTC,GTG,GTT,TAA,TAC,TAG,TAT,TCA,TCC,TCG,TCT,TGA,TGC,TGG,TGT,TTA,TTC,TTG,TTT
Gemycircularvirus C1c,Monodnaviria,D1R18,human:vertebrates,DNA,linear,0.5,0.761904761904762,1.5,1.23809523809524,0.4,1.8,0.6,1.2,0.15,0.48,0.6,1.2,0.25,0.5,1,2.25,1,1.14285714285714,1,0.857142857142857,0.285714285714286,1.42857142857143,0.571428571428571,1.71428571428571,0.15,2.1,1.2,1.8,0.352941176470588,1.05882352941176,0.705882352941177,1.41176470588235,0.5,0.8,1.5,1.2,0.48,1.28,0.64,1.6,0.714285714285714,1,0.714285714285714,1.57142857142857,0.444444444444444,1.55555555555556,0.444444444444444,1.55555555555556,3,0.933333333333333,0,1.06666666666667,0.48,1.68,0.96,1.2,0,0.666666666666667,1,1.33333333333333,0.352941176470588,0.947368421052632,2.11764705882353,1.05263157894737
