virus,realm,locus_tag,host,type,shape,AAA,AAC,AAG,AAT,ACA,ACC,ACG,ACT,AGA,AGC,AGG,AGT,ATA,ATC,ATG,ATT,CAA,CAC,CAG,CAT,CCA,CCC,CCG,CCT,CGA,CGC,CGG,CGT,CTA,CTC,CTG,CTT,GAA,GAC,GAG,GAT,GCA,GCC,GCG,GCT,GGA,GGC,GGG,GGT,GTA,GTC,GTG,GTT,TAA,TAC,TAG,TAT,TCA,TCC,TCG,TCT,TGA,TGC,TGG,TGT,TTA,TTC,TTG,TTT
Gerygone associated gemycircularvirus 2,Monodnaviria,QU80,vertebrates,DNA,circular,0.648648648648649,1.09090909090909,1.35135135135135,0.909090909090909,0.636363636363636,1.63636363636364,0.727272727272727,1,0.765957446808511,0.638297872340426,1.14893617021277,0.893617021276596,0.075,1.575,1,1.35,0.625,0.8,1.375,1.2,0.761904761904762,0.761904761904762,0.761904761904762,1.71428571428571,0.765957446808511,1.78723404255319,0.765957446808511,0.765957446808511,0.4,2,0.8,1.73333333333333,0.833333333333333,0.977777777777778,1.16666666666667,1.02222222222222,1.40740740740741,1.33333333333333,0.37037037037037,0.888888888888889,1.45454545454545,1.09090909090909,0.581818181818182,0.872727272727273,0.444444444444444,1.48148148148148,0.444444444444444,1.62962962962963,1.5,1.30769230769231,1.5,0.692307692307692,1.27659574468085,1.53191489361702,0.382978723404255,1.27659574468085,0,1.11111111111111,1,0.888888888888889,0,0.928571428571429,1.06666666666667,1.07142857142857
