virus,realm,locus_tag,host,type,shape,AAA,AAC,AAG,AAT,ACA,ACC,ACG,ACT,AGA,AGC,AGG,AGT,ATA,ATC,ATG,ATT,CAA,CAC,CAG,CAT,CCA,CCC,CCG,CCT,CGA,CGC,CGG,CGT,CTA,CTC,CTG,CTT,GAA,GAC,GAG,GAT,GCA,GCC,GCG,GCT,GGA,GGC,GGG,GGT,GTA,GTC,GTG,GTT,TAA,TAC,TAG,TAT,TCA,TCC,TCG,TCT,TGA,TGC,TGG,TGT,TTA,TTC,TTG,TTT
Ghana virus,Riboviria,NL18,vertebrates,RNA,linear,1.1304347826087,0.804878048780488,0.869565217391304,1.19512195121951,1.5887323943662,0.833802816901408,0.191549295774648,1.38591549295775,3.63210702341137,0.743362831858407,1.12374581939799,1.19469026548673,1.11111111111111,0.888888888888889,1,1,1.27184466019417,0.633663366336634,0.728155339805825,1.36633663366337,1.42424242424242,0.575757575757576,0.560606060606061,1.43939393939394,0.581939799331104,0.100334448160535,0.321070234113712,0.240802675585284,0.839756592292089,0.888438133874239,0.693711967545639,1.15618661257606,1.0919881305638,0.737201365187713,0.908011869436202,1.26279863481229,1.96946564885496,0.580152671755725,0.259541984732824,1.19083969465649,1.57142857142857,0.471428571428571,0.971428571428571,0.985714285714286,0.996677740863787,1.04983388704319,0.943521594684385,1.00996677740864,2.14285714285714,0.855769230769231,0,1.14423076923077,1.73893805309735,0.836283185840708,0.345132743362832,1.14159292035398,0.857142857142857,0.785714285714286,1,1.21428571428571,1.29006085192698,0.983050847457627,1.13184584178499,1.01694915254237
