virus,realm,locus_tag,host,type,shape,AAA,AAC,AAG,AAT,ACA,ACC,ACG,ACT,AGA,AGC,AGG,AGT,ATA,ATC,ATG,ATT,CAA,CAC,CAG,CAT,CCA,CCC,CCG,CCT,CGA,CGC,CGG,CGT,CTA,CTC,CTG,CTT,GAA,GAC,GAG,GAT,GCA,GCC,GCG,GCT,GGA,GGC,GGG,GGT,GTA,GTC,GTG,GTT,TAA,TAC,TAG,TAT,TCA,TCC,TCG,TCT,TGA,TGC,TGG,TGT,TTA,TTC,TTG,TTT
Giant panda circovirus 4,NA,CGU84,NA,DNA,linear,1.38095238095238,0.577777777777778,0.619047619047619,1.42222222222222,2,0.5,0.9,0.6,2.21739130434783,1.07142857142857,0.260869565217391,0.642857142857143,1.4375,0.4375,1,1.125,1.3125,1.25,0.6875,0.75,2.125,0.625,0.625,0.625,1.56521739130435,0.652173913043478,0.391304347826087,0.91304347826087,0,0.333333333333333,1.66666666666667,0.5,1.39393939393939,0.9375,0.606060606060606,1.0625,1.76,0.64,0.96,0.64,1.46341463414634,0.390243902439024,1.26829268292683,0.878048780487805,1.48148148148148,0,1.48148148148148,1.03703703703704,0,0.486486486486487,1.5,1.51351351351351,1.28571428571429,0.857142857142857,1.71428571428571,0.428571428571429,1.5,0.888888888888889,1,1.11111111111111,1.66666666666667,0.258064516129032,1.83333333333333,1.74193548387097
