virus,realm,locus_tag,host,type,shape,AAA,AAC,AAG,AAT,ACA,ACC,ACG,ACT,AGA,AGC,AGG,AGT,ATA,ATC,ATG,ATT,CAA,CAC,CAG,CAT,CCA,CCC,CCG,CCT,CGA,CGC,CGG,CGT,CTA,CTC,CTG,CTT,GAA,GAC,GAG,GAT,GCA,GCC,GCG,GCT,GGA,GGC,GGG,GGT,GTA,GTC,GTG,GTT,TAA,TAC,TAG,TAT,TCA,TCC,TCG,TCT,TGA,TGC,TGG,TGT,TTA,TTC,TTG,TTT
Glossina pallidipes salivary gland hypertrophy virus,Naldaviricetes,SGHV,invertebrates,DNA,circular,1.67623036649215,0.318199307425933,0.323769633507853,1.68180069257407,2.00134498991258,0.470746469401479,0.425016812373907,1.10289172831204,2.13510638297872,0.522332859174964,0.475531914893617,1.5072546230441,1.38817891373802,0.212460063897764,1,1.39936102236422,1.65594405594406,0.455242966751918,0.344055944055944,1.54475703324808,2.02157864849517,0.488358886996025,0.67915956842703,0.810902896081772,1.18723404255319,0.49468085106383,0.319148936170213,1.38829787234043,0.607507218479307,0.232146294513956,0.170933589990375,0.734552454282964,1.5957324106113,0.423114593535749,0.404267589388697,1.57688540646425,1.92622401073105,0.63849765258216,0.423876592890677,1.01140174379611,1.43352601156069,0.719653179190751,0.485549132947977,1.36127167630058,1.54068136272545,0.375150300601202,0.466533066132265,1.61763527054108,2.34375,0.373712255772647,0.3375,1.62628774422735,1.84011379800853,0.387482219061166,0.732290184921764,1.01052631578947,0.31875,0.545277507302824,1,1.45472249269718,3.15187680461983,0.363150867823765,1.10298363811357,1.63684913217624
