virus,realm,host,locus_tag,AAA,AAC,AAG,AAT,ACA,ACC,ACG,ACT,AGA,AGC,AGG,AGT,ATA,ATC,ATG,ATT,CAA,CAC,CAG,CAT,CCA,CCC,CCG,CCT,CGA,CGC,CGG,CGT,CTA,CTC,CTG,CTT,GAA,GAC,GAG,GAT,GCA,GCC,GCG,GCT,GGA,GGC,GGG,GGT,GTA,GTC,GTG,GTT,TAA,TAC,TAG,TAT,TCA,TCC,TCG,TCT,TGA,TGC,TGG,TGT,TTA,TTC,TTG,TTT
Goose calicivirus,Riboviria,vertebrates,EW44,0.961038961038961,1.33870967741935,1.03896103896104,0.661290322580645,0.5662100456621,1.97260273972603,0.328767123287671,1.1324200913242,0.765957446808511,0.391959798994975,0.382978723404255,0.391959798994975,0.217741935483871,1.71774193548387,1,1.06451612903226,0.925925925925926,1.51612903225806,1.07407407407407,0.483870967741935,0.883116883116883,1.55844155844156,0.285714285714286,1.27272727272727,0.51063829787234,2.97872340425532,0.382978723404255,0.978723404255319,0.354545454545455,3.21818181818182,0.709090909090909,1.52727272727273,1.21649484536082,1.30232558139535,0.783505154639175,0.697674418604651,0.85823754789272,1.53256704980843,0.367816091954023,1.24137931034483,0.699453551912568,1.94535519125683,0.415300546448087,0.939890710382514,0.335329341317365,1.94011976047904,0.646706586826347,1.07784431137725,1.5,1.36263736263736,0,0.637362637362637,0.904522613065327,2.35175879396985,0.422110552763819,1.53768844221106,1.5,1.2093023255814,1,0.790697674418605,0.0818181818181818,1.14,0.109090909090909,0.86
