virus,realm,host,locus_tag,AAA,AAC,AAG,AAT,ACA,ACC,ACG,ACT,AGA,AGC,AGG,AGT,ATA,ATC,ATG,ATT,CAA,CAC,CAG,CAT,CCA,CCC,CCG,CCT,CGA,CGC,CGG,CGT,CTA,CTC,CTG,CTT,GAA,GAC,GAG,GAT,GCA,GCC,GCG,GCT,GGA,GGC,GGG,GGT,GTA,GTC,GTG,GTT,TAA,TAC,TAG,TAT,TCA,TCC,TCG,TCT,TGA,TGC,TGG,TGT,TTA,TTC,TTG,TTT
Gordonia phage Catfish,Duplodnaviria,bacteria,KDJ57,0.25,1.61995249406176,1.75,0.380047505938242,0.349775784753363,1.14798206278027,2.17937219730942,0.322869955156951,0.0893169877408056,1.09429280397022,0.257443082311734,0.535980148883375,0.0971428571428571,2.29142857142857,1,0.611428571428571,0.367058823529412,1.54135338345865,1.63294117647059,0.458646616541353,0.113798008534851,0.677098150782361,2.95874822190612,0.250355618776671,0.604203152364273,2.00700525394046,2.42732049036778,0.614711033274956,0.322636600173461,2.23243712055507,2.0294882914137,0.733738074588031,0.678002125398512,1.45288753799392,1.32199787460149,0.547112462006079,0.321348314606742,0.773033707865169,2.48089887640449,0.424719101123596,0.356940509915014,1.95184135977337,0.98300283286119,0.708215297450425,0.167350287120591,1.79163248564397,1.4766201804758,0.564397046759639,0.192307692307692,1.65171503957784,0.346153846153846,0.348284960422164,0.364764267990074,0.73697270471464,2.90322580645161,0.364764267990074,2.46153846153846,1.27868852459016,1,0.721311475409836,0.02601908065915,1.80733944954128,0.655680832610581,0.192660550458716
