virus,realm,host,locus_tag,AAA,AAC,AAG,AAT,ACA,ACC,ACG,ACT,AGA,AGC,AGG,AGT,ATA,ATC,ATG,ATT,CAA,CAC,CAG,CAT,CCA,CCC,CCG,CCT,CGA,CGC,CGG,CGT,CTA,CTC,CTG,CTT,GAA,GAC,GAG,GAT,GCA,GCC,GCG,GCT,GGA,GGC,GGG,GGT,GTA,GTC,GTG,GTT,TAA,TAC,TAG,TAT,TCA,TCC,TCG,TCT,TGA,TGC,TGG,TGT,TTA,TTC,TTG,TTT
Gordonia phage Danyall,Duplodnaviria,bacteria,KNT95,0.32902033271719,1.88021778584392,1.67097966728281,0.11978221415608,0.263038548752834,2.40362811791383,1.14285714285714,0.19047619047619,0.0386542591267001,1.15126903553299,0.137437365783822,0.146192893401015,0.0658914728682171,2.76356589147287,1,0.170542635658915,0.27172195892575,1.81723237597911,1.72827804107425,0.182767624020888,0.332493702770781,1.39378673383711,2.03862300587741,0.235096557514694,0.545454545454545,3.04509663564782,1.64065855404438,0.592698639942734,0.138492871690428,3.05498981670061,2.32993890020367,0.142566191446029,0.629876308277831,1.79295154185022,1.37012369172217,0.20704845814978,0.361888111888112,1.85314685314685,1.54370629370629,0.241258741258741,0.498740554156171,2.17884130982368,0.795969773299748,0.526448362720403,0.0950323974082073,2.20590352771778,1.44564434845212,0.253419726421886,0.221052631578947,1.89528795811518,0.378947368421053,0.104712041884817,0.414213197969543,1.60812182741117,2.49746192893401,0.182741116751269,2.4,1.80681818181818,1,0.193181818181818,0.0203665987780041,1.94238683127572,0.313645621181263,0.0576131687242798
