virus,realm,host,locus_tag,AAA,AAC,AAG,AAT,ACA,ACC,ACG,ACT,AGA,AGC,AGG,AGT,ATA,ATC,ATG,ATT,CAA,CAC,CAG,CAT,CCA,CCC,CCG,CCT,CGA,CGC,CGG,CGT,CTA,CTC,CTG,CTT,GAA,GAC,GAG,GAT,GCA,GCC,GCG,GCT,GGA,GGC,GGG,GGT,GTA,GTC,GTG,GTT,TAA,TAC,TAG,TAT,TCA,TCC,TCG,TCT,TGA,TGC,TGG,TGT,TTA,TTC,TTG,TTT
Gordonia phage Octobien14,Duplodnaviria,bacteria,L3Y22,0.173758865248227,1.53905249679898,1.82624113475177,0.460947503201024,0.345467523197716,1.51320485367595,1.24482512491078,0.89650249821556,0.141568355308813,1.0228245363766,0.458015267175573,0.534950071326676,0.120240480961924,1.94488977955912,1,0.934869739478958,0.393034825870647,1.39224137931034,1.60696517412935,0.607758620689655,0.246051537822111,0.887780548628429,1.89193682460515,0.974231088944306,0.524635669673838,1.63636363636364,1.77376821651631,1.46564885496183,0.432806324110672,1.13833992094862,1.86758893280632,1.12648221343874,0.569371727748691,1.25063291139241,1.43062827225131,0.749367088607595,0.438759689922481,0.993798449612403,1.23565891472868,1.33178294573643,0.32355915065723,1.68048533872599,0.802831142568251,1.19312436804853,0.244456462952948,1.20497566252028,1.52947539210384,1.02109248242293,0.755244755244755,1.45120226308345,0.65034965034965,0.548797736916549,0.308131241084165,1.04422253922967,2.03281027104137,1.05706134094151,1.59440559440559,1.39759036144578,1,0.602409638554217,0.0622529644268775,1.57922077922078,1.37252964426877,0.420779220779221
