virus,realm,host,locus_tag,AAA,AAC,AAG,AAT,ACA,ACC,ACG,ACT,AGA,AGC,AGG,AGT,ATA,ATC,ATG,ATT,CAA,CAC,CAG,CAT,CCA,CCC,CCG,CCT,CGA,CGC,CGG,CGT,CTA,CTC,CTG,CTT,GAA,GAC,GAG,GAT,GCA,GCC,GCG,GCT,GGA,GGC,GGG,GGT,GTA,GTC,GTG,GTT,TAA,TAC,TAG,TAT,TCA,TCC,TCG,TCT,TGA,TGC,TGG,TGT,TTA,TTC,TTG,TTT
Gordonia phage Sombrero,Duplodnaviria,bacteria,HWC02,0.167974882260597,1.65262076053443,1.8320251177394,0.34737923946557,0.53072625698324,1.95530726256983,0.963687150837989,0.550279329608939,0.240909090909091,1.35306553911205,0.540909090909091,0.587737843551797,0.180665610142631,2.32250396196513,1,0.496830427892235,0.207264957264957,1.48433734939759,1.79273504273504,0.51566265060241,0.542586750788643,1.24290220820189,1.69716088328076,0.517350157728707,0.918181818181818,2.35,0.918181818181818,1.03181818181818,0.246013667425968,2.39521640091116,2.24829157175399,0.56378132118451,0.475786924939467,1.47340067340067,1.52421307506053,0.526599326599327,1.00561555075594,1.21123110151188,1.09200863930886,0.691144708423326,0.603934077618288,1.90536948431685,0.578415736310473,0.912280701754386,0.361893349310965,1.59616536848412,1.4116237267825,0.630317555422409,0.583333333333333,1.70967741935484,0.611111111111111,0.290322580645161,0.456659619450317,1.00634249471459,2.0507399577167,0.545454545454545,1.80555555555556,1.46887966804979,1,0.531120331950207,0.030751708428246,1.79386503067485,0.515945330296128,0.206134969325153
