virus,realm,locus_tag,host,type,shape,AAA,AAC,AAG,AAT,ACA,ACC,ACG,ACT,AGA,AGC,AGG,AGT,ATA,ATC,ATG,ATT,CAA,CAC,CAG,CAT,CCA,CCC,CCG,CCT,CGA,CGC,CGG,CGT,CTA,CTC,CTG,CTT,GAA,GAC,GAG,GAT,GCA,GCC,GCG,GCT,GGA,GGC,GGG,GGT,GTA,GTC,GTG,GTT,TAA,TAC,TAG,TAT,TCA,TCC,TCG,TCT,TGA,TGC,TGG,TGT,TTA,TTC,TTG,TTT
Gordonia phage UmaThurman,Duplodnaviria,BJD58,bacteria,DNA,linear,0.304587155963303,1.8304347826087,1.6954128440367,0.169565217391304,0.214350590372389,2.44504995458674,1.17347865576748,0.167120799273388,0.085,1.03378378378378,0.19,0.168918918918919,0.020891364902507,2.83704735376045,1,0.142061281337047,0.242753623188406,1.81714285714286,1.75724637681159,0.182857142857143,0.334352701325178,1.29255861365953,2.19775739041794,0.17533129459735,0.58,3.045,1.575,0.525,0.133884297520661,3.06942148760331,2.34545454545455,0.11404958677686,0.571759259259259,1.73181419807187,1.42824074074074,0.268185801928133,0.435622317596566,1.66952789699571,1.63733905579399,0.257510729613734,0.45746962115797,2.15868477483917,0.729092208720515,0.654753395282345,0.110344827586207,2.29578544061303,1.42222222222222,0.171647509578544,0.072289156626506,1.86170212765957,0.397590361445783,0.138297872340426,0.351351351351351,1.51351351351351,2.71621621621622,0.216216216216216,2.53012048192771,1.84615384615385,1,0.153846153846154,0.00991735537190083,1.93913043478261,0.327272727272727,0.0608695652173913
