virus,realm,locus_tag,host,type,shape,AAA,AAC,AAG,AAT,ACA,ACC,ACG,ACT,AGA,AGC,AGG,AGT,ATA,ATC,ATG,ATT,CAA,CAC,CAG,CAT,CCA,CCC,CCG,CCT,CGA,CGC,CGG,CGT,CTA,CTC,CTG,CTT,GAA,GAC,GAG,GAT,GCA,GCC,GCG,GCT,GGA,GGC,GGG,GGT,GTA,GTC,GTG,GTT,TAA,TAC,TAG,TAT,TCA,TCC,TCG,TCT,TGA,TGC,TGG,TGT,TTA,TTC,TTG,TTT
Gordonia phage Beaver,Duplodnaviria,HWC39,bacteria,DNA,linear,0.15968992248062,1.62576687116564,1.84031007751938,0.374233128834356,0.555704697986577,1.93557046979866,0.918120805369128,0.590604026845638,0.258461538461538,1.26986301369863,0.618461538461539,0.620547945205479,0.214618973561431,2.23950233281493,1,0.545878693623639,0.223655913978495,1.55334987593052,1.77634408602151,0.446650124069479,0.552693208430913,1.21779859484778,1.67993754879001,0.549570647931304,0.803076923076923,2.32615384615385,0.913846153846154,1.08,0.299495232753786,2.38250140213124,2.2277061132922,0.602355580482333,0.463750748951468,1.48905109489051,1.53624925104853,0.510948905109489,0.944801026957638,1.22892597347026,1.10055626872058,0.725716730851519,0.653648509763618,1.88489208633094,0.573484069886948,0.887975334018499,0.365125804564073,1.53774136922177,1.40901111761264,0.688121708601521,0.577981651376147,1.72885906040268,0.743119266055046,0.271140939597315,0.493150684931507,0.998630136986301,2.05890410958904,0.558904109589041,1.67889908256881,1.43103448275862,1,0.568965517241379,0.0201906898485698,1.73829531812725,0.467750981491868,0.261704681872749
