virus,realm,locus_tag,host,type,shape,AAA,AAC,AAG,AAT,ACA,ACC,ACG,ACT,AGA,AGC,AGG,AGT,ATA,ATC,ATG,ATT,CAA,CAC,CAG,CAT,CCA,CCC,CCG,CCT,CGA,CGC,CGG,CGT,CTA,CTC,CTG,CTT,GAA,GAC,GAG,GAT,GCA,GCC,GCG,GCT,GGA,GGC,GGG,GGT,GTA,GTC,GTG,GTT,TAA,TAC,TAG,TAT,TCA,TCC,TCG,TCT,TGA,TGC,TGG,TGT,TTA,TTC,TTG,TTT
Gordonia phage Daredevil,Duplodnaviria,HOT75,bacteria,DNA,linear,0.136154553817847,1.76738882554162,1.86384544618215,0.232611174458381,0.281959378733572,2.67383512544803,0.843488649940263,0.200716845878136,0.0729001584786054,1.53380553766903,0.206022187004754,0.297488731487444,0.0414364640883978,2.78660220994475,1,0.171961325966851,0.160416666666667,1.68782161234991,1.83958333333333,0.312178387650086,0.382555470543229,1.49043611323642,1.92807957153787,0.198928844682479,0.868462757527734,3.14421553090333,1.16640253565769,0.541996830427892,0.114806378132118,3.05603644646925,2.39726651480638,0.224145785876993,0.427287149656267,1.68385214007782,1.57271285034373,0.316147859922179,0.549356223175966,2.13271706833939,1.00363156157148,0.314295146913173,0.420376319412575,2.60302891234511,0.536025699862322,0.440569068379991,0.082018927444795,2.62881177707676,1.08096740273396,0.20820189274448,0.2,1.83875162548765,0.363636363636364,0.161248374512354,0.328396651641983,1.52607855763039,2.07083065035415,0.243399871216999,2.43636363636364,1.672,1,0.328,0.00273348519362187,1.94502617801047,0.20501138952164,0.0549738219895288
