virus,realm,host,locus_tag,AAA,AAC,AAG,AAT,ACA,ACC,ACG,ACT,AGA,AGC,AGG,AGT,ATA,ATC,ATG,ATT,CAA,CAC,CAG,CAT,CCA,CCC,CCG,CCT,CGA,CGC,CGG,CGT,CTA,CTC,CTG,CTT,GAA,GAC,GAG,GAT,GCA,GCC,GCG,GCT,GGA,GGC,GGG,GGT,GTA,GTC,GTG,GTT,TAA,TAC,TAG,TAT,TCA,TCC,TCG,TCT,TGA,TGC,TGG,TGT,TTA,TTC,TTG,TTT
Gordonia phage Pleakley,Duplodnaviria,bacteria,KNU02,0.0765864332603939,1.86277372262774,1.92341356673961,0.137226277372263,0.14873417721519,2.64873417721519,1.03481012658228,0.167721518987342,0.0384341637010676,1.46826126954922,0.200711743772242,0.193192272309108,0.0216942148760331,2.80165289256198,1,0.176652892561983,0.184899845916795,1.81132075471698,1.81510015408321,0.188679245283019,0.119460500963391,1.41040462427746,2.25433526011561,0.215799614643545,0.713167259786477,2.60071174377224,1.87046263345196,0.576512455516014,0.0998719590268886,2.77720870678617,2.33546734955186,0.391805377720871,0.405688622754491,1.76171352074967,1.59431137724551,0.238286479250335,0.354806739345887,1.90683845391477,1.38553022794846,0.352824578790882,0.472950362520915,2.04350250976018,0.738427216954824,0.745119910764083,0.081190798376184,2.57916102841678,1.18809201623816,0.151556156968877,0.15625,1.86964618249534,0.46875,0.130353817504655,0.193192272309108,1.35234590616375,2.55013799448022,0.242870285188592,2.375,1.83544303797468,1,0.164556962025316,0.00768245838668374,1.925,0.387964148527529,0.075
