virus,realm,host,locus_tag,AAA,AAC,AAG,AAT,ACA,ACC,ACG,ACT,AGA,AGC,AGG,AGT,ATA,ATC,ATG,ATT,CAA,CAC,CAG,CAT,CCA,CCC,CCG,CCT,CGA,CGC,CGG,CGT,CTA,CTC,CTG,CTT,GAA,GAC,GAG,GAT,GCA,GCC,GCG,GCT,GGA,GGC,GGG,GGT,GTA,GTC,GTG,GTT,TAA,TAC,TAG,TAT,TCA,TCC,TCG,TCT,TGA,TGC,TGG,TGT,TTA,TTC,TTG,TTT
Gordonia phage Fireball,Duplodnaviria,bacteria,KNU74,0.311787072243346,1.87313432835821,1.68821292775665,0.126865671641791,0.309696092619392,2.42257597684515,1.05354558610709,0.214182344428365,0.0672740014015417,1.23123123123123,0.197617379117029,0.228228228228228,0.0570342205323194,2.76425855513308,1,0.178707224334601,0.310965630114566,1.78117048346056,1.68903436988543,0.21882951653944,0.404074702886248,1.44991511035654,1.97283531409168,0.173174872665535,0.576033637000701,3.14505956552207,1.48002803083392,0.533987386124737,0.175298804780877,3.02390438247012,2.28685258964143,0.199203187250996,0.621414913957935,1.79665940450254,1.37858508604206,0.203340595497458,0.420146362462333,1.86827378390013,1.4894532931554,0.222126560482135,0.496619545175169,2.15119852489244,0.808850645359557,0.543331284572833,0.150995195607412,2.22374742621826,1.43857240905971,0.186684969114619,0.247422680412371,1.90163934426229,0.402061855670103,0.0983606557377049,0.408408408408408,1.67567567567568,2.27627627627628,0.18018018018018,2.35051546391753,1.76216216216216,1,0.237837837837838,0.0119521912350598,1.93548387096774,0.302788844621514,0.0645161290322581
