virus,realm,locus_tag,host,type,shape,AAA,AAC,AAG,AAT,ACA,ACC,ACG,ACT,AGA,AGC,AGG,AGT,ATA,ATC,ATG,ATT,CAA,CAC,CAG,CAT,CCA,CCC,CCG,CCT,CGA,CGC,CGG,CGT,CTA,CTC,CTG,CTT,GAA,GAC,GAG,GAT,GCA,GCC,GCG,GCT,GGA,GGC,GGG,GGT,GTA,GTC,GTG,GTT,TAA,TAC,TAG,TAT,TCA,TCC,TCG,TCT,TGA,TGC,TGG,TGT,TTA,TTC,TTG,TTT
Gordonia phage Tanis,Duplodnaviria,HWC73,bacteria,DNA,linear,0.433425160697888,1.34461910519952,1.56657483930211,0.655380894800484,0.693562231759657,1.29785407725322,0.889270386266094,1.11931330472103,0.439344262295082,0.895883777239709,0.485245901639344,0.789346246973366,0.188868613138686,1.94343065693431,1,0.867700729927007,0.589341692789969,1.02840909090909,1.41065830721003,0.971590909090909,0.696598639455782,0.658503401360544,1.22448979591837,1.42040816326531,1.46885245901639,0.904918032786885,0.845901639344262,1.85573770491803,0.37625083388926,1.59306204136091,1.44496330887258,1.26884589726484,0.796623177283193,1.02665520206363,1.20337682271681,0.973344797936371,0.918238993710692,0.89811320754717,0.613836477987421,1.56981132075472,0.897777777777778,1.05185185185185,0.48,1.57037037037037,0.408104196816208,1.37771345875543,0.839363241678726,1.37481910274964,0.903225806451613,1.28253968253968,0.548387096774194,0.717460317460317,0.716707021791768,0.924939467312349,1.42372881355932,1.24939467312349,1.54838709677419,0.972972972972973,1,1.02702702702703,0.0720480320213476,1.558599695586,1.24482988659106,0.441400304414003
