virus,realm,locus_tag,host,type,shape,AAA,AAC,AAG,AAT,ACA,ACC,ACG,ACT,AGA,AGC,AGG,AGT,ATA,ATC,ATG,ATT,CAA,CAC,CAG,CAT,CCA,CCC,CCG,CCT,CGA,CGC,CGG,CGT,CTA,CTC,CTG,CTT,GAA,GAC,GAG,GAT,GCA,GCC,GCG,GCT,GGA,GGC,GGG,GGT,GTA,GTC,GTG,GTT,TAA,TAC,TAG,TAT,TCA,TCC,TCG,TCT,TGA,TGC,TGG,TGT,TTA,TTC,TTG,TTT
Gordonia phage Kabluna,Duplodnaviria,KNT75,bacteria,DNA,linear,0.144208037825059,1.84615384615385,1.85579196217494,0.153846153846154,0.202494497432135,2.57079970652971,0.997798972853999,0.228906823184153,0.0688775510204082,1.4016620498615,0.221938775510204,0.254847645429363,0.0346153846153846,2.81826923076923,1,0.147115384615385,0.182352941176471,1.72020725388601,1.81764705882353,0.27979274611399,0.247422680412371,1.28865979381443,2.15807560137457,0.305841924398625,0.880102040816326,2.44515306122449,1.85969387755102,0.524234693877551,0.0836501901140684,3.06463878326996,2.33079847908745,0.193916349809886,0.322487346348518,1.7525354969574,1.67751265365148,0.247464503042596,0.356877323420074,1.71747211895911,1.62639405204461,0.299256505576208,0.543668122270742,1.87336244541485,0.934497816593886,0.648471615720524,0.0831099195710456,2.4745308310992,1.21447721179625,0.227882037533512,0.157894736842105,1.81818181818182,0.505263157894737,0.181818181818182,0.21606648199446,1.37950138504155,2.53185595567867,0.21606648199446,2.33684210526316,1.64705882352941,1,0.352941176470588,0.00760456273764259,1.92899408284024,0.319391634980989,0.0710059171597633
