virus,realm,locus_tag,host,type,shape,AAA,AAC,AAG,AAT,ACA,ACC,ACG,ACT,AGA,AGC,AGG,AGT,ATA,ATC,ATG,ATT,CAA,CAC,CAG,CAT,CCA,CCC,CCG,CCT,CGA,CGC,CGG,CGT,CTA,CTC,CTG,CTT,GAA,GAC,GAG,GAT,GCA,GCC,GCG,GCT,GGA,GGC,GGG,GGT,GTA,GTC,GTG,GTT,TAA,TAC,TAG,TAT,TCA,TCC,TCG,TCT,TGA,TGC,TGG,TGT,TTA,TTC,TTG,TTT
Gordonia phage Gmala1,Duplodnaviria,AVT65,bacteria,DNA,linear,0.453576864535769,0.72663139329806,1.54642313546423,1.27336860670194,0.454961832061069,1.57251908396947,0.693129770992366,1.2793893129771,0.495652173913044,1.45871559633028,0.48,0.786369593709043,0.120637329286798,0.889984825493171,1,1.98937784522003,0.383625730994152,1.02564102564103,1.61637426900585,0.974358974358974,0.654343807763401,0.850277264325323,1.77449168207024,0.720887245841035,1.14782608695652,1.63826086956522,0.866086956521739,1.37217391304348,0.46875,1.00600961538462,1.73798076923077,1.88581730769231,1.02256699576869,1.13905522288756,0.977433004231312,0.860944777112442,1.12133072407045,0.956947162426614,0.837573385518591,1.08414872798434,0.994272623138603,1.41580756013746,0.327605956471936,1.262313860252,0.595460614152203,0.814419225634179,0.777036048064085,1.81308411214953,1.43333333333333,1.07067669172932,0.666666666666667,0.929323308270677,0.566186107470511,0.998689384010485,1.03014416775885,1.15989515072084,0.9,1.4027149321267,1,0.597285067873303,0.09375,1.10813823857302,0.807692307692308,0.891861761426979
