virus,realm,locus_tag,host,type,shape,AAA,AAC,AAG,AAT,ACA,ACC,ACG,ACT,AGA,AGC,AGG,AGT,ATA,ATC,ATG,ATT,CAA,CAC,CAG,CAT,CCA,CCC,CCG,CCT,CGA,CGC,CGG,CGT,CTA,CTC,CTG,CTT,GAA,GAC,GAG,GAT,GCA,GCC,GCG,GCT,GGA,GGC,GGG,GGT,GTA,GTC,GTG,GTT,TAA,TAC,TAG,TAT,TCA,TCC,TCG,TCT,TGA,TGC,TGG,TGT,TTA,TTC,TTG,TTT
Gordonia phage Zirinka,Duplodnaviria,SEA,bacteria,DNA,linear,0.23613595706619,1.82936507936508,1.76386404293381,0.170634920634921,0.321991701244813,2.3103734439834,1.09875518672199,0.268879668049793,0.140322580645161,1.26351351351351,0.159677419354839,0.25,0.0279255319148936,2.77260638297872,1,0.199468085106383,0.241206030150754,1.79008746355685,1.75879396984925,0.209912536443149,0.325678496868476,1.24843423799582,2.16701461377871,0.258872651356994,0.687096774193548,2.72903225806452,1.73709677419355,0.546774193548387,0.165450121654501,2.77372262773723,2.49148418491484,0.262773722627737,0.508324084350721,1.68776371308017,1.49167591564928,0.312236286919831,0.387418871692461,1.69345981028457,1.66749875187219,0.251622566150774,0.485795454545455,2.11079545454545,0.764204545454545,0.639204545454545,0.116222760290557,2.19854721549637,1.43018563357546,0.255044390637611,0.0759493670886076,1.85041551246537,0.417721518987342,0.149584487534626,0.331081081081081,1.54054054054054,2.41216216216216,0.202702702702703,2.50632911392405,1.73015873015873,1,0.26984126984127,0.0048661800486618,1.89622641509434,0.301703163017032,0.10377358490566
