virus,realm,locus_tag,host,type,shape,AAA,AAC,AAG,AAT,ACA,ACC,ACG,ACT,AGA,AGC,AGG,AGT,ATA,ATC,ATG,ATT,CAA,CAC,CAG,CAT,CCA,CCC,CCG,CCT,CGA,CGC,CGG,CGT,CTA,CTC,CTG,CTT,GAA,GAC,GAG,GAT,GCA,GCC,GCG,GCT,GGA,GGC,GGG,GGT,GTA,GTC,GTG,GTT,TAA,TAC,TAG,TAT,TCA,TCC,TCG,TCT,TGA,TGC,TGG,TGT,TTA,TTC,TTG,TTT
Gordonia phage Jace,Duplodnaviria,HOT28,bacteria,DNA,linear,0.122033898305085,1.87867647058824,1.87796610169492,0.121323529411765,0.295138888888889,2.3125,1.14236111111111,0.25,0.157267672756156,1.91626794258373,0.142970611596505,0.287081339712919,0.0287277701778386,2.68809849521204,1,0.283173734610123,0.112359550561798,1.81693363844394,1.8876404494382,0.183066361556064,0.262602579132474,1.59906213364596,1.96483001172333,0.173505275498241,0.600476568705322,3.51707704527403,1.08657664813344,0.495631453534551,0.111111111111111,2.61538461538462,2.93589743589744,0.141025641025641,0.470343392299688,1.80968564146134,1.52965660770031,0.190314358538658,0.513022113022113,1.8044226044226,1.2972972972973,0.385257985257985,0.260492040520984,2.81331403762663,0.567293777134588,0.3589001447178,0.11686143572621,2.36393989983305,1.32220367278798,0.196994991652755,0.258064516129032,1.87535410764873,0.483870967741935,0.124645892351275,0.351674641148325,1.17703349282297,2.01674641148325,0.251196172248804,2.25806451612903,1.71052631578947,1,0.289473684210526,0,1.88261851015801,0.196581196581197,0.117381489841986
