virus,realm,locus_tag,host,type,shape,AAA,AAC,AAG,AAT,ACA,ACC,ACG,ACT,AGA,AGC,AGG,AGT,ATA,ATC,ATG,ATT,CAA,CAC,CAG,CAT,CCA,CCC,CCG,CCT,CGA,CGC,CGG,CGT,CTA,CTC,CTG,CTT,GAA,GAC,GAG,GAT,GCA,GCC,GCG,GCT,GGA,GGC,GGG,GGT,GTA,GTC,GTG,GTT,TAA,TAC,TAG,TAT,TCA,TCC,TCG,TCT,TGA,TGC,TGG,TGT,TTA,TTC,TTG,TTT
Gordonia phage Jabberwocky,Duplodnaviria,KNU76,bacteria,DNA,linear,0.577405857740586,1.70693069306931,1.42259414225941,0.293069306930693,0.403387220939184,1.98922247882987,1.46882217090069,0.138568129330254,0.0573529411764706,1.0997830802603,0.132352941176471,0.214750542299349,0.168224299065421,2.64252336448598,1,0.189252336448598,0.243093922651934,1.78869778869779,1.75690607734807,0.211302211302211,0.27551867219917,0.803319502074689,2.77178423236515,0.149377593360996,0.516176470588235,2.66470588235294,1.93235294117647,0.697058823529412,0.256906077348066,2.33701657458564,3.04558011049724,0.0621546961325967,0.605539637058262,1.80758426966292,1.39446036294174,0.192415730337079,0.465509944985188,1.37452391028354,1.87727465086754,0.282691493863733,0.258143822987093,2.36754763368162,0.759680393362016,0.614628149969269,0.12327868852459,2.08524590163934,1.64196721311475,0.149508196721311,0.321428571428571,1.66046511627907,0.464285714285714,0.33953488372093,0.429501084598698,0.845986984815618,3.26681127982646,0.143167028199566,2.21428571428571,1.72789115646258,1,0.272108843537415,0.037292817679558,1.89765458422175,0.261049723756906,0.102345415778252
