virus,realm,locus_tag,host,type,shape,AAA,AAC,AAG,AAT,ACA,ACC,ACG,ACT,AGA,AGC,AGG,AGT,ATA,ATC,ATG,ATT,CAA,CAC,CAG,CAT,CCA,CCC,CCG,CCT,CGA,CGC,CGG,CGT,CTA,CTC,CTG,CTT,GAA,GAC,GAG,GAT,GCA,GCC,GCG,GCT,GGA,GGC,GGG,GGT,GTA,GTC,GTG,GTT,TAA,TAC,TAG,TAT,TCA,TCC,TCG,TCT,TGA,TGC,TGG,TGT,TTA,TTC,TTG,TTT
Gordonia phage Kenna,Duplodnaviria,HOU97,bacteria,DNA,linear,0.401993355481728,1.67567567567568,1.59800664451827,0.324324324324324,0.487364620938628,1.98194945848375,1.10830324909747,0.422382671480144,0.217216411906677,0.880165289256198,0.265486725663717,0.384297520661157,0.0553359683794466,2.54940711462451,1,0.395256916996047,0.391376451077944,1.57142857142857,1.60862354892206,0.428571428571429,0.379719525350593,1.14778856526429,1.9848975188781,0.487594390507012,0.584070796460177,2.05631536604988,1.86323411102172,1.01367658889783,0.26394344069128,2.09269442262372,2.13982717989002,0.405341712490181,0.627606752730884,1.40707162284678,1.37239324726912,0.592928377153218,0.563685636856369,1.35718157181572,1.41788617886179,0.661246612466125,0.478134110787172,1.66180758017493,0.938775510204082,0.921282798833819,0.164508758568165,1.51713632901752,1.81568926123382,0.502665651180503,0.275510204081633,1.6504854368932,0.489795918367347,0.349514563106796,0.557851239669422,1.44421487603306,2.26859504132231,0.464876033057851,2.23469387755102,1.56043956043956,1,0.43956043956044,0.00942655145326002,1.7855579868709,1.08876669285153,0.214442013129103
