virus,realm,host,locus_tag,AAA,AAC,AAG,AAT,ACA,ACC,ACG,ACT,AGA,AGC,AGG,AGT,ATA,ATC,ATG,ATT,CAA,CAC,CAG,CAT,CCA,CCC,CCG,CCT,CGA,CGC,CGG,CGT,CTA,CTC,CTG,CTT,GAA,GAC,GAG,GAT,GCA,GCC,GCG,GCT,GGA,GGC,GGG,GGT,GTA,GTC,GTG,GTT,TAA,TAC,TAG,TAT,TCA,TCC,TCG,TCT,TGA,TGC,TGG,TGT,TTA,TTC,TTG,TTT
Gordonia phage Twister6,Duplodnaviria,bacteria,BI083,0.317757009345794,1.86861313868613,1.68224299065421,0.131386861313869,0.282642089093702,2.3963133640553,1.11827956989247,0.202764976958525,0.0221075902726603,1.1664943123061,0.185703758290346,0.173733195449845,0.0546875,2.765625,1,0.1796875,0.282091917591125,1.80361757105943,1.71790808240887,0.196382428940568,0.337391304347826,1.43652173913043,2,0.226086956521739,0.490788504053058,3.1304347826087,1.6138540899042,0.557111274871039,0.152005629838142,3.09078114004222,2.3265306122449,0.143560872624912,0.640926640926641,1.77945619335347,1.35907335907336,0.220543806646526,0.371926687527939,1.85069289226643,1.51989271345552,0.257487706750112,0.502551020408163,2.17602040816327,0.783163265306122,0.538265306122449,0.0962099125364431,2.22448979591837,1.43440233236152,0.244897959183673,0.225806451612903,1.90581717451524,0.354838709677419,0.0941828254847645,0.409513960703206,1.65667011375388,2.38883143743537,0.204756980351603,2.41935483870968,1.825,1,0.175,0.0211118930330753,1.93886462882096,0.266009852216749,0.0611353711790393
