virus,realm,locus_tag,host,type,shape,AAA,AAC,AAG,AAT,ACA,ACC,ACG,ACT,AGA,AGC,AGG,AGT,ATA,ATC,ATG,ATT,CAA,CAC,CAG,CAT,CCA,CCC,CCG,CCT,CGA,CGC,CGG,CGT,CTA,CTC,CTG,CTT,GAA,GAC,GAG,GAT,GCA,GCC,GCG,GCT,GGA,GGC,GGG,GGT,GTA,GTC,GTG,GTT,TAA,TAC,TAG,TAT,TCA,TCC,TCG,TCT,TGA,TGC,TGG,TGT,TTA,TTC,TTG,TTT
Gordonia phage GTE8,Duplodnaviria,AU099,bacteria,DNA,linear,0.13215859030837,1.7962154294032,1.86784140969163,0.203784570596798,0.140403286034354,2.49738610903659,1.13218820014937,0.230022404779686,0.0774431468961278,1.46316680779001,0.236017209588199,0.218458933107536,0.0511848341232227,2.78104265402844,1,0.167772511848341,0.16361071932299,1.72448979591837,1.83638928067701,0.275510204081633,0.119968429360695,1.18389897395422,2.48145224940805,0.214680347277032,0.641671788567916,2.56299938537185,1.97664413030117,0.505224339274739,0.0812807881773399,2.85591133004926,2.60837438423645,0.181034482758621,0.326923076923077,1.74649766511007,1.67307692307692,0.253502334889927,0.309412861136999,1.73718546132339,1.62534948741845,0.328052190121156,0.532319391634981,1.99456816947311,0.956002172732211,0.517110266159696,0.0940877304513668,2.47425301970756,1.23839796567069,0.193261284170375,0.351063829787234,1.80782918149466,0.478723404255319,0.192170818505338,0.203217612193057,1.26502963590178,2.63674851820491,0.21337849280271,2.17021276595745,1.56650246305419,1,0.433497536945813,0.0147783251231527,1.92011834319527,0.258620689655172,0.0798816568047337
