virus,realm,locus_tag,host,type,shape,AAA,AAC,AAG,AAT,ACA,ACC,ACG,ACT,AGA,AGC,AGG,AGT,ATA,ATC,ATG,ATT,CAA,CAC,CAG,CAT,CCA,CCC,CCG,CCT,CGA,CGC,CGG,CGT,CTA,CTC,CTG,CTT,GAA,GAC,GAG,GAT,GCA,GCC,GCG,GCT,GGA,GGC,GGG,GGT,GTA,GTC,GTG,GTT,TAA,TAC,TAG,TAT,TCA,TCC,TCG,TCT,TGA,TGC,TGG,TGT,TTA,TTC,TTG,TTT
Gordonia phage Marietta,Duplodnaviria,KNU07,bacteria,DNA,linear,0.072855464159812,1.85692995529061,1.92714453584019,0.143070044709389,0.143974960876369,2.58215962441315,1.02660406885759,0.247261345852895,0.0623268698060942,1.41440598690365,0.199445983379501,0.241347053320861,0.018887722980063,2.81112277019937,1,0.169989506820567,0.118361153262519,1.80152671755725,1.88163884673748,0.198473282442748,0.196428571428571,1.26428571428571,2.28214285714286,0.257142857142857,0.623268698060942,2.81717451523546,1.77423822714681,0.523545706371191,0.104786545924968,2.9379042690815,2.47606727037516,0.205692108667529,0.298711144806672,1.74104683195592,1.70128885519333,0.258953168044077,0.365888518342068,1.71129109099571,1.68270605050024,0.240114340161982,0.434378629500581,2.08826945412311,0.898954703832753,0.578397212543554,0.0874914559125086,2.43609022556391,1.27682843472317,0.19958988380041,0.164835164835165,1.83076923076923,0.626373626373626,0.169230769230769,0.151543498596819,1.34705332086062,2.63797942001871,0.207670720299345,2.20879120879121,1.7906976744186,1,0.209302325581395,0.00388098318240621,1.88943089430894,0.271668822768435,0.110569105691057
