virus,realm,locus_tag,host,type,shape,AAA,AAC,AAG,AAT,ACA,ACC,ACG,ACT,AGA,AGC,AGG,AGT,ATA,ATC,ATG,ATT,CAA,CAC,CAG,CAT,CCA,CCC,CCG,CCT,CGA,CGC,CGG,CGT,CTA,CTC,CTG,CTT,GAA,GAC,GAG,GAT,GCA,GCC,GCG,GCT,GGA,GGC,GGG,GGT,GTA,GTC,GTG,GTT,TAA,TAC,TAG,TAT,TCA,TCC,TCG,TCT,TGA,TGC,TGG,TGT,TTA,TTC,TTG,TTT
Gordonia phage Keitabear,Duplodnaviria,KNU77,bacteria,DNA,linear,0.577868852459016,1.73613766730402,1.42213114754098,0.263862332695985,0.406832298136646,1.94409937888199,1.44099378881988,0.208074534161491,0.0772881355932203,1.04854368932039,0.166779661016949,0.27831715210356,0.159574468085106,2.58156028368794,1,0.25886524822695,0.255494505494505,1.75799086757991,1.74450549450549,0.242009132420091,0.282988871224165,0.899841017488076,2.63275039745628,0.184419713831479,0.610169491525424,2.5993220338983,1.84677966101695,0.699661016949153,0.255138199858257,2.27498228206945,3.09142452161588,0.076541459957477,0.620560747663551,1.77453027139875,1.37943925233645,0.225469728601253,0.510712724092698,1.38871884564932,1.82772190642763,0.272846523830345,0.262295081967213,2.26836672738312,0.799028536733455,0.670309653916211,0.144832126398947,2.10138248847926,1.55628703094141,0.197498354180382,0.325301204819277,1.66350710900474,0.614457831325301,0.336492890995261,0.427184466019417,0.925566343042071,3.14563106796116,0.174757281553398,2.06024096385542,1.58620689655172,1,0.413793103448276,0.0255138199858257,1.875,0.276399716513111,0.125
