virus,realm,host,locus_tag,AAA,AAC,AAG,AAT,ACA,ACC,ACG,ACT,AGA,AGC,AGG,AGT,ATA,ATC,ATG,ATT,CAA,CAC,CAG,CAT,CCA,CCC,CCG,CCT,CGA,CGC,CGG,CGT,CTA,CTC,CTG,CTT,GAA,GAC,GAG,GAT,GCA,GCC,GCG,GCT,GGA,GGC,GGG,GGT,GTA,GTC,GTG,GTT,TAA,TAC,TAG,TAT,TCA,TCC,TCG,TCT,TGA,TGC,TGG,TGT,TTA,TTC,TTG,TTT
Gordonia phage Kroos,Duplodnaviria,bacteria,J1761,0.514672686230248,1.84552845528455,1.48532731376975,0.154471544715447,0.307435254803676,1.9515455304929,1.60735171261487,0.133667502088555,0.0341637010676157,0.800861141011841,0.158007117437722,0.271259418729817,0.171641791044776,2.69402985074627,1,0.134328358208955,0.275071633237822,1.80512820512821,1.72492836676218,0.194871794871795,0.23731728288908,0.880481513327601,2.75150472914875,0.130696474634566,0.456939501779359,2.60071174377224,2.03701067615658,0.713167259786477,0.245866283249461,2.49748382458663,2.85981308411215,0.0388209920920201,0.574780058651026,1.77204301075269,1.42521994134897,0.227956989247312,0.463320463320463,1.37451737451737,1.94937794937795,0.212784212784213,0.25703794369645,2.31823745410037,0.842105263157895,0.582619339045288,0.174372523117569,2.12945838837516,1.56142668428005,0.134742404227213,0.105882352941176,1.70935960591133,0.564705882352941,0.29064039408867,0.322927879440258,0.716899892357374,3.68783638320775,0.20021528525296,2.32941176470588,1.62913907284768,1,0.370860927152318,0.0172537742631201,1.8609865470852,0.340762041696621,0.139013452914798
