virus,realm,locus_tag,host,type,shape,AAA,AAC,AAG,AAT,ACA,ACC,ACG,ACT,AGA,AGC,AGG,AGT,ATA,ATC,ATG,ATT,CAA,CAC,CAG,CAT,CCA,CCC,CCG,CCT,CGA,CGC,CGG,CGT,CTA,CTC,CTG,CTT,GAA,GAC,GAG,GAT,GCA,GCC,GCG,GCT,GGA,GGC,GGG,GGT,GTA,GTC,GTG,GTT,TAA,TAC,TAG,TAT,TCA,TCC,TCG,TCT,TGA,TGC,TGG,TGT,TTA,TTC,TTG,TTT
Gorilla anellovirus,Anelloviridae,BCD55,vertebrates,DNA,linear,1.6734693877551,1.06666666666667,0.326530612244898,0.933333333333333,2.34920634920635,0.317460317460317,0.126984126984127,1.20634920634921,4.18867924528302,1.5,0.339622641509434,0.875,1.09090909090909,0.436363636363636,1,1.47272727272727,1.45454545454545,1.11111111111111,0.545454545454545,0.888888888888889,1.6,0.581818181818182,0.218181818181818,1.6,0.566037735849057,0.792452830188679,0.113207547169811,0,1.3125,0.65625,0,0.84375,1.77777777777778,1.1875,0.222222222222222,0.8125,1.88235294117647,0.705882352941177,0,1.41176470588235,2.8,0.4,0.3,0.5,2.31578947368421,0.210526315789474,0,1.47368421052632,1.5,1.12820512820513,1.5,0.871794871794872,1.25,0.5,0,1.875,0,0.714285714285714,1,1.28571428571429,2.90625,0.411764705882353,0.28125,1.58823529411765
