virus,realm,locus_tag,host,type,shape,AAA,AAC,AAG,AAT,ACA,ACC,ACG,ACT,AGA,AGC,AGG,AGT,ATA,ATC,ATG,ATT,CAA,CAC,CAG,CAT,CCA,CCC,CCG,CCT,CGA,CGC,CGG,CGT,CTA,CTC,CTG,CTT,GAA,GAC,GAG,GAT,GCA,GCC,GCG,GCT,GGA,GGC,GGG,GGT,GTA,GTC,GTG,GTT,TAA,TAC,TAG,TAT,TCA,TCC,TCG,TCT,TGA,TGC,TGG,TGT,TTA,TTC,TTG,TTT
Grapevine associated tymo-like virus,Riboviria,EXL63,land plants,RNA,linear,1.37614678899083,0.260869565217391,0.623853211009174,1.73913043478261,1.08695652173913,0.391304347826087,0.521739130434783,2,2.19047619047619,0.566929133858268,1.19047619047619,1.41732283464567,0.966666666666667,0.166666666666667,1,1.86666666666667,1.25490196078431,0.545454545454545,0.745098039215686,1.45454545454545,1.12359550561798,0.719101123595506,0.539325842696629,1.61797752808989,0.666666666666667,0.428571428571429,0.523809523809524,1,0.145631067961165,0,0.145631067961165,0.349514563106796,1.32203389830508,0.431034482758621,0.677966101694915,1.56896551724138,0.764705882352941,1,0.617647058823529,1.61764705882353,1.152,0.512,0.736,1.6,0.271604938271605,0.469135802469136,0.765432098765432,2.49382716049383,0,0.3,1.5,1.7,1.03937007874016,0.566929133858268,0.94488188976378,1.46456692913386,1.5,0.742857142857143,1,1.25714285714286,1.83495145631068,0.295454545454545,3.52427184466019,1.70454545454545
