virus,realm,locus_tag,host,type,shape,AAA,AAC,AAG,AAT,ACA,ACC,ACG,ACT,AGA,AGC,AGG,AGT,ATA,ATC,ATG,ATT,CAA,CAC,CAG,CAT,CCA,CCC,CCG,CCT,CGA,CGC,CGG,CGT,CTA,CTC,CTG,CTT,GAA,GAC,GAG,GAT,GCA,GCC,GCG,GCT,GGA,GGC,GGG,GGT,GTA,GTC,GTG,GTT,TAA,TAC,TAG,TAT,TCA,TCC,TCG,TCT,TGA,TGC,TGG,TGT,TTA,TTC,TTG,TTT
Grapevine rupestris stem pitting-associated virus,Riboviria,Rspav1gp,land plants,RNA,linear,1.02352941176471,0.636363636363636,0.976470588235294,1.36363636363636,1.34579439252336,0.710280373831776,0.336448598130841,1.60747663551402,1.36912751677852,0.736059479553903,2.65771812080537,1.27137546468401,0.966101694915254,0.694915254237288,1,1.33898305084746,1.12,0.935064935064935,0.88,1.06493506493506,1.82456140350877,0.736842105263158,0.140350877192982,1.29824561403509,0.442953020134228,0.322147651006711,0.644295302013423,0.563758389261745,0.713286713286713,0.797202797202797,0.923076923076923,1.27972027972028,0.806282722513089,0.62015503875969,1.19371727748691,1.37984496124031,1.30285714285714,1.00571428571429,0.205714285714286,1.48571428571429,0.746113989637306,0.932642487046632,0.911917098445596,1.40932642487047,0.627906976744186,0.604651162790698,1.02325581395349,1.74418604651163,1.2,0.970588235294118,1.2,1.02941176470588,1.65055762081784,0.780669144981413,0.28996282527881,1.27137546468401,0.6,0.961038961038961,1,1.03896103896104,0.755244755244755,0.823529411764706,1.53146853146853,1.17647058823529
