virus,realm,locus_tag,host,type,shape,AAA,AAC,AAG,AAT,ACA,ACC,ACG,ACT,AGA,AGC,AGG,AGT,ATA,ATC,ATG,ATT,CAA,CAC,CAG,CAT,CCA,CCC,CCG,CCT,CGA,CGC,CGG,CGT,CTA,CTC,CTG,CTT,GAA,GAC,GAG,GAT,GCA,GCC,GCG,GCT,GGA,GGC,GGG,GGT,GTA,GTC,GTG,GTT,TAA,TAC,TAG,TAT,TCA,TCC,TCG,TCT,TGA,TGC,TGG,TGT,TTA,TTC,TTG,TTT
Grapevine chrome mosaic virus,Riboviria,GCMV,land plants,ss-RNA,linear,1.03286384976526,0.470588235294118,0.967136150234742,1.52941176470588,0.839779005524862,1.12707182320442,0.375690607734807,1.65745856353591,0.689655172413793,0.597609561752988,0.896551724137931,0.884462151394422,0.706730769230769,0.966346153846154,1,1.32692307692308,1.06474820143885,0.840909090909091,0.935251798561151,1.15909090909091,1.02222222222222,1.24444444444444,0.377777777777778,1.35555555555556,1,1.44827586206897,0.551724137931034,1.41379310344828,0.664723032069971,0.839650145772595,0.752186588921283,1.69679300291545,0.847926267281106,0.483660130718954,1.15207373271889,1.51633986928105,1.04697986577181,1.15436241610738,0.416107382550336,1.38255033557047,1.0996015936255,0.541832669322709,1.05179282868526,1.30677290836653,0.48695652173913,0.817391304347826,1.30434782608696,1.39130434782609,0,0.571428571428571,1.5,1.42857142857143,1.0996015936255,1.33864541832669,0.191235059760956,1.88844621513944,1.5,0.673684210526316,1,1.32631578947368,0.629737609329446,0.654545454545455,1.41690962099125,1.34545454545455
