virus,realm,locus_tag,host,type,shape,AAA,AAC,AAG,AAT,ACA,ACC,ACG,ACT,AGA,AGC,AGG,AGT,ATA,ATC,ATG,ATT,CAA,CAC,CAG,CAT,CCA,CCC,CCG,CCT,CGA,CGC,CGG,CGT,CTA,CTC,CTG,CTT,GAA,GAC,GAG,GAT,GCA,GCC,GCG,GCT,GGA,GGC,GGG,GGT,GTA,GTC,GTG,GTT,TAA,TAC,TAG,TAT,TCA,TCC,TCG,TCT,TGA,TGC,TGG,TGT,TTA,TTC,TTG,TTT
Grapevine leafroll-associated virus 3,Riboviria,GLRaV3gp,land plants,RNA,linear,0.839116719242902,1.00892857142857,1.1608832807571,0.991071428571429,0.790273556231003,0.984802431610942,1.27659574468085,0.948328267477204,1.45686900958466,0.791946308724832,2.31948881789137,1.0738255033557,1.23863636363636,0.772727272727273,1,0.988636363636364,0.923076923076923,1.0379746835443,1.07692307692308,0.962025316455696,1.61224489795918,0.653061224489796,1.02040816326531,0.714285714285714,0.383386581469649,0.78594249201278,0.479233226837061,0.575079872204473,0.658227848101266,0.594936708860759,0.822784810126582,0.822784810126582,1,0.934640522875817,1,1.06535947712418,0.74468085106383,0.808510638297872,0.914893617021277,1.53191489361702,0.918918918918919,0.616216216216216,1.01621621621622,1.44864864864865,0.990403071017274,0.898272552783109,1.08253358925144,1.02879078694818,1.5,1.04433497536946,0.5,0.955665024630542,0.845637583892617,0.818791946308725,1.36912751677852,1.1006711409396,1,0.941176470588235,1,1.05882352941176,1.36708860759494,0.977777777777778,1.73417721518987,1.02222222222222
