virus,realm,host,locus_tag,AAA,AAC,AAG,AAT,ACA,ACC,ACG,ACT,AGA,AGC,AGG,AGT,ATA,ATC,ATG,ATT,CAA,CAC,CAG,CAT,CCA,CCC,CCG,CCT,CGA,CGC,CGG,CGT,CTA,CTC,CTG,CTT,GAA,GAC,GAG,GAT,GCA,GCC,GCG,GCT,GGA,GGC,GGG,GGT,GTA,GTC,GTG,GTT,TAA,TAC,TAG,TAT,TCA,TCC,TCG,TCT,TGA,TGC,TGG,TGT,TTA,TTC,TTG,TTT
Grapevine enamovirus 1,Riboviria,land plants,CCZ25,0.745341614906832,1.19191919191919,1.25465838509317,0.808080808080808,0.972375690607735,1.0828729281768,0.994475138121547,0.950276243093923,1.10869565217391,0.889733840304182,1.10869565217391,0.821292775665399,1.03053435114504,1.16793893129771,1,0.801526717557252,1,0.942857142857143,1,1.05714285714286,0.816326530612245,1.12244897959184,1.06122448979592,1,1.04347826086957,1.07608695652174,0.945652173913043,0.717391304347826,0.659090909090909,0.977272727272727,0.977272727272727,1.34090909090909,0.721518987341772,0.838709677419355,1.27848101265823,1.16129032258065,0.875,1.01785714285714,0.857142857142857,1.25,1.25896414342629,0.860557768924303,0.733067729083665,1.14741035856574,0.746411483253589,0.688995215311005,1.24401913875598,1.32057416267943,1,0.888888888888889,0.5,1.11111111111111,0.958174904942966,1.30038022813688,0.798479087452472,1.2319391634981,1.5,0.849315068493151,1,1.15068493150685,0.772727272727273,1.08620689655172,1.27272727272727,0.913793103448276
