virus,realm,locus_tag,host,type,shape,AAA,AAC,AAG,AAT,ACA,ACC,ACG,ACT,AGA,AGC,AGG,AGT,ATA,ATC,ATG,ATT,CAA,CAC,CAG,CAT,CCA,CCC,CCG,CCT,CGA,CGC,CGG,CGT,CTA,CTC,CTG,CTT,GAA,GAC,GAG,GAT,GCA,GCC,GCG,GCT,GGA,GGC,GGG,GGT,GTA,GTC,GTG,GTT,TAA,TAC,TAG,TAT,TCA,TCC,TCG,TCT,TGA,TGC,TGG,TGT,TTA,TTC,TTG,TTT
Grapevine fanleaf virus,Riboviria,GFLV,land plants,RNA,linear,0.821917808219178,0.633333333333333,1.17808219178082,1.36666666666667,0.711111111111111,0.871111111111111,0.64,1.77777777777778,1.63636363636364,0.795698924731183,1.89473684210526,1.6989247311828,0.731707317073171,0.790243902439024,1,1.4780487804878,1.125,0.676470588235294,0.875,1.32352941176471,1.31555555555556,0.764444444444444,0.337777777777778,1.58222222222222,0.258373205741627,0.947368421052632,0.545454545454545,0.717703349282297,0.616666666666667,0.683333333333333,0.916666666666667,1.16666666666667,1.13385826771654,0.694610778443114,0.866141732283465,1.30538922155689,1.06666666666667,0.977777777777778,0.533333333333333,1.42222222222222,1.13074204946996,0.749116607773852,0.975265017667845,1.14487632508834,0.693333333333333,0.666666666666667,1.29333333333333,1.34666666666667,1,0.645669291338583,2,1.35433070866142,0.817204301075269,0.817204301075269,0.258064516129032,1.61290322580645,0,0.896551724137931,1,1.10344827586207,0.85,0.715083798882682,1.76666666666667,1.28491620111732
