virus,realm,host,locus_tag,AAA,AAC,AAG,AAT,ACA,ACC,ACG,ACT,AGA,AGC,AGG,AGT,ATA,ATC,ATG,ATT,CAA,CAC,CAG,CAT,CCA,CCC,CCG,CCT,CGA,CGC,CGG,CGT,CTA,CTC,CTG,CTT,GAA,GAC,GAG,GAT,GCA,GCC,GCG,GCT,GGA,GGC,GGG,GGT,GTA,GTC,GTG,GTT,TAA,TAC,TAG,TAT,TCA,TCC,TCG,TCT,TGA,TGC,TGG,TGT,TTA,TTC,TTG,TTT
Groundnut ringspot virus,Riboviria,invertebrates:land plants,FLA41,1.33689839572193,0.688644688644689,0.663101604278075,1.31135531135531,1.87692307692308,0.584615384615385,0.107692307692308,1.43076923076923,3.38255033557047,1.07774798927614,1.6510067114094,1.0455764075067,1.41228070175439,0.675438596491228,1,0.912280701754386,1.25233644859813,0.704225352112676,0.747663551401869,1.29577464788732,1.35483870967742,0.32258064516129,0.451612903225806,1.87096774193548,0.523489932885906,0.161073825503356,0.161073825503356,0.120805369127517,0.834905660377358,0.254716981132075,0.820754716981132,0.905660377358491,1.438127090301,0.645418326693227,0.561872909698997,1.35458167330677,1.6878612716763,0.716763005780347,0.092485549132948,1.5028901734104,1.77777777777778,0.444444444444444,0.698412698412698,1.07936507936508,0.865800865800866,0.623376623376623,1.02164502164502,1.48917748917749,2,0.685393258426966,1,1.31460674157303,1.19034852546917,0.498659517426273,0.225201072386059,1.96246648793566,0,1.04081632653061,1,0.959183673469388,1.59905660377358,0.852631578947368,1.58490566037736,1.14736842105263
