virus,realm,locus_tag,host,type,shape,AAA,AAC,AAG,AAT,ACA,ACC,ACG,ACT,AGA,AGC,AGG,AGT,ATA,ATC,ATG,ATT,CAA,CAC,CAG,CAT,CCA,CCC,CCG,CCT,CGA,CGC,CGG,CGT,CTA,CTC,CTG,CTT,GAA,GAC,GAG,GAT,GCA,GCC,GCG,GCT,GGA,GGC,GGG,GGT,GTA,GTC,GTG,GTT,TAA,TAC,TAG,TAT,TCA,TCC,TCG,TCT,TGA,TGC,TGG,TGT,TTA,TTC,TTG,TTT
Guangdong red-banded snake torovirus,Riboviria,HGI27,vertebrates,RNA,linear,1.07291666666667,1.25394045534151,0.927083333333333,0.746059544658494,1.39589442815249,1.30791788856305,0.234604105571848,1.06158357771261,1.68802228412256,0.73697270471464,1.35376044568245,1.33995037220844,0.602782071097372,1.50695517774343,1,0.890262751159196,1.19827586206897,1.03914590747331,0.801724137931034,0.96085409252669,2.19327731092437,0.470588235294118,0.445378151260504,0.890756302521008,0.752089136490251,0.518105849582173,0.518105849582173,1.16991643454039,0.77396449704142,1.68284023668639,0.518343195266272,1.67573964497041,1.12727272727273,1.03448275862069,0.872727272727273,0.96551724137931,1.77110694183865,1.15572232645403,0.217636022514071,0.855534709193246,0.894854586129754,1.0738255033557,0.241610738255034,1.78970917225951,0.748502994011976,1.49101796407186,0.508982035928144,1.25149700598802,1,1.16142557651992,0.5,0.838574423480084,1.45161290322581,1.05707196029777,0.327543424317618,1.08684863523573,1.5,0.745519713261649,1,1.25448028673835,0.575147928994083,1.15444015444015,0.77396449704142,0.845559845559846
