virus,realm,locus_tag,host,type,shape,AAA,AAC,AAG,AAT,ACA,ACC,ACG,ACT,AGA,AGC,AGG,AGT,ATA,ATC,ATG,ATT,CAA,CAC,CAG,CAT,CCA,CCC,CCG,CCT,CGA,CGC,CGG,CGT,CTA,CTC,CTG,CTT,GAA,GAC,GAG,GAT,GCA,GCC,GCG,GCT,GGA,GGC,GGG,GGT,GTA,GTC,GTG,GTT,TAA,TAC,TAG,TAT,TCA,TCC,TCG,TCT,TGA,TGC,TGG,TGT,TTA,TTC,TTG,TTT
Habenaria mosaic virus,Riboviria,N353,land plants,RNA,linear,0.969387755102041,0.986111111111111,1.03061224489796,1.01388888888889,2.04,0.34,0.8,0.82,1.20634920634921,0.934673366834171,0.698412698412698,1.8391959798995,1.09090909090909,0.789473684210526,1,1.11961722488038,1.25806451612903,1.12765957446809,0.741935483870968,0.872340425531915,2.48648648648649,0.216216216216216,0.720720720720721,0.576576576576577,1.33333333333333,1.04761904761905,0.53968253968254,1.17460317460317,0.923076923076923,0.818181818181818,0.608391608391608,1.06993006993007,1.01020408163265,0.547619047619048,0.989795918367347,1.45238095238095,1.99103139013453,0.520179372197309,0.609865470852018,0.878923766816143,1.42222222222222,0.688888888888889,0.533333333333333,1.35555555555556,0.779487179487179,0.574358974358974,1.29230769230769,1.35384615384615,3,0.981818181818182,0,1.01818181818182,1.32663316582915,0.603015075376884,0.542713567839196,0.753768844221106,0,0.84375,1,1.15625,1.34265734265734,0.951612903225806,1.23776223776224,1.04838709677419
