virus,realm,locus_tag,host,type,shape,AAA,AAC,AAG,AAT,ACA,ACC,ACG,ACT,AGA,AGC,AGG,AGT,ATA,ATC,ATG,ATT,CAA,CAC,CAG,CAT,CCA,CCC,CCG,CCT,CGA,CGC,CGG,CGT,CTA,CTC,CTG,CTT,GAA,GAC,GAG,GAT,GCA,GCC,GCG,GCT,GGA,GGC,GGG,GGT,GTA,GTC,GTG,GTT,TAA,TAC,TAG,TAT,TCA,TCC,TCG,TCT,TGA,TGC,TGG,TGT,TTA,TTC,TTG,TTT
Haemophilus phage HP2,Duplodnaviria,HP2p,bacteria,DNA,linear,1.70705725699068,0.739965095986038,0.292942743009321,1.26003490401396,1.36216216216216,1.05945945945946,0.706306306306306,0.872072072072072,0.669703872437358,1.2141652613828,0.150341685649203,1.45699831365936,0.304347826086957,0.714975845410628,1,1.98067632850242,1.61674008810573,0.97752808988764,0.383259911894273,1.02247191011236,1.53020134228188,0.604026845637584,0.845637583892617,1.02013422818792,0.751708428246014,1.94077448747153,0.246013667425968,2.24145785876993,0.540865384615385,0.324519230769231,0.418269230769231,1.03846153846154,1.62068965517241,0.5,0.379310344827586,1.5,1.65013054830287,0.898172323759791,0.804177545691906,0.647519582245431,0.596491228070175,1.59298245614035,0.610526315789474,1.2,1.00709219858156,0.539007092198582,1.5886524822695,0.865248226950355,2.35135135135135,0.614457831325301,0.405405405405405,1.3855421686747,1.27487352445194,0.536256323777403,0.63743676222597,0.88026981450253,0.243243243243243,0.951219512195122,1,1.04878048780488,2.56009615384615,0.535279805352798,1.11778846153846,1.4647201946472
