virus,realm,locus_tag,host,type,shape,AAA,AAC,AAG,AAT,ACA,ACC,ACG,ACT,AGA,AGC,AGG,AGT,ATA,ATC,ATG,ATT,CAA,CAC,CAG,CAT,CCA,CCC,CCG,CCT,CGA,CGC,CGG,CGT,CTA,CTC,CTG,CTT,GAA,GAC,GAG,GAT,GCA,GCC,GCG,GCT,GGA,GGC,GGG,GGT,GTA,GTC,GTG,GTT,TAA,TAC,TAG,TAT,TCA,TCC,TCG,TCT,TGA,TGC,TGG,TGT,TTA,TTC,TTG,TTT
Hainan hebius popei torovirus,Riboviria,HGI26,vertebrates,RNA,linear,1.20748829953198,0.0974842767295598,0.792511700468019,1.90251572327044,1.17799352750809,0.103559870550162,0.323624595469256,2.39482200647249,1.39318885448916,0.160237388724036,1.30030959752322,4.20178041543027,1.12569316081331,0.033271719038817,1,1.84103512014787,1.08225108225108,0.233576642335766,0.917748917748918,1.76642335766423,1.55172413793103,0.137931034482759,0.241379310344828,2.06896551724138,0.445820433436532,0.1671826625387,0.315789473684211,2.37770897832817,0.0409090909090909,0.0204545454545455,0.0545454545454545,0.395454545454545,1.40157480314961,0.0890302066772655,0.598425196850394,1.91096979332273,1.25333333333333,0.213333333333333,0.186666666666667,2.34666666666667,0.247272727272727,0.247272727272727,0.305454545454545,3.2,0.964320154291225,0.0424300867888139,0.55930568948891,2.43394406943105,2,0.03,1,1.97,0.560830860534125,0.0267062314540059,0.213649851632047,0.836795252225519,0,0.0395480225988701,1,1.96045197740113,2.51590909090909,0.0282186948853616,2.97272727272727,1.97178130511464
