virus,realm,host,locus_tag,AAA,AAC,AAG,AAT,ACA,ACC,ACG,ACT,AGA,AGC,AGG,AGT,ATA,ATC,ATG,ATT,CAA,CAC,CAG,CAT,CCA,CCC,CCG,CCT,CGA,CGC,CGG,CGT,CTA,CTC,CTG,CTT,GAA,GAC,GAG,GAT,GCA,GCC,GCG,GCT,GGA,GGC,GGG,GGT,GTA,GTC,GTG,GTT,TAA,TAC,TAG,TAT,TCA,TCC,TCG,TCT,TGA,TGC,TGG,TGT,TTA,TTC,TTG,TTT
Halorubrum pleomorphic virus 12,Monodnaviria,archaea,HOV13,1.13761467889908,1.25663716814159,0.862385321100917,0.743362831858407,0.585858585858586,1.09090909090909,1.71717171717172,0.606060606060606,0.658959537572254,1.01369863013699,0.589595375722543,0.876712328767123,0.74025974025974,1.63636363636364,1,0.623376623376623,0.942528735632184,1.40740740740741,1.05747126436782,0.592592592592593,0.413793103448276,1.3448275862069,1.79310344827586,0.448275862068966,1.04046242774566,1.2485549132948,1.83815028901734,0.624277456647399,1.64383561643836,2.10958904109589,1.01369863013699,0.383561643835616,0.584070796460177,1.24686192468619,1.41592920353982,0.753138075313807,0.900662251655629,0.95364238410596,1.33774834437086,0.80794701986755,1.4136546184739,0.803212851405622,1.17269076305221,0.610441767068273,0.756756756756757,1.62162162162162,0.972972972972973,0.648648648648649,0.5625,1.16071428571429,0.9375,0.839285714285714,0.821917808219178,1.15068493150685,1.04109589041096,1.0958904109589,1.5,0.72,1,1.28,0.328767123287671,1.20987654320988,0.520547945205479,0.790123456790123
