virus,realm,locus_tag,host,type,shape,AAA,AAC,AAG,AAT,ACA,ACC,ACG,ACT,AGA,AGC,AGG,AGT,ATA,ATC,ATG,ATT,CAA,CAC,CAG,CAT,CCA,CCC,CCG,CCT,CGA,CGC,CGG,CGT,CTA,CTC,CTG,CTT,GAA,GAC,GAG,GAT,GCA,GCC,GCG,GCT,GGA,GGC,GGG,GGT,GTA,GTC,GTG,GTT,TAA,TAC,TAG,TAT,TCA,TCC,TCG,TCT,TGA,TGC,TGG,TGT,TTA,TTC,TTG,TTT
Halorubrum pleomorphic virus 1,Monodnaviria,HRPV,archaea,ss-DNA,circular,1.32467532467532,1.26732673267327,0.675324675324675,0.732673267326733,0.280254777070064,1.14649681528662,0.942675159235669,1.63057324840764,0.214285714285714,0.47787610619469,0.107142857142857,0.557522123893805,0.375,1.75,1,0.875,1.23529411764706,1.28205128205128,0.764705882352941,0.717948717948718,0.49438202247191,1.30337078651685,0.764044943820225,1.43820224719101,1.01785714285714,2.03571428571429,0.857142857142857,1.76785714285714,0.555555555555556,2.75,1.30555555555556,0.611111111111111,0.837837837837838,1.26506024096386,1.16216216216216,0.734939759036145,0.371134020618557,1.07216494845361,1.11340206185567,1.44329896907216,0.481012658227848,1.89873417721519,0.253164556962025,1.36708860759494,0.464516129032258,1.72903225806452,0.87741935483871,0.929032258064516,0.666666666666667,1.75,0.666666666666667,0.25,0.398230088495575,1.35398230088496,1.35398230088496,1.85840707964602,1.66666666666667,0.4,1,1.6,0.305555555555556,1.57575757575758,0.472222222222222,0.424242424242424
