virus,realm,locus_tag,host,type,shape,AAA,AAC,AAG,AAT,ACA,ACC,ACG,ACT,AGA,AGC,AGG,AGT,ATA,ATC,ATG,ATT,CAA,CAC,CAG,CAT,CCA,CCC,CCG,CCT,CGA,CGC,CGG,CGT,CTA,CTC,CTG,CTT,GAA,GAC,GAG,GAT,GCA,GCC,GCG,GCT,GGA,GGC,GGG,GGT,GTA,GTC,GTG,GTT,TAA,TAC,TAG,TAT,TCA,TCC,TCG,TCT,TGA,TGC,TGG,TGT,TTA,TTC,TTG,TTT
Haloarcula hispanica virus SH1,Varidnaviria,HPSH1,archaea,DNA,linear,0.214285714285714,1.92307692307692,1.78571428571429,0.0769230769230769,0.100946372239748,2.08832807570978,1.70347003154574,0.107255520504732,0.0688665710186514,1.93296089385475,0.318507890961263,0.156424581005587,0.3,2.436,1,0.264,0.202739726027397,1.89714285714286,1.7972602739726,0.102857142857143,0.164705882352941,1.6078431372549,1.89019607843137,0.337254901960784,0.878048780487805,1.93687230989957,2.30703012912482,0.490674318507891,0.262839879154079,2.57401812688822,2.61933534743202,0.290030211480363,0.246943765281174,1.97507190795781,1.75305623471883,0.024928092042186,0.241737488196412,2.30406043437205,1.17847025495751,0.275731822474032,0.461695607763023,2.00204290091931,1.00919305413687,0.527068437180797,0.161879895561358,2.04699738903394,1.53002610966057,0.261096605744125,0.696428571428571,1.89583333333333,0.267857142857143,0.104166666666667,0.122905027932961,1.92178770949721,1.56424581005587,0.301675977653631,2.03571428571429,1.61224489795918,1,0.387755102040816,0.0725075528700906,1.86330935251799,0.181268882175227,0.136690647482014
