virus,realm,host,locus_tag,AAA,AAC,AAG,AAT,ACA,ACC,ACG,ACT,AGA,AGC,AGG,AGT,ATA,ATC,ATG,ATT,CAA,CAC,CAG,CAT,CCA,CCC,CCG,CCT,CGA,CGC,CGG,CGT,CTA,CTC,CTG,CTT,GAA,GAC,GAG,GAT,GCA,GCC,GCG,GCT,GGA,GGC,GGG,GGT,GTA,GTC,GTG,GTT,TAA,TAC,TAG,TAT,TCA,TCC,TCG,TCT,TGA,TGC,TGG,TGT,TTA,TTC,TTG,TTT
Halyomorpha halys virus,Riboviria,invertebrates,U761,1.375,0.530386740331492,0.625,1.46961325966851,1.47899159663866,0.705882352941177,0.26890756302521,1.54621848739496,2.32394366197183,0.262135922330097,0.845070422535211,2.30097087378641,1.52173913043478,0.391304347826087,1,1.08695652173913,1.32258064516129,0.743589743589744,0.67741935483871,1.25641025641026,1.7,0.4,0.275,1.625,0.887323943661972,0.549295774647887,0.338028169014085,1.05633802816901,1.00763358778626,0.366412213740458,0.251908396946565,0.870229007633588,1.39354838709677,0.598870056497175,0.606451612903226,1.40112994350282,1.3903743315508,0.684491978609626,0.171122994652406,1.75401069518717,1.58389261744966,0.268456375838926,0.348993288590604,1.79865771812081,1.33333333333333,0.327868852459016,0.502732240437158,1.83606557377049,3,0.536231884057971,0,1.46376811594203,1.45631067961165,0.524271844660194,0.116504854368932,1.33980582524272,0,0.333333333333333,1,1.66666666666667,2.15267175572519,0.417391304347826,1.35114503816794,1.58260869565217
