virus,realm,host,locus_tag,AAA,AAC,AAG,AAT,ACA,ACC,ACG,ACT,AGA,AGC,AGG,AGT,ATA,ATC,ATG,ATT,CAA,CAC,CAG,CAT,CCA,CCC,CCG,CCT,CGA,CGC,CGG,CGT,CTA,CTC,CTG,CTT,GAA,GAC,GAG,GAT,GCA,GCC,GCG,GCT,GGA,GGC,GGG,GGT,GTA,GTC,GTG,GTT,TAA,TAC,TAG,TAT,TCA,TCC,TCG,TCT,TGA,TGC,TGG,TGT,TTA,TTC,TTG,TTT
Hamiltonella phage APSE-1,Duplodnaviria,bacteria,APSE,1.48606060606061,0.676145339652449,0.513939393939394,1.32385466034755,1.08933717579251,1.164265129683,0.99135446685879,0.755043227665706,1.05416116248349,0.991850989522701,0.681638044914135,0.956926658905704,0.73738680465718,0.927554980595084,1,1.33505821474774,1.22916666666667,0.708029197080292,0.770833333333333,1.29197080291971,0.872458410351202,1.11645101663586,0.975970425138632,1.03512014787431,0.959048877146631,1.19682959048877,0.760898282694848,1.34742404227213,0.597883597883598,0.576719576719577,1.08465608465608,0.947089947089947,1.34664764621969,0.556368960468521,0.653352353780314,1.44363103953148,1.00981266726137,1.01694915254237,1.06333630686887,0.909901873327386,0.778067885117493,1.15926892950392,0.725848563968668,1.33681462140992,0.767857142857143,0.916666666666667,0.869047619047619,1.44642857142857,1.5,0.632124352331606,0.388888888888889,1.36787564766839,1.45285215366705,0.754365541327125,0.845168800931316,0.9988358556461,1.11111111111111,1.09433962264151,1,0.905660377358491,1.97883597883598,0.509635974304068,0.814814814814815,1.49036402569593
