virus,realm,locus_tag,host,type,shape,AAA,AAC,AAG,AAT,ACA,ACC,ACG,ACT,AGA,AGC,AGG,AGT,ATA,ATC,ATG,ATT,CAA,CAC,CAG,CAT,CCA,CCC,CCG,CCT,CGA,CGC,CGG,CGT,CTA,CTC,CTG,CTT,GAA,GAC,GAG,GAT,GCA,GCC,GCG,GCT,GGA,GGC,GGG,GGT,GTA,GTC,GTG,GTT,TAA,TAC,TAG,TAT,TCA,TCC,TCG,TCT,TGA,TGC,TGG,TGT,TTA,TTC,TTG,TTT
Hanko virus,Riboviria,BBA73,invertebrates,RNA,linear,0.917647058823529,0.929411764705882,1.08235294117647,1.07058823529412,1.16504854368932,0.919093851132686,0.841423948220065,1.07443365695793,1.56716417910448,0.721407624633431,1.25373134328358,0.98533724340176,0.619565217391304,1.19565217391304,1,1.18478260869565,1.02564102564103,0.773109243697479,0.974358974358974,1.22689075630252,1.7,0.82,0.64,0.84,0.805970149253731,0.492537313432836,1.00746268656716,0.873134328358209,0.753768844221106,0.618090452261307,0.979899497487437,1.0251256281407,1.23605150214592,0.972111553784861,0.763948497854077,1.02788844621514,0.727272727272727,1.13286713286713,0.755244755244755,1.38461538461538,1.93478260869565,0.641304347826087,0.782608695652174,0.641304347826087,0.508928571428571,0.9375,1.08035714285714,1.47321428571429,1.5,0.950354609929078,0,1.04964539007092,1.70674486803519,0.563049853372434,1.14369501466276,0.879765395894428,1.5,0.738738738738739,1,1.26126126126126,0.648241206030151,0.868292682926829,1.9748743718593,1.13170731707317
