virus,realm,locus_tag,host,type,shape,AAA,AAC,AAG,AAT,ACA,ACC,ACG,ACT,AGA,AGC,AGG,AGT,ATA,ATC,ATG,ATT,CAA,CAC,CAG,CAT,CCA,CCC,CCG,CCT,CGA,CGC,CGG,CGT,CTA,CTC,CTG,CTT,GAA,GAC,GAG,GAT,GCA,GCC,GCG,GCT,GGA,GGC,GGG,GGT,GTA,GTC,GTG,GTT,TAA,TAC,TAG,TAT,TCA,TCC,TCG,TCT,TGA,TGC,TGG,TGT,TTA,TTC,TTG,TTT
Hardenbergia virus A,Riboviria,HarVA,land plants,RNA,linear,1.15151515151515,0.627450980392157,0.848484848484849,1.37254901960784,1.14893617021277,0.978723404255319,0.25531914893617,1.61702127659574,2.83098591549296,1.03053435114504,2.61971830985915,0.984732824427481,1.4,0.454545454545455,1,1.14545454545455,1.24390243902439,0.8125,0.75609756097561,1.1875,1.95,0.4,0.25,1.4,0.126760563380282,0.0845070422535211,0.0845070422535211,0.253521126760563,0.813953488372093,0.511627906976744,0.790697674418605,1.02325581395349,1.28934010152284,0.564885496183206,0.710659898477157,1.43511450381679,1.37037037037037,0.851851851851852,0.185185185185185,1.59259259259259,1.66906474820144,0.546762589928058,0.690647482014389,1.09352517985612,0.325925925925926,0.948148148148148,1.24444444444444,1.48148148148148,0,0.774193548387097,1.5,1.2258064516129,2.0381679389313,0.572519083969466,0.343511450381679,1.03053435114504,1.5,1.01639344262295,1,0.983606557377049,1.02325581395349,0.786666666666667,1.83720930232558,1.21333333333333
