virus,realm,locus_tag,host,type,shape,AAA,AAC,AAG,AAT,ACA,ACC,ACG,ACT,AGA,AGC,AGG,AGT,ATA,ATC,ATG,ATT,CAA,CAC,CAG,CAT,CCA,CCC,CCG,CCT,CGA,CGC,CGG,CGT,CTA,CTC,CTG,CTT,GAA,GAC,GAG,GAT,GCA,GCC,GCG,GCT,GGA,GGC,GGG,GGT,GTA,GTC,GTG,GTT,TAA,TAC,TAG,TAT,TCA,TCC,TCG,TCT,TGA,TGC,TGG,TGT,TTA,TTC,TTG,TTT
Harrisina brillians granulovirus,Naldaviricetes,D1P98,invertebrates,DNA,linear,1.65217391304348,0.5,0.347826086956522,1.5,1.73913043478261,0.521739130434783,0.521739130434783,1.21739130434783,1.56521739130435,1.125,0.521739130434783,2.25,0.827586206896552,0.724137931034483,1,1.44827586206897,1.75,0.615384615384615,0.25,1.38461538461538,1.47368421052632,0.842105263157895,0.210526315789474,1.47368421052632,1.04347826086957,0.260869565217391,0,2.60869565217391,0.1875,0.375,0,1.3125,1.42857142857143,0.695652173913043,0.571428571428571,1.30434782608696,0.727272727272727,0.363636363636364,0.727272727272727,2.18181818181818,1.6,1.06666666666667,0,1.33333333333333,1.12,0.32,1.44,1.12,2,0.666666666666667,0,1.33333333333333,0.375,0,0.375,1.875,1,0.444444444444444,1,1.55555555555556,2.4375,0.476190476190476,1.6875,1.52380952380952
