virus,realm,locus_tag,host,type,shape,AAA,AAC,AAG,AAT,ACA,ACC,ACG,ACT,AGA,AGC,AGG,AGT,ATA,ATC,ATG,ATT,CAA,CAC,CAG,CAT,CCA,CCC,CCG,CCT,CGA,CGC,CGG,CGT,CTA,CTC,CTG,CTT,GAA,GAC,GAG,GAT,GCA,GCC,GCG,GCT,GGA,GGC,GGG,GGT,GTA,GTC,GTG,GTT,TAA,TAC,TAG,TAT,TCA,TCC,TCG,TCT,TGA,TGC,TGG,TGT,TTA,TTC,TTG,TTT
Helicoverpa armigera granulovirus,NA,HaGV,NA,DNA,circular,1.49104784267684,1.10632183908046,0.508952157323158,0.89367816091954,1.07477820025349,0.944233206590621,0.925221799746515,1.05576679340938,1.35042735042735,1.24015009380863,0.522588522588523,1.30018761726079,1.0206499661476,0.720040622884225,1,1.25930941096818,1.35303107488538,1.23801513877208,0.64696892511462,0.761984861227923,1.11247443762781,0.948875255623722,1.06748466257669,0.871165644171779,1.04761904761905,1.28937728937729,0.449328449328449,1.34065934065934,0.759509721048183,0.469146238377008,1.01944209636517,0.459002535925613,1.28253736784542,1.12446873102611,0.717462632154575,0.875531268973892,0.829066886870355,1.13790255986788,0.995871180842279,1.03715937241949,0.879310344827586,1.14870689655172,0.342672413793103,1.62931034482759,0.770827788128826,0.677136012776151,1.67367580516369,0.878360393931328,1.87709497206704,1.21108076472883,0.452513966480447,0.788919235271167,0.727954971857411,0.587242026266417,1.19136960600375,0.953095684803002,0.670391061452514,0.871205906480722,1,1.12879409351928,1.36179205409975,0.536563481381786,1.93110735418428,1.46343651861821
