virus,realm,locus_tag,host,type,shape,AAA,AAC,AAG,AAT,ACA,ACC,ACG,ACT,AGA,AGC,AGG,AGT,ATA,ATC,ATG,ATT,CAA,CAC,CAG,CAT,CCA,CCC,CCG,CCT,CGA,CGC,CGG,CGT,CTA,CTC,CTG,CTT,GAA,GAC,GAG,GAT,GCA,GCC,GCG,GCT,GGA,GGC,GGG,GGT,GTA,GTC,GTG,GTT,TAA,TAC,TAG,TAT,TCA,TCC,TCG,TCT,TGA,TGC,TGG,TGT,TTA,TTC,TTG,TTT
Helminthosporium victoriae virus 190S,NA,HvV190S,NA,RNA,linear,0.615384615384615,1.38235294117647,1.38461538461538,0.617647058823529,0.477064220183486,1.46788990825688,0.917431192660551,1.13761467889908,0.5,1.03846153846154,1.4,0.576923076923077,0.590163934426229,1.81967213114754,1,0.590163934426229,0.789473684210526,1.46341463414634,1.21052631578947,0.536585365853659,0.727272727272727,1.12727272727273,0.872727272727273,1.27272727272727,0.6,1.4,1,1.1,0.6,1.8,0.8,1,0.736842105263158,1.15789473684211,1.26315789473684,0.842105263157895,0.484848484848485,1.51515151515152,0.929292929292929,1.07070707070707,0.590604026845638,1.53020134228188,0.590604026845638,1.28859060402685,0.494845360824742,1.81443298969072,0.824742268041237,0.865979381443299,1.5,1.45833333333333,0,0.541666666666667,0.807692307692308,1.32692307692308,1.15384615384615,1.09615384615385,1.5,1,1,1,0.52,1.49019607843137,1.28,0.509803921568627
