virus,realm,locus_tag,host,type,shape,AAA,AAC,AAG,AAT,ACA,ACC,ACG,ACT,AGA,AGC,AGG,AGT,ATA,ATC,ATG,ATT,CAA,CAC,CAG,CAT,CCA,CCC,CCG,CCT,CGA,CGC,CGG,CGT,CTA,CTC,CTG,CTT,GAA,GAC,GAG,GAT,GCA,GCC,GCG,GCT,GGA,GGC,GGG,GGT,GTA,GTC,GTG,GTT,TAA,TAC,TAG,TAT,TCA,TCC,TCG,TCT,TGA,TGC,TGG,TGT,TTA,TTC,TTG,TTT
Helminthosporium victoriae 145S virus,NA,HVV145S,NA,RNA,linear,0.751091703056769,0.805369127516778,1.24890829694323,1.19463087248322,1.36312849162011,0.379888268156425,1.29608938547486,0.960893854748603,1.6890756302521,0.732824427480916,2.69747899159664,1.74045801526718,1.55294117647059,0.6,1,0.847058823529412,0.75,1.14666666666667,1.25,0.853333333333333,2.16822429906542,0.299065420560748,0.897196261682243,0.635514018691589,0.478991596638655,0.226890756302521,0.378151260504202,0.529411764705882,0.707224334600761,0.319391634980989,1.50570342205323,0.638783269961977,0.825278810408922,0.71244635193133,1.17472118959108,1.28755364806867,1.63265306122449,0.408163265306122,0.489795918367347,1.46938775510204,1.05263157894737,0.526315789473684,0.87719298245614,1.54385964912281,0.72,0.506666666666667,1.90666666666667,0.866666666666667,0.75,1.27433628318584,2.25,0.725663716814159,1.78625954198473,0.366412213740458,0.618320610687023,0.755725190839695,0,1,1,1,0.456273764258555,1.15596330275229,2.37262357414449,0.844036697247706
