virus,realm,locus_tag,host,type,shape,AAA,AAC,AAG,AAT,ACA,ACC,ACG,ACT,AGA,AGC,AGG,AGT,ATA,ATC,ATG,ATT,CAA,CAC,CAG,CAT,CCA,CCC,CCG,CCT,CGA,CGC,CGG,CGT,CTA,CTC,CTG,CTT,GAA,GAC,GAG,GAT,GCA,GCC,GCG,GCT,GGA,GGC,GGG,GGT,GTA,GTC,GTG,GTT,TAA,TAC,TAG,TAT,TCA,TCC,TCG,TCT,TGA,TGC,TGG,TGT,TTA,TTC,TTG,TTT
Henbane mosaic virus,Riboviria,FK992,land plants,RNA,linear,1.33333333333333,0.869565217391304,0.666666666666667,1.1304347826087,1.66666666666667,1.16666666666667,0.166666666666667,1,1.77777777777778,0.9375,0.666666666666667,0.75,0.9,0.15,1,1.95,1.18181818181818,1.2,0.818181818181818,0.8,3.2,0.32,0.16,0.32,0.666666666666667,0.666666666666667,0.666666666666667,1.55555555555556,1.3953488372093,0.837209302325581,1.25581395348837,0.837209302325581,1.24324324324324,0.692307692307692,0.756756756756757,1.30769230769231,2.15384615384615,0.512820512820513,0.307692307692308,1.02564102564103,1.5,1,0.5,1,0.857142857142857,0.857142857142857,1.14285714285714,1.14285714285714,0,0.8,3,1.2,1.5,0.75,0.75,1.3125,0,0.8,1,1.2,0.697674418604651,1.28571428571429,0.976744186046512,0.714285714285714
