virus,realm,locus_tag,host,type,shape,AAA,AAC,AAG,AAT,ACA,ACC,ACG,ACT,AGA,AGC,AGG,AGT,ATA,ATC,ATG,ATT,CAA,CAC,CAG,CAT,CCA,CCC,CCG,CCT,CGA,CGC,CGG,CGT,CTA,CTC,CTG,CTT,GAA,GAC,GAG,GAT,GCA,GCC,GCG,GCT,GGA,GGC,GGG,GGT,GTA,GTC,GTG,GTT,TAA,TAC,TAG,TAT,TCA,TCC,TCG,TCT,TGA,TGC,TGG,TGT,TTA,TTC,TTG,TTT
Hendra henipavirus,Riboviria,Hvgp,human:vertebrates,RNA,linear,1.01744186046512,0.668896321070234,0.982558139534884,1.33110367892977,1.64779874213836,0.742138364779874,0.264150943396226,1.34591194968553,3.09030100334448,0.727659574468085,1.56521739130435,1.18723404255319,0.979310344827586,0.993103448275862,1,1.02758620689655,1.13888888888889,0.584905660377358,0.861111111111111,1.41509433962264,1.43589743589744,0.673992673992674,0.468864468864469,1.42124542124542,0.581939799331104,0.240802675585284,0.140468227424749,0.381270903010033,0.904580152671756,0.83587786259542,0.858778625954199,0.950381679389313,1.07303370786517,0.731843575418994,0.926966292134832,1.26815642458101,1.66037735849057,0.588679245283019,0.241509433962264,1.50943396226415,1.45562130177515,0.461538461538462,1.10059171597633,0.982248520710059,0.778115501519757,1.06990881458967,1.05775075987842,1.09422492401216,1.125,0.894736842105263,0,1.10526315789474,1.82553191489362,0.68936170212766,0.319148936170213,1.25106382978723,1.875,0.8,1,1.2,1.19083969465649,0.927374301675978,1.25954198473282,1.07262569832402
