virus,realm,locus_tag,host,type,shape,AAA,AAC,AAG,AAT,ACA,ACC,ACG,ACT,AGA,AGC,AGG,AGT,ATA,ATC,ATG,ATT,CAA,CAC,CAG,CAT,CCA,CCC,CCG,CCT,CGA,CGC,CGG,CGT,CTA,CTC,CTG,CTT,GAA,GAC,GAG,GAT,GCA,GCC,GCG,GCT,GGA,GGC,GGG,GGT,GTA,GTC,GTG,GTT,TAA,TAC,TAG,TAT,TCA,TCC,TCG,TCT,TGA,TGC,TGG,TGT,TTA,TTC,TTG,TTT
Hepatitis C virus genotype 5,Riboviria,HCV5,human:vertebrates,RNA,linear,0.59504132231405,1.17894736842105,1.40495867768595,0.821052631578947,0.803571428571429,1.46428571428571,0.928571428571429,0.803571428571429,1.06077348066298,1.22274881516588,1.49171270718232,0.511848341232227,0.739130434782609,1.5,1,0.760869565217391,0.772727272727273,1.2112676056338,1.22727272727273,0.788732394366197,0.646808510638298,1.66808510638298,0.834042553191489,0.851063829787234,0.430939226519337,1.16022099447514,1.29281767955801,0.56353591160221,0.668789808917197,1.45222929936306,1.43312101910828,1.08917197452229,0.854545454545454,1.45038167938931,1.14545454545455,0.549618320610687,0.715789473684211,1.64210526315789,0.814035087719298,0.828070175438597,0.525547445255474,1.22627737226277,1.41605839416058,0.832116788321168,0.593220338983051,1.20338983050847,1.47457627118644,0.728813559322034,1.5,1.30693069306931,0,0.693069306930693,0.853080568720379,1.70616113744076,0.654028436018957,1.0521327014218,1.5,1.2621359223301,1,0.737864077669903,0.45859872611465,1.38947368421053,0.898089171974522,0.610526315789474
