virus,realm,host,locus_tag,AAA,AAC,AAG,AAT,ACA,ACC,ACG,ACT,AGA,AGC,AGG,AGT,ATA,ATC,ATG,ATT,CAA,CAC,CAG,CAT,CCA,CCC,CCG,CCT,CGA,CGC,CGG,CGT,CTA,CTC,CTG,CTT,GAA,GAC,GAG,GAT,GCA,GCC,GCG,GCT,GGA,GGC,GGG,GGT,GTA,GTC,GTG,GTT,TAA,TAC,TAG,TAT,TCA,TCC,TCG,TCT,TGA,TGC,TGG,TGT,TTA,TTC,TTG,TTT
Hibiscus latent Fort Pierce virus,Riboviria,land plants,NZ87,1.11392405063291,0.723404255319149,0.886075949367089,1.27659574468085,0.95,0.983333333333333,0.266666666666667,1.8,2.43478260869565,0.565022421524664,1.82608695652174,1.58744394618834,0.8,0.784615384615385,1,1.41538461538462,1.18260869565217,0.783783783783784,0.817391304347826,1.21621621621622,1,0.433333333333333,0.633333333333333,1.93333333333333,0.391304347826087,0.260869565217391,0.260869565217391,0.826086956521739,0.476534296028881,0.75812274368231,0.628158844765343,1.51624548736462,0.993865030674847,0.788732394366197,1.00613496932515,1.2112676056338,0.931506849315068,0.785388127853881,0.383561643835616,1.89954337899543,0.727272727272727,0.557575757575758,0.993939393939394,1.72121212121212,0.952380952380952,0.848484848484849,1.12554112554113,1.07359307359307,1.8,0.80672268907563,1.2,1.19327731092437,1.02242152466368,0.565022421524664,0.457399103139013,1.80269058295964,0,0.578947368421053,1,1.42105263157895,1.40794223826715,0.569767441860465,1.2129963898917,1.43023255813953
