virus,realm,locus_tag,host,type,shape,AAA,AAC,AAG,AAT,ACA,ACC,ACG,ACT,AGA,AGC,AGG,AGT,ATA,ATC,ATG,ATT,CAA,CAC,CAG,CAT,CCA,CCC,CCG,CCT,CGA,CGC,CGG,CGT,CTA,CTC,CTG,CTT,GAA,GAC,GAG,GAT,GCA,GCC,GCG,GCT,GGA,GGC,GGG,GGT,GTA,GTC,GTG,GTT,TAA,TAC,TAG,TAT,TCA,TCC,TCG,TCT,TGA,TGC,TGG,TGT,TTA,TTC,TTG,TTT
Hibiscus leaf curl alphasatellite,Alphasatellitidae,BWU75,land plants,DNA,circular,0.869565217391304,0.363636363636364,1.1304347826087,1.63636363636364,0.615384615384615,0.923076923076923,1.23076923076923,1.23076923076923,1.04347826086957,0.352941176470588,1.30434782608696,1.76470588235294,0.545454545454545,0.545454545454545,1,1.90909090909091,1.23076923076923,0.8,0.769230769230769,1.2,0.75,0.75,0.5,2,1.30434782608696,1.30434782608696,0,1.04347826086957,0.25,1,1,1,1,0.777777777777778,1,1.22222222222222,0.941176470588235,1.17647058823529,0,1.88235294117647,1.41176470588235,0.235294117647059,0.941176470588235,1.41176470588235,1.26315789473684,0.842105263157895,0.842105263157895,1.05263157894737,3,0.769230769230769,0,1.23076923076923,0.352941176470588,1.41176470588235,0,2.11764705882353,0,0.2,1,1.8,1,0.933333333333333,1.75,1.06666666666667
