virus,realm,locus_tag,host,type,shape,AAA,AAC,AAG,AAT,ACA,ACC,ACG,ACT,AGA,AGC,AGG,AGT,ATA,ATC,ATG,ATT,CAA,CAC,CAG,CAT,CCA,CCC,CCG,CCT,CGA,CGC,CGG,CGT,CTA,CTC,CTG,CTT,GAA,GAC,GAG,GAT,GCA,GCC,GCG,GCT,GGA,GGC,GGG,GGT,GTA,GTC,GTG,GTT,TAA,TAC,TAG,TAT,TCA,TCC,TCG,TCT,TGA,TGC,TGG,TGT,TTA,TTC,TTG,TTT
Homarus gammarus nudivirus,Naldaviricetes,KM727,invertebrates,DNA,circular,1.22248243559719,0.661071143085532,0.77751756440281,1.33892885691447,1.53140761118753,0.715268225584594,0.335625859697387,1.41769830353049,2.42659279778393,0.56890012642225,1.26869806094183,1.68394437420986,1.22506040731791,0.537452537107352,1,1.23748705557473,1.32296431838975,0.753424657534247,0.677035681610247,1.24657534246575,1.82695507487521,0.948419301164726,0.306156405990017,0.91846921797005,0.925207756232687,0.299168975069252,0.3601108033241,0.720221606648199,1.1553982300885,0.47787610619469,0.736991150442478,0.64353982300885,1.34398174557901,0.639691714836224,0.656018254420993,1.36030828516378,1.48373101952278,0.899493853940709,0.251626898047722,1.36514822848879,1.04761904761905,0.84981684981685,0.743589743589744,1.35897435897436,1.3460116217644,0.627575277337559,0.752245113576334,1.27416798732171,2.10309278350515,0.719679633867277,0.587628865979381,1.28032036613272,1.59039190897598,0.563843236409608,0.417193426042984,1.17572692793932,0.309278350515464,0.686111111111111,1,1.31388888888889,1.47398230088496,0.731025299600533,1.51221238938053,1.26897470039947
