virus,realm,locus_tag,host,type,shape,AAA,AAC,AAG,AAT,ACA,ACC,ACG,ACT,AGA,AGC,AGG,AGT,ATA,ATC,ATG,ATT,CAA,CAC,CAG,CAT,CCA,CCC,CCG,CCT,CGA,CGC,CGG,CGT,CTA,CTC,CTG,CTT,GAA,GAC,GAG,GAT,GCA,GCC,GCG,GCT,GGA,GGC,GGG,GGT,GTA,GTC,GTG,GTT,TAA,TAC,TAG,TAT,TCA,TCC,TCG,TCT,TGA,TGC,TGG,TGT,TTA,TTC,TTG,TTT
Hordeum mosaic virus,NA,HoMVgp,NA,RNA,linear,1.05116279069767,1.25465838509317,0.948837209302326,0.745341614906832,1.83783783783784,0.432432432432432,0.954954954954955,0.774774774774775,1.43023255813953,1.64423076923077,1.01162790697674,1.09615384615385,1.13114754098361,0.819672131147541,1,1.04918032786885,1.36363636363636,0.898876404494382,0.636363636363636,1.10112359550562,2.24390243902439,0.552845528455285,0.455284552845528,0.747967479674797,0.837209302325581,1.11627906976744,0.593023255813954,1.01162790697674,0.841726618705036,1.01438848920863,0.776978417266187,1.01438848920863,1.14124293785311,0.907216494845361,0.858757062146893,1.09278350515464,1.92857142857143,0.5,0.553571428571429,1.01785714285714,1.44186046511628,0.976744186046512,0.534883720930233,1.04651162790698,0.648648648648649,0.540540540540541,1.44864864864865,1.36216216216216,1.5,1.28205128205128,1.5,0.717948717948718,1.75961538461538,0.346153846153846,0.605769230769231,0.548076923076923,0,1.01960784313725,1,0.980392156862745,1.12230215827338,1.05426356589147,1.23021582733813,0.945736434108527
