virus,realm,host,locus_tag,AAA,AAC,AAG,AAT,ACA,ACC,ACG,ACT,AGA,AGC,AGG,AGT,ATA,ATC,ATG,ATT,CAA,CAC,CAG,CAT,CCA,CCC,CCG,CCT,CGA,CGC,CGG,CGT,CTA,CTC,CTG,CTT,GAA,GAC,GAG,GAT,GCA,GCC,GCG,GCT,GGA,GGC,GGG,GGT,GTA,GTC,GTG,GTT,TAA,TAC,TAG,TAT,TCA,TCC,TCG,TCT,TGA,TGC,TGG,TGT,TTA,TTC,TTG,TTT
Horseshoe bat hepatitis B virus,Riboviria,vertebrates,HM82,1.35135135135135,1.31818181818182,0.648648648648649,0.681818181818182,0.835164835164835,1.53846153846154,0.307692307692308,1.31868131868132,1.36134453781513,0.365217391304348,1.00840336134454,0.834782608695652,0.8,1.53333333333333,1,0.666666666666667,1.17241379310345,1.05263157894737,0.827586206896552,0.947368421052632,0.738461538461539,1.32307692307692,0.707692307692308,1.23076923076923,0.453781512605042,1.3109243697479,1.10924369747899,0.756302521008403,0.556701030927835,1.54639175257732,1.36082474226804,1.32989690721649,0.909090909090909,1.04545454545455,1.09090909090909,0.954545454545455,0.85981308411215,1.30841121495327,0.485981308411215,1.34579439252336,1.12621359223301,1.0873786407767,1.35922330097087,0.427184466019417,0.514285714285714,1.31428571428571,1.54285714285714,0.628571428571429,0.75,0.736842105263158,0.75,1.26315789473684,1.2,1.72173913043478,0.469565217391304,1.40869565217391,1.5,1.28888888888889,1,0.711111111111111,0.463917525773196,0.888888888888889,0.742268041237113,1.11111111111111
