virus,realm,locus_tag,host,type,shape,AAA,AAC,AAG,AAT,ACA,ACC,ACG,ACT,AGA,AGC,AGG,AGT,ATA,ATC,ATG,ATT,CAA,CAC,CAG,CAT,CCA,CCC,CCG,CCT,CGA,CGC,CGG,CGT,CTA,CTC,CTG,CTT,GAA,GAC,GAG,GAT,GCA,GCC,GCG,GCT,GGA,GGC,GGG,GGT,GTA,GTC,GTG,GTT,TAA,TAC,TAG,TAT,TCA,TCC,TCG,TCT,TGA,TGC,TGG,TGT,TTA,TTC,TTG,TTT
Hubei odonate virus 8,Riboviria,BU149,invertebrates,RNA,linear,1.17391304347826,0.638888888888889,0.826086956521739,1.36111111111111,1.83157894736842,0.673684210526316,0.0631578947368421,1.43157894736842,3.12328767123288,0.804347826086957,2.42465753424658,1.04347826086957,1.4591439688716,0.361867704280156,1,1.17898832684825,0.96,0.5,1.04,1.5,1.96551724137931,0.344827586206897,0.137931034482759,1.55172413793103,0.0821917808219178,0.205479452054795,0.0821917808219178,0.0821917808219178,1.11827956989247,0.236559139784946,0.623655913978495,0.946236559139785,1.14110429447853,0.762886597938144,0.858895705521472,1.23711340206186,1.63380281690141,0.535211267605634,0.0845070422535211,1.74647887323944,1.03311258278146,0.980132450331126,0.635761589403974,1.35099337748344,0.821621621621622,0.735135135135135,1.01621621621622,1.42702702702703,1,0.64968152866242,0,1.35031847133758,1.93478260869565,0.5,0.173913043478261,1.54347826086957,2,0.864864864864865,1,1.13513513513514,1.67741935483871,0.71304347826087,1.39784946236559,1.28695652173913
