virus,realm,locus_tag,host,type,shape,AAA,AAC,AAG,AAT,ACA,ACC,ACG,ACT,AGA,AGC,AGG,AGT,ATA,ATC,ATG,ATT,CAA,CAC,CAG,CAT,CCA,CCC,CCG,CCT,CGA,CGC,CGG,CGT,CTA,CTC,CTG,CTT,GAA,GAC,GAG,GAT,GCA,GCC,GCG,GCT,GGA,GGC,GGG,GGT,GTA,GTC,GTG,GTT,TAA,TAC,TAG,TAT,TCA,TCC,TCG,TCT,TGA,TGC,TGG,TGT,TTA,TTC,TTG,TTT
Hubei diptera virus 5,Riboviria,BVA91,invertebrates,RNA,linear,1.1672131147541,0.495575221238938,0.832786885245902,1.50442477876106,1.27038626609442,0.515021459227468,0.0515021459227468,2.16309012875536,4.04347826086957,0.617414248021108,1.30434782608696,1.18733509234829,1.02727272727273,0.490909090909091,1,1.48181818181818,1.42307692307692,0.356164383561644,0.576923076923077,1.64383561643836,1.71428571428571,0.380952380952381,0.126984126984127,1.77777777777778,0.326086956521739,0.0326086956521739,0.16304347826087,0.130434782608696,0.901554404145078,0.38860103626943,0.38860103626943,0.792746113989637,1.33846153846154,0.403361344537815,0.661538461538462,1.59663865546218,1.74025974025974,0.623376623376623,0.0779220779220779,1.55844155844156,1.32530120481928,0.578313253012048,0.506024096385542,1.59036144578313,0.781818181818182,0.6,0.545454545454545,2.07272727272727,3,0.513513513513513,0,1.48648648648649,1.63060686015831,0.45910290237467,0.0474934036939314,2.05804749340369,0,0.831460674157303,1,1.1685393258427,2.3160621761658,0.557692307692308,1.21243523316062,1.44230769230769
