virus,realm,locus_tag,host,type,shape,AAA,AAC,AAG,AAT,ACA,ACC,ACG,ACT,AGA,AGC,AGG,AGT,ATA,ATC,ATG,ATT,CAA,CAC,CAG,CAT,CCA,CCC,CCG,CCT,CGA,CGC,CGG,CGT,CTA,CTC,CTG,CTT,GAA,GAC,GAG,GAT,GCA,GCC,GCG,GCT,GGA,GGC,GGG,GGT,GTA,GTC,GTG,GTT,TAA,TAC,TAG,TAT,TCA,TCC,TCG,TCT,TGA,TGC,TGG,TGT,TTA,TTC,TTG,TTT
Hubei virga-like virus 2,Riboviria,BWU52,invertebrates,RNA,linear,0.590361445783133,1.44347826086957,1.40963855421687,0.556521739130435,0.385185185185185,1.11111111111111,1.24444444444444,1.25925925925926,0.597014925373134,0.708333333333333,0.686567164179104,0.729166666666667,0.769230769230769,1.38461538461538,1,0.846153846153846,0.680851063829787,1.44444444444444,1.31914893617021,0.555555555555556,0.529411764705882,1.15686274509804,1.52941176470588,0.784313725490196,0.776119402985075,1.82089552238806,0.447761194029851,1.67164179104478,0.513157894736842,1.16447368421053,1.73684210526316,0.592105263157895,0.898203592814371,1.34,1.10179640718563,0.66,0.43956043956044,1.06593406593407,1.27472527472527,1.21978021978022,1.04812834224599,0.983957219251337,0.641711229946524,1.32620320855615,0.436363636363636,1.20727272727273,1.44,0.916363636363636,1.5,1.42372881355932,1.5,0.576271186440678,0.458333333333333,1.25,1.45833333333333,1.39583333333333,0,1.10769230769231,1,0.892307692307692,0.375,1.23478260869565,1.61842105263158,0.765217391304348
