virus,realm,host,locus_tag,AAA,AAC,AAG,AAT,ACA,ACC,ACG,ACT,AGA,AGC,AGG,AGT,ATA,ATC,ATG,ATT,CAA,CAC,CAG,CAT,CCA,CCC,CCG,CCT,CGA,CGC,CGG,CGT,CTA,CTC,CTG,CTT,GAA,GAC,GAG,GAT,GCA,GCC,GCG,GCT,GGA,GGC,GGG,GGT,GTA,GTC,GTG,GTT,TAA,TAC,TAG,TAT,TCA,TCC,TCG,TCT,TGA,TGC,TGG,TGT,TTA,TTC,TTG,TTT
Hubei tombus-like virus 30,Riboviria,invertebrates,BVF34,1.17241379310345,1.20754716981132,0.827586206896552,0.792452830188679,1.48148148148148,0.888888888888889,0.839506172839506,0.790123456790123,1.6,1.28571428571429,0.9,1.5,0.794117647058823,1.27941176470588,1,0.926470588235294,1.42105263157895,1.53333333333333,0.578947368421053,0.466666666666667,1.37931034482759,1.03448275862069,1.10344827586207,0.482758620689655,1,1,0.8,0.7,0.685714285714286,1.08571428571429,0.8,1.08571428571429,1.28301886792453,1.15789473684211,0.716981132075472,0.842105263157895,1.29032258064516,1.2258064516129,0.709677419354839,0.774193548387097,1.2093023255814,1.02325581395349,0.465116279069767,1.30232558139535,1.19148936170213,1.1063829787234,0.595744680851064,1.1063829787234,1.5,1.2156862745098,0,0.784313725490196,1.42857142857143,0.785714285714286,0.357142857142857,0.642857142857143,1.5,1.5,1,0.5,0.971428571428571,1.11111111111111,1.37142857142857,0.888888888888889
