virus,realm,locus_tag,host,type,shape,AAA,AAC,AAG,AAT,ACA,ACC,ACG,ACT,AGA,AGC,AGG,AGT,ATA,ATC,ATG,ATT,CAA,CAC,CAG,CAT,CCA,CCC,CCG,CCT,CGA,CGC,CGG,CGT,CTA,CTC,CTG,CTT,GAA,GAC,GAG,GAT,GCA,GCC,GCG,GCT,GGA,GGC,GGG,GGT,GTA,GTC,GTG,GTT,TAA,TAC,TAG,TAT,TCA,TCC,TCG,TCT,TGA,TGC,TGG,TGT,TTA,TTC,TTG,TTT
Hubei picorna-like virus 31,Riboviria,BVA76,invertebrates,RNA,linear,1.36216216216216,0.257575757575758,0.637837837837838,1.74242424242424,1.77777777777778,0.361111111111111,0.444444444444444,1.41666666666667,2.86153846153846,0.298342541436464,0.553846153846154,1.95580110497238,1.19337016574586,0.215469613259669,1,1.59116022099448,1.625,0.30188679245283,0.375,1.69811320754717,1.43448275862069,0.248275862068966,0.220689655172414,2.09655172413793,0.646153846153846,0.230769230769231,0.415384615384615,1.29230769230769,0.504672897196262,0.336448598130841,0.252336448598131,1.06542056074766,1.27272727272727,0.25,0.727272727272727,1.75,1.03067484662577,0.662576687116564,0.466257668711656,1.84049079754601,1.17647058823529,0.441176470588235,0.323529411764706,2.05882352941176,1.01463414634146,0.331707317073171,0.780487804878049,1.87317073170732,3,0.191176470588235,0,1.80882352941176,1.25966850828729,0.430939226519337,0.298342541436464,1.75690607734807,0,0.421052631578947,1,1.57894736842105,2.55140186915888,0.411764705882353,1.28971962616822,1.58823529411765
