virus,realm,locus_tag,host,type,shape,AAA,AAC,AAG,AAT,ACA,ACC,ACG,ACT,AGA,AGC,AGG,AGT,ATA,ATC,ATG,ATT,CAA,CAC,CAG,CAT,CCA,CCC,CCG,CCT,CGA,CGC,CGG,CGT,CTA,CTC,CTG,CTT,GAA,GAC,GAG,GAT,GCA,GCC,GCG,GCT,GGA,GGC,GGG,GGT,GTA,GTC,GTG,GTT,TAA,TAC,TAG,TAT,TCA,TCC,TCG,TCT,TGA,TGC,TGG,TGT,TTA,TTC,TTG,TTT
Hubei coleoptera virus 3,NA,BWW17,NA,RNA,linear,1.22267206477733,0.6,0.777327935222672,1.4,1.56701030927835,0.769759450171821,0.13745704467354,1.52577319587629,2.6969696969697,0.476470588235294,1.3030303030303,1.32352941176471,1.09003215434084,0.684887459807074,1,1.22508038585209,1.30635838150289,0.417391304347826,0.69364161849711,1.58260869565217,1.57142857142857,0.346938775510204,0.244897959183673,1.83673469387755,0.666666666666667,0.333333333333333,0.363636363636364,0.636363636363636,0.837782340862423,0.505133470225873,0.394250513347023,0.887063655030801,1.13761467889908,0.514285714285714,0.862385321100917,1.48571428571429,1.36585365853659,0.585365853658537,0.214634146341463,1.83414634146341,1.16666666666667,0.333333333333333,0.666666666666667,1.83333333333333,1.10861423220974,0.584269662921348,0.868913857677903,1.43820224719101,1,0.620689655172414,1,1.37931034482759,1.78235294117647,0.564705882352941,0.352941176470588,1.5,1,0.920634920634921,1,1.07936507936508,2.24229979466119,0.879120879120879,1.13347022587269,1.12087912087912
