virus,realm,locus_tag,host,type,shape,AAA,AAC,AAG,AAT,ACA,ACC,ACG,ACT,AGA,AGC,AGG,AGT,ATA,ATC,ATG,ATT,CAA,CAC,CAG,CAT,CCA,CCC,CCG,CCT,CGA,CGC,CGG,CGT,CTA,CTC,CTG,CTT,GAA,GAC,GAG,GAT,GCA,GCC,GCG,GCT,GGA,GGC,GGG,GGT,GTA,GTC,GTG,GTT,TAA,TAC,TAG,TAT,TCA,TCC,TCG,TCT,TGA,TGC,TGG,TGT,TTA,TTC,TTG,TTT
Hubei virga-like virus 21,Riboviria,BWU51,invertebrates,RNA,linear,0.723926380368098,1.24210526315789,1.2760736196319,0.757894736842105,0.612021857923497,1.46448087431694,0.830601092896175,1.09289617486339,1.19444444444444,0.873239436619718,0.722222222222222,0.732394366197183,0.627118644067797,1.49152542372881,1,0.88135593220339,0.788990825688073,1.14634146341463,1.21100917431193,0.853658536585366,0.822695035460993,0.851063829787234,1.78723404255319,0.539007092198582,0.527777777777778,1.72222222222222,0.611111111111111,1.22222222222222,0.596153846153846,1.13461538461538,1.48076923076923,0.807692307692308,0.872093023255814,1.04081632653061,1.12790697674419,0.959183673469388,0.772532188841202,0.927038626609442,1.25321888412017,1.04721030042918,0.818181818181818,0.477272727272727,0.931818181818182,1.77272727272727,0.335664335664336,1.24475524475524,1.23076923076923,1.18881118881119,0.75,1.11594202898551,1.5,0.884057971014493,0.704225352112676,0.788732394366197,1.77464788732394,1.12676056338028,0.75,0.848484848484849,1,1.15151515151515,0.519230769230769,1.14864864864865,1.46153846153846,0.851351351351351
