virus,realm,locus_tag,host,type,shape,AAA,AAC,AAG,AAT,ACA,ACC,ACG,ACT,AGA,AGC,AGG,AGT,ATA,ATC,ATG,ATT,CAA,CAC,CAG,CAT,CCA,CCC,CCG,CCT,CGA,CGC,CGG,CGT,CTA,CTC,CTG,CTT,GAA,GAC,GAG,GAT,GCA,GCC,GCG,GCT,GGA,GGC,GGG,GGT,GTA,GTC,GTG,GTT,TAA,TAC,TAG,TAT,TCA,TCC,TCG,TCT,TGA,TGC,TGG,TGT,TTA,TTC,TTG,TTT
Hubei tombus-like virus 11,Riboviria,BWS11,invertebrates,RNA,linear,1.31914893617021,1.10344827586207,0.680851063829787,0.896551724137931,1.64705882352941,1.09803921568627,0.627450980392157,0.627450980392157,2.29787234042553,0.96,1.78723404255319,0.6,1.75609756097561,0.585365853658537,1,0.658536585365854,1.06976744186047,1.04347826086957,0.930232558139535,0.956521739130435,0.717948717948718,1.02564102564103,0.717948717948718,1.53846153846154,0.893617021276596,0.51063829787234,0.127659574468085,0.382978723404255,0.545454545454545,0.818181818181818,0.636363636363636,0.727272727272727,1.04761904761905,1,0.952380952380952,1,1.26315789473684,0.736842105263158,0.526315789473684,1.47368421052632,1.38461538461538,0.769230769230769,0.769230769230769,1.07692307692308,0.588235294117647,1.41176470588235,1.17647058823529,0.823529411764706,1.5,1.15151515151515,1.5,0.848484848484849,0.84,1.56,0.6,1.44,0,0.555555555555556,1,1.44444444444444,1.72727272727273,1.12,1.54545454545455,0.88
