virus,realm,locus_tag,host,type,shape,AAA,AAC,AAG,AAT,ACA,ACC,ACG,ACT,AGA,AGC,AGG,AGT,ATA,ATC,ATG,ATT,CAA,CAC,CAG,CAT,CCA,CCC,CCG,CCT,CGA,CGC,CGG,CGT,CTA,CTC,CTG,CTT,GAA,GAC,GAG,GAT,GCA,GCC,GCG,GCT,GGA,GGC,GGG,GGT,GTA,GTC,GTG,GTT,TAA,TAC,TAG,TAT,TCA,TCC,TCG,TCT,TGA,TGC,TGG,TGT,TTA,TTC,TTG,TTT
Hubei zhaovirus-like virus 1,Riboviria,BWU46,vertebrates,RNA,linear,1.48872180451128,0.380952380952381,0.511278195488722,1.61904761904762,1.4368932038835,0.388349514563107,0.349514563106796,1.8252427184466,3.08823529411765,0.4,1.41176470588235,1.8,1.125,0.401785714285714,1,1.47321428571429,1.64705882352941,0.529411764705882,0.352941176470588,1.47058823529412,1.6271186440678,0.203389830508475,0.406779661016949,1.76271186440678,0.352941176470588,0.176470588235294,0.176470588235294,0.794117647058823,0.620689655172414,0.413793103448276,0.331034482758621,1.15862068965517,1.5,0.415841584158416,0.5,1.58415841584158,1.3,0.35,0.25,2.1,1.16279069767442,0.465116279069767,0.418604651162791,1.95348837209302,1.12121212121212,0.787878787878788,0.515151515151515,1.57575757575758,2.1038961038961,0.444444444444444,0.818181818181818,1.55555555555556,1.2,0.35,0.3,1.95,0.0779220779220779,0.5,1,1.5,2.11034482758621,0.725274725274725,1.36551724137931,1.27472527472527
