virus,realm,host,locus_tag,AAA,AAC,AAG,AAT,ACA,ACC,ACG,ACT,AGA,AGC,AGG,AGT,ATA,ATC,ATG,ATT,CAA,CAC,CAG,CAT,CCA,CCC,CCG,CCT,CGA,CGC,CGG,CGT,CTA,CTC,CTG,CTT,GAA,GAC,GAG,GAT,GCA,GCC,GCG,GCT,GGA,GGC,GGG,GGT,GTA,GTC,GTG,GTT,TAA,TAC,TAG,TAT,TCA,TCC,TCG,TCT,TGA,TGC,TGG,TGT,TTA,TTC,TTG,TTT
Hubei picorna-like virus 53,Riboviria,invertebrates,BWS02,1.37349397590361,0.772093023255814,0.626506024096386,1.22790697674419,1.55844155844156,0.675324675324675,0.441558441558442,1.32467532467532,2.10958904109589,0.591044776119403,0.602739726027397,1.00298507462687,0.972413793103448,0.744827586206897,1,1.28275862068966,1.46820809248555,0.693877551020408,0.531791907514451,1.30612244897959,2.11042944785276,0.343558282208589,0.441717791411043,1.10429447852761,1.01369863013699,0.767123287671233,0.493150684931507,1.01369863013699,0.970588235294118,0.670588235294118,0.423529411764706,1.21764705882353,1.55905511811024,0.75,0.440944881889764,1.25,1.61264822134387,0.727272727272727,0.347826086956522,1.31225296442688,2,0.831858407079646,0.336283185840708,0.831858407079646,1.40157480314961,0.850393700787402,0.377952755905512,1.37007874015748,0,0.526315789473684,0,1.47368421052632,2.14925373134328,0.501492537313433,0.483582089552239,1.27164179104478,3,0.655172413793103,1,1.3448275862069,1.74705882352941,0.908108108108108,0.970588235294118,1.09189189189189
