virus,realm,locus_tag,host,type,shape,AAA,AAC,AAG,AAT,ACA,ACC,ACG,ACT,AGA,AGC,AGG,AGT,ATA,ATC,ATG,ATT,CAA,CAC,CAG,CAT,CCA,CCC,CCG,CCT,CGA,CGC,CGG,CGT,CTA,CTC,CTG,CTT,GAA,GAC,GAG,GAT,GCA,GCC,GCG,GCT,GGA,GGC,GGG,GGT,GTA,GTC,GTG,GTT,TAA,TAC,TAG,TAT,TCA,TCC,TCG,TCT,TGA,TGC,TGG,TGT,TTA,TTC,TTG,TTT
Hubei sobemo-like virus 38,Riboviria,BVB15,invertebrates,RNA,linear,1,0.73469387755102,1,1.26530612244898,1.44262295081967,0.721311475409836,0.655737704918033,1.18032786885246,0.872727272727273,1,0.872727272727273,0.928571428571429,0.983606557377049,0.491803278688525,1,1.52459016393443,1.24528301886792,0.476190476190476,0.754716981132076,1.52380952380952,0.714285714285714,0.5,0.785714285714286,2,0.545454545454545,0.981818181818182,1.2,1.52727272727273,0.745098039215686,0.392156862745098,0.784313725490196,1.09803921568627,1.31914893617021,0.46875,0.680851063829787,1.53125,0.88,0.8,0.72,1.6,1.2258064516129,0.967741935483871,0.32258064516129,1.48387096774194,0.517647058823529,0.329411764705882,1.03529411764706,2.11764705882353,2,0.652173913043478,1,1.34782608695652,1.14285714285714,1.07142857142857,0.785714285714286,1.07142857142857,0,0.571428571428571,1,1.42857142857143,1.49019607843137,0.754098360655738,1.49019607843137,1.24590163934426
