virus,realm,locus_tag,host,type,shape,AAA,AAC,AAG,AAT,ACA,ACC,ACG,ACT,AGA,AGC,AGG,AGT,ATA,ATC,ATG,ATT,CAA,CAC,CAG,CAT,CCA,CCC,CCG,CCT,CGA,CGC,CGG,CGT,CTA,CTC,CTG,CTT,GAA,GAC,GAG,GAT,GCA,GCC,GCG,GCT,GGA,GGC,GGG,GGT,GTA,GTC,GTG,GTT,TAA,TAC,TAG,TAT,TCA,TCC,TCG,TCT,TGA,TGC,TGG,TGT,TTA,TTC,TTG,TTT
Hubei picorna-like virus 17,Riboviria,BWW57,invertebrates,RNA,linear,0.897727272727273,0.256410256410256,1.10227272727273,1.74358974358974,1.43820224719101,0.247191011235955,0.539325842696629,1.7752808988764,1.44525547445255,0.285714285714286,1.44525547445255,1.54285714285714,1.05298013245033,0.198675496688742,1,1.74834437086093,0.976,0.456140350877193,1.024,1.54385964912281,1.62857142857143,0.371428571428571,0.714285714285714,1.28571428571429,1.18248175182482,0.35036496350365,0.131386861313869,1.44525547445255,0.292682926829268,0.18815331010453,0.313588850174216,0.710801393728223,0.904255319148936,0.312925170068027,1.09574468085106,1.68707482993197,1.42723004694836,0.507042253521127,0.582159624413146,1.48356807511737,1.69620253164557,0.379746835443038,0.253164556962025,1.67088607594937,0.85140562248996,0.240963855421687,0.819277108433735,2.08835341365462,1.5,0.218181818181818,0,1.78181818181818,1.28571428571429,0.485714285714286,0.914285714285714,1.48571428571429,1.5,0.372093023255814,1,1.62790697674419,1.3588850174216,0.37125748502994,3.13588850174216,1.62874251497006
