virus,realm,locus_tag,host,type,shape,AAA,AAC,AAG,AAT,ACA,ACC,ACG,ACT,AGA,AGC,AGG,AGT,ATA,ATC,ATG,ATT,CAA,CAC,CAG,CAT,CCA,CCC,CCG,CCT,CGA,CGC,CGG,CGT,CTA,CTC,CTG,CTT,GAA,GAC,GAG,GAT,GCA,GCC,GCG,GCT,GGA,GGC,GGG,GGT,GTA,GTC,GTG,GTT,TAA,TAC,TAG,TAT,TCA,TCC,TCG,TCT,TGA,TGC,TGG,TGT,TTA,TTC,TTG,TTT
Hubei picorna-like virus 42,Riboviria,BWW94,invertebrates,RNA,linear,1.52517985611511,0.351648351648352,0.474820143884892,1.64835164835165,1.65022421524664,0.538116591928251,0.2152466367713,1.59641255605381,2.90066225165563,0.197183098591549,0.913907284768212,2.11267605633803,1.46575342465753,0.410958904109589,1,1.12328767123288,1.5,0.657894736842105,0.5,1.34210526315789,1.5796178343949,0.636942675159236,0.203821656050955,1.5796178343949,0.754966887417219,0.317880794701987,0.278145695364238,0.834437086092715,0.894117647058824,0.517647058823529,0.305882352941176,0.823529411764706,1.52941176470588,0.419161676646707,0.470588235294118,1.58083832335329,1.11229946524064,0.598930481283422,0.0855614973262032,2.20320855614973,1.69127516778523,0.348993288590604,0.61744966442953,1.34228187919463,1.40314136125654,0.209424083769634,0.418848167539267,1.96858638743456,3,0.388059701492537,0,1.61194029850746,1.66197183098592,0.309859154929577,0.338028169014085,1.38028169014085,0,0.545454545454545,1,1.45454545454545,2.35294117647059,0.324324324324324,1.10588235294118,1.67567567567568
