virus,realm,host,locus_tag,AAA,AAC,AAG,AAT,ACA,ACC,ACG,ACT,AGA,AGC,AGG,AGT,ATA,ATC,ATG,ATT,CAA,CAC,CAG,CAT,CCA,CCC,CCG,CCT,CGA,CGC,CGG,CGT,CTA,CTC,CTG,CTT,GAA,GAC,GAG,GAT,GCA,GCC,GCG,GCT,GGA,GGC,GGG,GGT,GTA,GTC,GTG,GTT,TAA,TAC,TAG,TAT,TCA,TCC,TCG,TCT,TGA,TGC,TGG,TGT,TTA,TTC,TTG,TTT
Hubei picorna-like virus 22,Riboviria,invertebrates,BWX12,1.08270676691729,1.23364485981308,0.917293233082707,0.766355140186916,0.93854748603352,0.849162011173184,0.625698324022346,1.58659217877095,0.458333333333333,0.7,0.291666666666667,0.766666666666667,0.246268656716418,1.16417910447761,1,1.58955223880597,1.31111111111111,0.893617021276596,0.688888888888889,1.1063829787234,1.21481481481481,0.948148148148148,0.592592592592593,1.24444444444444,2.41666666666667,1.25,0.458333333333333,1.125,0.449197860962567,1.02673796791444,1.25133689839572,1.31550802139037,1.28205128205128,1,0.717948717948718,1,1.42131979695431,0.751269035532995,0.50761421319797,1.31979695431472,1.88888888888889,1.30555555555556,0.0555555555555556,0.75,0.340909090909091,0.977272727272727,1.02272727272727,1.65909090909091,1.5,1.20388349514563,0,0.796116504854369,1.26666666666667,0.866666666666667,0.7,1.7,1.5,0.894736842105263,1,1.10526315789474,0.25668449197861,0.790322580645161,1.70053475935829,1.20967741935484
