virus,realm,locus_tag,host,type,shape,AAA,AAC,AAG,AAT,ACA,ACC,ACG,ACT,AGA,AGC,AGG,AGT,ATA,ATC,ATG,ATT,CAA,CAC,CAG,CAT,CCA,CCC,CCG,CCT,CGA,CGC,CGG,CGT,CTA,CTC,CTG,CTT,GAA,GAC,GAG,GAT,GCA,GCC,GCG,GCT,GGA,GGC,GGG,GGT,GTA,GTC,GTG,GTT,TAA,TAC,TAG,TAT,TCA,TCC,TCG,TCT,TGA,TGC,TGG,TGT,TTA,TTC,TTG,TTT
Hubei picorna-like virus 59,Riboviria,BWR97,invertebrates,RNA,linear,1.03664921465969,0.840764331210191,0.963350785340314,1.15923566878981,1.20879120879121,0.813186813186813,0.373626373626374,1.6043956043956,1.632,0.8,0.624,0.628571428571429,0.928571428571429,0.8,1,1.27142857142857,1.33333333333333,0.526315789473684,0.666666666666667,1.47368421052632,1.41007194244604,0.834532374100719,0.172661870503597,1.58273381294964,0.96,1.104,0.192,1.488,1.21991701244813,1.07053941908714,0.547717842323652,1.3195020746888,1.26060606060606,0.929936305732484,0.739393939393939,1.07006369426752,0.990825688073395,0.752293577981651,0.403669724770642,1.85321100917431,1.5672514619883,0.912280701754386,0.304093567251462,1.21637426900585,0.964705882352941,0.917647058823529,0.541176470588235,1.57647058823529,3,0.909090909090909,0,1.09090909090909,1.45714285714286,0.885714285714286,0.342857142857143,1.88571428571429,0,0.727272727272727,1,1.27272727272727,0.821576763485477,0.814814814814815,1.0207468879668,1.18518518518519
