virus,realm,locus_tag,host,type,shape,AAA,AAC,AAG,AAT,ACA,ACC,ACG,ACT,AGA,AGC,AGG,AGT,ATA,ATC,ATG,ATT,CAA,CAC,CAG,CAT,CCA,CCC,CCG,CCT,CGA,CGC,CGG,CGT,CTA,CTC,CTG,CTT,GAA,GAC,GAG,GAT,GCA,GCC,GCG,GCT,GGA,GGC,GGG,GGT,GTA,GTC,GTG,GTT,TAA,TAC,TAG,TAT,TCA,TCC,TCG,TCT,TGA,TGC,TGG,TGT,TTA,TTC,TTG,TTT
Hubei virga-like virus 9,Riboviria,BWU48,invertebrates,RNA,linear,1.02463054187192,1.22758620689655,0.975369458128079,0.772413793103448,0.937238493723849,0.97071129707113,0.820083682008368,1.27196652719665,1.98305084745763,0.612244897959184,1.70338983050847,1.2734693877551,1.56741573033708,0.606741573033708,1,0.825842696629214,0.725,0.881720430107527,1.275,1.11827956989247,1.1830985915493,0.845070422535211,0.929577464788732,1.04225352112676,0.711864406779661,0.686440677966102,0.279661016949153,0.635593220338983,0.391752577319588,0.350515463917526,1.29896907216495,0.515463917525773,0.823529411764706,0.940239043824701,1.17647058823529,1.0597609561753,1.03349282296651,0.822966507177033,0.880382775119617,1.26315789473684,0.819277108433735,0.626506024096386,0.602409638554217,1.95180722891566,0.696969696969697,0.742424242424242,1.62121212121212,0.939393939393939,1.5,0.968553459119497,0.75,1.0314465408805,0.955102040816327,0.759183673469388,0.979591836734694,1.42040816326531,0.75,0.9,1,1.1,0.907216494845361,0.815384615384615,2.5360824742268,1.18461538461538
