virus,realm,host,locus_tag,AAA,AAC,AAG,AAT,ACA,ACC,ACG,ACT,AGA,AGC,AGG,AGT,ATA,ATC,ATG,ATT,CAA,CAC,CAG,CAT,CCA,CCC,CCG,CCT,CGA,CGC,CGG,CGT,CTA,CTC,CTG,CTT,GAA,GAC,GAG,GAT,GCA,GCC,GCG,GCT,GGA,GGC,GGG,GGT,GTA,GTC,GTG,GTT,TAA,TAC,TAG,TAT,TCA,TCC,TCG,TCT,TGA,TGC,TGG,TGT,TTA,TTC,TTG,TTT
Hubei diptera virus 10,Riboviria,invertebrates,BWW12,1.26666666666667,0.614634146341463,0.733333333333333,1.38536585365854,1.734375,0.71875,0.40625,1.140625,2.91588785046729,0.433526011560694,0.841121495327103,1.05780346820809,1.2018927444795,0.77602523659306,1,1.02208201892744,1.22689075630252,0.649122807017544,0.773109243697479,1.35087719298246,1.27472527472527,0.769230769230769,0.681318681318681,1.27472527472527,1.03738317757009,0.252336448598131,0.448598130841121,0.504672897196262,0.836538461538462,0.576923076923077,0.850961538461538,0.9375,1.1699604743083,0.678111587982833,0.8300395256917,1.32188841201717,1.4639175257732,0.88659793814433,0.288659793814433,1.36082474226804,1.96,0.28,0.7,1.06,1.09433962264151,0.886792452830189,0.924528301886792,1.09433962264151,0.5,0.727272727272727,2,1.27272727272727,2.11560693641619,0.763005780346821,0.260115606936416,1.36994219653179,0.5,0.579710144927536,1,1.42028985507246,1.64423076923077,0.956521739130435,1.15384615384615,1.04347826086957
