virus,realm,locus_tag,host,type,shape,AAA,AAC,AAG,AAT,ACA,ACC,ACG,ACT,AGA,AGC,AGG,AGT,ATA,ATC,ATG,ATT,CAA,CAC,CAG,CAT,CCA,CCC,CCG,CCT,CGA,CGC,CGG,CGT,CTA,CTC,CTG,CTT,GAA,GAC,GAG,GAT,GCA,GCC,GCG,GCT,GGA,GGC,GGG,GGT,GTA,GTC,GTG,GTT,TAA,TAC,TAG,TAT,TCA,TCC,TCG,TCT,TGA,TGC,TGG,TGT,TTA,TTC,TTG,TTT
Hubei narna-like virus 2,Riboviria,BWW42,invertebrates,RNA,linear,0.444444444444444,0.75,1.55555555555556,1.25,1.09090909090909,1.09090909090909,0.545454545454545,1.27272727272727,2.2258064516129,1.04347826086957,1.54838709677419,2.21739130434783,0.6,0.7,1,1.7,0.838709677419355,0.4,1.16129032258065,1.6,1.06666666666667,1.15555555555556,0.711111111111111,1.06666666666667,0.870967741935484,0.0967741935483871,0.483870967741935,0.774193548387097,0.387096774193548,1.61290322580645,0.774193548387097,2,0.844444444444444,0.875,1.15555555555556,1.125,1.13207547169811,1.66037735849057,0.226415094339623,0.981132075471698,1.6,0.363636363636364,0.509090909090909,1.52727272727273,0.666666666666667,0.666666666666667,1.08333333333333,1.58333333333333,0,0.444444444444444,3,1.55555555555556,0.652173913043478,1.04347826086957,0.130434782608696,0.91304347826087,0,0.5,1,1.5,0.258064516129032,1.04,0.967741935483871,0.96
