virus,realm,host,locus_tag,AAA,AAC,AAG,AAT,ACA,ACC,ACG,ACT,AGA,AGC,AGG,AGT,ATA,ATC,ATG,ATT,CAA,CAC,CAG,CAT,CCA,CCC,CCG,CCT,CGA,CGC,CGG,CGT,CTA,CTC,CTG,CTT,GAA,GAC,GAG,GAT,GCA,GCC,GCG,GCT,GGA,GGC,GGG,GGT,GTA,GTC,GTG,GTT,TAA,TAC,TAG,TAT,TCA,TCC,TCG,TCT,TGA,TGC,TGG,TGT,TTA,TTC,TTG,TTT
Hubei tetragnatha maxillosa virus 5,Riboviria,invertebrates,BWS19,1.38604651162791,0.447916666666667,0.613953488372093,1.55208333333333,2.00956937799043,0.516746411483254,0.287081339712919,1.1866028708134,2.16541353383459,0.722222222222222,0.406015037593985,0.916666666666667,0.759036144578313,0.710843373493976,1,1.53012048192771,1.72413793103448,0.586666666666667,0.275862068965517,1.41333333333333,1.6231884057971,0.550724637681159,0.347826086956522,1.47826086956522,0.947368421052632,0.766917293233083,0.135338345864662,1.57894736842105,0.505747126436782,1.03448275862069,0.229885057471264,1.24137931034483,1.74331550802139,0.513157894736842,0.25668449197861,1.48684210526316,1.57837837837838,0.713513513513514,0.237837837837838,1.47027027027027,1.70059880239521,0.646706586826347,0.191616766467066,1.46107784431138,1.05660377358491,1.30817610062893,0.377358490566038,1.25786163522013,3,0.646616541353383,0,1.35338345864662,2.44444444444444,0.361111111111111,0.388888888888889,1.16666666666667,0,0.666666666666667,1,1.33333333333333,2.18390804597701,1.01333333333333,0.804597701149425,0.986666666666667
