virus,realm,locus_tag,host,type,shape,AAA,AAC,AAG,AAT,ACA,ACC,ACG,ACT,AGA,AGC,AGG,AGT,ATA,ATC,ATG,ATT,CAA,CAC,CAG,CAT,CCA,CCC,CCG,CCT,CGA,CGC,CGG,CGT,CTA,CTC,CTG,CTT,GAA,GAC,GAG,GAT,GCA,GCC,GCG,GCT,GGA,GGC,GGG,GGT,GTA,GTC,GTG,GTT,TAA,TAC,TAG,TAT,TCA,TCC,TCG,TCT,TGA,TGC,TGG,TGT,TTA,TTC,TTG,TTT
Hubei tetragnatha maxillosa virus 8,Riboviria,BWS17,invertebrates,RNA,linear,1.03759398496241,0.521739130434783,0.962406015037594,1.47826086956522,2,0.238805970149254,0.626865671641791,1.13432835820896,2.89830508474576,0.495412844036697,0.0508474576271186,1.43119266055046,1.30985915492958,0.654929577464789,1,1.03521126760563,1.40816326530612,0.755555555555556,0.591836734693878,1.24444444444444,2.70967741935484,0.043010752688172,0.516129032258065,0.731182795698925,1.22033898305085,0.610169491525424,0.305084745762712,0.915254237288136,1.24444444444444,0.444444444444444,0.488888888888889,0.666666666666667,1.30645161290323,0.525423728813559,0.693548387096774,1.47457627118644,2.05309734513274,0.31858407079646,0.495575221238938,1.13274336283186,2.38202247191011,0.449438202247191,0.134831460674157,1.03370786516854,1.34453781512605,0.436974789915966,0.907563025210084,1.3109243697479,0.75,0.641025641025641,0,1.35897435897436,2.25688073394495,0.055045871559633,0.825688073394495,0.935779816513762,2.25,0.857142857142857,1,1.14285714285714,2.4,1.07246376811594,0.755555555555556,0.927536231884058
