virus,realm,locus_tag,host,type,shape,AAA,AAC,AAG,AAT,ACA,ACC,ACG,ACT,AGA,AGC,AGG,AGT,ATA,ATC,ATG,ATT,CAA,CAC,CAG,CAT,CCA,CCC,CCG,CCT,CGA,CGC,CGG,CGT,CTA,CTC,CTG,CTT,GAA,GAC,GAG,GAT,GCA,GCC,GCG,GCT,GGA,GGC,GGG,GGT,GTA,GTC,GTG,GTT,TAA,TAC,TAG,TAT,TCA,TCC,TCG,TCT,TGA,TGC,TGG,TGT,TTA,TTC,TTG,TTT
Hubei picorna-like virus 58,Riboviria,BWR98,invertebrates,RNA,linear,1.18716577540107,1.13142857142857,0.812834224598931,0.868571428571429,1.57142857142857,0.875,0.357142857142857,1.19642857142857,2.51282051282051,0.660287081339713,0.461538461538462,0.77511961722488,1.08333333333333,1.08333333333333,1,0.833333333333333,1.57407407407407,1.26829268292683,0.425925925925926,0.731707317073171,1.45736434108527,0.713178294573643,0.310077519379845,1.51937984496124,0.717948717948718,0.871794871794872,0.256410256410256,1.17948717948718,1.25,0.975,0.3,1.3,1.54140127388535,1.18471337579618,0.45859872611465,0.815286624203822,1.32584269662921,0.853932584269663,0.269662921348315,1.55056179775281,1.57575757575758,0.533333333333333,0.315151515151515,1.57575757575758,0.947368421052632,0.863157894736842,0.463157894736842,1.72631578947368,0,1.18260869565217,3,0.817391304347826,1.80861244019139,0.631578947368421,0.430622009569378,1.69377990430622,0,0.594594594594595,1,1.40540540540541,1.3,0.916666666666667,0.875,1.08333333333333
