virus,realm,locus_tag,host,type,shape,AAA,AAC,AAG,AAT,ACA,ACC,ACG,ACT,AGA,AGC,AGG,AGT,ATA,ATC,ATG,ATT,CAA,CAC,CAG,CAT,CCA,CCC,CCG,CCT,CGA,CGC,CGG,CGT,CTA,CTC,CTG,CTT,GAA,GAC,GAG,GAT,GCA,GCC,GCG,GCT,GGA,GGC,GGG,GGT,GTA,GTC,GTG,GTT,TAA,TAC,TAG,TAT,TCA,TCC,TCG,TCT,TGA,TGC,TGG,TGT,TTA,TTC,TTG,TTT
Hubei myriapoda virus 5,Riboviria,B1T82,invertebrates,RNA,linear,1.47605633802817,0.664179104477612,0.523943661971831,1.33582089552239,1.71171171171171,0.792792792792793,0.0900900900900901,1.40540540540541,3.53125,0.461538461538462,0.84375,1.03448275862069,1.10526315789474,0.666666666666667,1,1.2280701754386,1.47572815533981,0.57516339869281,0.524271844660194,1.42483660130719,1.33333333333333,0.452830188679245,0.327044025157233,1.88679245283019,0.71875,0.21875,0.28125,0.40625,0.410526315789474,0.331578947368421,0.994736842105263,0.631578947368421,1.4982332155477,0.467948717948718,0.501766784452297,1.53205128205128,2.13496932515337,0.539877300613497,0.0736196319018405,1.25153374233129,1.72067039106145,0.64804469273743,0.491620111731844,1.13966480446927,1.08502024291498,0.502024291497976,1.05263157894737,1.36032388663968,0,0.529801324503311,2,1.47019867549669,1.52785145888594,0.859416445623342,0.222811671087533,1.89389920424403,1,0.504854368932039,1,1.49514563106796,1.95789473684211,0.647058823529412,1.67368421052632,1.35294117647059
