virus,realm,locus_tag,host,type,shape,AAA,AAC,AAG,AAT,ACA,ACC,ACG,ACT,AGA,AGC,AGG,AGT,ATA,ATC,ATG,ATT,CAA,CAC,CAG,CAT,CCA,CCC,CCG,CCT,CGA,CGC,CGG,CGT,CTA,CTC,CTG,CTT,GAA,GAC,GAG,GAT,GCA,GCC,GCG,GCT,GGA,GGC,GGG,GGT,GTA,GTC,GTG,GTT,TAA,TAC,TAG,TAT,TCA,TCC,TCG,TCT,TGA,TGC,TGG,TGT,TTA,TTC,TTG,TTT
Hubei virga-like virus 12,Riboviria,BWU56,invertebrates,RNA,linear,1.67659574468085,0.233463035019455,0.323404255319149,1.76653696498054,1.54430379746835,0.354430379746835,0.278481012658228,1.82278481012658,4.14285714285714,0.257668711656442,0.857142857142857,1.69325153374233,1.76530612244898,0.13265306122449,1,1.10204081632653,1.66666666666667,0.260869565217391,0.333333333333333,1.73913043478261,1.33333333333333,0.444444444444444,0.277777777777778,1.94444444444444,0.285714285714286,0.142857142857143,0.214285714285714,0.357142857142857,0.68503937007874,0.0708661417322835,0.0708661417322835,0.377952755905512,1.82089552238806,0.269938650306748,0.17910447761194,1.73006134969325,1.44927536231884,0.231884057971014,0.405797101449275,1.91304347826087,1.76470588235294,0.0588235294117647,0.176470588235294,2,2.19607843137255,0.0784313725490196,0.352941176470588,1.37254901960784,2,0.32,0.5,1.68,2.02453987730061,0.220858895705521,0.257668711656442,1.54601226993865,0.5,0.454545454545455,1,1.54545454545455,4.08661417322835,0.38150289017341,0.708661417322835,1.61849710982659
