virus,realm,locus_tag,host,type,shape,AAA,AAC,AAG,AAT,ACA,ACC,ACG,ACT,AGA,AGC,AGG,AGT,ATA,ATC,ATG,ATT,CAA,CAC,CAG,CAT,CCA,CCC,CCG,CCT,CGA,CGC,CGG,CGT,CTA,CTC,CTG,CTT,GAA,GAC,GAG,GAT,GCA,GCC,GCG,GCT,GGA,GGC,GGG,GGT,GTA,GTC,GTG,GTT,TAA,TAC,TAG,TAT,TCA,TCC,TCG,TCT,TGA,TGC,TGG,TGT,TTA,TTC,TTG,TTT
Hubei rhabdo-like virus 5,Riboviria,KM457,invertebrates,RNA,linear,1.30769230769231,0.442477876106195,0.692307692307692,1.55752212389381,1.61194029850746,0.328358208955224,0.0298507462686567,2.02985074626866,3.51219512195122,0.432692307692308,1.02439024390244,0.836538461538462,0.931034482758621,0.724137931034483,1,1.3448275862069,1.42528735632184,0.580645161290323,0.574712643678161,1.41935483870968,1.83783783783784,0.396396396396396,0.0720720720720721,1.69369369369369,0.439024390243902,0.146341463414634,0.219512195121951,0.658536585365854,0.860377358490566,0.362264150943396,0.249056603773585,0.70188679245283,1.1047619047619,0.329896907216495,0.895238095238095,1.67010309278351,1.26582278481013,0.30379746835443,0,2.43037974683544,2.17142857142857,0.342857142857143,0.685714285714286,0.8,1.52380952380952,0.533333333333333,0.647619047619048,1.2952380952381,3,0.613861386138614,0,1.38613861386139,1.93269230769231,0.576923076923077,0.0288461538461538,2.19230769230769,0,0.933333333333333,1,1.06666666666667,2.4,0.64957264957265,1.42641509433962,1.35042735042735
