virus,realm,host,locus_tag,AAA,AAC,AAG,AAT,ACA,ACC,ACG,ACT,AGA,AGC,AGG,AGT,ATA,ATC,ATG,ATT,CAA,CAC,CAG,CAT,CCA,CCC,CCG,CCT,CGA,CGC,CGG,CGT,CTA,CTC,CTG,CTT,GAA,GAC,GAG,GAT,GCA,GCC,GCG,GCT,GGA,GGC,GGG,GGT,GTA,GTC,GTG,GTT,TAA,TAC,TAG,TAT,TCA,TCC,TCG,TCT,TGA,TGC,TGG,TGT,TTA,TTC,TTG,TTT
Hubei sobemo-like virus 3,Riboviria,vertebrates,BVB24,0.481481481481481,1.16666666666667,1.51851851851852,0.833333333333333,0.376811594202899,1.39130434782609,1.21739130434783,1.01449275362319,0.710526315789474,1.42307692307692,1.26315789473684,0.423076923076923,0.368421052631579,1.42105263157895,1,1.21052631578947,0.705882352941177,1.28571428571429,1.29411764705882,0.714285714285714,0.75,1.35,1.15,0.75,0.315789473684211,1.81578947368421,1.26315789473684,0.631578947368421,0.3,1.2,1.3,1.15,0.968421052631579,1.23076923076923,1.03157894736842,0.769230769230769,0.764331210191083,1.35031847133758,1.01910828025478,0.866242038216561,0.819672131147541,1.67213114754098,0.754098360655738,0.754098360655738,0.385964912280702,1.05263157894737,1.43859649122807,1.12280701754386,3,1.29166666666667,0,0.708333333333333,0.807692307692308,1.07692307692308,1.19230769230769,1.07692307692308,0,1.65217391304348,1,0.347826086956522,0.1,0.96969696969697,1.95,1.03030303030303
