virus,realm,host,locus_tag,AAA,AAC,AAG,AAT,ACA,ACC,ACG,ACT,AGA,AGC,AGG,AGT,ATA,ATC,ATG,ATT,CAA,CAC,CAG,CAT,CCA,CCC,CCG,CCT,CGA,CGC,CGG,CGT,CTA,CTC,CTG,CTT,GAA,GAC,GAG,GAT,GCA,GCC,GCG,GCT,GGA,GGC,GGG,GGT,GTA,GTC,GTG,GTT,TAA,TAC,TAG,TAT,TCA,TCC,TCG,TCT,TGA,TGC,TGG,TGT,TTA,TTC,TTG,TTT
Hubei myriapoda virus 9,Riboviria,invertebrates,B1T81,0.771084337349398,0.92,1.2289156626506,1.08,1.09090909090909,1.21212121212121,0.808080808080808,0.888888888888889,0.694214876033058,0.866666666666667,0.793388429752066,0.733333333333333,0.586206896551724,1.13793103448276,1,1.27586206896552,1.10588235294118,1,0.894117647058824,1,1.21008403361345,0.941176470588235,0.773109243697479,1.07563025210084,1.58677685950413,0.942148760330578,1.04132231404959,0.942148760330578,0.502994011976048,0.862275449101796,0.934131736526946,1.50898203592814,1,0.838709677419355,1,1.16129032258065,1.42148760330579,0.892561983471074,0.661157024793388,1.02479338842975,1.46206896551724,1.13103448275862,0.689655172413793,0.717241379310345,0.8,0.866666666666667,1.13333333333333,1.2,0.75,1.14285714285714,0.75,0.857142857142857,0.6,1.86666666666667,0.866666666666667,1.06666666666667,1.5,1.07692307692308,1,0.923076923076923,0.682634730538922,0.985915492957746,1.50898203592814,1.01408450704225
