virus,realm,host,locus_tag,AAA,AAC,AAG,AAT,ACA,ACC,ACG,ACT,AGA,AGC,AGG,AGT,ATA,ATC,ATG,ATT,CAA,CAC,CAG,CAT,CCA,CCC,CCG,CCT,CGA,CGC,CGG,CGT,CTA,CTC,CTG,CTT,GAA,GAC,GAG,GAT,GCA,GCC,GCG,GCT,GGA,GGC,GGG,GGT,GTA,GTC,GTG,GTT,TAA,TAC,TAG,TAT,TCA,TCC,TCG,TCT,TGA,TGC,TGG,TGT,TTA,TTC,TTG,TTT
Hubei sobemo-like virus 45,Riboviria,invertebrates,BVB09,0.823529411764706,1.47368421052632,1.17647058823529,0.526315789473684,0.914285714285714,1.25714285714286,1.37142857142857,0.457142857142857,1.46938775510204,0.290322580645161,1.3469387755102,1.45161290322581,0.807692307692308,0.576923076923077,1,1.61538461538462,0.857142857142857,0.615384615384615,1.14285714285714,1.38461538461538,0.390243902439024,0.975609756097561,1.17073170731707,1.46341463414634,0.122448979591837,1.59183673469388,0.612244897959184,0.857142857142857,0.695652173913043,0.347826086956522,0.869565217391304,1.30434782608696,0.666666666666667,0.956521739130435,1.33333333333333,1.04347826086957,0.430769230769231,1.04615384615385,1.16923076923077,1.35384615384615,1.15789473684211,0.894736842105263,1.05263157894737,0.894736842105263,0.657534246575342,0.876712328767123,1.20547945205479,1.26027397260274,0,0.625,3,1.375,1.16129032258065,0.580645161290323,0.967741935483871,1.54838709677419,0,0.833333333333333,1,1.16666666666667,0.869565217391304,0.857142857142857,1.91304347826087,1.14285714285714
