virus,realm,locus_tag,host,type,shape,AAA,AAC,AAG,AAT,ACA,ACC,ACG,ACT,AGA,AGC,AGG,AGT,ATA,ATC,ATG,ATT,CAA,CAC,CAG,CAT,CCA,CCC,CCG,CCT,CGA,CGC,CGG,CGT,CTA,CTC,CTG,CTT,GAA,GAC,GAG,GAT,GCA,GCC,GCG,GCT,GGA,GGC,GGG,GGT,GTA,GTC,GTG,GTT,TAA,TAC,TAG,TAT,TCA,TCC,TCG,TCT,TGA,TGC,TGG,TGT,TTA,TTC,TTG,TTT
Hubei picorna-like virus 25,Riboviria,BWX11,invertebrates,RNA,linear,1.16201117318436,0.93491124260355,0.837988826815642,1.06508875739645,0.976076555023923,0.842105263157895,0.497607655502392,1.68421052631579,2.08695652173913,0.445714285714286,0.991304347826087,0.857142857142857,0.584615384615385,0.815384615384615,1,1.6,1.225,0.808510638297872,0.775,1.19148936170213,1.1588785046729,0.747663551401869,0.598130841121495,1.49532710280374,0.782608695652174,0.678260869565217,0.521739130434783,0.939130434782609,0.331797235023041,1.29953917050691,0.884792626728111,0.967741935483871,1.35403726708075,0.658536585365854,0.645962732919255,1.34146341463415,0.764705882352941,0.676470588235294,0.441176470588235,2.11764705882353,1.62857142857143,0.914285714285714,0.4,1.05714285714286,0.74251497005988,0.598802395209581,0.88622754491018,1.77245508982036,3,0.783333333333333,0,1.21666666666667,0.788571428571429,0.822857142857143,0.822857142857143,2.26285714285714,0,0.666666666666667,1,1.33333333333333,1.07834101382488,0.787878787878788,1.43778801843318,1.21212121212121
