virus,realm,host,locus_tag,AAA,AAC,AAG,AAT,ACA,ACC,ACG,ACT,AGA,AGC,AGG,AGT,ATA,ATC,ATG,ATT,CAA,CAC,CAG,CAT,CCA,CCC,CCG,CCT,CGA,CGC,CGG,CGT,CTA,CTC,CTG,CTT,GAA,GAC,GAG,GAT,GCA,GCC,GCG,GCT,GGA,GGC,GGG,GGT,GTA,GTC,GTG,GTT,TAA,TAC,TAG,TAT,TCA,TCC,TCG,TCT,TGA,TGC,TGG,TGT,TTA,TTC,TTG,TTT
Hubei diptera virus 17,Riboviria,invertebrates,BWW05,0.888888888888889,0.829268292682927,1.11111111111111,1.17073170731707,1.33333333333333,0.842105263157895,0.701754385964912,1.12280701754386,1.39285714285714,0.455696202531646,0.642857142857143,1.67088607594937,1.04545454545455,0.772727272727273,1,1.18181818181818,0.882352941176471,0.8,1.11764705882353,1.2,1.13333333333333,0.6,0.933333333333333,1.33333333333333,0.857142857142857,0.75,0.321428571428571,2.03571428571429,0.954545454545455,0.613636363636364,0.477272727272727,1.22727272727273,1.14285714285714,0.641509433962264,0.857142857142857,1.35849056603774,1.1358024691358,1.1358024691358,0.691358024691358,1.03703703703704,1.65714285714286,0.514285714285714,0.285714285714286,1.54285714285714,0.631578947368421,0.842105263157895,0.771929824561403,1.75438596491228,3,0.652173913043478,0,1.34782608695652,1.29113924050633,0.683544303797468,0.911392405063291,0.987341772151899,0,0.666666666666667,1,1.33333333333333,1.56818181818182,1.02127659574468,1.15909090909091,0.978723404255319
