virus,realm,host,locus_tag,AAA,AAC,AAG,AAT,ACA,ACC,ACG,ACT,AGA,AGC,AGG,AGT,ATA,ATC,ATG,ATT,CAA,CAC,CAG,CAT,CCA,CCC,CCG,CCT,CGA,CGC,CGG,CGT,CTA,CTC,CTG,CTT,GAA,GAC,GAG,GAT,GCA,GCC,GCG,GCT,GGA,GGC,GGG,GGT,GTA,GTC,GTG,GTT,TAA,TAC,TAG,TAT,TCA,TCC,TCG,TCT,TGA,TGC,TGG,TGT,TTA,TTC,TTG,TTT
Hubei picorna-like virus 69,Riboviria,invertebrates,BWR86,1.38666666666667,0.560509554140127,0.613333333333333,1.43949044585987,1.76744186046512,0.53953488372093,0.27906976744186,1.41395348837209,2.81118881118881,0.501901140684411,0.755244755244755,0.935361216730038,1.21457489878543,0.352226720647773,1,1.4331983805668,1.31746031746032,0.744186046511628,0.682539682539683,1.25581395348837,1.94818652849741,0.559585492227979,0.103626943005181,1.38860103626943,1.04895104895105,0.41958041958042,0.335664335664336,0.629370629370629,0.986301369863014,0.534246575342466,0.472602739726027,1.06849315068493,1.52036199095023,0.66,0.479638009049774,1.34,1.64835164835165,0.571428571428571,0.395604395604396,1.38461538461538,2.03870967741935,0.645161290322581,0.309677419354839,1.00645161290323,1.20353982300885,0.548672566371681,0.814159292035398,1.43362831858407,1,0.650406504065041,1,1.34959349593496,1.98479087452471,0.615969581749049,0.365019011406844,1.59695817490494,1,0.714285714285714,1,1.28571428571429,1.5,0.558441558441558,1.43835616438356,1.44155844155844
