virus,realm,locus_tag,host,type,shape,AAA,AAC,AAG,AAT,ACA,ACC,ACG,ACT,AGA,AGC,AGG,AGT,ATA,ATC,ATG,ATT,CAA,CAC,CAG,CAT,CCA,CCC,CCG,CCT,CGA,CGC,CGG,CGT,CTA,CTC,CTG,CTT,GAA,GAC,GAG,GAT,GCA,GCC,GCG,GCT,GGA,GGC,GGG,GGT,GTA,GTC,GTG,GTT,TAA,TAC,TAG,TAT,TCA,TCC,TCG,TCT,TGA,TGC,TGG,TGT,TTA,TTC,TTG,TTT
Hubei tombus-like virus 3,Riboviria,BWX31,invertebrates,RNA,linear,0.488888888888889,0.914285714285714,1.51111111111111,1.08571428571429,0.786885245901639,1.04918032786885,0.918032786885246,1.24590163934426,0.444444444444444,1.04081632653061,2,1.40816326530612,1.08333333333333,0.5,1,1.41666666666667,0.6,1.29411764705882,1.4,0.705882352941177,1,0.75,0.833333333333333,1.41666666666667,0.222222222222222,0.962962962962963,1.03703703703704,1.33333333333333,0.482758620689655,1.37931034482759,0.896551724137931,1.10344827586207,0.91304347826087,0.92,1.08695652173913,1.08,0.527472527472527,0.967032967032967,1.18681318681319,1.31868131868132,0.444444444444444,1.03703703703704,0.938271604938272,1.58024691358025,0.64,0.68,0.92,1.76,0,0.594594594594595,3,1.40540540540541,0.673469387755102,1.10204081632653,0.612244897959184,1.16326530612245,0,1.08333333333333,1,0.916666666666667,0.758620689655172,0.9,1.37931034482759,1.1
