virus,realm,locus_tag,host,type,shape,AAA,AAC,AAG,AAT,ACA,ACC,ACG,ACT,AGA,AGC,AGG,AGT,ATA,ATC,ATG,ATT,CAA,CAC,CAG,CAT,CCA,CCC,CCG,CCT,CGA,CGC,CGG,CGT,CTA,CTC,CTG,CTT,GAA,GAC,GAG,GAT,GCA,GCC,GCG,GCT,GGA,GGC,GGG,GGT,GTA,GTC,GTG,GTT,TAA,TAC,TAG,TAT,TCA,TCC,TCG,TCT,TGA,TGC,TGG,TGT,TTA,TTC,TTG,TTT
Hubei odonate virus 6,Riboviria,BWW82,invertebrates,RNA,linear,1.41818181818182,0.43,0.581818181818182,1.57,1.64980544747082,0.544747081712062,0.560311284046693,1.24513618677043,1.96774193548387,0.51063829787234,0.774193548387097,1.23404255319149,1.09811320754717,0.577358490566038,1,1.32452830188679,1.4375,0.705882352941177,0.5625,1.29411764705882,1.73493975903614,0.506024096385542,0.55421686746988,1.20481927710843,1.12903225806452,0.645161290322581,0.451612903225806,1.03225806451613,0.681818181818182,0.426136363636364,0.375,0.903409090909091,1.41322314049587,0.375586854460094,0.586776859504132,1.62441314553991,1.2914798206278,0.502242152466368,0.430493273542601,1.77578475336323,1.16666666666667,0.645833333333333,0.4375,1.75,1.06944444444444,0.388888888888889,0.791666666666667,1.75,1.5,0.465116279069767,0.75,1.53488372093023,1.59574468085106,0.319148936170213,0.765957446808511,1.57446808510638,0.75,0.714285714285714,1,1.28571428571429,2.0625,0.69281045751634,1.55113636363636,1.30718954248366
