virus,realm,locus_tag,host,type,shape,AAA,AAC,AAG,AAT,ACA,ACC,ACG,ACT,AGA,AGC,AGG,AGT,ATA,ATC,ATG,ATT,CAA,CAC,CAG,CAT,CCA,CCC,CCG,CCT,CGA,CGC,CGG,CGT,CTA,CTC,CTG,CTT,GAA,GAC,GAG,GAT,GCA,GCC,GCG,GCT,GGA,GGC,GGG,GGT,GTA,GTC,GTG,GTT,TAA,TAC,TAG,TAT,TCA,TCC,TCG,TCT,TGA,TGC,TGG,TGT,TTA,TTC,TTG,TTT
Hubei astro-like virus,Riboviria,BVA93,invertebrates,RNA,linear,0.815533980582524,0.933333333333333,1.18446601941748,1.06666666666667,0.605405405405405,1.23243243243243,0.627027027027027,1.53513513513514,0.689189189189189,0.883248730964467,1.25675675675676,1.03553299492386,0.59504132231405,0.991735537190083,1,1.41322314049587,0.967032967032967,0.87719298245614,1.03296703296703,1.12280701754386,1.21739130434783,0.63768115942029,0.72463768115942,1.42028985507246,0.810810810810811,0.891891891891892,0.851351351351351,1.5,0.525,0.9,1.05,1.075,0.888888888888889,0.92436974789916,1.11111111111111,1.07563025210084,0.827586206896552,0.866995073891626,0.788177339901478,1.51724137931034,0.627906976744186,0.930232558139535,1.06976744186047,1.37209302325581,0.670157068062827,0.816753926701571,1.0261780104712,1.4869109947644,2.25,0.904761904761905,0.75,1.0952380952381,0.974619289340102,0.609137055837564,0.974619289340102,1.52284263959391,0,1.20833333333333,1,0.791666666666667,0.95,0.897959183673469,1.5,1.10204081632653
