virus,realm,locus_tag,host,type,shape,AAA,AAC,AAG,AAT,ACA,ACC,ACG,ACT,AGA,AGC,AGG,AGT,ATA,ATC,ATG,ATT,CAA,CAC,CAG,CAT,CCA,CCC,CCG,CCT,CGA,CGC,CGG,CGT,CTA,CTC,CTG,CTT,GAA,GAC,GAG,GAT,GCA,GCC,GCG,GCT,GGA,GGC,GGG,GGT,GTA,GTC,GTG,GTT,TAA,TAC,TAG,TAT,TCA,TCC,TCG,TCT,TGA,TGC,TGG,TGT,TTA,TTC,TTG,TTT
Hubei tombus-like virus 31,Riboviria,BWX30,vertebrates,RNA,linear,0.830188679245283,0.892857142857143,1.16981132075472,1.10714285714286,1.43820224719101,1.12359550561798,0.943820224719101,0.49438202247191,1.11111111111111,0.673469387755102,1.85185185185185,1.04081632653061,1.06451612903226,0.532258064516129,1,1.40322580645161,0.736842105263158,0.869565217391304,1.26315789473684,1.1304347826087,1.81132075471698,0.679245283018868,0.754716981132076,0.754716981132076,0.814814814814815,0.592592592592593,0.814814814814815,0.814814814814815,1.01123595505618,0.808988764044944,1.01123595505618,0.808988764044944,0.984615384615385,1.08333333333333,1.01538461538462,0.916666666666667,1.44578313253012,0.72289156626506,0.91566265060241,0.91566265060241,1.21951219512195,0.634146341463415,0.829268292682927,1.31707317073171,0.884210526315789,0.842105263157895,1.17894736842105,1.09473684210526,0,1.11627906976744,2,0.883720930232558,1.16326530612245,1.16326530612245,1.10204081632653,0.857142857142857,1,0.666666666666667,1,1.33333333333333,0.674157303370786,1.09090909090909,1.68539325842697,0.909090909090909
