virus,realm,host,locus_tag,AAA,AAC,AAG,AAT,ACA,ACC,ACG,ACT,AGA,AGC,AGG,AGT,ATA,ATC,ATG,ATT,CAA,CAC,CAG,CAT,CCA,CCC,CCG,CCT,CGA,CGC,CGG,CGT,CTA,CTC,CTG,CTT,GAA,GAC,GAG,GAT,GCA,GCC,GCG,GCT,GGA,GGC,GGG,GGT,GTA,GTC,GTG,GTT,TAA,TAC,TAG,TAT,TCA,TCC,TCG,TCT,TGA,TGC,TGG,TGT,TTA,TTC,TTG,TTT
Hubei sobemo-like virus 48,Riboviria,invertebrates,BVB06,0.901960784313726,0.588235294117647,1.09803921568627,1.41176470588235,1.14285714285714,1.14285714285714,1,0.714285714285714,1.6,0.794117647058823,1.06666666666667,0.882352941176471,0.724137931034483,0.827586206896552,1,1.44827586206897,0.666666666666667,0.814814814814815,1.33333333333333,1.18518518518519,1.08108108108108,0.756756756756757,0.756756756756757,1.40540540540541,0.533333333333333,0.666666666666667,0.666666666666667,1.46666666666667,0.26865671641791,0.985074626865672,1.43283582089552,0.626865671641791,1.26829268292683,0.836363636363636,0.731707317073171,1.16363636363636,0.260869565217391,1.56521739130435,1.04347826086957,1.1304347826087,0.952380952380952,0.952380952380952,0.761904761904762,1.33333333333333,0.451612903225806,0.709677419354839,1.16129032258065,1.67741935483871,1.5,0.709677419354839,0,1.29032258064516,0.794117647058823,1.05882352941176,1.05882352941176,1.41176470588235,1.5,1.09090909090909,1,0.909090909090909,0.358208955223881,1.04347826086957,2.32835820895522,0.956521739130435
