virus,realm,locus_tag,host,type,shape,AAA,AAC,AAG,AAT,ACA,ACC,ACG,ACT,AGA,AGC,AGG,AGT,ATA,ATC,ATG,ATT,CAA,CAC,CAG,CAT,CCA,CCC,CCG,CCT,CGA,CGC,CGG,CGT,CTA,CTC,CTG,CTT,GAA,GAC,GAG,GAT,GCA,GCC,GCG,GCT,GGA,GGC,GGG,GGT,GTA,GTC,GTG,GTT,TAA,TAC,TAG,TAT,TCA,TCC,TCG,TCT,TGA,TGC,TGG,TGT,TTA,TTC,TTG,TTT
Human hepegivirus,Riboviria,D1Q59,human,RNA,linear,1.0958904109589,1.08235294117647,0.904109589041096,0.917647058823529,1.00440528634361,0.916299559471366,0.775330396475771,1.30396475770925,0.568421052631579,1.19469026548673,0.536842105263158,0.955752212389381,0.56,1.24,1,1.2,0.804597701149425,0.981132075471698,1.19540229885057,1.0188679245283,1.32571428571429,0.685714285714286,0.64,1.34857142857143,0.821052631578947,1.54736842105263,1.2,1.32631578947368,0.589830508474576,0.915254237288136,1.03728813559322,1.07796610169492,0.745098039215686,1.10769230769231,1.25490196078431,0.892307692307692,0.924137931034483,1.00689655172414,0.910344827586207,1.15862068965517,0.594377510040161,1.44578313253012,0.690763052208835,1.26907630522088,0.453441295546559,0.939271255060729,1.74898785425101,0.8582995951417,3,1.1340206185567,0,0.865979381443299,0.929203539823009,0.929203539823009,0.769911504424779,1.2212389380531,0,1.02777777777778,1,0.972222222222222,0.711864406779661,1.1743119266055,1.66779661016949,0.825688073394495
