virus,realm,locus_tag,host,type,shape,AAA,AAC,AAG,AAT,ACA,ACC,ACG,ACT,AGA,AGC,AGG,AGT,ATA,ATC,ATG,ATT,CAA,CAC,CAG,CAT,CCA,CCC,CCG,CCT,CGA,CGC,CGG,CGT,CTA,CTC,CTG,CTT,GAA,GAC,GAG,GAT,GCA,GCC,GCG,GCT,GGA,GGC,GGG,GGT,GTA,GTC,GTG,GTT,TAA,TAC,TAG,TAT,TCA,TCC,TCG,TCT,TGA,TGC,TGG,TGT,TTA,TTC,TTG,TTT
Human picobirnavirus,Riboviria,HPV,human,ds-RNA,linear,0.923076923076923,0.753623188405797,1.07692307692308,1.2463768115942,0.941176470588235,0.941176470588235,0.705882352941177,1.41176470588235,0.64,1.13333333333333,0.88,0.933333333333333,0.413793103448276,1.24137931034483,1,1.3448275862069,0.88135593220339,0.888888888888889,1.11864406779661,1.11111111111111,1.42857142857143,0.785714285714286,0.428571428571429,1.35714285714286,0.56,1.36,0.72,1.84,0.611111111111111,0.444444444444444,1.77777777777778,0.833333333333333,1.01333333333333,0.72463768115942,0.986666666666667,1.27536231884058,0.723809523809524,0.838095238095238,0.571428571428571,1.86666666666667,1.04761904761905,0.80952380952381,0.238095238095238,1.9047619047619,0.8,0.8,1.11111111111111,1.28888888888889,1,0.774193548387097,0,1.2258064516129,0.6,1.2,0.666666666666667,1.46666666666667,2,0.5,1,1.5,1.05555555555556,1.36170212765957,1.27777777777778,0.638297872340426
