virus,realm,locus_tag,host,type,shape,AAA,AAC,AAG,AAT,ACA,ACC,ACG,ACT,AGA,AGC,AGG,AGT,ATA,ATC,ATG,ATT,CAA,CAC,CAG,CAT,CCA,CCC,CCG,CCT,CGA,CGC,CGG,CGT,CTA,CTC,CTG,CTT,GAA,GAC,GAG,GAT,GCA,GCC,GCG,GCT,GGA,GGC,GGG,GGT,GTA,GTC,GTG,GTT,TAA,TAC,TAG,TAT,TCA,TCC,TCG,TCT,TGA,TGC,TGG,TGT,TTA,TTC,TTG,TTT
Human papillomavirus type 90,Monodnaviria,HpV90gp,human:vertebrates,DNA,circular,1.22772277227723,0.849315068493151,0.772277227722772,1.15068493150685,1.69633507853403,1.34031413612565,0.293193717277487,0.670157068062827,1.13636363636364,1.24390243902439,1.40909090909091,1.28048780487805,1.41758241758242,0.428571428571429,1,1.15384615384615,0.810344827586207,0.847457627118644,1.18965517241379,1.15254237288136,0.682926829268293,1.02439024390244,0.51219512195122,1.78048780487805,0.590909090909091,0.863636363636364,0.772727272727273,1.22727272727273,1.29411764705882,0.205882352941176,1.32352941176471,0.705882352941177,1,1.11724137931034,1,0.882758620689655,2.1,0.875,0.3,0.725,0.770186335403727,1.21739130434783,1.04347826086957,0.968944099378882,1.15723270440252,0.352201257861635,1.53459119496855,0.955974842767296,2.14285714285714,0.609756097560976,0.428571428571429,1.39024390243902,0.51219512195122,1.31707317073171,0.402439024390244,1.24390243902439,0.428571428571429,1,1,1,1.11764705882353,0.425,1.35294117647059,1.575
