virus,realm,locus_tag,host,type,shape,AAA,AAC,AAG,AAT,ACA,ACC,ACG,ACT,AGA,AGC,AGG,AGT,ATA,ATC,ATG,ATT,CAA,CAC,CAG,CAT,CCA,CCC,CCG,CCT,CGA,CGC,CGG,CGT,CTA,CTC,CTG,CTT,GAA,GAC,GAG,GAT,GCA,GCC,GCG,GCT,GGA,GGC,GGG,GGT,GTA,GTC,GTG,GTT,TAA,TAC,TAG,TAT,TCA,TCC,TCG,TCT,TGA,TGC,TGG,TGT,TTA,TTC,TTG,TTT
Human papillomavirus 184,Monodnaviria,D1T33,human,DNA,circular,1.60629921259843,0.47787610619469,0.393700787401575,1.52212389380531,1.35031847133758,0.611464968152866,0.280254777070064,1.75796178343949,3.33870967741935,0.642857142857143,0.532258064516129,1.35714285714286,1.24324324324324,0.216216216216216,1,1.54054054054054,1.14,0.388888888888889,0.86,1.61111111111111,1.23529411764706,0.529411764705882,0.147058823529412,2.08823529411765,0.919354838709677,0.193548387096774,0.241935483870968,0.774193548387097,0.540284360189573,0.14218009478673,0.369668246445498,0.938388625592417,1.46099290780142,0.541666666666667,0.539007092198582,1.45833333333333,1.4375,0.46875,0.3125,1.78125,1.632,0.576,0.288,1.504,1.16312056737589,0.141843971631206,0.936170212765957,1.75886524822695,2,0.36734693877551,0.5,1.63265306122449,1.39285714285714,0.5,0.428571428571429,1.67857142857143,0.5,0.346153846153846,1,1.65384615384615,2.55924170616114,0.145454545454545,1.45023696682464,1.85454545454545
