virus,realm,locus_tag,host,type,shape,AAA,AAC,AAG,AAT,ACA,ACC,ACG,ACT,AGA,AGC,AGG,AGT,ATA,ATC,ATG,ATT,CAA,CAC,CAG,CAT,CCA,CCC,CCG,CCT,CGA,CGC,CGG,CGT,CTA,CTC,CTG,CTT,GAA,GAC,GAG,GAT,GCA,GCC,GCG,GCT,GGA,GGC,GGG,GGT,GTA,GTC,GTG,GTT,TAA,TAC,TAG,TAT,TCA,TCC,TCG,TCT,TGA,TGC,TGG,TGT,TTA,TTC,TTG,TTT
Human papillomavirus type 49,Monodnaviria,HpV49gp,human,DNA,circular,1.37614678899083,0.4,0.623853211009174,1.6,1.47096774193548,1.05806451612903,0.129032258064516,1.34193548387097,2.62068965517241,0.962566844919786,1.06896551724138,1.2192513368984,1.42857142857143,0.333333333333333,1,1.23809523809524,1.29203539823009,0.585365853658537,0.707964601769911,1.41463414634146,1.41353383458647,0.541353383458647,0.270676691729323,1.77443609022556,0.862068965517241,0.551724137931034,0.310344827586207,0.586206896551724,0.704081632653061,0.306122448979592,0.673469387755102,0.887755102040816,1.29936305732484,0.589928057553957,0.700636942675159,1.41007194244604,1.5886524822695,0.595744680851064,0.283687943262411,1.53191489361702,1.05806451612903,0.851612903225806,0.72258064516129,1.36774193548387,1.50335570469799,0.51006711409396,0.724832214765101,1.26174496644295,1,0.423529411764706,0,1.57647058823529,1.09090909090909,0.866310160427808,0.192513368983957,1.66844919786096,2,0.608695652173913,1,1.39130434782609,2.3265306122449,0.404255319148936,1.10204081632653,1.59574468085106
