virus,realm,locus_tag,host,type,shape,AAA,AAC,AAG,AAT,ACA,ACC,ACG,ACT,AGA,AGC,AGG,AGT,ATA,ATC,ATG,ATT,CAA,CAC,CAG,CAT,CCA,CCC,CCG,CCT,CGA,CGC,CGG,CGT,CTA,CTC,CTG,CTT,GAA,GAC,GAG,GAT,GCA,GCC,GCG,GCT,GGA,GGC,GGG,GGT,GTA,GTC,GTG,GTT,TAA,TAC,TAG,TAT,TCA,TCC,TCG,TCT,TGA,TGC,TGG,TGT,TTA,TTC,TTG,TTT
Human cosavirus,Riboviria,DP96,human,RNA,linear,1.34920634920635,0.932203389830508,0.650793650793651,1.06779661016949,1.38181818181818,0.848484848484849,0.242424242424242,1.52727272727273,3.46987951807229,0.645569620253165,0.867469879518072,0.493670886075949,0.6,0.825,1,1.575,0.904109589041096,1.07692307692308,1.0958904109589,0.923076923076923,1.54621848739496,1.14285714285714,0.235294117647059,1.07563025210084,0.36144578313253,0.72289156626506,0.144578313253012,0.433734939759036,0.290322580645161,1.03225806451613,0.612903225806452,2.25806451612903,1.67816091954023,0.912,0.32183908045977,1.088,1.23076923076923,0.553846153846154,0.0307692307692308,2.18461538461538,1.6986301369863,0.821917808219178,0.328767123287671,1.15068493150685,0.556291390728477,0.874172185430464,0.980132450331126,1.58940397350993,0,1.03030303030303,3,0.96969696969697,1.89873417721519,0.949367088607595,0.455696202531646,1.55696202531646,0,0.648648648648649,1,1.35135135135135,0.516129032258065,0.64957264957265,1.29032258064516,1.35042735042735
