virus,realm,locus_tag,host,type,shape,AAA,AAC,AAG,AAT,ACA,ACC,ACG,ACT,AGA,AGC,AGG,AGT,ATA,ATC,ATG,ATT,CAA,CAC,CAG,CAT,CCA,CCC,CCG,CCT,CGA,CGC,CGG,CGT,CTA,CTC,CTG,CTT,GAA,GAC,GAG,GAT,GCA,GCC,GCG,GCT,GGA,GGC,GGG,GGT,GTA,GTC,GTG,GTT,TAA,TAC,TAG,TAT,TCA,TCC,TCG,TCT,TGA,TGC,TGG,TGT,TTA,TTC,TTG,TTT
Human papillomavirus KC5,Monodnaviria,AAW64,human,DNA,circular,1.44360902255639,0.421052631578947,0.556390977443609,1.57894736842105,1.48051948051948,0.623376623376623,0.337662337662338,1.55844155844156,3.29770992366412,0.63905325443787,0.595419847328244,1.59763313609467,1.52238805970149,0.17910447761194,1,1.29850746268657,1.25,0.461538461538462,0.75,1.53846153846154,1.39597315436242,0.322147651006711,0.51006711409396,1.77181208053691,0.778625954198473,0.458015267175573,0.274809160305344,0.595419847328244,0.579710144927536,0.202898550724638,0.608695652173913,0.666666666666667,1.41317365269461,0.567375886524823,0.586826347305389,1.43262411347518,1.75182481751825,0.35036496350365,0.145985401459854,1.75182481751825,1.39837398373984,0.650406504065041,0.520325203252033,1.43089430894309,1.34285714285714,0.2,1.02857142857143,1.42857142857143,2.14285714285714,0.45,0,1.55,1.49112426035503,0.42603550295858,0.142011834319527,1.70414201183432,0.857142857142857,0.56140350877193,1,1.43859649122807,2.72463768115942,0.19672131147541,1.21739130434783,1.80327868852459
