virus,realm,locus_tag,host,type,shape,AAA,AAC,AAG,AAT,ACA,ACC,ACG,ACT,AGA,AGC,AGG,AGT,ATA,ATC,ATG,ATT,CAA,CAC,CAG,CAT,CCA,CCC,CCG,CCT,CGA,CGC,CGG,CGT,CTA,CTC,CTG,CTT,GAA,GAC,GAG,GAT,GCA,GCC,GCG,GCT,GGA,GGC,GGG,GGT,GTA,GTC,GTG,GTT,TAA,TAC,TAG,TAT,TCA,TCC,TCG,TCT,TGA,TGC,TGG,TGT,TTA,TTC,TTG,TTT
Human respirovirus 3,Riboviria,HPIV3gp,human:vertebrates,RNA,linear,1.47708894878706,0.630681818181818,0.522911051212938,1.36931818181818,2.23404255319149,0.446808510638298,0.212765957446809,1.1063829787234,4,0.646934460887949,1.0561797752809,1.09090909090909,1.35329341317365,0.736526946107784,1,0.910179640718563,1.33333333333333,0.489795918367347,0.666666666666667,1.51020408163265,1.85858585858586,0.505050505050505,0.282828282828283,1.35353535353535,0.539325842696629,0.0898876404494382,0.202247191011236,0.112359550561798,1.07692307692308,0.520710059171598,0.627218934911243,0.792899408284024,1.4922600619195,0.518292682926829,0.507739938080495,1.48170731707317,2.21818181818182,0.436363636363636,0.163636363636364,1.18181818181818,2.14598540145985,0.335766423357664,0.759124087591241,0.759124087591241,1.2755905511811,0.582677165354331,0.850393700787402,1.29133858267717,2.625,0.531914893617021,0,1.46808510638298,2.48625792811839,0.39323467230444,0.177589852008457,1.20507399577167,0.375,0.472222222222222,1,1.52777777777778,2.16568047337278,0.828025477707006,0.816568047337278,1.17197452229299
