virus,realm,host,locus_tag,AAA,AAC,AAG,AAT,ACA,ACC,ACG,ACT,AGA,AGC,AGG,AGT,ATA,ATC,ATG,ATT,CAA,CAC,CAG,CAT,CCA,CCC,CCG,CCT,CGA,CGC,CGG,CGT,CTA,CTC,CTG,CTT,GAA,GAC,GAG,GAT,GCA,GCC,GCG,GCT,GGA,GGC,GGG,GGT,GTA,GTC,GTG,GTT,TAA,TAC,TAG,TAT,TCA,TCC,TCG,TCT,TGA,TGC,TGG,TGT,TTA,TTC,TTG,TTT
Human papillomavirus 121,Monodnaviria,human,HPV,1.55072463768116,0.464285714285714,0.449275362318841,1.53571428571429,1.63522012578616,0.654088050314465,0.10062893081761,1.61006289308176,2.859375,0.711864406779661,1.125,1.52542372881356,1.26428571428571,0.214285714285714,1,1.52142857142857,1.20689655172414,0.36,0.793103448275862,1.64,1.48965517241379,0.496551724137931,0.16551724137931,1.84827586206897,0.890625,0.328125,0.1875,0.609375,0.733031674208145,0.217194570135747,0.760180995475113,0.570135746606335,1.3112582781457,0.644736842105263,0.688741721854305,1.35526315789474,1.53125,0.625,0.21875,1.625,1.61702127659574,0.624113475177305,0.652482269503546,1.1063829787234,1.31428571428571,0.228571428571429,0.971428571428571,1.48571428571429,1.71428571428571,0.292682926829268,0.428571428571429,1.70731707317073,1.11864406779661,0.711864406779661,0.135593220338983,1.79661016949153,0.857142857142857,0.5,1,1.5,2.47058823529412,0.285714285714286,1.24886877828054,1.71428571428571
