virus,realm,locus_tag,host,type,shape,AAA,AAC,AAG,AAT,ACA,ACC,ACG,ACT,AGA,AGC,AGG,AGT,ATA,ATC,ATG,ATT,CAA,CAC,CAG,CAT,CCA,CCC,CCG,CCT,CGA,CGC,CGG,CGT,CTA,CTC,CTG,CTT,GAA,GAC,GAG,GAT,GCA,GCC,GCG,GCT,GGA,GGC,GGG,GGT,GTA,GTC,GTG,GTT,TAA,TAC,TAG,TAT,TCA,TCC,TCG,TCT,TGA,TGC,TGG,TGT,TTA,TTC,TTG,TTT
Human papillomavirus 127,Monodnaviria,HPV127,human,DNA,circular,1.54838709677419,0.515625,0.451612903225806,1.484375,1.46666666666667,0.693333333333333,0.16,1.68,3.12676056338028,0.678571428571429,0.71830985915493,1.39285714285714,1.35652173913043,0.208695652173913,1,1.43478260869565,1.13636363636364,0.530612244897959,0.863636363636364,1.46938775510204,1.79220779220779,0.25974025974026,0.415584415584416,1.53246753246753,0.802816901408451,0.549295774647887,0.253521126760563,0.549295774647887,0.459459459459459,0.0540540540540541,0.513513513513513,0.648648648648649,1.41772151898734,0.649350649350649,0.582278481012658,1.35064935064935,1.54666666666667,0.32,0.24,1.89333333333333,1.43283582089552,0.447761194029851,0.626865671641791,1.49253731343284,1.41843971631206,0.283687943262411,0.794326241134752,1.50354609929078,2.14285714285714,0.379746835443038,0,1.62025316455696,1.42857142857143,0.642857142857143,0.214285714285714,1.64285714285714,0.857142857142857,0.264150943396226,1,1.73584905660377,2.89189189189189,0.28099173553719,1.43243243243243,1.71900826446281
