virus,realm,locus_tag,host,type,shape,AAA,AAC,AAG,AAT,ACA,ACC,ACG,ACT,AGA,AGC,AGG,AGT,ATA,ATC,ATG,ATT,CAA,CAC,CAG,CAT,CCA,CCC,CCG,CCT,CGA,CGC,CGG,CGT,CTA,CTC,CTG,CTT,GAA,GAC,GAG,GAT,GCA,GCC,GCG,GCT,GGA,GGC,GGG,GGT,GTA,GTC,GTG,GTT,TAA,TAC,TAG,TAT,TCA,TCC,TCG,TCT,TGA,TGC,TGG,TGT,TTA,TTC,TTG,TTT
human papillomavirus 30,Monodnaviria,D1T14,human,DNA,linear,1.48333333333333,0.725490196078431,0.516666666666667,1.27450980392157,1.93478260869565,0.717391304347826,0.326086956521739,1.02173913043478,1.78378378378378,0.731707317073171,1.2972972972973,1.68292682926829,1.44230769230769,0,1,1.55769230769231,0.983050847457627,0.813559322033898,1.01694915254237,1.1864406779661,1.31297709923664,0.702290076335878,0.244274809160305,1.74045801526718,0.486486486486487,0.486486486486487,0.648648648648649,1.2972972972973,0.690909090909091,0.0363636363636364,0.727272727272727,0.581818181818182,1.1551724137931,0.838709677419355,0.844827586206897,1.16129032258065,1.64885496183206,0.885496183206107,0.274809160305344,1.19083969465649,0.813008130081301,1.17073170731707,0.780487804878049,1.23577235772358,1.45454545454545,0.266666666666667,1.13939393939394,1.13939393939394,1.5,0.4375,0.5,1.5625,1.09756097560976,0.878048780487805,0.219512195121951,1.39024390243902,1,0.5625,1,1.4375,2.72727272727273,0.211764705882353,1.23636363636364,1.78823529411765
