virus,realm,locus_tag,host,type,shape,AAA,AAC,AAG,AAT,ACA,ACC,ACG,ACT,AGA,AGC,AGG,AGT,ATA,ATC,ATG,ATT,CAA,CAC,CAG,CAT,CCA,CCC,CCG,CCT,CGA,CGC,CGG,CGT,CTA,CTC,CTG,CTT,GAA,GAC,GAG,GAT,GCA,GCC,GCG,GCT,GGA,GGC,GGG,GGT,GTA,GTC,GTG,GTT,TAA,TAC,TAG,TAT,TCA,TCC,TCG,TCT,TGA,TGC,TGG,TGT,TTA,TTC,TTG,TTT
Human coronavirus HKU1,Riboviria,HCHV1gp,human,RNA,linear,1.3711467324291,0.238317757009346,0.6288532675709,1.76168224299065,1.08301404853129,0.229885057471264,0.0664112388250319,2.62068965517241,2.09859154929577,0.17967332123412,0.549295774647887,1.90562613430127,0.912891986062718,0.156794425087108,1,1.93031358885017,1.35348837209302,0.195652173913043,0.646511627906977,1.80434782608696,0.94017094017094,0.264957264957265,0.145299145299145,2.64957264957265,0.338028169014085,0.408450704225352,0.197183098591549,2.40845070422535,0.260677466863034,0.154639175257732,0.176730486008837,1.31222385861561,1.39630390143737,0.311578947368421,0.603696098562628,1.68842105263158,0.925098554533509,0.325886990801577,0.126149802890933,2.62286465177398,0.419512195121951,0.390243902439024,0.175609756097561,3.01463414634146,0.817854571634269,0.224622030237581,0.236141108711303,2.72138228941685,1.66666666666667,0.226613965744401,0.666666666666667,1.7733860342556,0.909255898366606,0.223230490018149,0.0871143375680581,2.6950998185118,0.666666666666667,0.154440154440154,1,1.84555984555985,2.37702503681885,0.13215859030837,1.71870397643594,1.86784140969163
