virus,realm,locus_tag,host,type,shape,AAA,AAC,AAG,AAT,ACA,ACC,ACG,ACT,AGA,AGC,AGG,AGT,ATA,ATC,ATG,ATT,CAA,CAC,CAG,CAT,CCA,CCC,CCG,CCT,CGA,CGC,CGG,CGT,CTA,CTC,CTG,CTT,GAA,GAC,GAG,GAT,GCA,GCC,GCG,GCT,GGA,GGC,GGG,GGT,GTA,GTC,GTG,GTT,TAA,TAC,TAG,TAT,TCA,TCC,TCG,TCT,TGA,TGC,TGG,TGT,TTA,TTC,TTG,TTT
Human fecal virus Jorvi3,Monodnaviria,CGU77,human,DNA,circular,1.88888888888889,0.484848484848485,0.111111111111111,1.51515151515152,1.64705882352941,0.823529411764706,0.235294117647059,1.29411764705882,4.46153846153846,0.157894736842105,0.153846153846154,1.10526315789474,2.13157894736842,0.315789473684211,1,0.552631578947368,1.85714285714286,0.4,0.142857142857143,1.6,1.8,0.4,0.2,1.6,0.615384615384615,0.307692307692308,0,0.461538461538462,1.26315789473684,0.947368421052632,0,0.789473684210526,1.76,0.461538461538462,0.24,1.53846153846154,2.06896551724138,0.689655172413793,0.275862068965517,0.96551724137931,3.39393939393939,0.121212121212121,0.121212121212121,0.363636363636364,0.888888888888889,1.77777777777778,0,1.33333333333333,3,0.590909090909091,0,1.40909090909091,2.21052631578947,0.473684210526316,0.157894736842105,1.89473684210526,0,0.571428571428571,1,1.42857142857143,2.84210526315789,0.714285714285714,0.157894736842105,1.28571428571429
