virus,realm,locus_tag,host,type,shape,AAA,AAC,AAG,AAT,ACA,ACC,ACG,ACT,AGA,AGC,AGG,AGT,ATA,ATC,ATG,ATT,CAA,CAC,CAG,CAT,CCA,CCC,CCG,CCT,CGA,CGC,CGG,CGT,CTA,CTC,CTG,CTT,GAA,GAC,GAG,GAT,GCA,GCC,GCG,GCT,GGA,GGC,GGG,GGT,GTA,GTC,GTG,GTT,TAA,TAC,TAG,TAT,TCA,TCC,TCG,TCT,TGA,TGC,TGG,TGT,TTA,TTC,TTG,TTT
Human genital-associated circular DNA virus-1,Monodnaviria,XM15,human,DNA,circular,0.666666666666667,1.25925925925926,1.33333333333333,0.740740740740741,0.666666666666667,0.740740740740741,0.888888888888889,1.7037037037037,0.493150684931507,0.45,0.328767123287671,0.9,0.0789473684210526,1.34210526315789,1,1.57894736842105,1,1.52,1,0.48,1.36170212765957,1.1063829787234,1.02127659574468,0.51063829787234,1.80821917808219,2.3013698630137,0.164383561643836,0.904109589041096,0.105263157894737,2.52631578947368,1.26315789473684,1.15789473684211,0.722222222222222,1.2258064516129,1.27777777777778,0.774193548387097,1.55555555555556,0.666666666666667,0.814814814814815,0.962962962962963,1.35384615384615,0.553846153846154,1.10769230769231,0.984615384615385,0.32,0.88,1.36,1.44,0,1.31034482758621,2,0.689655172413793,1.2,0.9,0.6,1.95,1,1.28571428571429,1,0.714285714285714,0.210526315789474,1.25925925925926,0.736842105263158,0.740740740740741
