virus,realm,locus_tag,host,type,shape,AAA,AAC,AAG,AAT,ACA,ACC,ACG,ACT,AGA,AGC,AGG,AGT,ATA,ATC,ATG,ATT,CAA,CAC,CAG,CAT,CCA,CCC,CCG,CCT,CGA,CGC,CGG,CGT,CTA,CTC,CTG,CTT,GAA,GAC,GAG,GAT,GCA,GCC,GCG,GCT,GGA,GGC,GGG,GGT,GTA,GTC,GTG,GTT,TAA,TAC,TAG,TAT,TCA,TCC,TCG,TCT,TGA,TGC,TGG,TGT,TTA,TTC,TTG,TTT
Human gemycircularvirus GeTz1,Monodnaviria,D1R19,human,DNA,linear,0.914285714285714,1.16666666666667,1.08571428571429,0.833333333333333,0.928571428571429,1.42857142857143,0.428571428571429,1.21428571428571,1.02127659574468,0.363636363636364,1.14893617021277,1.18181818181818,0.514285714285714,1.02857142857143,1,1.45714285714286,1.28,0.888888888888889,0.72,1.11111111111111,1,1,0.857142857142857,1.14285714285714,1.40425531914894,1.02127659574468,0.765957446808511,0.638297872340426,0.857142857142857,0.857142857142857,1.17857142857143,0.964285714285714,0.717948717948718,1.04545454545455,1.28205128205128,0.954545454545455,1.02127659574468,0.595744680851064,0.425531914893617,1.95744680851064,1.66153846153846,0.923076923076923,0.615384615384615,0.8,0.615384615384615,0.923076923076923,1.43589743589744,1.02564102564103,0,1.24137931034483,1,0.758620689655172,1.36363636363636,1.18181818181818,0.909090909090909,1,2,1.11111111111111,1,0.888888888888889,0.535714285714286,1.2,1.60714285714286,0.8
