virus,realm,locus_tag,host,type,shape,AAA,AAC,AAG,AAT,ACA,ACC,ACG,ACT,AGA,AGC,AGG,AGT,ATA,ATC,ATG,ATT,CAA,CAC,CAG,CAT,CCA,CCC,CCG,CCT,CGA,CGC,CGG,CGT,CTA,CTC,CTG,CTT,GAA,GAC,GAG,GAT,GCA,GCC,GCG,GCT,GGA,GGC,GGG,GGT,GTA,GTC,GTG,GTT,TAA,TAC,TAG,TAT,TCA,TCC,TCG,TCT,TGA,TGC,TGG,TGT,TTA,TTC,TTG,TTT
Human papillomavirus type 92,Monodnaviria,HpV92gp,human,DNA,linear,1.17293233082707,0.576576576576577,0.827067669172932,1.42342342342342,1.58940397350993,0.609271523178808,0.317880794701987,1.48344370860927,2.6145251396648,1.064039408867,1.47486033519553,1.53694581280788,1.125,0.234375,1,1.640625,1.21875,0.375,0.78125,1.625,1.58441558441558,0.519480519480519,0.311688311688312,1.58441558441558,0.770949720670391,0.569832402234637,0.435754189944134,0.134078212290503,0.520547945205479,0.191780821917808,0.73972602739726,0.767123287671233,1.39285714285714,0.788235294117647,0.607142857142857,1.21176470588235,1.66887417218543,0.635761589403974,0.317880794701987,1.37748344370861,1.4869109947644,0.691099476439791,0.795811518324607,1.0261780104712,1.30555555555556,0.305555555555556,0.805555555555556,1.58333333333333,2.14285714285714,0.506024096385542,0,1.49397590361446,1.24137931034483,0.561576354679803,0.295566502463054,1.30049261083744,0.857142857142857,0.592592592592593,1,1.40740740740741,2.6027397260274,0.196078431372549,1.17808219178082,1.80392156862745
