virus,realm,host,locus_tag,AAA,AAC,AAG,AAT,ACA,ACC,ACG,ACT,AGA,AGC,AGG,AGT,ATA,ATC,ATG,ATT,CAA,CAC,CAG,CAT,CCA,CCC,CCG,CCT,CGA,CGC,CGG,CGT,CTA,CTC,CTG,CTT,GAA,GAC,GAG,GAT,GCA,GCC,GCG,GCT,GGA,GGC,GGG,GGT,GTA,GTC,GTG,GTT,TAA,TAC,TAG,TAT,TCA,TCC,TCG,TCT,TGA,TGC,TGG,TGT,TTA,TTC,TTG,TTT
Husavirus sp.,Riboviria,human,BVF64,0.406015037593985,1,1.59398496240601,1,0.56140350877193,0.748538011695906,1.66081871345029,1.02923976608187,0.4,0.678733031674208,0.64,1.30316742081448,0.368421052631579,1.42105263157895,1,1.21052631578947,0.530612244897959,1.05660377358491,1.46938775510204,0.943396226415094,0.356687898089172,1.07006369426752,1.12101910828025,1.45222929936306,1.24,1,0.92,1.8,0.408510638297872,1.0468085106383,1.27659574468085,0.970212765957447,0.520710059171598,0.975308641975309,1.4792899408284,1.02469135802469,0.671875,0.9375,1.296875,1.09375,0.857142857142857,0.928571428571429,0.833333333333333,1.38095238095238,0.389513108614232,0.898876404494382,1.812734082397,0.898876404494382,NA,1.1304347826087,NA,0.869565217391304,0.624434389140271,0.950226244343891,1.35746606334842,1.08597285067873,NA,0.615384615384615,1,1.38461538461538,0.331914893617021,1.38461538461538,1.96595744680851,0.615384615384615
