virus,realm,locus_tag,host,type,shape,AAA,AAC,AAG,AAT,ACA,ACC,ACG,ACT,AGA,AGC,AGG,AGT,ATA,ATC,ATG,ATT,CAA,CAC,CAG,CAT,CCA,CCC,CCG,CCT,CGA,CGC,CGG,CGT,CTA,CTC,CTG,CTT,GAA,GAC,GAG,GAT,GCA,GCC,GCG,GCT,GGA,GGC,GGG,GGT,GTA,GTC,GTG,GTT,TAA,TAC,TAG,TAT,TCA,TCC,TCG,TCT,TGA,TGC,TGG,TGT,TTA,TTC,TTG,TTT
Ictalurid herpesvirus 2,Duplodnaviria,C0T51,vertebrates,DNA,linear,0.648533333333333,1.20177383592018,1.35146666666667,0.798226164079823,0.808867987907289,1.82868659724555,0.962042324487739,0.400403090359422,0.958349254871991,1.11543134872418,1.56362246847535,0.86269744835966,0.532734274711168,1.81258023106547,1,0.654685494223363,0.638912489379779,1.32550693703308,1.36108751062022,0.674493062966916,0.977466977466977,1.7979797979798,0.873348873348873,0.351204351204351,0.708444784103936,1.26786396637371,1.03630110813909,0.465418418035919,0.476140258370683,2.51515950435012,1.7068283680464,0.365409965726338,0.55690440060698,0.815789473684211,1.44309559939302,1.18421052631579,0.804347826086957,1.43342391304348,1.17391304347826,0.588315217391304,0.718848718848719,0.694980694980695,1.51772551772552,1.06844506844507,0.317505315379164,1.04181431608788,1.99291282778172,0.64776754075124,0.824175824175824,1.23529411764706,0.197802197802198,0.764705882352941,0.818955042527339,1.46537059538275,0.962332928311057,0.775212636695018,1.97802197802198,0.956399437412096,1,1.0436005625879,0.251515950435012,1.17263843648208,0.684945953071447,0.827361563517915
