virus,realm,locus_tag,host,type,shape,AAA,AAC,AAG,AAT,ACA,ACC,ACG,ACT,AGA,AGC,AGG,AGT,ATA,ATC,ATG,ATT,CAA,CAC,CAG,CAT,CCA,CCC,CCG,CCT,CGA,CGC,CGG,CGT,CTA,CTC,CTG,CTT,GAA,GAC,GAG,GAT,GCA,GCC,GCG,GCT,GGA,GGC,GGG,GGT,GTA,GTC,GTG,GTT,TAA,TAC,TAG,TAT,TCA,TCC,TCG,TCT,TGA,TGC,TGG,TGT,TTA,TTC,TTG,TTT
Infectious hematopoietic necrosis virus,Riboviria,IHNVgp,vertebrates,RNA,linear,0.826291079812207,1.52066115702479,1.17370892018779,0.479338842975207,1.16591928251121,1.79372197309417,0.520179372197309,0.520179372197309,1.58904109589041,1.0197628458498,1.58904109589041,0.616600790513834,0.526315789473684,1.71052631578947,1,0.763157894736842,1.06896551724138,1.37837837837838,0.931034482758621,0.621621621621622,1.28947368421053,1.71052631578947,0.289473684210526,0.710526315789474,1.0958904109589,0.547945205479452,0.684931506849315,0.493150684931507,0.898395721925134,2.06951871657754,1.58823529411765,0.882352941176471,0.771084337349398,1.41708542713568,1.2289156626506,0.582914572864322,1.43103448275862,1.36206896551724,0.724137931034483,0.482758620689655,1.56937799043062,0.727272727272727,1.22488038277512,0.478468899521531,0.729411764705882,1.55294117647059,1.2,0.517647058823529,0.5,1.46666666666667,2,0.533333333333333,1.44664031620553,1.8498023715415,0.403162055335968,0.66403162055336,0.5,1.30612244897959,1,0.693877551020408,0.112299465240642,1.46456692913386,0.449197860962567,0.535433070866142
