virus,realm,host,locus_tag,AAA,AAC,AAG,AAT,ACA,ACC,ACG,ACT,AGA,AGC,AGG,AGT,ATA,ATC,ATG,ATT,CAA,CAC,CAG,CAT,CCA,CCC,CCG,CCT,CGA,CGC,CGG,CGT,CTA,CTC,CTG,CTT,GAA,GAC,GAG,GAT,GCA,GCC,GCG,GCT,GGA,GGC,GGG,GGT,GTA,GTC,GTG,GTT,TAA,TAC,TAG,TAT,TCA,TCC,TCG,TCT,TGA,TGC,TGG,TGT,TTA,TTC,TTG,TTT
Influenza C virus (C/Ann Arbor/1/50),Riboviria,human:vertebrates,FLUCV,1.45251396648045,0.63849765258216,0.547486033519553,1.36150234741784,1.87234042553191,0.595744680851064,0.221276595744681,1.31063829787234,4.65,0.952702702702703,0.975,0.932432432432432,1.3,0.47,1,1.23,1.67692307692308,0.678571428571429,0.323076923076923,1.32142857142857,1.53293413173653,0.694610778443114,0.119760479041916,1.65269461077844,0.15,0.075,0.025,0.125,0.903225806451613,0.5,0.516129032258065,1.25806451612903,1.59050445103858,0.741463414634146,0.409495548961424,1.25853658536585,1.7439446366782,0.719723183391003,0.166089965397924,1.37024221453287,2.47470817120623,0.357976653696498,0.715953307392996,0.45136186770428,1.21327014218009,0.568720379146919,0.663507109004739,1.55450236966825,1.66666666666667,0.654205607476635,0,1.34579439252336,1.96621621621622,0.466216216216216,0.182432432432432,1.5,1.33333333333333,0.903225806451613,1,1.09677419354839,1.59677419354839,0.717391304347826,1.2258064516129,1.28260869565217
