virus,realm,locus_tag,host,type,shape,AAA,AAC,AAG,AAT,ACA,ACC,ACG,ACT,AGA,AGC,AGG,AGT,ATA,ATC,ATG,ATT,CAA,CAC,CAG,CAT,CCA,CCC,CCG,CCT,CGA,CGC,CGG,CGT,CTA,CTC,CTG,CTT,GAA,GAC,GAG,GAT,GCA,GCC,GCG,GCT,GGA,GGC,GGG,GGT,GTA,GTC,GTG,GTT,TAA,TAC,TAG,TAT,TCA,TCC,TCG,TCT,TGA,TGC,TGG,TGT,TTA,TTC,TTG,TTT
Influenza A virus (A/California/07/2009(H1N1)),Riboviria,UJ99,human:vertebrates,cRNA,linear,1.11971830985915,0.857142857142857,0.880281690140845,1.14285714285714,1.82935153583618,0.805460750853242,0.327645051194539,1.03754266211604,2.8327868852459,1.15320334261838,1.57377049180328,1.16991643454039,1.16190476190476,0.780952380952381,1,1.05714285714286,1.02325581395349,0.864197530864197,0.976744186046512,1.1358024691358,1.6043956043956,0.747252747252747,0.549450549450549,1.0989010989011,0.649180327868852,0.314754098360656,0.491803278688525,0.137704918032787,1.1869918699187,0.878048780487805,1.00813008130081,1.20325203252033,1.18624641833811,0.962616822429907,0.813753581661891,1.03738317757009,1.82899628252788,0.907063197026022,0.327137546468401,0.936802973977695,1.72549019607843,0.588235294117647,1.09803921568627,0.588235294117647,1.13011152416357,0.788104089219331,1.27881040892193,0.802973977695167,1.36363636363636,0.962406015037594,0.818181818181818,1.03759398496241,1.53760445682451,0.752089136490251,0.334261838440111,1.05292479108635,0.818181818181818,1.12941176470588,1,0.870588235294118,0.601626016260163,1.13368983957219,1.1219512195122,0.866310160427808
