virus,realm,locus_tag,host,type,shape,AAA,AAC,AAG,AAT,ACA,ACC,ACG,ACT,AGA,AGC,AGG,AGT,ATA,ATC,ATG,ATT,CAA,CAC,CAG,CAT,CCA,CCC,CCG,CCT,CGA,CGC,CGG,CGT,CTA,CTC,CTG,CTT,GAA,GAC,GAG,GAT,GCA,GCC,GCG,GCT,GGA,GGC,GGG,GGT,GTA,GTC,GTG,GTT,TAA,TAC,TAG,TAT,TCA,TCC,TCG,TCT,TGA,TGC,TGG,TGT,TTA,TTC,TTG,TTT
Influenza D virus (D/swine/Oklahoma/1334/2011),Riboviria,C1935,vertebrates,RNA,linear,1.19174041297935,1.01463414634146,0.808259587020649,0.985365853658537,1.696,0.624,0.272,1.408,3.72244897959184,1.1340206185567,1.59183673469388,0.969072164948454,1.572,0.528,1,0.9,1.1875,0.80952380952381,0.8125,1.19047619047619,1.42857142857143,0.727272727272727,0.38961038961039,1.45454545454545,0.36734693877551,0,0.195918367346939,0.122448979591837,0.902506963788301,0.467966573816156,0.969359331476323,1.11977715877437,1.30337078651685,0.873096446700508,0.696629213483146,1.12690355329949,1.86851211072664,0.747404844290657,0.249134948096886,1.13494809688581,2.25084745762712,0.230508474576271,1.15254237288136,0.366101694915254,0.913793103448276,0.46551724137931,1.27586206896552,1.3448275862069,1.5,0.881889763779528,0.375,1.11811023622047,1.67010309278351,0.783505154639175,0.371134020618557,1.07216494845361,1.125,0.978723404255319,1,1.02127659574468,0.802228412256267,1.04210526315789,1.73816155988858,0.957894736842105
