virus,realm,host,locus_tag,AAA,AAC,AAG,AAT,ACA,ACC,ACG,ACT,AGA,AGC,AGG,AGT,ATA,ATC,ATG,ATT,CAA,CAC,CAG,CAT,CCA,CCC,CCG,CCT,CGA,CGC,CGG,CGT,CTA,CTC,CTG,CTT,GAA,GAC,GAG,GAT,GCA,GCC,GCG,GCT,GGA,GGC,GGG,GGT,GTA,GTC,GTG,GTT,TAA,TAC,TAG,TAT,TCA,TCC,TCG,TCT,TGA,TGC,TGG,TGT,TTA,TTC,TTG,TTT
Influenza A virus (A/Shanghai/02/2013(H7N9)),Riboviria,human:vertebrates,TS66,1.20289855072464,0.969230769230769,0.797101449275362,1.03076923076923,1.79746835443038,0.835443037974684,0.341772151898734,1.0253164556962,2.69208211143695,1.18965517241379,1.65395894428153,1.18965517241379,1.15755627009646,0.752411575562701,1,1.09003215434084,0.989690721649485,0.888888888888889,1.01030927835052,1.11111111111111,1.6043956043956,0.725274725274725,0.681318681318681,0.989010989010989,0.6158357771261,0.281524926686217,0.475073313782991,0.281524926686217,1.04,0.992,1.376,1.008,1.24444444444444,0.932126696832579,0.755555555555556,1.06787330316742,1.85467128027682,0.788927335640138,0.359861591695502,0.996539792387543,1.86319218241042,0.534201954397394,1.0814332247557,0.521172638436482,0.778210116731518,0.840466926070039,1.5875486381323,0.793774319066148,1.25,0.913385826771654,0.75,1.08661417322835,1.53448275862069,0.775862068965517,0.310344827586207,1,1,1.19101123595506,1,0.808988764044944,0.512,1.22994652406417,1.072,0.770053475935829
