virus,realm,locus_tag,host,type,shape,AAA,AAC,AAG,AAT,ACA,ACC,ACG,ACT,AGA,AGC,AGG,AGT,ATA,ATC,ATG,ATT,CAA,CAC,CAG,CAT,CCA,CCC,CCG,CCT,CGA,CGC,CGG,CGT,CTA,CTC,CTG,CTT,GAA,GAC,GAG,GAT,GCA,GCC,GCG,GCT,GGA,GGC,GGG,GGT,GTA,GTC,GTG,GTT,TAA,TAC,TAG,TAT,TCA,TCC,TCG,TCT,TGA,TGC,TGG,TGT,TTA,TTC,TTG,TTT
Invertebrate iridescent virus 6,Varidnaviria,IIV6gp,invertebrates,DNA,circular,1.72404574483885,0.459952992225637,0.275954255161147,1.54004700777436,2.03518147405923,0.412380316187931,0.289467824537965,1.26297038521487,3.60446927374302,0.320587744197696,0.589944134078212,1.0920020036734,1.1369622475856,0.284899034240562,1,1.57813871817384,1.72179060303367,0.432692307692308,0.278209396966334,1.56730769230769,1.82663566921289,0.363998671537695,0.306874792427765,1.50249086682165,0.589944134078212,0.203351955307263,0.129608938547486,0.88268156424581,0.490526036835829,0.209884722406254,0.217834901285279,1.10189479263283,1.77211328976035,0.364810330912026,0.227886710239651,1.63518966908797,1.89451913133402,0.384694932781799,0.257842123405722,1.46294381247846,2.0782061799289,0.276729559748428,0.281104730653541,1.36395952966913,1.26695526695527,0.264550264550265,0.352092352092352,2.11640211640212,2.00641025641026,0.410340314136126,0.391025641025641,1.58965968586387,1.64701953581566,0.428786107864418,0.375688762731675,2.13591584571715,0.602564102564103,0.383824537354352,1,1.61617546264565,3.04412349277859,0.289814814814815,0.935736054061216,1.71018518518519
