virus,realm,locus_tag,host,type,shape,AAA,AAC,AAG,AAT,ACA,ACC,ACG,ACT,AGA,AGC,AGG,AGT,ATA,ATC,ATG,ATT,CAA,CAC,CAG,CAT,CCA,CCC,CCG,CCT,CGA,CGC,CGG,CGT,CTA,CTC,CTG,CTT,GAA,GAC,GAG,GAT,GCA,GCC,GCG,GCT,GGA,GGC,GGG,GGT,GTA,GTC,GTG,GTT,TAA,TAC,TAG,TAT,TCA,TCC,TCG,TCT,TGA,TGC,TGG,TGT,TTA,TTC,TTG,TTT
Isaria javanica chrysovirus 1,Riboviria,BWS37,fungi,RNA,linear,0.822966507177033,1.23880597014925,1.17703349282297,0.761194029850746,1.44262295081967,1.00546448087432,0.918032786885246,0.633879781420765,1.30985915492958,1.33118971061093,1.66901408450704,1.65916398713826,1.70491803278689,0.672131147540984,1,0.622950819672131,0.508474576271186,1.01149425287356,1.49152542372881,0.988505747126437,1.1025641025641,0.538461538461538,1.15384615384615,1.20512820512821,0.570422535211268,0.485915492957746,1.14084507042254,0.823943661971831,0.954177897574124,0.582210242587601,1.68194070080863,0.630727762803235,0.795620437956204,0.991228070175439,1.2043795620438,1.00877192982456,1.24567474048443,1.25951557093426,0.55363321799308,0.941176470588235,0.606060606060606,1.03703703703704,1.21212121212121,1.14478114478114,0.80565371024735,0.80565371024735,1.42756183745583,0.96113074204947,0,1.33913043478261,0,0.660869565217391,1.04180064308682,0.540192926045016,0.771704180064309,0.655948553054662,3,1.21212121212121,1,0.787878787878788,0.61455525606469,1.11450381679389,1.53638814016172,0.885496183206107
