virus,realm,host,locus_tag,AAA,AAC,AAG,AAT,ACA,ACC,ACG,ACT,AGA,AGC,AGG,AGT,ATA,ATC,ATG,ATT,CAA,CAC,CAG,CAT,CCA,CCC,CCG,CCT,CGA,CGC,CGG,CGT,CTA,CTC,CTG,CTT,GAA,GAC,GAG,GAT,GCA,GCC,GCG,GCT,GGA,GGC,GGG,GGT,GTA,GTC,GTG,GTT,TAA,TAC,TAG,TAT,TCA,TCC,TCG,TCT,TGA,TGC,TGG,TGT,TTA,TTC,TTG,TTT
Jaagsiekte sheep retrovirus,Riboviria,vertebrates,Opavgp,1.52380952380952,0.5,0.476190476190476,1.5,1.05405405405405,1,0.351351351351351,1.59459459459459,0.823529411764706,0.696774193548387,0.588235294117647,0.580645161290323,0.949367088607595,0.417721518987342,1,1.63291139240506,1.27272727272727,0.533333333333333,0.727272727272727,1.46666666666667,0.715083798882682,0.916201117318436,0.424581005586592,1.94413407821229,1.58823529411765,0.941176470588235,0.647058823529412,1.41176470588235,0.606498194945848,0.498194945848375,0.584837545126354,1.29963898916968,1.32631578947368,0.612612612612613,0.673684210526316,1.38738738738739,1.2,0.75,0.375,1.675,1.53846153846154,0.839160839160839,0.671328671328671,0.951048951048951,0.842105263157895,0.571428571428571,0.721804511278195,1.86466165413534,1.2,0.380952380952381,0.6,1.61904761904762,1.2,1.12258064516129,0.464516129032258,1.93548387096774,1.2,0.723404255319149,1,1.27659574468085,2.014440433213,0.540540540540541,0.996389891696751,1.45945945945946
