virus,realm,locus_tag,host,type,shape,AAA,AAC,AAG,AAT,ACA,ACC,ACG,ACT,AGA,AGC,AGG,AGT,ATA,ATC,ATG,ATT,CAA,CAC,CAG,CAT,CCA,CCC,CCG,CCT,CGA,CGC,CGG,CGT,CTA,CTC,CTG,CTT,GAA,GAC,GAG,GAT,GCA,GCC,GCG,GCT,GGA,GGC,GGG,GGT,GTA,GTC,GTG,GTT,TAA,TAC,TAG,TAT,TCA,TCC,TCG,TCT,TGA,TGC,TGG,TGT,TTA,TTC,TTG,TTT
Jacquemontia mosaic Yucatan virus,Monodnaviria,D1S68,land plants,DNA,circular,0.921348314606742,0.939759036144578,1.07865168539326,1.06024096385542,1.27659574468085,0.978723404255319,0.680851063829787,1.06382978723404,1.51351351351351,0.652173913043478,1.72972972972973,0.521739130434783,0.725274725274725,1.21978021978022,1,1.05494505494505,1.12676056338028,0.872727272727273,0.873239436619718,1.12727272727273,1.77272727272727,1.13636363636364,0.409090909090909,0.681818181818182,0.27027027027027,0.378378378378378,0.594594594594595,1.51351351351351,1.07547169811321,0.792452830188679,1.47169811320755,0.792452830188679,0.782608695652174,0.835443037974684,1.21739130434783,1.16455696202532,0.938271604938272,1.23456790123457,0.493827160493827,1.33333333333333,1.19480519480519,0.779220779220779,0.831168831168831,1.19480519480519,0.739130434782609,0.91304347826087,1.21739130434783,1.1304347826087,2.14285714285714,0.75,0.857142857142857,1.25,1.56521739130435,1.47826086956522,0.434782608695652,1.34782608695652,0,0.888888888888889,1,1.11111111111111,0.962264150943396,1.1864406779661,0.905660377358491,0.813559322033898
