virus,realm,locus_tag,host,type,shape,AAA,AAC,AAG,AAT,ACA,ACC,ACG,ACT,AGA,AGC,AGG,AGT,ATA,ATC,ATG,ATT,CAA,CAC,CAG,CAT,CCA,CCC,CCG,CCT,CGA,CGC,CGG,CGT,CTA,CTC,CTG,CTT,GAA,GAC,GAG,GAT,GCA,GCC,GCG,GCT,GGA,GGC,GGG,GGT,GTA,GTC,GTG,GTT,TAA,TAC,TAG,TAT,TCA,TCC,TCG,TCT,TGA,TGC,TGG,TGT,TTA,TTC,TTG,TTT
Jingmen tombus-like virus 1,Riboviria,B2K49,vertebrates,RNA,linear,0.541176470588235,1.28947368421053,1.45882352941176,0.710526315789474,0.748387096774194,1.52258064516129,0.8,0.929032258064516,0.898550724637681,1.61421319796954,1.36231884057971,0.761421319796954,1.02,1.02,1,0.96,0.805970149253731,1.1830985915493,1.19402985074627,0.816901408450704,1.10429447852761,1.15337423312883,0.834355828220859,0.907975460122699,0.898550724637681,1.36231884057971,0.956521739130435,0.521739130434783,0.860869565217391,1.04347826086957,1.35652173913043,1.25217391304348,0.676258992805755,1.15584415584416,1.32374100719424,0.844155844155844,0.703296703296703,1.6996336996337,0.732600732600733,0.864468864468865,0.613861386138614,1.56435643564356,1.28712871287129,0.534653465346535,0.417061611374408,0.966824644549763,1.51658767772512,1.09952606635071,1.5,1.27472527472527,0,0.725274725274725,0.883248730964467,1.18781725888325,0.700507614213198,0.852791878172589,1.5,1.27586206896552,1,0.724137931034483,0.495652173913044,0.837837837837838,0.991304347826087,1.16216216216216
