virus,realm,locus_tag,host,type,shape,AAA,AAC,AAG,AAT,ACA,ACC,ACG,ACT,AGA,AGC,AGG,AGT,ATA,ATC,ATG,ATT,CAA,CAC,CAG,CAT,CCA,CCC,CCG,CCT,CGA,CGC,CGG,CGT,CTA,CTC,CTG,CTT,GAA,GAC,GAG,GAT,GCA,GCC,GCG,GCT,GGA,GGC,GGG,GGT,GTA,GTC,GTG,GTT,TAA,TAC,TAG,TAT,TCA,TCC,TCG,TCT,TGA,TGC,TGG,TGT,TTA,TTC,TTG,TTT
Joinjakaka virus,Riboviria,CA779,invertebrates,RNA,linear,1.23899371069182,0.715384615384615,0.761006289308176,1.28461538461538,1.67965367965368,0.658008658008658,0.0865800865800866,1.57575757575758,3.10344827586207,0.560747663551402,1.55172413793103,1.19626168224299,1.13564668769716,0.738170347003155,1,1.12618296529968,1.52,0.627450980392157,0.48,1.37254901960784,1.52808988764045,0.49438202247191,0.404494382022472,1.57303370786517,0.620689655172414,0.0344827586206897,0.448275862068966,0.241379310344828,0.68649885583524,0.562929061784897,0.384439359267735,0.782608695652174,1.16279069767442,0.451612903225806,0.837209302325581,1.54838709677419,1.45185185185185,0.651851851851852,0.177777777777778,1.71851851851852,1.7292576419214,0.279475982532751,1.01310043668122,0.978165938864629,0.934865900383142,0.659003831417625,0.796934865900383,1.60919540229885,2.33333333333333,0.638036809815951,0,1.36196319018405,1.60747663551402,0.467289719626168,0.168224299065421,2,0.666666666666667,0.666666666666667,1,1.33333333333333,1.74370709382151,0.729064039408867,1.83981693363844,1.27093596059113
