virus,realm,host,locus_tag,AAA,AAC,AAG,AAT,ACA,ACC,ACG,ACT,AGA,AGC,AGG,AGT,ATA,ATC,ATG,ATT,CAA,CAC,CAG,CAT,CCA,CCC,CCG,CCT,CGA,CGC,CGG,CGT,CTA,CTC,CTG,CTT,GAA,GAC,GAG,GAT,GCA,GCC,GCG,GCT,GGA,GGC,GGG,GGT,GTA,GTC,GTG,GTT,TAA,TAC,TAG,TAT,TCA,TCC,TCG,TCT,TGA,TGC,TGG,TGT,TTA,TTC,TTG,TTT
Jugra virus,NA,NA,B1T89,1.18,1.1048951048951,0.82,0.895104895104895,1.74311926605505,1.04587155963303,0.293577981651376,0.917431192660551,2.32978723404255,1.07692307692308,1.27659574468085,1.23076923076923,0.932926829268293,1.17073170731707,1,0.896341463414634,0.987654320987654,0.891891891891892,1.01234567901235,1.10810810810811,1.92248062015504,0.713178294573643,0.372093023255814,0.992248062015504,0.414893617021277,0.893617021276596,0.670212765957447,0.414893617021277,0.990654205607477,1.00934579439252,1.47663551401869,0.878504672897196,1,1.03947368421053,1,0.960526315789474,1.51778656126482,0.99604743083004,0.300395256916996,1.18577075098814,1.81694915254237,0.922033898305085,0.623728813559322,0.63728813559322,0.585714285714286,0.985714285714286,1.68571428571429,0.742857142857143,0,1.11111111111111,3,0.888888888888889,1.84615384615385,0.871794871794872,0.0769230769230769,0.897435897435897,0,1.07142857142857,1,0.928571428571429,0.523364485981308,0.902654867256637,1.1214953271028,1.09734513274336
