virus,realm,locus_tag,host,type,shape,AAA,AAC,AAG,AAT,ACA,ACC,ACG,ACT,AGA,AGC,AGG,AGT,ATA,ATC,ATG,ATT,CAA,CAC,CAG,CAT,CCA,CCC,CCG,CCT,CGA,CGC,CGG,CGT,CTA,CTC,CTG,CTT,GAA,GAC,GAG,GAT,GCA,GCC,GCG,GCT,GGA,GGC,GGG,GGT,GTA,GTC,GTG,GTT,TAA,TAC,TAG,TAT,TCA,TCC,TCG,TCT,TGA,TGC,TGG,TGT,TTA,TTC,TTG,TTT
Junonia coenia densovirus,Monodnaviria,JcDNVgp,invertebrates,DNA,linear,1.57798165137615,0.523809523809524,0.422018348623853,1.47619047619048,1.09677419354839,0.258064516129032,0.419354838709677,2.2258064516129,2.7,0.527027027027027,0.15,1.74324324324324,0.990825688073395,0.440366972477064,1,1.56880733944954,1.57894736842105,0.6,0.421052631578947,1.4,1.52808988764045,0.269662921348315,0.269662921348315,1.93258426966292,0.975,0.225,0.3,1.65,0.355555555555556,0.0888888888888889,0.355555555555556,1.2,1.55371900826446,0.484210526315789,0.446280991735537,1.51578947368421,1.19230769230769,0.192307692307692,0.269230769230769,2.34615384615385,1.93220338983051,0.23728813559322,0.271186440677966,1.55932203389831,1.36363636363636,0.409090909090909,0.681818181818182,1.54545454545455,3,0.582278481012658,0,1.41772151898734,1.17567567567568,0.324324324324324,0.283783783783784,1.94594594594595,0,0.37037037037037,1,1.62962962962963,2.97777777777778,0.540540540540541,1.02222222222222,1.45945945945946
