virus,realm,locus_tag,host,type,shape,AAA,AAC,AAG,AAT,ACA,ACC,ACG,ACT,AGA,AGC,AGG,AGT,ATA,ATC,ATG,ATT,CAA,CAC,CAG,CAT,CCA,CCC,CCG,CCT,CGA,CGC,CGG,CGT,CTA,CTC,CTG,CTT,GAA,GAC,GAG,GAT,GCA,GCC,GCG,GCT,GGA,GGC,GGG,GGT,GTA,GTC,GTG,GTT,TAA,TAC,TAG,TAT,TCA,TCC,TCG,TCT,TGA,TGC,TGG,TGT,TTA,TTC,TTG,TTT
Kaeng Khoi virus,Riboviria,CAU82,invertebrates:vertebrates,RNA,linear,1.51862464183381,0.371747211895911,0.481375358166189,1.62825278810409,1.85964912280702,0.43859649122807,0.175438596491228,1.52631578947368,3.25,0.563758389261745,1.04166666666667,0.926174496644295,1.34328358208955,0.425373134328358,1,1.23134328358209,1.51219512195122,0.611764705882353,0.48780487804878,1.38823529411765,2.18803418803419,0.205128205128205,0.136752136752137,1.47008547008547,0.666666666666667,0.291666666666667,0.333333333333333,0.416666666666667,0.96,0.315,0.495,0.63,1.52988047808765,0.54954954954955,0.470119521912351,1.45045045045045,2.33540372670807,0.472049689440994,0.0993788819875776,1.09316770186335,1.23270440251572,0.628930817610063,0.754716981132076,1.38364779874214,1.20670391061453,0.737430167597765,0.64804469273743,1.40782122905028,3,0.391061452513966,0,1.60893854748603,2.19463087248322,0.402684563758389,0.281879194630872,1.63087248322148,0,0.766355140186916,1,1.23364485981308,2.52,0.793814432989691,1.08,1.20618556701031
