virus,realm,locus_tag,host,type,shape,AAA,AAC,AAG,AAT,ACA,ACC,ACG,ACT,AGA,AGC,AGG,AGT,ATA,ATC,ATG,ATT,CAA,CAC,CAG,CAT,CCA,CCC,CCG,CCT,CGA,CGC,CGG,CGT,CTA,CTC,CTG,CTT,GAA,GAC,GAG,GAT,GCA,GCC,GCG,GCT,GGA,GGC,GGG,GGT,GTA,GTC,GTG,GTT,TAA,TAC,TAG,TAT,TCA,TCC,TCG,TCT,TGA,TGC,TGG,TGT,TTA,TTC,TTG,TTT
Kampung Karu virus,Riboviria,EXL14,invertebrates,RNA,linear,0.923857868020305,1.17073170731707,1.0761421319797,0.829268292682927,1.5311004784689,0.937799043062201,0.746411483253589,0.784688995215311,2.41148325358852,1.36111111111111,1.60765550239234,1.13888888888889,0.888888888888889,1.05555555555556,1,1.05555555555556,0.886075949367089,0.833333333333333,1.11392405063291,1.16666666666667,2,0.970588235294118,0.5,0.529411764705882,0.545454545454545,0.430622009569378,0.430622009569378,0.574162679425837,0.865384615384615,0.807692307692308,1.82692307692308,0.692307692307692,1.09090909090909,1.09459459459459,0.909090909090909,0.905405405405405,1.08219178082192,1.04109589041096,0.616438356164384,1.26027397260274,1.91419141914191,0.580858085808581,1.02970297029703,0.475247524752475,0.42809364548495,0.936454849498328,1.84615384615385,0.789297658862876,3,0.931506849315068,0,1.06849315068493,1.47222222222222,1.05555555555556,0.388888888888889,0.583333333333333,0,1.05454545454545,1,0.945454545454545,0.384615384615385,0.844036697247706,1.42307692307692,1.15596330275229
