virus,realm,locus_tag,host,type,shape,AAA,AAC,AAG,AAT,ACA,ACC,ACG,ACT,AGA,AGC,AGG,AGT,ATA,ATC,ATG,ATT,CAA,CAC,CAG,CAT,CCA,CCC,CCG,CCT,CGA,CGC,CGG,CGT,CTA,CTC,CTG,CTT,GAA,GAC,GAG,GAT,GCA,GCC,GCG,GCT,GGA,GGC,GGG,GGT,GTA,GTC,GTG,GTT,TAA,TAC,TAG,TAT,TCA,TCC,TCG,TCT,TGA,TGC,TGG,TGT,TTA,TTC,TTG,TTT
Kappapapillomavirus 2,Monodnaviria,CRPVgp,vertebrates,DNA,circular,1.06569343065693,1.03921568627451,0.934306569343066,0.96078431372549,1.94475138121547,0.61878453038674,0.530386740331492,0.906077348066298,2.53012048192771,1.39910313901345,1.37349397590361,1.26457399103139,1.23853211009174,0.495412844036697,1,1.26605504587156,0.832116788321168,0.813559322033898,1.16788321167883,1.1864406779661,1.23913043478261,0.869565217391304,0.782608695652174,1.10869565217391,0.433734939759036,0.831325301204819,0.469879518072289,0.36144578313253,0.975778546712803,0.622837370242215,1.43252595155709,0.996539792387543,1.11475409836066,0.955056179775281,0.885245901639344,1.04494382022472,1.67058823529412,0.588235294117647,0.470588235294118,1.27058823529412,1.10679611650485,0.660194174757282,1.32038834951456,0.912621359223301,0.72316384180791,0.949152542372881,1.35593220338983,0.971751412429379,1.2,0.606741573033708,0.6,1.39325842696629,1.18385650224215,0.672645739910314,0.269058295964126,1.21076233183856,1.2,0.989010989010989,1,1.01098901098901,0.955017301038062,0.754098360655738,1.01730103806228,1.24590163934426
