virus,realm,locus_tag,host,type,shape,AAA,AAC,AAG,AAT,ACA,ACC,ACG,ACT,AGA,AGC,AGG,AGT,ATA,ATC,ATG,ATT,CAA,CAC,CAG,CAT,CCA,CCC,CCG,CCT,CGA,CGC,CGG,CGT,CTA,CTC,CTG,CTT,GAA,GAC,GAG,GAT,GCA,GCC,GCG,GCT,GGA,GGC,GGG,GGT,GTA,GTC,GTG,GTT,TAA,TAC,TAG,TAT,TCA,TCC,TCG,TCT,TGA,TGC,TGG,TGT,TTA,TTC,TTG,TTT
Kaumoebavirus,unclassified viruses,BNJ,protozoa,DNA,circular,0.962962962962963,0.925138239047214,1.03703703703704,1.07486176095279,0.591618734593262,1.21610517666393,0.701725554642564,1.49055053410025,1.78259092766653,1.1156366212148,0.574989783408255,0.971135115990792,0.543307086614173,1.26632700324224,1,1.19036591014359,1.29768137621541,0.876847290640394,0.702318623784592,1.12315270935961,0.65160390516039,1.11464435146444,1.14030683403068,1.09344490934449,0.940335104209236,1.56559051900286,0.307723743359215,0.828769922353903,0.497582744514689,1.19226478244701,0.714763852733358,0.894756415024173,1.18185659952106,0.774511593938287,0.818143400478941,1.22548840606171,0.55705996131528,1.49534024969228,0.926323193247758,1.02127659574468,1.22078423797566,1.30577554568283,0.458180413366815,1.0152598029747,0.787658172993586,1.0102270757497,1.09759057028948,1.10452418096724,1.82517482517483,0.894426823742637,0.426573426573427,1.10557317625736,0.588631131574287,1.07419868956968,1.00726049229679,1.24313794935364,0.748251748251748,1.16026490066225,1,0.839735099337748,0.969133506879881,1.25756492732904,1.73149869840089,0.742435072670955
