virus,realm,host,locus_tag,AAA,AAC,AAG,AAT,ACA,ACC,ACG,ACT,AGA,AGC,AGG,AGT,ATA,ATC,ATG,ATT,CAA,CAC,CAG,CAT,CCA,CCC,CCG,CCT,CGA,CGC,CGG,CGT,CTA,CTC,CTG,CTT,GAA,GAC,GAG,GAT,GCA,GCC,GCG,GCT,GGA,GGC,GGG,GGT,GTA,GTC,GTG,GTT,TAA,TAC,TAG,TAT,TCA,TCC,TCG,TCT,TGA,TGC,TGG,TGT,TTA,TTC,TTG,TTT
Keunjorong mosaic virus,Riboviria,land plants,KeuMV,0.977973568281938,0.836601307189543,1.02202643171806,1.16339869281046,1.82417582417582,0.593406593406593,0.549450549450549,1.03296703296703,1.25581395348837,1.25806451612903,1.15116279069767,1.38709677419355,0.825396825396825,0.793650793650794,1,1.38095238095238,1.16504854368932,1,0.83495145631068,1,1.94285714285714,0.647619047619048,0.60952380952381,0.8,1.15116279069767,0.872093023255814,0.767441860465116,0.802325581395349,0.804347826086957,0.869565217391304,0.891304347826087,0.956521739130435,0.935622317596567,0.736842105263158,1.06437768240343,1.26315789473684,1.43434343434343,0.787878787878788,0.585858585858586,1.19191919191919,1.28089887640449,0.651685393258427,1.1685393258427,0.898876404494382,0.571428571428571,0.625,1.25,1.55357142857143,0,0.863157894736842,3,1.13684210526316,1.38709677419355,0.645161290322581,0.419354838709677,0.903225806451613,0,0.784313725490196,1,1.2156862745098,0.891304347826087,0.986842105263158,1.58695652173913,1.01315789473684
