virus,realm,host,locus_tag,AAA,AAC,AAG,AAT,ACA,ACC,ACG,ACT,AGA,AGC,AGG,AGT,ATA,ATC,ATG,ATT,CAA,CAC,CAG,CAT,CCA,CCC,CCG,CCT,CGA,CGC,CGG,CGT,CTA,CTC,CTG,CTT,GAA,GAC,GAG,GAT,GCA,GCC,GCG,GCT,GGA,GGC,GGG,GGT,GTA,GTC,GTG,GTT,TAA,TAC,TAG,TAT,TCA,TCC,TCG,TCT,TGA,TGC,TGG,TGT,TTA,TTC,TTG,TTT
Kimberley virus,Riboviria,invertebrates:vertebrates,OI62,1.27790973871734,0.631578947368421,0.72209026128266,1.36842105263158,1.91578947368421,0.715789473684211,0.189473684210526,1.17894736842105,3.34246575342466,0.870090634441088,1.58904109589041,1.5226586102719,1.125,0.6328125,1,1.2421875,1.42857142857143,0.584905660377358,0.571428571428571,1.41509433962264,1.55414012738854,0.636942675159236,0.382165605095541,1.42675159235669,0.438356164383562,0.10958904109589,0.301369863013699,0.219178082191781,0.969555035128806,0.309133489461358,0.660421545667447,0.63231850117096,1.38161559888579,0.528169014084507,0.618384401114206,1.47183098591549,1.84126984126984,0.761904761904762,0.0317460317460317,1.36507936507937,1.86013986013986,0.34965034965035,0.867132867132867,0.923076923076923,1.15966386554622,0.722689075630252,0.873949579831933,1.2436974789916,1.66666666666667,0.533333333333333,0,1.46666666666667,1.43202416918429,0.489425981873112,0.126888217522659,1.55891238670695,1.33333333333333,0.829787234042553,1,1.17021276595745,1.92505854800937,0.829545454545455,1.50351288056206,1.17045454545455
