virus,realm,locus_tag,host,type,shape,AAA,AAC,AAG,AAT,ACA,ACC,ACG,ACT,AGA,AGC,AGG,AGT,ATA,ATC,ATG,ATT,CAA,CAC,CAG,CAT,CCA,CCC,CCG,CCT,CGA,CGC,CGG,CGT,CTA,CTC,CTG,CTT,GAA,GAC,GAG,GAT,GCA,GCC,GCG,GCT,GGA,GGC,GGG,GGT,GTA,GTC,GTG,GTT,TAA,TAC,TAG,TAT,TCA,TCC,TCG,TCT,TGA,TGC,TGG,TGT,TTA,TTC,TTG,TTT
Klebsiella phage KpLz-2 45,NA,MOA67,NA,NA,NA,1.42851831195389,1.12831770105767,0.571481688046105,0.871682298942327,0.697466467958271,1.29226693161119,1.06044047027654,0.949826130153999,0.63243922883487,0.836254381572359,0.297988264878458,1.28092138207311,0.239736441966548,1.39736441966548,1,1.36289913836797,1.00097118808676,0.987408880053015,0.999028811913241,1.01259111994698,0.714285714285714,0.520487264673311,1.62569213732004,1.13953488372093,0.69279128248114,1.15674769488684,0.691533948030176,2.52849958088852,0.267399267399267,1.04908424908425,1.43882783882784,0.938461538461538,1.37074995932975,0.908600215905002,0.629250040670246,1.091399784095,0.927298533354361,0.892603690269674,1.31083425327235,0.869263523103611,0.624745071380014,0.855200543847723,0.940176750509857,1.57987763426241,0.785589032360912,1.12864658058345,0.766459429300175,1.31930495775546,2.01694915254237,1.10769230769231,0.305084745762712,0.892307692307692,0.809213820731097,0.801201802704056,0.955433149724587,1.31697546319479,0.677966101694915,0.826143790849673,1,1.17385620915033,1.43076923076923,1.04900181488203,0.875457875457875,0.950998185117967
