virus,realm,locus_tag,host,type,shape,AAA,AAC,AAG,AAT,ACA,ACC,ACG,ACT,AGA,AGC,AGG,AGT,ATA,ATC,ATG,ATT,CAA,CAC,CAG,CAT,CCA,CCC,CCG,CCT,CGA,CGC,CGG,CGT,CTA,CTC,CTG,CTT,GAA,GAC,GAG,GAT,GCA,GCC,GCG,GCT,GGA,GGC,GGG,GGT,GTA,GTC,GTG,GTT,TAA,TAC,TAG,TAT,TCA,TCC,TCG,TCT,TGA,TGC,TGG,TGT,TTA,TTC,TTG,TTT
Klebsiella phage K5-4,Duplodnaviria,HOR50,bacteria,DNA,linear,0.407594936708861,1.67829457364341,1.59240506329114,0.321705426356589,0.555240793201133,1.64872521246459,0.645892351274788,1.15014164305949,0.384146341463415,1.00949796472185,0.283536585365854,0.83853459972863,0.205685618729097,1.56521739130435,1,1.22909698996656,0.477099236641221,1.61290322580645,1.52290076335878,0.387096774193548,0.848484848484849,0.406926406926407,1.37662337662338,1.36796536796537,0.704268292682927,1.76524390243902,0.567073170731707,2.29573170731707,0.479757085020243,1.18421052631579,2.38056680161943,0.84412955465587,0.631197097944377,1.36516129032258,1.36880290205562,0.634838709677419,0.870651204281891,1.03479036574487,0.7957181088314,1.29884032114184,0.550639134709931,0.979351032448378,0.63716814159292,1.83284169124877,0.819672131147541,0.983606557377049,1.38173302107728,0.814988290398126,1.92857142857143,1.47887323943662,0.142857142857143,0.52112676056338,0.968792401628223,1.4572591587517,0.594301221166893,1.13161465400271,0.928571428571429,1.06666666666667,1,0.933333333333333,0.510121457489879,1.70093457943925,0.601214574898785,0.299065420560748
