virus,realm,host,locus_tag,AAA,AAC,AAG,AAT,ACA,ACC,ACG,ACT,AGA,AGC,AGG,AGT,ATA,ATC,ATG,ATT,CAA,CAC,CAG,CAT,CCA,CCC,CCG,CCT,CGA,CGC,CGG,CGT,CTA,CTC,CTG,CTT,GAA,GAC,GAG,GAT,GCA,GCC,GCG,GCT,GGA,GGC,GGG,GGT,GTA,GTC,GTG,GTT,TAA,TAC,TAG,TAT,TCA,TCC,TCG,TCT,TGA,TGC,TGG,TGT,TTA,TTC,TTG,TTT
Klebsiella phage KPN N141,Duplodnaviria,bacteria,HOR92,0.956906077348066,1.38366718027735,1.04309392265193,0.61633281972265,0.564643799472295,1.26121372031662,1.39313984168865,0.781002638522427,0.356275303643725,1.67003367003367,0.574898785425101,0.430976430976431,0.093210586881473,1.69505178365938,1,1.21173762945915,0.64030131826742,1.26229508196721,1.35969868173258,0.737704918032787,0.881632653061225,0.310204081632653,2.05714285714286,0.751020408163265,0.825910931174089,2.5668016194332,0.688259109311741,0.987854251012146,0.53276955602537,0.602536997885835,2.08668076109937,1.2938689217759,1.11883408071749,0.954087346024636,0.881165919282511,1.04591265397536,0.88062015503876,0.933333333333333,1.48217054263566,0.703875968992248,0.528301886792453,1.95867026055705,0.711590296495957,0.801437556154537,0.67342799188641,0.689655172413793,0.937119675456389,1.69979716024341,1.61842105263158,1.16561844863732,0.473684210526316,0.834381551362683,0.98989898989899,0.875420875420875,1.22558922558923,0.808080808080808,0.907894736842105,1.62637362637363,1,0.373626373626374,0.697674418604651,1.24378109452736,0.78646934460888,0.756218905472637
