virus,realm,locus_tag,host,type,shape,AAA,AAC,AAG,AAT,ACA,ACC,ACG,ACT,AGA,AGC,AGG,AGT,ATA,ATC,ATG,ATT,CAA,CAC,CAG,CAT,CCA,CCC,CCG,CCT,CGA,CGC,CGG,CGT,CTA,CTC,CTG,CTT,GAA,GAC,GAG,GAT,GCA,GCC,GCG,GCT,GGA,GGC,GGG,GGT,GTA,GTC,GTG,GTT,TAA,TAC,TAG,TAT,TCA,TCC,TCG,TCT,TGA,TGC,TGG,TGT,TTA,TTC,TTG,TTT
Klebsiella phage KPV15,Duplodnaviria,KNT59,bacteria,DNA,linear,1.39918809201624,0.836596385542169,0.600811907983762,1.16340361445783,0.988497734402231,0.726385500174277,0.450331125827815,1.83478563959568,0.972111553784861,0.698309492847854,0.212483399734396,0.815344603381014,0.350649350649351,0.830578512396694,1,1.81877213695396,1.14524805738195,0.565121412803532,0.854751942618051,1.43487858719647,1.44553314121037,0.182132564841499,0.790778097982709,1.58155619596542,0.725099601593626,0.884462151394422,0.305444887118194,2.9003984063745,0.496507254164428,0.425577646426652,0.959161740999463,1.56689951638904,1.56297763939994,0.643874643874644,0.437022360600057,1.35612535612536,1.29631728045326,0.398866855524079,0.467988668555241,1.83682719546742,1.08551145530816,0.729267505646983,0.320103259115844,1.86511777992901,1.28799526907156,0.410408042578356,0.477823772915435,1.82377291543465,1.69565217391304,0.56671664167916,0.311036789297659,1.43328335832084,1.52340702210663,0.401820546163849,0.392067620286086,2.16905071521456,0.993311036789298,0.777777777777778,1,1.22222222222222,1.62009672219237,0.788947117675083,0.931757119828049,1.21105288232492
