virus,realm,host,locus_tag,AAA,AAC,AAG,AAT,ACA,ACC,ACG,ACT,AGA,AGC,AGG,AGT,ATA,ATC,ATG,ATT,CAA,CAC,CAG,CAT,CCA,CCC,CCG,CCT,CGA,CGC,CGG,CGT,CTA,CTC,CTG,CTT,GAA,GAC,GAG,GAT,GCA,GCC,GCG,GCT,GGA,GGC,GGG,GGT,GTA,GTC,GTG,GTT,TAA,TAC,TAG,TAT,TCA,TCC,TCG,TCT,TGA,TGC,TGG,TGT,TTA,TTC,TTG,TTT
Klebsiella phage PhiKpNIH-2,Duplodnaviria,bacteria,H1O11,0.984894259818731,1.33333333333333,1.01510574018127,0.666666666666667,0.633165829145729,1.24623115577889,1.31155778894472,0.809045226130653,0.537530266343826,1.7170837867247,0.631961259079903,0.457018498367791,0.167368421052632,1.61368421052632,1,1.21894736842105,0.675862068965517,1.16838487972509,1.32413793103448,0.831615120274914,0.941649899396378,0.394366197183099,1.99597585513078,0.668008048289738,0.799031476997579,2.58595641646489,0.668280871670702,0.777239709443099,0.576687116564417,0.50920245398773,1.95705521472393,1.42331288343558,1.09109730848861,0.95531914893617,0.908902691511387,1.04468085106383,0.980683506686478,0.87667161961367,1.42050520059435,0.722139673105498,0.601859678782756,1.85967878275571,0.713440405748098,0.82502113271344,0.711281070745698,0.738049713193117,0.940726577437858,1.60994263862333,1.59259259259259,1.19622641509434,0.481481481481481,0.80377358490566,1.01849836779108,0.894450489662677,1.10990206746464,0.803046789989119,0.925925925925926,1.48325358851675,1,0.516746411483254,0.711656441717791,1.22857142857143,0.822085889570552,0.771428571428571
