virus,realm,host,locus_tag,AAA,AAC,AAG,AAT,ACA,ACC,ACG,ACT,AGA,AGC,AGG,AGT,ATA,ATC,ATG,ATT,CAA,CAC,CAG,CAT,CCA,CCC,CCG,CCT,CGA,CGC,CGG,CGT,CTA,CTC,CTG,CTT,GAA,GAC,GAG,GAT,GCA,GCC,GCG,GCT,GGA,GGC,GGG,GGT,GTA,GTC,GTG,GTT,TAA,TAC,TAG,TAT,TCA,TCC,TCG,TCT,TGA,TGC,TGG,TGT,TTA,TTC,TTG,TTT
Klebsiella phage ST13-OXA48phi12.1,Duplodnaviria,bacteria,HYP82,1.30793650793651,1.10984848484848,0.692063492063492,0.890151515151515,0.558011049723757,1.71823204419889,1.09944751381215,0.624309392265193,0.290556900726392,1.92561983471074,0.341404358353511,0.826446280991736,0.278301886792453,1.42452830188679,1,1.29716981132075,0.335793357933579,0.990384615384615,1.66420664206642,1.00961538461538,0.699801192842942,0.604373757455268,2.07554671968191,0.620278330019881,0.39225181598063,2.52058111380145,0.886198547215496,1.56900726392252,0.261324041811847,0.52787456445993,3.31881533101045,0.872822299651568,1.07169811320755,0.870493991989319,0.928301886792453,1.12950600801068,0.723296888141295,1.27838519764508,1.34903280067283,0.649285113540791,0.482269503546099,1.78723404255319,0.784869976359338,0.945626477541371,0.486416558861578,0.915912031047865,1.42302716688228,1.17464424320828,1.26,0.888235294117647,0.24,1.11176470588235,0.87603305785124,0.958677685950413,0.652892561983471,0.760330578512397,1.5,1.30645161290323,1,0.693548387096774,0.517421602787456,0.930232558139535,0.501742160278746,1.06976744186047
