virus,realm,locus_tag,host,type,shape,AAA,AAC,AAG,AAT,ACA,ACC,ACG,ACT,AGA,AGC,AGG,AGT,ATA,ATC,ATG,ATT,CAA,CAC,CAG,CAT,CCA,CCC,CCG,CCT,CGA,CGC,CGG,CGT,CTA,CTC,CTG,CTT,GAA,GAC,GAG,GAT,GCA,GCC,GCG,GCT,GGA,GGC,GGG,GGT,GTA,GTC,GTG,GTT,TAA,TAC,TAG,TAT,TCA,TCC,TCG,TCT,TGA,TGC,TGG,TGT,TTA,TTC,TTG,TTT
Klebsiella phage F19,Duplodnaviria,F19,bacteria,DNA,linear,0.609794628751975,1.45559845559846,1.39020537124803,0.544401544401544,0.62415196743555,1.32428765264586,0.9280868385346,1.12347354138399,0.580891719745223,1.72446555819477,0.473885350318471,0.990498812351544,0.427852348993289,1.19798657718121,1,1.3741610738255,0.499184339314845,1.50393700787402,1.50081566068516,0.496062992125984,0.693957115009747,0.545808966861598,1.69200779727096,1.0682261208577,0.481528662420382,2.03312101910828,0.779617834394905,1.65095541401274,0.704055220017256,0.647109577221743,2.71786022433132,0.652286453839517,0.717815344603381,1.18833535844471,1.28218465539662,0.811664641555286,1.06116642958748,0.950213371266003,0.816500711237553,1.17211948790896,0.524850894632207,1.06560636182903,1.10934393638171,1.30019880715706,1.35873015873016,0.491005291005291,1.40952380952381,0.740740740740741,1.88235294117647,1.34661354581673,0.235294117647059,0.653386454183267,0.520190023752969,1.06888361045131,0.520190023752969,1.17577197149644,0.882352941176471,1.37837837837838,1,0.621621621621622,0.569456427955134,1.44497607655502,0.70923209663503,0.555023923444976
