virus,realm,locus_tag,host,type,shape,AAA,AAC,AAG,AAT,ACA,ACC,ACG,ACT,AGA,AGC,AGG,AGT,ATA,ATC,ATG,ATT,CAA,CAC,CAG,CAT,CCA,CCC,CCG,CCT,CGA,CGC,CGG,CGT,CTA,CTC,CTG,CTT,GAA,GAC,GAG,GAT,GCA,GCC,GCG,GCT,GGA,GGC,GGG,GGT,GTA,GTC,GTG,GTT,TAA,TAC,TAG,TAT,TCA,TCC,TCG,TCT,TGA,TGC,TGG,TGT,TTA,TTC,TTG,TTT
Koala retrovirus,Riboviria,D1Y44,vertebrates,DNA,linear,0.931034482758621,1.14666666666667,1.06896551724138,0.853333333333333,0.810126582278481,1.69620253164557,0.556962025316456,0.936708860759494,1.37888198757764,0.882352941176471,1.75155279503106,0.75,0.705882352941177,1.41176470588235,1,0.882352941176471,0.819047619047619,1.25925925925926,1.18095238095238,0.740740740740741,0.714975845410628,1.41062801932367,0.618357487922705,1.256038647343,0.819875776397516,0.596273291925466,1.00621118012422,0.447204968944099,0.777777777777778,1.75555555555556,1.28888888888889,0.777777777777778,0.848920863309353,1.03370786516854,1.15107913669065,0.966292134831461,0.697674418604651,1.83720930232558,0.511627906976744,0.953488372093023,1.23456790123457,0.888888888888889,1.11111111111111,0.765432098765432,0.985915492957746,0.957746478873239,1.29577464788732,0.76056338028169,2,1,1,1,0.926470588235294,1.76470588235294,0.352941176470588,1.32352941176471,0,1.1,1,0.9,0.6,1.12903225806452,0.8,0.870967741935484
