virus,realm,locus_tag,host,type,shape,AAA,AAC,AAG,AAT,ACA,ACC,ACG,ACT,AGA,AGC,AGG,AGT,ATA,ATC,ATG,ATT,CAA,CAC,CAG,CAT,CCA,CCC,CCG,CCT,CGA,CGC,CGG,CGT,CTA,CTC,CTG,CTT,GAA,GAC,GAG,GAT,GCA,GCC,GCG,GCT,GGA,GGC,GGG,GGT,GTA,GTC,GTG,GTT,TAA,TAC,TAG,TAT,TCA,TCC,TCG,TCT,TGA,TGC,TGG,TGT,TTA,TTC,TTG,TTT
Koongol virus,Riboviria,D1S46,invertebrates,ss-RNA,linear,1.31103678929766,0.625,0.688963210702341,1.375,2.2,0.476923076923077,0.261538461538462,1.06153846153846,3.5364238410596,0.976744186046512,1.27152317880795,0.893023255813953,1.16,0.77,1,1.07,1.45454545454545,0.707317073170732,0.545454545454545,1.29268292682927,2.10526315789474,0.421052631578947,0.180451127819549,1.29323308270677,0.556291390728477,0.278145695364238,0.0794701986754967,0.278145695364238,1.16717325227964,0.492401215805471,0.729483282674772,0.765957446808511,1.51091703056769,0.775700934579439,0.489082969432314,1.22429906542056,2.04301075268817,0.559139784946237,0.172043010752688,1.2258064516129,1.56291390728477,0.768211920529801,0.688741721854305,0.980132450331126,1.02380952380952,0.904761904761905,0.69047619047619,1.38095238095238,3,0.783783783783784,0,1.21621621621622,1.64651162790698,0.558139534883721,0.195348837209302,1.73023255813953,0,0.929292929292929,1,1.07070707070707,1.65957446808511,0.733333333333333,1.1854103343465,1.26666666666667
