virus,realm,locus_tag,host,type,shape,AAA,AAC,AAG,AAT,ACA,ACC,ACG,ACT,AGA,AGC,AGG,AGT,ATA,ATC,ATG,ATT,CAA,CAC,CAG,CAT,CCA,CCC,CCG,CCT,CGA,CGC,CGG,CGT,CTA,CTC,CTG,CTT,GAA,GAC,GAG,GAT,GCA,GCC,GCG,GCT,GGA,GGC,GGG,GGT,GTA,GTC,GTG,GTT,TAA,TAC,TAG,TAT,TCA,TCC,TCG,TCT,TGA,TGC,TGG,TGT,TTA,TTC,TTG,TTT
Kryptosalinivirus M8CC19,Duplodnaviria,FGG63,bacteria,NA,NA,0.642297650130548,1.43083003952569,1.35770234986945,0.569169960474308,0.595833333333333,1.2,1.6875,0.516666666666667,0.36381135707411,1,0.329162656400385,0.75,0.309045226130653,1.01381909547739,1,1.67713567839196,0.944223107569721,1.49342105263158,1.05577689243028,0.506578947368421,0.325153374233129,1.31901840490798,1.71779141104294,0.638036809815951,0.848893166506256,1.40327237728585,1.53031761308951,1.52454282964389,0.531305903398927,1.61538461538462,0.917710196779964,1.77638640429338,0.921155347384856,1.38761662425785,1.07884465261514,0.612383375742154,0.714285714285714,1.59183673469388,1.0952380952381,0.598639455782313,0.963087248322148,1.25503355704698,0.832214765100671,0.949664429530201,0.599103139013453,0.853811659192825,1.2914798206278,1.25560538116592,2.01315789473684,1.5678391959799,0.631578947368421,0.4321608040201,0.551282051282051,1.30128205128205,1.29487179487179,1.1025641025641,0.355263157894737,1.54929577464789,1,0.450704225352113,0.18783542039356,1.28443113772455,0.971377459749553,0.715568862275449
