virus,realm,host,locus_tag,AAA,AAC,AAG,AAT,ACA,ACC,ACG,ACT,AGA,AGC,AGG,AGT,ATA,ATC,ATG,ATT,CAA,CAC,CAG,CAT,CCA,CCC,CCG,CCT,CGA,CGC,CGG,CGT,CTA,CTC,CTG,CTT,GAA,GAC,GAG,GAT,GCA,GCC,GCG,GCT,GGA,GGC,GGG,GGT,GTA,GTC,GTG,GTT,TAA,TAC,TAG,TAT,TCA,TCC,TCG,TCT,TGA,TGC,TGG,TGT,TTA,TTC,TTG,TTT
Kwatta virus,NA,NA,KM623,1.09701492537313,0.646706586826347,0.902985074626866,1.35329341317365,1.83111111111111,0.764444444444444,0.266666666666667,1.13777777777778,2.48275862068966,0.617940199335548,1.27093596059113,1.13621262458472,0.735849056603774,1.0188679245283,1,1.24528301886792,1.11111111111111,0.575,0.888888888888889,1.425,1.22,0.76,0.52,1.5,0.857142857142857,0.38423645320197,0.443349753694581,0.561576354679803,0.678391959798995,0.603015075376884,1.08542713567839,0.587939698492462,1.05726872246696,0.687782805429864,0.94273127753304,1.31221719457014,1.6258064516129,0.8,0.309677419354839,1.26451612903226,1.65106382978723,0.323404255319149,0.936170212765957,1.08936170212766,0.818604651162791,1.0046511627907,0.967441860465116,1.2093023255814,1.28571428571429,0.780952380952381,0.428571428571429,1.21904761904762,1.45514950166113,1.01661129568106,0.378737541528239,1.3953488372093,1.28571428571429,0.693333333333333,1,1.30666666666667,1.01005025125628,0.885057471264368,2.03517587939698,1.11494252873563
