virus,realm,locus_tag,host,type,shape,AAA,AAC,AAG,AAT,ACA,ACC,ACG,ACT,AGA,AGC,AGG,AGT,ATA,ATC,ATG,ATT,CAA,CAC,CAG,CAT,CCA,CCC,CCG,CCT,CGA,CGC,CGG,CGT,CTA,CTC,CTG,CTT,GAA,GAC,GAG,GAT,GCA,GCC,GCG,GCT,GGA,GGC,GGG,GGT,GTA,GTC,GTG,GTT,TAA,TAC,TAG,TAT,TCA,TCC,TCG,TCT,TGA,TGC,TGG,TGT,TTA,TTC,TTG,TTT
Lactococcus phage PLgW-1,Duplodnaviria,KMD50,bacteria,DNA,linear,1.41992433795712,0.844202898550725,0.580075662042875,1.15579710144928,1.8894472361809,0.30820770519263,0.469011725293132,1.33333333333333,1.89189189189189,1.14438502673797,0.558558558558559,1.2192513368984,0.682852807283763,0.860394537177542,1,1.45675265553869,1.51928783382789,0.953271028037383,0.480712166172107,1.04672897196262,1.85840707964602,0.176991150442478,0.460176991150442,1.50442477876106,1.04504504504505,0.648648648648649,0.27027027027027,1.58558558558559,0.744769874476987,0.451882845188285,0.225941422594142,1.45606694560669,1.38372093023256,0.921875,0.616279069767442,1.078125,1.47692307692308,0.369230769230769,0.505982905982906,1.64786324786325,1.13320825515947,0.945590994371482,0.360225140712946,1.5609756097561,1.34640522875817,0.522875816993464,0.61437908496732,1.51633986928105,1.55357142857143,0.650537634408602,0.482142857142857,1.3494623655914,1.51871657754011,0.213903743315508,0.385026737967914,1.51871657754011,0.964285714285714,0.982456140350877,1,1.01754385964912,1.84937238493724,0.84,1.27196652719665,1.16
