virus,realm,locus_tag,host,type,shape,AAA,AAC,AAG,AAT,ACA,ACC,ACG,ACT,AGA,AGC,AGG,AGT,ATA,ATC,ATG,ATT,CAA,CAC,CAG,CAT,CCA,CCC,CCG,CCT,CGA,CGC,CGG,CGT,CTA,CTC,CTG,CTT,GAA,GAC,GAG,GAT,GCA,GCC,GCG,GCT,GGA,GGC,GGG,GGT,GTA,GTC,GTG,GTT,TAA,TAC,TAG,TAT,TCA,TCC,TCG,TCT,TGA,TGC,TGG,TGT,TTA,TTC,TTG,TTT
Lactococcus phage CHPC1242,Duplodnaviria,KMD04,bacteria,DNA,linear,1.6021897810219,0.987341772151899,0.397810218978102,1.0126582278481,1.89578163771712,0.297766749379653,0.426799007444169,1.37965260545906,2.18957345971564,1.32786885245902,0.369668246445498,1.81967213114754,0.537878787878788,0.795454545454545,1,1.66666666666667,1.675,0.69047619047619,0.325,1.30952380952381,1.33333333333333,0.16969696969697,0.412121212121212,2.08484848484848,0.682464454976303,0.398104265402844,0.14218009478673,2.21800947867299,1.18390804597701,0.172413793103448,0.218390804597701,1.03448275862069,1.53478260869565,1.03589743589744,0.465217391304348,0.964102564102564,1.55858310626703,0.337874659400545,0.446866485013624,1.6566757493188,1.0762331838565,0.484304932735426,0.645739910313901,1.79372197309417,1.35770234986945,0.386422976501305,0.522193211488251,1.73368146214099,1.8,0.675585284280936,0.514285714285714,1.32441471571906,1.52459016393443,0.0983606557377049,0.229508196721311,1,0.685714285714286,0.509090909090909,1,1.49090909090909,2.13793103448276,0.716723549488055,1.25287356321839,1.28327645051195
