virus,realm,locus_tag,host,type,shape,AAA,AAC,AAG,AAT,ACA,ACC,ACG,ACT,AGA,AGC,AGG,AGT,ATA,ATC,ATG,ATT,CAA,CAC,CAG,CAT,CCA,CCC,CCG,CCT,CGA,CGC,CGG,CGT,CTA,CTC,CTG,CTT,GAA,GAC,GAG,GAT,GCA,GCC,GCG,GCT,GGA,GGC,GGG,GGT,GTA,GTC,GTG,GTT,TAA,TAC,TAG,TAT,TCA,TCC,TCG,TCT,TGA,TGC,TGG,TGT,TTA,TTC,TTG,TTT
Lactococcus phage 05802,Duplodnaviria,KMC78,bacteria,DNA,linear,1.57777777777778,0.956331877729258,0.422222222222222,1.04366812227074,2.02739726027397,0.292237442922374,0.356164383561644,1.32420091324201,2.26771653543307,1.20304568527919,0.47244094488189,1.97969543147208,0.584862385321101,0.708715596330275,1,1.70642201834862,1.69348659003831,0.732673267326733,0.306513409961686,1.26732673267327,1.30285714285714,0.228571428571429,0.388571428571429,2.08,0.637795275590551,0.330708661417323,0.118110236220472,2.17322834645669,1.10994764397906,0.261780104712042,0.157068062827225,0.984293193717278,1.49709864603482,0.980392156862745,0.502901353965184,1.01960784313725,1.71844660194175,0.194174757281553,0.466019417475728,1.62135922330097,1.04721030042918,0.506437768240343,0.532188841201717,1.91416309012876,1.42857142857143,0.38423645320197,0.522167487684729,1.66502463054187,1.73684210526316,0.620689655172414,0.473684210526316,1.37931034482759,1.43147208121827,0.152284263959391,0.228426395939086,1.00507614213198,0.789473684210526,0.655172413793103,1,1.3448275862069,2.03141361256545,0.649842271293375,1.45549738219895,1.35015772870662
