virus,realm,locus_tag,host,type,shape,AAA,AAC,AAG,AAT,ACA,ACC,ACG,ACT,AGA,AGC,AGG,AGT,ATA,ATC,ATG,ATT,CAA,CAC,CAG,CAT,CCA,CCC,CCG,CCT,CGA,CGC,CGG,CGT,CTA,CTC,CTG,CTT,GAA,GAC,GAG,GAT,GCA,GCC,GCG,GCT,GGA,GGC,GGG,GGT,GTA,GTC,GTG,GTT,TAA,TAC,TAG,TAT,TCA,TCC,TCG,TCT,TGA,TGC,TGG,TGT,TTA,TTC,TTG,TTT
Lactococcus phage vB Llc bIBB12,NA,KMC92,NA,NA,NA,1.61857379767828,0.950819672131147,0.381426202321725,1.04918032786885,1.94799054373522,0.245862884160756,0.482269503546099,1.32387706855792,2.06086956521739,1.27840909090909,0.521739130434783,1.875,0.582309582309582,0.803439803439803,1,1.61425061425061,1.699604743083,0.818181818181818,0.300395256916996,1.18181818181818,1.38181818181818,0.145454545454545,0.363636363636364,2.10909090909091,0.547826086956522,0.704347826086957,0.104347826086957,2.06086956521739,1.07803992740472,0.250453720508167,0.185117967332123,1.03448275862069,1.46558704453441,1.05822784810127,0.534412955465587,0.941772151898734,1.49253731343284,0.427860696517413,0.497512437810945,1.58208955223881,1.23348017621145,0.484581497797357,0.52863436123348,1.75330396475771,1.46192893401015,0.416243654822335,0.446700507614213,1.6751269035533,2,0.646048109965636,0.416666666666667,1.35395189003436,1.51704545454545,0.136363636363636,0.204545454545455,0.988636363636364,0.583333333333333,0.711864406779661,1,1.28813559322034,1.9491833030853,0.768211920529801,1.502722323049,1.2317880794702
