virus,realm,host,locus_tag,AAA,AAC,AAG,AAT,ACA,ACC,ACG,ACT,AGA,AGC,AGG,AGT,ATA,ATC,ATG,ATT,CAA,CAC,CAG,CAT,CCA,CCC,CCG,CCT,CGA,CGC,CGG,CGT,CTA,CTC,CTG,CTT,GAA,GAC,GAG,GAT,GCA,GCC,GCG,GCT,GGA,GGC,GGG,GGT,GTA,GTC,GTG,GTT,TAA,TAC,TAG,TAT,TCA,TCC,TCG,TCT,TGA,TGC,TGG,TGT,TTA,TTC,TTG,TTT
Lactococcus phage 936 group phage Phi19.3,Duplodnaviria,bacteria,HYO83,1.52020860495437,0.766233766233766,0.479791395045632,1.23376623376623,1.89624329159213,0.250447227191413,0.472271914132379,1.38103756708408,2.57446808510638,1.22113502935421,0.531914893617021,1.30332681017613,0.699029126213592,0.606796116504854,1,1.69417475728155,1.5776397515528,0.684684684684685,0.422360248447205,1.31531531531532,1.54455445544554,0.118811881188119,0.415841584158416,1.92079207920792,0.638297872340426,0.680851063829787,0.234042553191489,1.34042553191489,0.858278145695364,0.135099337748344,0.24635761589404,1.30331125827815,1.53674121405751,0.948412698412698,0.463258785942492,1.0515873015873,1.37618147448015,0.24952741020794,0.385633270321361,1.98865784499055,1.22676579925651,0.75092936802974,0.349442379182156,1.6728624535316,1.55056179775281,0.49438202247191,0.344569288389513,1.61048689138577,1.78846153846154,0.622589531680441,0.461538461538462,1.37741046831956,1.83170254403131,0.187866927592955,0.305283757338552,1.15068493150685,0.75,0.819672131147541,1,1.18032786885246,2.31258278145695,0.684350132625995,1.14437086092715,1.31564986737401
