virus,realm,locus_tag,host,type,shape,AAA,AAC,AAG,AAT,ACA,ACC,ACG,ACT,AGA,AGC,AGG,AGT,ATA,ATC,ATG,ATT,CAA,CAC,CAG,CAT,CCA,CCC,CCG,CCT,CGA,CGC,CGG,CGT,CTA,CTC,CTG,CTT,GAA,GAC,GAG,GAT,GCA,GCC,GCG,GCT,GGA,GGC,GGG,GGT,GTA,GTC,GTG,GTT,TAA,TAC,TAG,TAT,TCA,TCC,TCG,TCT,TGA,TGC,TGG,TGT,TTA,TTC,TTG,TTT
Lactococcus phage phiL47,Duplodnaviria,T548,bacteria,DNA,linear,1.59975669099757,0.593789876648235,0.400243309002433,1.40621012335177,2.12698412698413,0.259259259259259,0.257495590828924,1.35626102292769,2.29383886255924,0.479900538748446,0.303317535545024,1.60629921259843,0.55796586059744,0.628378378378378,1,1.81365576102418,1.72046589018303,0.581967213114754,0.279534109816972,1.41803278688525,1.99753390875462,0.167694204685573,0.162762022194821,1.67200986436498,0.725118483412322,0.355450236966825,0.0853080568720379,2.23696682464455,0.706233421750663,0.457559681697613,0.14920424403183,1.43435013262599,1.57880526493419,0.561654733492442,0.421194735065812,1.43834526650756,1.77178189994379,0.23159078133783,0.29229904440697,1.70432827431141,1.65254640647311,0.258924321751547,0.34840552118039,1.74012375059495,1.36391707101897,0.435818262020291,0.3140714600794,1.88619320688134,1.93650793650794,0.423698384201077,0.444444444444444,1.57630161579892,1.96435971819312,0.129299627020307,0.1815167840862,1.6386241193535,0.619047619047619,0.357142857142857,1,1.64285714285714,2.25596816976127,0.619251992642551,0.996684350132626,1.38074800735745
