virus,realm,host,locus_tag,AAA,AAC,AAG,AAT,ACA,ACC,ACG,ACT,AGA,AGC,AGG,AGT,ATA,ATC,ATG,ATT,CAA,CAC,CAG,CAT,CCA,CCC,CCG,CCT,CGA,CGC,CGG,CGT,CTA,CTC,CTG,CTT,GAA,GAC,GAG,GAT,GCA,GCC,GCG,GCT,GGA,GGC,GGG,GGT,GTA,GTC,GTG,GTT,TAA,TAC,TAG,TAT,TCA,TCC,TCG,TCT,TGA,TGC,TGG,TGT,TTA,TTC,TTG,TTT
Lactobacillus prophage Lj965,Duplodnaviria,bacteria,Ljo,1.3282876064333,0.467821782178218,0.671712393566698,1.53217821782178,1.11797752808989,0.438202247191011,0.382022471910112,2.06179775280899,2.39004149377593,0.643391521197007,0.560165975103734,1.71321695760599,0.573417721518987,0.505063291139241,1,1.92151898734177,1.55343511450382,0.538011695906433,0.446564885496183,1.46198830409357,1.75438596491228,0.315789473684211,0.362573099415205,1.5672514619883,1.05809128630705,0.49792531120332,0.224066390041494,1.26970954356846,0.87037037037037,0.191358024691358,0.320987654320988,1.21604938271605,1.63093622795115,0.356234096692112,0.369063772048847,1.64376590330789,1.49480968858131,0.369088811995386,0.262975778546713,1.87312572087659,1.4550408719346,0.686648501362398,0.365122615803815,1.49318801089918,1.25146198830409,0.257309941520468,0.426900584795322,2.06432748538012,1.6304347826087,0.5,0.91304347826087,1.5,1.44389027431421,0.306733167082294,0.246882793017456,1.64588528678304,0.456521739130435,0.476190476190476,1,1.52380952380952,2.59876543209877,0.402464065708419,0.802469135802469,1.59753593429158
