virus,realm,locus_tag,host,type,shape,AAA,AAC,AAG,AAT,ACA,ACC,ACG,ACT,AGA,AGC,AGG,AGT,ATA,ATC,ATG,ATT,CAA,CAC,CAG,CAT,CCA,CCC,CCG,CCT,CGA,CGC,CGG,CGT,CTA,CTC,CTG,CTT,GAA,GAC,GAG,GAT,GCA,GCC,GCG,GCT,GGA,GGC,GGG,GGT,GTA,GTC,GTG,GTT,TAA,TAC,TAG,TAT,TCA,TCC,TCG,TCT,TGA,TGC,TGG,TGT,TTA,TTC,TTG,TTT
Lactococcus phage LW31,Duplodnaviria,H1N70,bacteria,DNA,circular,1.5859375,0.65982905982906,0.4140625,1.34017094017094,1.60818253343824,0.349331235247836,0.160503540519276,1.88198269079465,1.58132530120482,0.208928571428571,0.207831325301205,1.61785714285714,0.370981038746908,0.756801319043693,1,1.8722176422094,1.72727272727273,0.629508196721312,0.272727272727273,1.37049180327869,2.13245033112583,0.132450331125828,0.0927152317880795,1.64238410596026,0.822289156626506,0.289156626506024,0.135542168674699,2.96385542168675,0.672645739910314,0.28058936579116,0.142216527866752,1.60666239590006,1.6286594761171,0.712837837837838,0.371340523882897,1.28716216216216,1.39577594123049,0.271808999081726,0.0661157024793388,2.26629935720845,1.15412186379928,0.14336917562724,0.17921146953405,2.52329749103943,1.64343598055105,0.246353322528363,0.249594813614263,1.86061588330632,2.15294117647059,0.455598455598456,0.352941176470588,1.54440154440154,2.00357142857143,0.241071428571429,0.246428571428571,1.68214285714286,0.494117647058824,0.241545893719807,1,1.75845410628019,2.30237027546445,0.691358024691358,0.995515695067265,1.30864197530864
