virus,realm,locus_tag,host,type,shape,AAA,AAC,AAG,AAT,ACA,ACC,ACG,ACT,AGA,AGC,AGG,AGT,ATA,ATC,ATG,ATT,CAA,CAC,CAG,CAT,CCA,CCC,CCG,CCT,CGA,CGC,CGG,CGT,CTA,CTC,CTG,CTT,GAA,GAC,GAG,GAT,GCA,GCC,GCG,GCT,GGA,GGC,GGG,GGT,GTA,GTC,GTG,GTT,TAA,TAC,TAG,TAT,TCA,TCC,TCG,TCT,TGA,TGC,TGG,TGT,TTA,TTC,TTG,TTT
Lactococcus phage i0139,Duplodnaviria,HYP02,bacteria,DNA,linear,1.48477157360406,0.780821917808219,0.515228426395939,1.21917808219178,1.78231292517007,0.285714285714286,0.517006802721088,1.41496598639456,2.7557003257329,0.949033391915642,0.684039087947883,1.61335676625659,0.787375415282392,0.578073089700997,1,1.63455149501661,1.63692307692308,0.589285714285714,0.363076923076923,1.41071428571429,1.23711340206186,0.185567010309278,0.412371134020619,2.16494845360825,0.703583061889251,0.586319218241042,0.136807817589577,1.13355048859935,0.967490247074122,0.195058517555267,0.241872561768531,1.32639791937581,1.52439024390244,0.881287726358149,0.475609756097561,1.11871227364185,1.46043165467626,0.266187050359712,0.410071942446043,1.86330935251799,1.32646048109966,0.783505154639175,0.323024054982818,1.56701030927835,1.68014059753954,0.442882249560633,0.246045694200351,1.63093145869947,1.84615384615385,0.588888888888889,0.288461538461538,1.41111111111111,1.79261862917399,0.115992970123023,0.253075571177504,1.27592267135325,0.865384615384615,0.807017543859649,1,1.19298245614035,2.22366710013004,0.663101604278075,1.04551365409623,1.33689839572193
