virus,realm,host,locus_tag,AAA,AAC,AAG,AAT,ACA,ACC,ACG,ACT,AGA,AGC,AGG,AGT,ATA,ATC,ATG,ATT,CAA,CAC,CAG,CAT,CCA,CCC,CCG,CCT,CGA,CGC,CGG,CGT,CTA,CTC,CTG,CTT,GAA,GAC,GAG,GAT,GCA,GCC,GCG,GCT,GGA,GGC,GGG,GGT,GTA,GTC,GTG,GTT,TAA,TAC,TAG,TAT,TCA,TCC,TCG,TCT,TGA,TGC,TGG,TGT,TTA,TTC,TTG,TTT
Lactococcus phage 50101,Duplodnaviria,bacteria,BI030,1.56714761376249,0.613430127041742,0.432852386237514,1.38656987295826,1.74237288135593,0.284745762711864,0.433898305084746,1.53898305084746,2.15549597855228,0.729050279329609,0.418230563002681,1.29050279329609,0.641958041958042,0.54965034965035,1,1.80839160839161,1.64285714285714,0.510948905109489,0.357142857142857,1.48905109489051,2.08805031446541,0.213836477987421,0.415094339622642,1.28301886792453,0.900804289544236,0.369973190348525,0.289544235924933,1.86595174262735,0.702366127023661,0.336239103362391,0.321295143212951,1.36737235367372,1.589001447178,0.517647058823529,0.410998552821997,1.48235294117647,1.56438791732909,0.337042925278219,0.457869634340223,1.64069952305246,1.61434977578475,0.466367713004484,0.448430493273543,1.47085201793722,1.42207792207792,0.357142857142857,0.441558441558442,1.77922077922078,1.88235294117647,0.459459459459459,0.470588235294118,1.54054054054054,1.92737430167598,0.276536312849162,0.326815642458101,1.44972067039106,0.647058823529412,0.777777777777778,1,1.22222222222222,2.17434620174346,0.506142506142506,1.09838107098381,1.49385749385749
