virus,realm,locus_tag,host,type,shape,AAA,AAC,AAG,AAT,ACA,ACC,ACG,ACT,AGA,AGC,AGG,AGT,ATA,ATC,ATG,ATT,CAA,CAC,CAG,CAT,CCA,CCC,CCG,CCT,CGA,CGC,CGG,CGT,CTA,CTC,CTG,CTT,GAA,GAC,GAG,GAT,GCA,GCC,GCG,GCT,GGA,GGC,GGG,GGT,GTA,GTC,GTG,GTT,TAA,TAC,TAG,TAT,TCA,TCC,TCG,TCT,TGA,TGC,TGG,TGT,TTA,TTC,TTG,TTT
Lactococcus phage CHPC361,Duplodnaviria,HYQ11,bacteria,DNA,linear,1.52509179926561,0.810084033613445,0.474908200734394,1.18991596638655,1.76,0.226666666666667,0.5,1.51333333333333,2.85314685314685,0.982394366197183,0.461538461538462,1.6056338028169,0.806188925081433,0.552117263843648,1,1.64169381107492,1.55900621118012,0.495726495726496,0.440993788819876,1.5042735042735,1.52763819095477,0.201005025125628,0.261306532663317,2.01005025125628,0.629370629370629,0.545454545454545,0.0839160839160839,1.42657342657343,0.888607594936709,0.0759493670886076,0.250632911392405,1.39746835443038,1.55489614243323,0.84375,0.445103857566766,1.15625,1.41481481481481,0.296296296296296,0.37037037037037,1.91851851851852,1.25230202578269,0.788213627992634,0.375690607734807,1.58379373848987,1.62699822380107,0.412078152753108,0.383658969804618,1.57726465364121,1.8,0.621983914209115,0.490909090909091,1.37801608579088,1.70070422535211,0.158450704225352,0.306338028169014,1.24647887323944,0.709090909090909,0.666666666666667,1,1.33333333333333,2.33164556962025,0.621052631578947,1.05569620253165,1.37894736842105
