virus,realm,locus_tag,host,type,shape,AAA,AAC,AAG,AAT,ACA,ACC,ACG,ACT,AGA,AGC,AGG,AGT,ATA,ATC,ATG,ATT,CAA,CAC,CAG,CAT,CCA,CCC,CCG,CCT,CGA,CGC,CGG,CGT,CTA,CTC,CTG,CTT,GAA,GAC,GAG,GAT,GCA,GCC,GCG,GCT,GGA,GGC,GGG,GGT,GTA,GTC,GTG,GTT,TAA,TAC,TAG,TAT,TCA,TCC,TCG,TCT,TGA,TGC,TGG,TGT,TTA,TTC,TTG,TTT
Lactobacillus phage phiadh,Duplodnaviria,phiadhp,bacteria,DNA,circular,1.27131782945736,0.516703786191537,0.728682170542636,1.48329621380846,1.21909424724602,0.435740514075887,0.425948592411261,1.91921664626683,2.72420262664165,0.826666666666667,0.472795497185741,1.36,0.561883899233297,0.492880613362541,1,1.94523548740416,1.57504215851602,0.67479674796748,0.42495784148398,1.32520325203252,1.80094786729858,0.293838862559242,0.350710900473934,1.55450236966825,0.765478424015009,0.371482176360225,0.157598499061914,1.50844277673546,0.743016759776536,0.229050279329609,0.251396648044693,1.21787709497207,1.54545454545455,0.437086092715232,0.454545454545455,1.56291390728477,1.49600912200684,0.351197263397948,0.214367160775371,1.93842645381984,1.27562642369021,0.806378132118451,0.314350797266515,1.60364464692483,1.41530054644809,0.327868852459016,0.573770491803279,1.68306010928962,1.66666666666667,0.585278276481149,0.428571428571429,1.41472172351885,1.52,0.233333333333333,0.3,1.76,0.904761904761905,0.730769230769231,1,1.26923076923077,2.54189944134078,0.552380952380952,1.01675977653631,1.44761904761905
