virus,realm,host,locus_tag,AAA,AAC,AAG,AAT,ACA,ACC,ACG,ACT,AGA,AGC,AGG,AGT,ATA,ATC,ATG,ATT,CAA,CAC,CAG,CAT,CCA,CCC,CCG,CCT,CGA,CGC,CGG,CGT,CTA,CTC,CTG,CTT,GAA,GAC,GAG,GAT,GCA,GCC,GCG,GCT,GGA,GGC,GGG,GGT,GTA,GTC,GTG,GTT,TAA,TAC,TAG,TAT,TCA,TCC,TCG,TCT,TGA,TGC,TGG,TGT,TTA,TTC,TTG,TTT
Lactobacillus phage Lc-Nu,Duplodnaviria,bacteria,LcNu,1.03128621089224,0.922844175491679,0.968713789107764,1.07715582450832,1.3463687150838,0.865921787709497,0.759776536312849,1.02793296089385,0.957983193277311,1.58461538461538,0.516806722689076,1.05384615384615,0.311901504787962,1.00136798905609,1,1.68673050615595,1.11673151750973,0.92822966507177,0.883268482490272,1.07177033492823,1.70883054892601,0.505966587112172,0.79236276849642,0.992840095465394,1.05882352941176,1.19747899159664,0.65546218487395,1.61344537815126,0.849498327759197,0.40133779264214,0.929765886287625,1.36454849498328,1.28288288288288,0.870192307692308,0.717117117117117,1.12980769230769,1.38689217758985,0.841437632135307,0.549682875264271,1.22198731501057,0.816326530612245,1.44897959183673,0.454081632653061,1.28061224489796,0.942857142857143,0.668571428571429,0.862857142857143,1.52571428571429,1.17647058823529,0.868085106382979,0.529411764705882,1.13191489361702,1.39230769230769,0.407692307692308,0.492307692307692,1.06923076923077,1.29411764705882,1.25423728813559,1,0.745762711864407,0.909698996655518,0.855745721271394,1.54515050167224,1.14425427872861
