virus,realm,locus_tag,host,type,shape,AAA,AAC,AAG,AAT,ACA,ACC,ACG,ACT,AGA,AGC,AGG,AGT,ATA,ATC,ATG,ATT,CAA,CAC,CAG,CAT,CCA,CCC,CCG,CCT,CGA,CGC,CGG,CGT,CTA,CTC,CTG,CTT,GAA,GAC,GAG,GAT,GCA,GCC,GCG,GCT,GGA,GGC,GGG,GGT,GTA,GTC,GTG,GTT,TAA,TAC,TAG,TAT,TCA,TCC,TCG,TCT,TGA,TGC,TGG,TGT,TTA,TTC,TTG,TTT
Lactococcus phage 62403,Duplodnaviria,KMC86,bacteria,DNA,linear,1.60136286201022,1.05567928730512,0.398637137989779,0.944320712694877,2.05581395348837,0.288372093023256,0.418604651162791,1.23720930232558,2.28688524590164,1.0880829015544,0.467213114754098,1.92746113989637,0.541567695961995,0.748218527315915,1,1.71021377672209,1.64750957854406,0.755102040816326,0.352490421455939,1.24489795918367,1.66666666666667,0.133333333333333,0.288888888888889,1.91111111111111,0.639344262295082,0.344262295081967,0.0983606557377049,2.16393442622951,1.18739054290718,0.21015761821366,0.189141856392294,0.966725043782837,1.54969574036511,1.05159705159705,0.450304259634888,0.948402948402948,1.66921119592875,0.305343511450382,0.366412213740458,1.65903307888041,1.13304721030043,0.429184549356223,0.549356223175966,1.88841201716738,1.41293532338308,0.388059701492537,0.587064676616915,1.61194029850746,2.10810810810811,0.596273291925466,0.405405405405405,1.40372670807453,1.60103626943005,0.0932642487046632,0.248704663212435,1.04145077720207,0.486486486486487,0.642857142857143,1,1.35714285714286,2.02802101576182,0.677316293929712,1.41856392294221,1.32268370607029
