virus,realm,locus_tag,host,type,shape,AAA,AAC,AAG,AAT,ACA,ACC,ACG,ACT,AGA,AGC,AGG,AGT,ATA,ATC,ATG,ATT,CAA,CAC,CAG,CAT,CCA,CCC,CCG,CCT,CGA,CGC,CGG,CGT,CTA,CTC,CTG,CTT,GAA,GAC,GAG,GAT,GCA,GCC,GCG,GCT,GGA,GGC,GGG,GGT,GTA,GTC,GTG,GTT,TAA,TAC,TAG,TAT,TCA,TCC,TCG,TCT,TGA,TGC,TGG,TGT,TTA,TTC,TTG,TTT
Lactobacillus phage ATCC8014,Duplodnaviria,G168,bacteria,DNA,linear,0.948885976408912,1.37124802527646,1.05111402359109,0.628751974723539,0.816216216216216,0.945945945945946,1.42162162162162,0.816216216216216,0.371024734982332,1.57670454545455,0.222614840989399,1.01420454545455,0.292479108635098,1.12813370473538,1,1.57938718662953,1.28021978021978,1.40298507462687,0.71978021978022,0.597014925373134,1.15384615384615,0.516483516483517,1.67032967032967,0.659340659340659,0.784452296819788,1.5583038869258,1.50530035335689,1.5583038869258,1.2289156626506,0.506024096385542,0.946987951807229,0.802409638554217,1.34313725490196,1.22033898305085,0.656862745098039,0.779661016949153,0.897126969416126,1.27525486561631,0.963855421686747,0.863762743280816,0.697038724373576,1.46697038724374,0.61503416856492,1.22095671981777,0.804519774011299,0.818079096045198,0.781920903954802,1.5954802259887,1.95,1.05304518664047,0.5,0.946954813359528,1.30397727272727,0.545454545454545,1.00568181818182,0.553977272727273,0.55,1.04225352112676,1,0.957746478873239,1.35903614457831,1.10344827586207,1.1566265060241,0.896551724137931
