virus,realm,locus_tag,host,type,shape,AAA,AAC,AAG,AAT,ACA,ACC,ACG,ACT,AGA,AGC,AGG,AGT,ATA,ATC,ATG,ATT,CAA,CAC,CAG,CAT,CCA,CCC,CCG,CCT,CGA,CGC,CGG,CGT,CTA,CTC,CTG,CTT,GAA,GAC,GAG,GAT,GCA,GCC,GCG,GCT,GGA,GGC,GGG,GGT,GTA,GTC,GTG,GTT,TAA,TAC,TAG,TAT,TCA,TCC,TCG,TCT,TGA,TGC,TGG,TGT,TTA,TTC,TTG,TTT
Lactococcus phage M6162,Duplodnaviria,BI060,bacteria,DNA,linear,1.56388415672913,1.03947368421053,0.436115843270869,0.960526315789474,2.06,0.25,0.39,1.3,2.2962962962963,1.11290322580645,0.37037037037037,1.87096774193548,0.562945368171021,0.705463182897862,1,1.73159144893112,1.69056603773585,0.776699029126214,0.309433962264151,1.22330097087379,1.41714285714286,0.137142857142857,0.297142857142857,2.14857142857143,0.469135802469136,0.740740740740741,0.0740740740740741,2.04938271604938,1.04166666666667,0.177083333333333,0.239583333333333,0.979166666666667,1.53571428571429,1.0573566084788,0.464285714285714,0.942643391521197,1.68475452196382,0.196382428940568,0.351421188630491,1.76744186046512,1.00225733634312,0.523702031602709,0.559819413092551,1.91422121896163,1.40942928039702,0.416873449131514,0.56575682382134,1.60794044665012,1.73684210526316,0.66031746031746,0.631578947368421,1.33968253968254,1.62903225806452,0.193548387096774,0.258064516129032,0.935483870967742,0.631578947368421,0.703703703703704,1,1.2962962962963,2.125,0.708609271523179,1.4375,1.29139072847682
