virus,realm,locus_tag,host,type,shape,AAA,AAC,AAG,AAT,ACA,ACC,ACG,ACT,AGA,AGC,AGG,AGT,ATA,ATC,ATG,ATT,CAA,CAC,CAG,CAT,CCA,CCC,CCG,CCT,CGA,CGC,CGG,CGT,CTA,CTC,CTG,CTT,GAA,GAC,GAG,GAT,GCA,GCC,GCG,GCT,GGA,GGC,GGG,GGT,GTA,GTC,GTG,GTT,TAA,TAC,TAG,TAT,TCA,TCC,TCG,TCT,TGA,TGC,TGG,TGT,TTA,TTC,TTG,TTT
Lactobacillus phage Lb338-1,NA,lb338,NA,DNA,linear,0.925397696105321,0.761717211500591,1.07460230389468,1.23828278849941,1.64932562620424,0.547206165703276,0.383815028901734,1.41965317919075,1.99866220735786,1.075281926242,1.30033444816054,1.79762267601341,0.693770980977247,0.334576650503543,1,1.97165236851921,1.12562189054726,0.604026845637584,0.874378109452736,1.39597315436242,1.84457478005865,0.407624633431085,0.219941348973607,1.52785923753666,0.626086956521739,0.449498327759197,0.413377926421405,1.21204013377926,0.97816841508364,0.108874397504962,0.33512900481996,1.69946129855401,1.31639344262295,0.592242833052277,0.683606557377049,1.40775716694772,1.55547364541098,0.452635458901585,0.260965720604497,1.73092517508293,1.02773497688752,0.693374422187982,0.707241910631741,1.57164869029276,1.20522117476432,0.255257432922408,0.493110949963742,2.04641044234953,1.44723618090452,0.618491921005386,0.904522613065327,1.38150807899461,1.23072234074977,0.367570862541908,0.153611703748857,1.37519049070405,0.648241206030151,0.855263157894737,1,1.14473684210526,1.87127870711653,0.395241242564441,1.0070881769209,1.60475875743556
