virus,realm,host,locus_tag,AAA,AAC,AAG,AAT,ACA,ACC,ACG,ACT,AGA,AGC,AGG,AGT,ATA,ATC,ATG,ATT,CAA,CAC,CAG,CAT,CCA,CCC,CCG,CCT,CGA,CGC,CGG,CGT,CTA,CTC,CTG,CTT,GAA,GAC,GAG,GAT,GCA,GCC,GCG,GCT,GGA,GGC,GGG,GGT,GTA,GTC,GTG,GTT,TAA,TAC,TAG,TAT,TCA,TCC,TCG,TCT,TGA,TGC,TGG,TGT,TTA,TTC,TTG,TTT
Lactococcus phage SL4,Duplodnaviria,bacteria,AVT80,1.49129852744311,0.811387900355872,0.508701472556894,1.18861209964413,1.7752808988764,0.224719101123595,0.51685393258427,1.48314606741573,2.69798657718121,1.09090909090909,0.583892617449664,1.625,0.785365853658537,0.531707317073171,1,1.68292682926829,1.53289473684211,0.660550458715596,0.467105263157895,1.3394495412844,1.56989247311828,0.10752688172043,0.301075268817204,2.02150537634409,0.684563758389262,0.624161073825503,0.100671140939597,1.30872483221477,0.946949602122016,0.135278514588859,0.246684350132626,1.36870026525199,1.52180936995153,0.866242038216561,0.478190630048465,1.13375796178344,1.34630350194553,0.319066147859922,0.350194552529183,1.98443579766537,1.29009009009009,0.836036036036036,0.317117117117117,1.55675675675676,1.64879852125693,0.44362292051756,0.288354898336414,1.61922365988909,1.73076923076923,0.552486187845304,0.461538461538462,1.4475138121547,1.81818181818182,0.113636363636364,0.238636363636364,1.11363636363636,0.807692307692308,0.698412698412698,1,1.3015873015873,2.17241379310345,0.62533692722372,1.12997347480106,1.37466307277628
