virus,realm,locus_tag,host,type,shape,AAA,AAC,AAG,AAT,ACA,ACC,ACG,ACT,AGA,AGC,AGG,AGT,ATA,ATC,ATG,ATT,CAA,CAC,CAG,CAT,CCA,CCC,CCG,CCT,CGA,CGC,CGG,CGT,CTA,CTC,CTG,CTT,GAA,GAC,GAG,GAT,GCA,GCC,GCG,GCT,GGA,GGC,GGG,GGT,GTA,GTC,GTG,GTT,TAA,TAC,TAG,TAT,TCA,TCC,TCG,TCT,TGA,TGC,TGG,TGT,TTA,TTC,TTG,TTT
Lactococcus phage M6165,Duplodnaviria,BI059,bacteria,DNA,linear,1.5578231292517,1.00865800865801,0.442176870748299,0.991341991341991,2.0952380952381,0.257142857142857,0.4,1.24761904761905,2.37037037037037,1.03875968992248,0.345679012345679,1.98449612403101,0.551312649164678,0.715990453460621,1,1.7326968973747,1.63703703703704,0.857142857142857,0.362962962962963,1.14285714285714,1.26666666666667,0.177777777777778,0.4,2.15555555555556,0.518518518518518,0.641975308641975,0.0987654320987654,2.02469135802469,1.02768166089965,0.134948096885813,0.176470588235294,1.03806228373702,1.54598825831703,1.03398058252427,0.454011741682975,0.966019417475728,1.66583541147132,0.229426433915212,0.359102244389027,1.74563591022444,1.0718954248366,0.470588235294118,0.531590413943355,1.92592592592593,1.38,0.37,0.55,1.7,1.86486486486486,0.594936708860759,0.648648648648649,1.40506329113924,1.58139534883721,0.201550387596899,0.263565891472868,0.930232558139535,0.486486486486487,0.641509433962264,1,1.35849056603774,2.20069204152249,0.711111111111111,1.42214532871972,1.28888888888889
