virus,realm,host,locus_tag,AAA,AAC,AAG,AAT,ACA,ACC,ACG,ACT,AGA,AGC,AGG,AGT,ATA,ATC,ATG,ATT,CAA,CAC,CAG,CAT,CCA,CCC,CCG,CCT,CGA,CGC,CGG,CGT,CTA,CTC,CTG,CTT,GAA,GAC,GAG,GAT,GCA,GCC,GCG,GCT,GGA,GGC,GGG,GGT,GTA,GTC,GTG,GTT,TAA,TAC,TAG,TAT,TCA,TCC,TCG,TCT,TGA,TGC,TGG,TGT,TTA,TTC,TTG,TTT
Lactococcus phage 50102,Duplodnaviria,bacteria,KMC81,1.57278481012658,1.01315789473684,0.427215189873418,0.986842105263158,1.80132450331126,0.397350993377483,0.441501103752759,1.3598233995585,2.29268292682927,1.16326530612245,0.414634146341463,1.98979591836735,0.669767441860465,0.73953488372093,1,1.5906976744186,1.62361623616236,0.931818181818182,0.376383763837638,1.06818181818182,1.38636363636364,0.136363636363636,0.409090909090909,2.06818181818182,0.536585365853659,0.48780487804878,0.146341463414634,2.1219512195122,1.01766784452297,0.201413427561837,0.201413427561837,1.04946996466431,1.49609375,1.07537688442211,0.50390625,0.924623115577889,1.63680387409201,0.387409200968523,0.455205811138015,1.52058111380145,1.21290322580645,0.473118279569892,0.481720430107527,1.83225806451613,1.35922330097087,0.378640776699029,0.543689320388349,1.71844660194175,1.65789473684211,0.709480122324159,0.631578947368421,1.29051987767584,1.53061224489796,0.076530612244898,0.229591836734694,1.01020408163265,0.710526315789474,0.701754385964912,1,1.29824561403509,2.08833922261484,0.649350649350649,1.4416961130742,1.35064935064935
