virus,realm,host,locus_tag,AAA,AAC,AAG,AAT,ACA,ACC,ACG,ACT,AGA,AGC,AGG,AGT,ATA,ATC,ATG,ATT,CAA,CAC,CAG,CAT,CCA,CCC,CCG,CCT,CGA,CGC,CGG,CGT,CTA,CTC,CTG,CTT,GAA,GAC,GAG,GAT,GCA,GCC,GCG,GCT,GGA,GGC,GGG,GGT,GTA,GTC,GTG,GTT,TAA,TAC,TAG,TAT,TCA,TCC,TCG,TCT,TGA,TGC,TGG,TGT,TTA,TTC,TTG,TTT
Lactococcus phage 96403,Duplodnaviria,bacteria,HYP41,1.50773558368495,0.8,0.492264416315049,1.2,1.95744680851064,0.193423597678917,0.425531914893617,1.42359767891683,2.53287197231834,1.07269155206287,0.581314878892734,1.54420432220039,0.700534759358289,0.53475935828877,1,1.76470588235294,1.55400696864111,0.680851063829787,0.445993031358885,1.31914893617021,1.37349397590361,0.216867469879518,0.289156626506024,2.12048192771084,0.726643598615917,0.581314878892734,0.207612456747405,1.37024221453287,0.880886426592798,0.149584487534626,0.299168975069252,1.39612188365651,1.56550580431177,0.925233644859813,0.434494195688226,1.07476635514019,1.36401673640167,0.292887029288703,0.317991631799163,2.02510460251046,1.38152610441767,0.714859437751004,0.29718875502008,1.60642570281124,1.60327198364008,0.449897750511247,0.335378323108384,1.61145194274029,1.72340425531915,0.577259475218659,0.382978723404255,1.42274052478134,1.87426326129666,0.0943025540275049,0.235756385068762,1.17878192534381,0.893617021276596,0.785714285714286,1,1.21428571428571,2.17728531855956,0.699708454810496,1.09695290858726,1.3002915451895
