virus,realm,host,locus_tag,AAA,AAC,AAG,AAT,ACA,ACC,ACG,ACT,AGA,AGC,AGG,AGT,ATA,ATC,ATG,ATT,CAA,CAC,CAG,CAT,CCA,CCC,CCG,CCT,CGA,CGC,CGG,CGT,CTA,CTC,CTG,CTT,GAA,GAC,GAG,GAT,GCA,GCC,GCG,GCT,GGA,GGC,GGG,GGT,GTA,GTC,GTG,GTT,TAA,TAC,TAG,TAT,TCA,TCC,TCG,TCT,TGA,TGC,TGG,TGT,TTA,TTC,TTG,TTT
Lake Sarah-associated circular virus-5,NA,NA,A0S18,1.46666666666667,1.1304347826087,0.533333333333333,0.869565217391304,1.24324324324324,0.540540540540541,0.486486486486487,1.72972972972973,2.625,1.01694915254237,0.375,1.32203389830508,0.84375,0.75,1,1.40625,1.58823529411765,0.75,0.411764705882353,1.25,1.15789473684211,0.736842105263158,0.210526315789474,1.89473684210526,1.25,0.75,0.25,0.75,0.3,1.2,0.3,1.5,1.33333333333333,1.01818181818182,0.666666666666667,0.981818181818182,1.89090909090909,0.872727272727273,0.145454545454545,1.09090909090909,1.8,0.733333333333333,0.533333333333333,0.933333333333333,0.905660377358491,0.905660377358491,0.452830188679245,1.73584905660377,3,1.42105263157895,0,0.578947368421053,1.42372881355932,0.711864406779661,0.508474576271186,1.01694915254237,0,0.727272727272727,1,1.27272727272727,1.35,0.808510638297872,1.35,1.19148936170213
