virus,realm,locus_tag,host,type,shape,AAA,AAC,AAG,AAT,ACA,ACC,ACG,ACT,AGA,AGC,AGG,AGT,ATA,ATC,ATG,ATT,CAA,CAC,CAG,CAT,CCA,CCC,CCG,CCT,CGA,CGC,CGG,CGT,CTA,CTC,CTG,CTT,GAA,GAC,GAG,GAT,GCA,GCC,GCG,GCT,GGA,GGC,GGG,GGT,GTA,GTC,GTG,GTT,TAA,TAC,TAG,TAT,TCA,TCC,TCG,TCT,TGA,TGC,TGG,TGT,TTA,TTC,TTG,TTT
Lake Sarah-associated circular virus-33,unclassified viruses,A0S36,invertebrates,DNA,circular,1.03225806451613,1.5,0.967741935483871,0.5,1.23076923076923,1.53846153846154,0.384615384615385,0.846153846153846,2.54545454545455,1,0.363636363636364,0.8,1.30769230769231,0.846153846153846,1,0.846153846153846,1.2,0.909090909090909,0.8,1.09090909090909,1.33333333333333,1.55555555555556,0.444444444444444,0.666666666666667,0.727272727272727,0.909090909090909,0.727272727272727,0.727272727272727,1.13207547169811,0.905660377358491,0.339622641509434,1.35849056603774,1.27272727272727,1.21212121212121,0.727272727272727,0.787878787878788,1.36363636363636,1.27272727272727,0.0909090909090909,1.27272727272727,2.4,0.355555555555556,0,1.24444444444444,1.92,0.8,0.32,0.96,1.5,0.551724137931034,1.5,1.44827586206897,2,1.4,0,0.8,0,1.27272727272727,1,0.727272727272727,1.47169811320755,1,0.792452830188679,1
