virus,realm,locus_tag,host,type,shape,AAA,AAC,AAG,AAT,ACA,ACC,ACG,ACT,AGA,AGC,AGG,AGT,ATA,ATC,ATG,ATT,CAA,CAC,CAG,CAT,CCA,CCC,CCG,CCT,CGA,CGC,CGG,CGT,CTA,CTC,CTG,CTT,GAA,GAC,GAG,GAT,GCA,GCC,GCG,GCT,GGA,GGC,GGG,GGT,GTA,GTC,GTG,GTT,TAA,TAC,TAG,TAT,TCA,TCC,TCG,TCT,TGA,TGC,TGG,TGT,TTA,TTC,TTG,TTT
Lake Sarah-associated circular molecule 12,unclassified viruses,A0R95,invertebrates,ss-DNA,circular,1.24324324324324,0.307692307692308,0.756756756756757,1.69230769230769,1.42857142857143,0.380952380952381,1.23809523809524,0.952380952380952,0.5625,0.810810810810811,0,0.648648648648649,0.769230769230769,0.692307692307692,1,1.53846153846154,0.956521739130435,0.769230769230769,1.04347826086957,1.23076923076923,1.07692307692308,0.615384615384615,0.769230769230769,1.53846153846154,1.125,1.3125,0.5625,2.4375,0.923076923076923,1.07692307692308,0.307692307692308,1.23076923076923,1.40740740740741,0.857142857142857,0.592592592592593,1.14285714285714,0.9,0.8,0.3,2,1.6,1.1,0.1,1.2,1.22222222222222,0.888888888888889,0.666666666666667,1.22222222222222,1.5,0.96,1.5,1.04,1.13513513513514,0.972972972972973,0.972972972972973,1.45945945945946,0,1,1,1,1.38461538461538,0.888888888888889,1.07692307692308,1.11111111111111
