virus,realm,host,locus_tag,AAA,AAC,AAG,AAT,ACA,ACC,ACG,ACT,AGA,AGC,AGG,AGT,ATA,ATC,ATG,ATT,CAA,CAC,CAG,CAT,CCA,CCC,CCG,CCT,CGA,CGC,CGG,CGT,CTA,CTC,CTG,CTT,GAA,GAC,GAG,GAT,GCA,GCC,GCG,GCT,GGA,GGC,GGG,GGT,GTA,GTC,GTG,GTT,TAA,TAC,TAG,TAT,TCA,TCC,TCG,TCT,TGA,TGC,TGG,TGT,TTA,TTC,TTG,TTT
Lake Sarah-associated circular virus-36,unclassified viruses,invertebrates,A0S33,1.125,0.444444444444444,0.875,1.55555555555556,0.324324324324324,0.324324324324324,0.972972972972973,2.37837837837838,2.93023255813953,0.324324324324324,0.27906976744186,1.45945945945946,0.964285714285714,0.642857142857143,1,1.39285714285714,1.46666666666667,0.2,0.533333333333333,1.8,0.285714285714286,0.571428571428571,0.714285714285714,2.42857142857143,0.976744186046512,0.558139534883721,0.13953488372093,1.11627906976744,0.428571428571429,1.14285714285714,0.285714285714286,1.28571428571429,1.30434782608696,0.733333333333333,0.695652173913043,1.26666666666667,1.18918918918919,0.540540540540541,0.432432432432432,1.83783783783784,1.54545454545455,0.363636363636364,0.0909090909090909,2,0.588235294117647,1.29411764705882,0.823529411764706,1.29411764705882,1.5,0.461538461538462,1.5,1.53846153846154,1.78378378378378,0.810810810810811,0.486486486486487,1.13513513513514,0,0.666666666666667,1,1.33333333333333,1.42857142857143,0.56,1.42857142857143,1.44
