virus,realm,locus_tag,host,type,shape,AAA,AAC,AAG,AAT,ACA,ACC,ACG,ACT,AGA,AGC,AGG,AGT,ATA,ATC,ATG,ATT,CAA,CAC,CAG,CAT,CCA,CCC,CCG,CCT,CGA,CGC,CGG,CGT,CTA,CTC,CTG,CTT,GAA,GAC,GAG,GAT,GCA,GCC,GCG,GCT,GGA,GGC,GGG,GGT,GTA,GTC,GTG,GTT,TAA,TAC,TAG,TAT,TCA,TCC,TCG,TCT,TGA,TGC,TGG,TGT,TTA,TTC,TTG,TTT
Lambdina fiscellaria nucleopolyhedrovirus,Naldaviricetes,ZX48,invertebrates,DNA,linear,1.65137008913833,1.31233211233211,0.348629910861671,0.687667887667888,0.836846213895394,1.08977361436378,1.46135831381733,0.612021857923497,0.702427564604542,1.54727211114876,0.241973375097886,0.616062351745171,0.73002421307506,1.03026634382567,1,1.23970944309927,1.5264483627204,1.27081339712919,0.473551637279597,0.729186602870813,0.506024096385542,1.09939759036145,1.66265060240964,0.731927710843373,1.14643696162882,2.43852779953015,0.342991386061081,1.12764291307753,0.313468101864006,0.535573641375689,1.01758991861381,0.434759779469677,1.51005484460695,1.23305889803673,0.489945155393053,0.766941101963268,0.501944149876281,1.32484977023683,1.45775892541534,0.715447154471545,0.689054726368159,2.26865671641791,0.176616915422886,0.865671641791045,0.402948402948403,0.759213759213759,1.82063882063882,1.01719901719902,1.72992700729927,1.28789531079607,0.394160583941606,0.712104689203926,0.512368688580142,0.754320569298543,1.86445272788885,0.705523551338529,0.875912408759124,1.167104111986,1,0.832895888013998,0.752953531110528,0.578581363004173,2.94565502756629,1.42141863699583
