virus,realm,locus_tag,host,type,shape,AAA,AAC,AAG,AAT,ACA,ACC,ACG,ACT,AGA,AGC,AGG,AGT,ATA,ATC,ATG,ATT,CAA,CAC,CAG,CAT,CCA,CCC,CCG,CCT,CGA,CGC,CGG,CGT,CTA,CTC,CTG,CTT,GAA,GAC,GAG,GAT,GCA,GCC,GCG,GCT,GGA,GGC,GGG,GGT,GTA,GTC,GTG,GTT,TAA,TAC,TAG,TAT,TCA,TCC,TCG,TCT,TGA,TGC,TGG,TGT,TTA,TTC,TTG,TTT
Lasius niger virus 1,Riboviria,CKM68,invertebrates,RNA,linear,1.41621621621622,0.330188679245283,0.583783783783784,1.66981132075472,1.57077625570776,0.474885844748858,0.255707762557078,1.6986301369863,2.80769230769231,0.191489361702128,0.384615384615385,0.702127659574468,1.28880866425993,0.314079422382672,1,1.3971119133574,1.54248366013072,0.363636363636364,0.457516339869281,1.63636363636364,1.46153846153846,0.576923076923077,0.25,1.71153846153846,0.769230769230769,0.423076923076923,0.230769230769231,1.38461538461538,0.561290322580645,0.367741935483871,0.232258064516129,1.41290322580645,1.44565217391304,0.342245989304813,0.554347826086957,1.65775401069519,1.30875576036866,0.571428571428571,0.221198156682028,1.89861751152074,2.19417475728155,0.524271844660194,0.155339805825243,1.12621359223301,1.16279069767442,0.511627906976744,0.441860465116279,1.88372093023256,1.8,0.299319727891156,0.6,1.70068027210884,2.25531914893617,0.553191489361702,0.382978723404255,1.91489361702128,0.6,0.432432432432432,1,1.56756756756757,1.99354838709677,0.407643312101911,1.43225806451613,1.59235668789809
