virus,realm,host,locus_tag,AAA,AAC,AAG,AAT,ACA,ACC,ACG,ACT,AGA,AGC,AGG,AGT,ATA,ATC,ATG,ATT,CAA,CAC,CAG,CAT,CCA,CCC,CCG,CCT,CGA,CGC,CGG,CGT,CTA,CTC,CTG,CTT,GAA,GAC,GAG,GAT,GCA,GCC,GCG,GCT,GGA,GGC,GGG,GGT,GTA,GTC,GTG,GTT,TAA,TAC,TAG,TAT,TCA,TCC,TCG,TCT,TGA,TGC,TGG,TGT,TTA,TTC,TTG,TTT
Lates calcarifer birnavirus,Riboviria,vertebrates,KM619,0.745454545454545,1.75,1.25454545454545,0.25,1.10691823899371,1.91194968553459,0.528301886792453,0.452830188679245,1.73493975903614,1.30827067669173,2.24096385542169,0.496240601503759,0.7,2,1,0.3,0.734177215189873,1.79310344827586,1.26582278481013,0.206896551724138,1.67164179104478,1.58208955223881,0.388059701492537,0.358208955223881,0.578313253012048,0.795180722891566,0.506024096385542,0.144578313253012,1.31550802139037,1.76470588235294,2.27807486631016,0.545454545454545,0.710280373831776,1.76237623762376,1.28971962616822,0.237623762376238,1.29166666666667,1.8125,0.458333333333333,0.4375,1.02068965517241,1.48965517241379,1.29655172413793,0.193103448275862,0.692307692307692,1.73076923076923,1.26923076923077,0.307692307692308,1.5,1.60714285714286,1.5,0.392857142857143,1.53383458646617,1.84962406015038,0.496240601503759,0.315789473684211,0,1.63636363636364,1,0.363636363636364,0.0641711229946524,1.73333333333333,0.0320855614973262,0.266666666666667
