virus,realm,locus_tag,host,type,shape,AAA,AAC,AAG,AAT,ACA,ACC,ACG,ACT,AGA,AGC,AGG,AGT,ATA,ATC,ATG,ATT,CAA,CAC,CAG,CAT,CCA,CCC,CCG,CCT,CGA,CGC,CGG,CGT,CTA,CTC,CTG,CTT,GAA,GAC,GAG,GAT,GCA,GCC,GCG,GCT,GGA,GGC,GGG,GGT,GTA,GTC,GTG,GTT,TAA,TAC,TAG,TAT,TCA,TCC,TCG,TCT,TGA,TGC,TGG,TGT,TTA,TTC,TTG,TTT
Laurel Lake virus,Riboviria,FLB30,invertebrates,RNA,linear,1.13846153846154,0.926829268292683,0.861538461538462,1.07317073170732,1.37254901960784,0.686274509803922,0.0784313725490196,1.86274509803922,3.16564417177914,0.844036697247706,1.95092024539877,0.990825688073395,1.08247422680412,0.819587628865979,1,1.0979381443299,1.15094339622642,0.767123287671233,0.849056603773585,1.23287671232877,1.17647058823529,0.672268907563025,0.168067226890756,1.98319327731092,0.257668711656442,0.184049079754601,0.220858895705521,0.220858895705521,0.941538461538462,0.756923076923077,0.812307692307692,1.12615384615385,1.19491525423729,0.735294117647059,0.805084745762712,1.26470588235294,1.65079365079365,0.666666666666667,0.0634920634920635,1.61904761904762,1.70059880239521,0.622754491017964,0.81437125748503,0.862275449101796,0.783068783068783,0.71957671957672,1.14285714285714,1.35449735449735,2,0.813559322033898,1,1.1864406779661,1.35779816513761,0.477064220183486,0.110091743119266,2.22018348623853,0,0.851851851851852,1,1.14814814814815,1.08923076923077,0.935064935064935,1.27384615384615,1.06493506493506
