virus,realm,locus_tag,host,type,shape,AAA,AAC,AAG,AAT,ACA,ACC,ACG,ACT,AGA,AGC,AGG,AGT,ATA,ATC,ATG,ATT,CAA,CAC,CAG,CAT,CCA,CCC,CCG,CCT,CGA,CGC,CGG,CGT,CTA,CTC,CTG,CTT,GAA,GAC,GAG,GAT,GCA,GCC,GCG,GCT,GGA,GGC,GGG,GGT,GTA,GTC,GTG,GTT,TAA,TAC,TAG,TAT,TCA,TCC,TCG,TCT,TGA,TGC,TGG,TGT,TTA,TTC,TTG,TTT
Leptopilina boulardi filamentous virus,unclassified viruses,LbFV,invertebrates,DNA,circular,1.83638743455497,0.169005673335324,0.163612565445026,1.83099432666468,1.8978102189781,0.24330900243309,0.265206812652068,1.59367396593674,2.78089887640449,0.113960113960114,0.219101123595506,1.23646723646724,1.27853881278539,0.136073059360731,1,1.58538812785388,1.84956843403206,0.192,0.150431565967941,1.808,2.29892141756549,0.357473035439137,0.228043143297381,1.115562403698,1.3314606741573,0.143258426966292,0.101123595505618,1.42415730337079,0.369973190348525,0.0743967828418231,0.0743967828418231,0.528820375335121,1.84243106359032,0.198482932996207,0.157568936409679,1.80151706700379,1.75590551181102,0.322834645669291,0.220472440944882,1.7007874015748,1.80687397708674,0.274959083469722,0.183306055646481,1.73486088379705,1.65890027958993,0.186393289841566,0.253494874184529,1.90121155638397,2.33333333333333,0.160864345738295,0.277777777777778,1.8391356542617,2.14814814814815,0.262108262108262,0.333333333333333,1.90598290598291,0.388888888888889,0.129032258064516,1,1.87096774193548,4.19436997319035,0.176181102362205,0.758042895442359,1.8238188976378
