virus,realm,locus_tag,host,type,shape,AAA,AAC,AAG,AAT,ACA,ACC,ACG,ACT,AGA,AGC,AGG,AGT,ATA,ATC,ATG,ATT,CAA,CAC,CAG,CAT,CCA,CCC,CCG,CCT,CGA,CGC,CGG,CGT,CTA,CTC,CTG,CTT,GAA,GAC,GAG,GAT,GCA,GCC,GCG,GCT,GGA,GGC,GGG,GGT,GTA,GTC,GTG,GTT,TAA,TAC,TAG,TAT,TCA,TCC,TCG,TCT,TGA,TGC,TGG,TGT,TTA,TTC,TTG,TTT
Leptospira phage LE3,Duplodnaviria,HWB33,bacteria,DNA,circular,1.65120836054866,0.823952095808383,0.348791639451339,1.17604790419162,1.62234636871508,0.692737430167598,0.513966480446927,1.17094972067039,3.3946117274168,0.525345622119816,0.874801901743265,0.602764976958525,0.609571788413098,0.876574307304786,1,1.51385390428212,1.74660633484163,0.893280632411067,0.253393665158371,1.10671936758893,2.06185567010309,0.309278350515464,0.549828178694158,1.07903780068729,0.760697305863708,0.161648177496038,0.332805071315372,0.475435816164818,0.639669421487603,0.545454545454545,0.218181818181818,1.36363636363636,1.59875097580016,0.784077201447527,0.401249024199844,1.21592279855247,2.10551558752998,0.647482014388489,0.522781774580336,0.724220623501199,1.56415478615071,0.480651731160896,1.33604887983707,0.619144602851324,1.23522853957637,0.811594202898551,0.615384615384615,1.33779264214047,1.30120481927711,0.919931856899489,0.325301204819277,1.08006814310051,1.39354838709677,1.13917050691244,0.906912442396313,1.43225806451613,1.37349397590361,0.913907284768212,1,1.08609271523179,1.7404958677686,0.59973924380704,1.49256198347107,1.40026075619296
