virus,realm,locus_tag,host,type,shape,AAA,AAC,AAG,AAT,ACA,ACC,ACG,ACT,AGA,AGC,AGG,AGT,ATA,ATC,ATG,ATT,CAA,CAC,CAG,CAT,CCA,CCC,CCG,CCT,CGA,CGC,CGG,CGT,CTA,CTC,CTG,CTT,GAA,GAC,GAG,GAT,GCA,GCC,GCG,GCT,GGA,GGC,GGG,GGT,GTA,GTC,GTG,GTT,TAA,TAC,TAG,TAT,TCA,TCC,TCG,TCT,TGA,TGC,TGG,TGT,TTA,TTC,TTG,TTT
Lesser panda anellovirus,Anelloviridae,EXI84,vertebrates,DNA,circular,0.979591836734694,1.03030303030303,1.02040816326531,0.96969696969697,0.852459016393443,1.04918032786885,0.590163934426229,1.50819672131148,1.51456310679612,1.36363636363636,1.04854368932039,0.681818181818182,1.13513513513514,0.567567567567568,1,1.2972972972973,1.11764705882353,1.15384615384615,0.882352941176471,0.846153846153846,0.941176470588235,0.764705882352941,1,1.29411764705882,0.699029126213592,0.815533980582524,1.33980582524272,0.58252427184466,0.724137931034483,1.96551724137931,1.6551724137931,0.206896551724138,1.17857142857143,1.33333333333333,0.821428571428571,0.666666666666667,1.07317073170732,1.46341463414634,0.780487804878049,0.682926829268293,2.02469135802469,0.987654320987654,0.197530864197531,0.790123456790123,1.2093023255814,1.02325581395349,1.02325581395349,0.744186046511628,1,1.06666666666667,0,0.933333333333333,1.22727272727273,1.02272727272727,0.75,0.954545454545455,2,1.04761904761905,1,0.952380952380952,0.827586206896552,0.702702702702703,0.620689655172414,1.2972972972973
