virus,realm,locus_tag,host,type,shape,AAA,AAC,AAG,AAT,ACA,ACC,ACG,ACT,AGA,AGC,AGG,AGT,ATA,ATC,ATG,ATT,CAA,CAC,CAG,CAT,CCA,CCC,CCG,CCT,CGA,CGC,CGG,CGT,CTA,CTC,CTG,CTT,GAA,GAC,GAG,GAT,GCA,GCC,GCG,GCT,GGA,GGC,GGG,GGT,GTA,GTC,GTG,GTT,TAA,TAC,TAG,TAT,TCA,TCC,TCG,TCT,TGA,TGC,TGG,TGT,TTA,TTC,TTG,TTT
Lettuce mosaic virus,Riboviria,LMVgp,land plants,ss-RNA,linear,1.12,1.09210526315789,0.88,0.907894736842105,1.82805429864253,0.705882352941177,0.832579185520362,0.633484162895928,1.56521739130435,1.27358490566038,1.30434782608696,1.24528301886792,0.907692307692308,1.23076923076923,1,0.861538461538462,1.1496062992126,1.15789473684211,0.850393700787402,0.842105263157895,2.29032258064516,0.548387096774194,0.483870967741935,0.67741935483871,1.23913043478261,0.945652173913043,0.521739130434783,0.423913043478261,0.866425992779783,1.16967509025271,0.8014440433213,0.996389891696751,1.20183486238532,0.91005291005291,0.798165137614679,1.08994708994709,1.75700934579439,0.691588785046729,0.635514018691589,0.91588785046729,1.43362831858407,0.920353982300885,0.79646017699115,0.849557522123894,1.00492610837438,0.866995073891626,1.12315270935961,1.00492610837438,3,1.2212389380531,0,0.778761061946903,1.78301886792453,0.650943396226415,0.537735849056604,0.509433962264151,0,1.11864406779661,1,0.88135593220339,1.08303249097473,1.15789473684211,1.08303249097473,0.842105263157895
