virus,realm,locus_tag,host,type,shape,AAA,AAC,AAG,AAT,ACA,ACC,ACG,ACT,AGA,AGC,AGG,AGT,ATA,ATC,ATG,ATT,CAA,CAC,CAG,CAT,CCA,CCC,CCG,CCT,CGA,CGC,CGG,CGT,CTA,CTC,CTG,CTT,GAA,GAC,GAG,GAT,GCA,GCC,GCG,GCT,GGA,GGC,GGG,GGT,GTA,GTC,GTG,GTT,TAA,TAC,TAG,TAT,TCA,TCC,TCG,TCT,TGA,TGC,TGG,TGT,TTA,TTC,TTG,TTT
Lettuce yellow mottle virus,Riboviria,LeYMV,land plants,RNA,linear,0.952380952380952,0.888888888888889,1.04761904761905,1.11111111111111,1.72332015810277,0.948616600790514,0.395256916996047,0.932806324110672,2.42926829268293,0.710280373831776,1.87317073170732,0.747663551401869,1.30337078651685,1.04494382022472,1,0.651685393258427,1.25581395348837,0.823529411764706,0.744186046511628,1.17647058823529,1.02380952380952,0.619047619047619,0.666666666666667,1.69047619047619,0.585365853658537,0.234146341463415,0.439024390243902,0.439024390243902,0.622950819672131,0.868852459016393,1.09836065573771,0.672131147540984,1.10222222222222,0.618025751072961,0.897777777777778,1.38197424892704,1.2621359223301,0.815533980582524,0.427184466019417,1.49514563106796,1.40444444444444,0.355555555555556,1.56444444444444,0.675555555555556,0.806451612903226,0.774193548387097,1.53225806451613,0.887096774193548,1,0.916666666666667,0,1.08333333333333,1.36448598130841,0.841121495327103,0.429906542056075,1.90654205607477,2,0.986301369863014,1,1.01369863013699,1.04918032786885,1.07042253521127,1.68852459016393,0.929577464788732
