virus,realm,locus_tag,host,type,shape,AAA,AAC,AAG,AAT,ACA,ACC,ACG,ACT,AGA,AGC,AGG,AGT,ATA,ATC,ATG,ATT,CAA,CAC,CAG,CAT,CCA,CCC,CCG,CCT,CGA,CGC,CGG,CGT,CTA,CTC,CTG,CTT,GAA,GAC,GAG,GAT,GCA,GCC,GCG,GCT,GGA,GGC,GGG,GGT,GTA,GTC,GTG,GTT,TAA,TAC,TAG,TAT,TCA,TCC,TCG,TCT,TGA,TGC,TGG,TGT,TTA,TTC,TTG,TTT
Leuconostoc phage phiLN6B,Duplodnaviria,HL50,bacteria,DNA,linear,1.23404255319149,0.82962962962963,0.765957446808511,1.17037037037037,1.6382252559727,0.552901023890785,0.600682593856655,1.20819112627986,1.36254980079681,0.923076923076923,0.310756972111554,1.75384615384615,0.49644128113879,0.629893238434164,1,1.87366548042705,1.60227272727273,0.982758620689655,0.397727272727273,1.01724137931034,2.33191489361702,0.459574468085106,0.28936170212766,0.919148936170213,1.64940239043825,0.549800796812749,0.239043824701195,1.88844621513944,0.827586206896552,0.278860569715142,0.179910044977511,0.72863568215892,1.3838630806846,0.681632653061224,0.616136919315403,1.31836734693878,1.35714285714286,0.555555555555556,0.30952380952381,1.77777777777778,0.9,0.715384615384615,0.484615384615385,1.9,1.24242424242424,0.454545454545455,0.393939393939394,1.90909090909091,1.46153846153846,0.514285714285714,0.384615384615385,1.48571428571429,1.61025641025641,0.184615384615385,0.379487179487179,1.14871794871795,1.15384615384615,0,1,2,2.59970014992504,0.626373626373626,1.38530734632684,1.37362637362637
