virus,realm,host,locus_tag,AAA,AAC,AAG,AAT,ACA,ACC,ACG,ACT,AGA,AGC,AGG,AGT,ATA,ATC,ATG,ATT,CAA,CAC,CAG,CAT,CCA,CCC,CCG,CCT,CGA,CGC,CGG,CGT,CTA,CTC,CTG,CTT,GAA,GAC,GAG,GAT,GCA,GCC,GCG,GCT,GGA,GGC,GGG,GGT,GTA,GTC,GTG,GTT,TAA,TAC,TAG,TAT,TCA,TCC,TCG,TCT,TGA,TGC,TGG,TGT,TTA,TTC,TTG,TTT
Leuconostoc phage phiLNTR3,Duplodnaviria,bacteria,HL53,1.18238993710692,0.94010889292196,0.817610062893082,1.05989110707804,1.94066317626527,0.328097731239092,0.621291448516579,1.10994764397906,1.75081967213115,0.568106312292359,0.432786885245902,1.48504983388704,0.839195979899497,0.597989949748744,1,1.56281407035176,1.64210526315789,0.918032786885246,0.357894736842105,1.08196721311475,2.10970464135021,0.286919831223629,0.371308016877637,1.23206751054852,0.983606557377049,0.295081967213115,0.275409836065574,2.26229508196721,0.984034833091437,0.287373004354136,0.174165457184325,0.62699564586357,1.312,0.758992805755396,0.688,1.2410071942446,1.48760330578512,0.504132231404959,0.28099173553719,1.72727272727273,0.787456445993031,0.411149825783972,0.320557491289199,2.4808362369338,1.14909090909091,0.327272727272727,0.509090909090909,2.01454545454545,1.75609756097561,0.646575342465753,0.439024390243902,1.35342465753425,2.03322259136213,0.13953488372093,0.408637873754153,1.36544850498339,0.804878048780488,0.518518518518518,1,1.48148148148148,2.76923076923077,0.732620320855615,1.15820029027576,1.26737967914438
