virus,realm,locus_tag,host,type,shape,AAA,AAC,AAG,AAT,ACA,ACC,ACG,ACT,AGA,AGC,AGG,AGT,ATA,ATC,ATG,ATT,CAA,CAC,CAG,CAT,CCA,CCC,CCG,CCT,CGA,CGC,CGG,CGT,CTA,CTC,CTG,CTT,GAA,GAC,GAG,GAT,GCA,GCC,GCG,GCT,GGA,GGC,GGG,GGT,GTA,GTC,GTG,GTT,TAA,TAC,TAG,TAT,TCA,TCC,TCG,TCT,TGA,TGC,TGG,TGT,TTA,TTC,TTG,TTT
Liberibacter phage SC2,Duplodnaviria,F489,bacteria,DNA,circular,1.25208333333333,0.775330396475771,0.747916666666667,1.22466960352423,1.19003115264797,0.679127725856698,0.85981308411215,1.27102803738318,1.96518987341772,0.596178343949045,0.854430379746835,1.36815286624204,0.984827586206897,0.616551724137931,1,1.39862068965517,1.46341463414634,0.466367713004484,0.536585365853659,1.53363228699552,0.821192052980132,0.547461368653422,0.547461368653422,2.08388520971302,0.920886075949367,0.455696202531646,0.408227848101266,1.39556962025316,0.534709193245779,0.377110694183865,0.365853658536585,1.36772983114447,1.22610722610723,0.380555555555556,0.773892773892774,1.61944444444444,1.05586592178771,0.558659217877095,0.888268156424581,1.49720670391061,1.49667110519308,0.521970705725699,0.788282290279627,1.1930758988016,0.783505154639175,0.471281296023564,0.636229749631811,2.10898379970545,1.59574468085106,0.580110497237569,0.382978723404255,1.41988950276243,1.03184713375796,0.473885350318471,0.878980891719745,1.65095541401274,1.02127659574468,0.411764705882353,1,1.58823529411765,2.26266416510319,0.355648535564854,1.09193245778612,1.64435146443515
