virus,realm,host,locus_tag,AAA,AAC,AAG,AAT,ACA,ACC,ACG,ACT,AGA,AGC,AGG,AGT,ATA,ATC,ATG,ATT,CAA,CAC,CAG,CAT,CCA,CCC,CCG,CCT,CGA,CGC,CGG,CGT,CTA,CTC,CTG,CTT,GAA,GAC,GAG,GAT,GCA,GCC,GCG,GCT,GGA,GGC,GGG,GGT,GTA,GTC,GTG,GTT,TAA,TAC,TAG,TAT,TCA,TCC,TCG,TCT,TGA,TGC,TGG,TGT,TTA,TTC,TTG,TTT
Lilac leaf chlorosis virus,Riboviria,land plants,PN99,0.906832298136646,0.764044943820225,1.09316770186335,1.23595505617978,1.09090909090909,0.779220779220779,0.961038961038961,1.16883116883117,1.74626865671642,0.62962962962963,1.47761194029851,1.03703703703704,0.699029126213592,0.902912621359223,1,1.39805825242718,1.13157894736842,0.807692307692308,0.868421052631579,1.19230769230769,0.8,0.304761904761905,2.05714285714286,0.838095238095238,1.56716417910448,0.134328358208955,0.447761194029851,0.626865671641791,0.238938053097345,0.823008849557522,0.663716814159292,1.30088495575221,1.22981366459627,0.605263157894737,0.770186335403727,1.39473684210526,0.937931034482759,0.937931034482759,0.744827586206897,1.37931034482759,1.15702479338843,0.495867768595041,0.859504132231405,1.48760330578512,0.659340659340659,0.857142857142857,1.14285714285714,1.34065934065934,0.75,1.1044776119403,0.75,0.895522388059702,0.962962962962963,0.925925925925926,0.777777777777778,1.66666666666667,1.5,0.540540540540541,1,1.45945945945946,1.19469026548673,0.960629921259842,1.7787610619469,1.03937007874016
