virus,realm,locus_tag,host,type,shape,AAA,AAC,AAG,AAT,ACA,ACC,ACG,ACT,AGA,AGC,AGG,AGT,ATA,ATC,ATG,ATT,CAA,CAC,CAG,CAT,CCA,CCC,CCG,CCT,CGA,CGC,CGG,CGT,CTA,CTC,CTG,CTT,GAA,GAC,GAG,GAT,GCA,GCC,GCG,GCT,GGA,GGC,GGG,GGT,GTA,GTC,GTG,GTT,TAA,TAC,TAG,TAT,TCA,TCC,TCG,TCT,TGA,TGC,TGG,TGT,TTA,TTC,TTG,TTT
Lily symptomless virus,Riboviria,LSVp,land plants,RNA,linear,1.16438356164384,1.12605042016807,0.835616438356164,0.873949579831933,1.02564102564103,1.15384615384615,0.615384615384615,1.20512820512821,0.923076923076923,1.48387096774194,1.18681318681319,1,0.704819277108434,1.35542168674699,1,0.939759036144578,1.1264367816092,1.07462686567164,0.873563218390805,0.925373134328358,1.50375939849624,1.02255639097744,0.481203007518797,0.992481203007519,0.923076923076923,1.21978021978022,0.791208791208791,0.956043956043956,0.981818181818182,1.09090909090909,1.33090909090909,0.916363636363636,0.945652173913043,0.959349593495935,1.05434782608696,1.04065040650407,1.35135135135135,0.972972972972973,0.576576576576577,1.0990990990991,0.697674418604651,1.13953488372093,1.16279069767442,1,0.830188679245283,1.0314465408805,1.33333333333333,0.805031446540881,1,1.36633663366337,1,0.633663366336634,1.29032258064516,0.903225806451613,0.387096774193548,0.935483870967742,1,1.38461538461538,1,0.615384615384615,0.610909090909091,1.1875,1.06909090909091,0.8125
