virus,realm,locus_tag,host,type,shape,AAA,AAC,AAG,AAT,ACA,ACC,ACG,ACT,AGA,AGC,AGG,AGT,ATA,ATC,ATG,ATT,CAA,CAC,CAG,CAT,CCA,CCC,CCG,CCT,CGA,CGC,CGG,CGT,CTA,CTC,CTG,CTT,GAA,GAC,GAG,GAT,GCA,GCC,GCG,GCT,GGA,GGC,GGG,GGT,GTA,GTC,GTG,GTT,TAA,TAC,TAG,TAT,TCA,TCC,TCG,TCT,TGA,TGC,TGG,TGT,TTA,TTC,TTG,TTT
Limeum africanum associated virus,Monodnaviria,C5Y53,land plants,DNA,circular,0.72463768115942,0.67741935483871,1.27536231884058,1.32258064516129,1.8125,0.8125,0.5,0.875,3.14285714285714,0.571428571428571,1.52380952380952,1.42857142857143,1.03636363636364,0.6,1,1.36363636363636,1.10344827586207,1.17241379310345,0.896551724137931,0.827586206896552,1.77049180327869,1.04918032786885,0.327868852459016,0.852459016393443,0.476190476190476,0,0.380952380952381,0.476190476190476,1.35,0.675,0.525,1.2,1.39393939393939,0.852459016393443,0.606060606060606,1.14754098360656,1.70212765957447,1.19148936170213,0,1.1063829787234,1.55932203389831,0.610169491525424,0.474576271186441,1.35593220338983,1.42857142857143,0.785714285714286,1.07142857142857,0.714285714285714,1.2,0.5,1.2,1.5,1.52380952380952,0.952380952380952,0.380952380952381,1.14285714285714,0.6,0.545454545454545,1,1.45454545454545,1.2,0.790697674418605,1.05,1.2093023255814
