virus,realm,locus_tag,host,type,shape,AAA,AAC,AAG,AAT,ACA,ACC,ACG,ACT,AGA,AGC,AGG,AGT,ATA,ATC,ATG,ATT,CAA,CAC,CAG,CAT,CCA,CCC,CCG,CCT,CGA,CGC,CGG,CGT,CTA,CTC,CTG,CTT,GAA,GAC,GAG,GAT,GCA,GCC,GCG,GCT,GGA,GGC,GGG,GGT,GTA,GTC,GTG,GTT,TAA,TAC,TAG,TAT,TCA,TCC,TCG,TCT,TGA,TGC,TGG,TGT,TTA,TTC,TTG,TTT
Listeria phage P70,Duplodnaviria,P70,bacteria,DNA,linear,1.39090309822017,0.758203799654577,0.609096901779829,1.24179620034542,1.68782673637043,0.376400298730396,0.460044809559373,1.47572815533981,2.49532710280374,0.652071931196247,0.413551401869159,1.5199374511337,0.794053662073967,0.459028281363307,1,1.74691805656273,1.50219619326501,0.930379746835443,0.497803806734993,1.06962025316456,1.89951377633712,0.311183144246353,0.291734197730956,1.49756888168558,0.672897196261682,0.441588785046729,0.252336448598131,1.72429906542056,1.0410094637224,0.14384858044164,0.223343848580442,1.18485804416404,1.4472049689441,0.590322580645161,0.552795031055901,1.40967741935484,1.59286775631501,0.398216939078752,0.341753343239227,1.66716196136701,1.82270091135046,0.334714167357084,0.344656172328086,1.49792874896437,1.67292971468337,0.1892832289492,0.617954070981211,1.51983298538622,1.96638655462185,0.686705202312139,0.378151260504202,1.31329479768786,1.20093823299453,0.689601250977326,0.211102423768569,1.72634870992963,0.65546218487395,0.513368983957219,1,1.48663101604278,2.49842271293375,0.703656998738966,0.908517350157729,1.29634300126103
