virus,realm,locus_tag,host,type,shape,AAA,AAC,AAG,AAT,ACA,ACC,ACG,ACT,AGA,AGC,AGG,AGT,ATA,ATC,ATG,ATT,CAA,CAC,CAG,CAT,CCA,CCC,CCG,CCT,CGA,CGC,CGG,CGT,CTA,CTC,CTG,CTT,GAA,GAC,GAG,GAT,GCA,GCC,GCG,GCT,GGA,GGC,GGG,GGT,GTA,GTC,GTG,GTT,TAA,TAC,TAG,TAT,TCA,TCC,TCG,TCT,TGA,TGC,TGG,TGT,TTA,TTC,TTG,TTT
Listeria phage A500,Duplodnaviria,LiPA500,bacteria,DNA,linear,1.55860805860806,0.768175582990398,0.441391941391941,1.2318244170096,1.8010752688172,0.274193548387097,0.741935483870968,1.18279569892473,2.29245283018868,1.24246395806029,0.495283018867925,1.38401048492792,0.82518337408313,0.506112469437653,1,1.66870415647922,1.57701149425287,0.733333333333333,0.422988505747126,1.26666666666667,1.69395017793594,0.270462633451957,0.854092526690391,1.18149466192171,0.990566037735849,0.679245283018868,0.39622641509434,1.14622641509434,0.931034482758621,0.225152129817444,0.310344827586207,0.949290060851927,1.49227373068433,0.626950354609929,0.507726269315673,1.37304964539007,1.37373737373737,0.149494949494949,0.961616161616162,1.51515151515152,1.30802919708029,0.945985401459854,0.543065693430657,1.2029197080292,1.42705570291777,0.419098143236074,0.657824933687003,1.49602122015915,1.23809523809524,0.616407982261641,0.380952380952381,1.38359201773836,1.47051114023591,0.235910878112713,0.54259501965924,1.12450851900393,1.38095238095238,0.657534246575342,1,1.34246575342466,2.61663286004057,0.600431965442765,0.967545638945233,1.39956803455724
