virus,realm,locus_tag,host,type,shape,AAA,AAC,AAG,AAT,ACA,ACC,ACG,ACT,AGA,AGC,AGG,AGT,ATA,ATC,ATG,ATT,CAA,CAC,CAG,CAT,CCA,CCC,CCG,CCT,CGA,CGC,CGG,CGT,CTA,CTC,CTG,CTT,GAA,GAC,GAG,GAT,GCA,GCC,GCG,GCT,GGA,GGC,GGG,GGT,GTA,GTC,GTG,GTT,TAA,TAC,TAG,TAT,TCA,TCC,TCG,TCT,TGA,TGC,TGG,TGT,TTA,TTC,TTG,TTT
Listeria phage LP-064,Duplodnaviria,FDG78,bacteria,DNA,linear,1.38137791870856,0.965699208443272,0.618622081291438,1.03430079155673,2.01824672748909,0.325267750892503,0.325267750892503,1.3312177707259,3.13991520290733,0.758797653958944,0.723198061780739,1.86730205278592,0.96031746031746,0.471655328798186,1,1.56802721088435,1.36998514115899,0.781879194630873,0.63001485884101,1.21812080536913,1.24561403508772,0.312280701754386,0.217543859649123,2.22456140350877,0.734100545124167,0.167171411265899,0.232586311326469,1.0030284675954,1.68603642671292,0.175195143104944,0.23417172593235,0.844752818733738,1.19014298752662,0.948609941027801,0.80985701247338,1.0513900589722,1.61917211328976,0.376470588235294,0.285838779956427,1.71851851851852,1.50469684030743,0.312553373185312,0.683176771989752,1.49957301451751,2.11813186813187,0.199175824175824,0.43543956043956,1.24725274725275,1.91489361702128,0.828998339789707,0.622340425531915,1.17100166021029,0.954545454545455,0.45307917888563,0.178152492668622,1.78812316715543,0.462765957446808,0.6,1,1.4,2.46487424111015,0.56,0.594969644405898,1.44
