virus,realm,host,locus_tag,AAA,AAC,AAG,AAT,ACA,ACC,ACG,ACT,AGA,AGC,AGG,AGT,ATA,ATC,ATG,ATT,CAA,CAC,CAG,CAT,CCA,CCC,CCG,CCT,CGA,CGC,CGG,CGT,CTA,CTC,CTG,CTT,GAA,GAC,GAG,GAT,GCA,GCC,GCG,GCT,GGA,GGC,GGG,GGT,GTA,GTC,GTG,GTT,TAA,TAC,TAG,TAT,TCA,TCC,TCG,TCT,TGA,TGC,TGG,TGT,TTA,TTC,TTG,TTT
Listeria phage LP-030-2,Duplodnaviria,bacteria,LP030nr2,1.60227272727273,0.534550195567145,0.397727272727273,1.46544980443286,1.97301349325337,0.32383808095952,0.545727136431784,1.15742128935532,2.27737226277372,0.705357142857143,0.583941605839416,1.60714285714286,0.750898203592814,0.48502994011976,1,1.76407185628743,1.62043795620438,0.626262626262626,0.37956204379562,1.37373737373737,1.44408945686901,0.281150159744409,0.881789137380192,1.39297124600639,1.27007299270073,0.481751824817518,0.262773722627737,1.12408759124088,0.732776617954071,0.187891440501044,0.350730688935282,0.839248434237996,1.52749490835031,0.566757493188011,0.472505091649695,1.43324250681199,1.73351278600269,0.263795423956931,0.753701211305518,1.24899057873486,1.50306748466258,0.625766871165644,0.515337423312883,1.3558282208589,1.30469798657718,0.520805369127517,0.773154362416107,1.40134228187919,1.47826086956522,0.466800804828974,0.217391304347826,1.53319919517103,1.46428571428571,0.366071428571429,0.446428571428571,1.41071428571429,1.30434782608696,0.564102564102564,1,1.43589743589744,2.76200417536534,0.523076923076923,1.12734864300626,1.47692307692308
