virus,realm,locus_tag,host,type,shape,AAA,AAC,AAG,AAT,ACA,ACC,ACG,ACT,AGA,AGC,AGG,AGT,ATA,ATC,ATG,ATT,CAA,CAC,CAG,CAT,CCA,CCC,CCG,CCT,CGA,CGC,CGG,CGT,CTA,CTC,CTG,CTT,GAA,GAC,GAG,GAT,GCA,GCC,GCG,GCT,GGA,GGC,GGG,GGT,GTA,GTC,GTG,GTT,TAA,TAC,TAG,TAT,TCA,TCC,TCG,TCT,TGA,TGC,TGG,TGT,TTA,TTC,TTG,TTT
Lomovskayavirus C31,Duplodnaviria,phiC31p,bacteria,NA,NA,0.0544464609800363,1.73184357541899,1.94555353901996,0.268156424581006,0.114014251781473,1.04988123515439,2.3562945368171,0.479809976247031,0.0352941176470588,1.25622254758419,0.0917647058823529,0.360175695461201,0.0954545454545455,1.67045454545455,1,1.23409090909091,0.266666666666667,1.65420560747664,1.73333333333333,0.345794392523364,0.0890207715133531,1.00296735905045,2.49258160237389,0.415430267062315,0.409411764705882,2.45647058823529,1.84941176470588,1.15764705882353,0.181628392484342,1.15866388308977,2.1419624217119,2.00417536534447,0.872679045092838,1.79790940766551,1.12732095490716,0.202090592334495,0.306692657569851,1.53866146848603,1.50747238466537,0.647173489278752,0.307974335472044,2.06416131989001,0.791934005499542,0.835930339138405,0.197628458498024,1.47826086956522,1.46640316205534,0.857707509881423,0.566037735849057,1.56647398843931,0.509433962264151,0.433526011560694,0.281112737920937,1.41434846266471,2.2489019033675,0.439238653001464,1.92452830188679,1.51219512195122,1,0.48780487804878,0,1.79434447300771,0.51356993736952,0.205655526992288
