virus,realm,locus_tag,host,type,shape,AAA,AAC,AAG,AAT,ACA,ACC,ACG,ACT,AGA,AGC,AGG,AGT,ATA,ATC,ATG,ATT,CAA,CAC,CAG,CAT,CCA,CCC,CCG,CCT,CGA,CGC,CGG,CGT,CTA,CTC,CTG,CTT,GAA,GAC,GAG,GAT,GCA,GCC,GCG,GCT,GGA,GGC,GGG,GGT,GTA,GTC,GTG,GTT,TAA,TAC,TAG,TAT,TCA,TCC,TCG,TCT,TGA,TGC,TGG,TGT,TTA,TTC,TTG,TTT
Lone Star virus,Riboviria,L854,invertebrates,RNA,linear,0.93859649122807,1.17948717948718,1.06140350877193,0.82051282051282,1.34673366834171,1.14572864321608,0.201005025125628,1.30653266331658,2.63013698630137,1.13793103448276,2.24657534246575,0.724137931034483,0.92093023255814,1.10232558139535,1,0.976744186046512,1.00813008130081,1.01369863013699,0.991869918699187,0.986301369863014,1.49640287769784,0.863309352517986,0.201438848920863,1.43884892086331,0.410958904109589,0.191780821917808,0.301369863013699,0.219178082191781,1.3109243697479,1.04201680672269,1.17647058823529,0.873949579831933,0.8828125,0.870967741935484,1.1171875,1.12903225806452,1.45945945945946,1.17117117117117,0.162162162162162,1.20720720720721,1.06437768240343,1.01287553648069,0.978540772532189,0.944206008583691,0.530973451327434,0.991150442477876,1.27433628318584,1.20353982300885,1.5,1.10588235294118,0.75,0.894117647058824,1.42758620689655,1.07586206896552,0.0827586206896552,1.55172413793103,0.75,1.01960784313725,1,0.980392156862745,0.689075630252101,1.07975460122699,0.907563025210084,0.920245398773006
