virus,realm,locus_tag,host,type,shape,AAA,AAC,AAG,AAT,ACA,ACC,ACG,ACT,AGA,AGC,AGG,AGT,ATA,ATC,ATG,ATT,CAA,CAC,CAG,CAT,CCA,CCC,CCG,CCT,CGA,CGC,CGG,CGT,CTA,CTC,CTG,CTT,GAA,GAC,GAG,GAT,GCA,GCC,GCG,GCT,GGA,GGC,GGG,GGT,GTA,GTC,GTG,GTT,TAA,TAC,TAG,TAT,TCA,TCC,TCG,TCT,TGA,TGC,TGG,TGT,TTA,TTC,TTG,TTT
Loveridges garter snake virus 1,Riboviria,KY48,vertebrates,RNA,linear,0.864197530864197,0.828828828828829,1.1358024691358,1.17117117117117,1.82417582417582,0.791208791208791,0.307692307692308,1.07692307692308,2.54651162790698,0.561797752808989,1.77906976744186,1.0561797752809,1.02369668246445,0.739336492890995,1,1.23696682464455,1.13725490196078,0.903225806451613,0.862745098039216,1.09677419354839,2,0.556962025316456,0.683544303797468,0.759493670886076,0.593023255813954,0.27906976744186,0.418604651162791,0.383720930232558,1.06748466257669,0.828220858895706,0.680981595092024,1.58282208588957,0.850574712643678,1.02631578947368,1.14942528735632,0.973684210526316,1.74468085106383,0.574468085106383,0.340425531914894,1.34042553191489,1.27906976744186,0.511627906976744,1.27906976744186,0.930232558139535,0.895833333333333,0.791666666666667,0.791666666666667,1.52083333333333,2,0.811320754716981,0,1.18867924528302,2,0.629213483146067,0.651685393258427,1.10112359550562,1,0.813559322033898,1,1.1864406779661,0.901840490797546,1.04424778761062,0.938650306748466,0.955752212389381
