virus,realm,locus_tag,host,type,shape,AAA,AAC,AAG,AAT,ACA,ACC,ACG,ACT,AGA,AGC,AGG,AGT,ATA,ATC,ATG,ATT,CAA,CAC,CAG,CAT,CCA,CCC,CCG,CCT,CGA,CGC,CGG,CGT,CTA,CTC,CTG,CTT,GAA,GAC,GAG,GAT,GCA,GCC,GCG,GCT,GGA,GGC,GGG,GGT,GTA,GTC,GTG,GTT,TAA,TAC,TAG,TAT,TCA,TCC,TCG,TCT,TGA,TGC,TGG,TGT,TTA,TTC,TTG,TTT
Lujo mammarenavirus,Riboviria,Lujo,human,ss-RNA,linear,1,0.975308641975309,1,1.02469135802469,1.60493827160494,0.987654320987654,0.246913580246914,1.16049382716049,3.42352941176471,0.846153846153846,1.94117647058824,1.11538461538462,0.746192893401015,1.02030456852792,1,1.23350253807107,0.909090909090909,0.896551724137931,1.09090909090909,1.10344827586207,1.67164179104478,0.925373134328358,0.417910447761194,0.985074626865672,0.211764705882353,0.141176470588235,0.0705882352941176,0.211764705882353,0.857142857142857,0.841836734693878,1.20918367346939,0.933673469387755,0.909090909090909,0.813397129186603,1.09090909090909,1.1866028708134,1.43119266055046,0.954128440366973,0.403669724770642,1.21100917431193,0.815286624203822,0.89171974522293,0.840764331210191,1.45222929936306,0.492610837438424,0.847290640394089,1.4384236453202,1.22167487684729,0,1.01123595505618,0,0.98876404494382,1.69230769230769,0.75,0.25,1.34615384615385,3,0.866666666666667,1,1.13333333333333,0.964285714285714,1.0887573964497,1.19387755102041,0.911242603550296
