virus,realm,locus_tag,host,type,shape,AAA,AAC,AAG,AAT,ACA,ACC,ACG,ACT,AGA,AGC,AGG,AGT,ATA,ATC,ATG,ATT,CAA,CAC,CAG,CAT,CCA,CCC,CCG,CCT,CGA,CGC,CGG,CGT,CTA,CTC,CTG,CTT,GAA,GAC,GAG,GAT,GCA,GCC,GCG,GCT,GGA,GGC,GGG,GGT,GTA,GTC,GTG,GTT,TAA,TAC,TAG,TAT,TCA,TCC,TCG,TCT,TGA,TGC,TGG,TGT,TTA,TTC,TTG,TTT
Lumpy skin disease virus NI-2490,Varidnaviria,LSDVgp,vertebrates,DNA,linear,1.68058761804827,0.507412721186035,0.319412381951731,1.49258727881396,1.98731165741475,0.331482950039651,0.45360824742268,1.22759714512292,3.64841498559078,0.37796480489671,1.00720461095101,1.3221117061974,1.61217092712705,0.234643265929035,1,1.15318580694391,1.73833902161547,0.462962962962963,0.261660978384528,1.53703703703704,1.98477929984779,0.255707762557078,0.423135464231355,1.33637747336377,0.587896253602305,0.112391930835735,0.138328530259366,0.505763688760807,0.654369379755591,0.0940742448697256,0.138344477749596,0.747060179847821,1.73631284916201,0.317504332755633,0.263687150837989,1.68249566724437,1.90378006872852,0.292096219931271,0.573883161512027,1.23024054982818,1.90407673860911,0.369304556354916,0.414868105515588,1.31175059952038,1.54721274175199,0.204778156996587,0.395904436860068,1.85210466439135,2.36538461538462,0.438073394495413,0.326923076923077,1.56192660550459,1.80413159908187,0.2938026013772,0.52486610558531,1.67712318286151,0.307692307692308,0.337909186906019,1,1.66209081309398,3.50426562139728,0.204168138466973,0.861886096379986,1.79583186153303
