virus,realm,host,locus_tag,AAA,AAC,AAG,AAT,ACA,ACC,ACG,ACT,AGA,AGC,AGG,AGT,ATA,ATC,ATG,ATT,CAA,CAC,CAG,CAT,CCA,CCC,CCG,CCT,CGA,CGC,CGG,CGT,CTA,CTC,CTG,CTT,GAA,GAC,GAG,GAT,GCA,GCC,GCG,GCT,GGA,GGC,GGG,GGT,GTA,GTC,GTG,GTT,TAA,TAC,TAG,TAT,TCA,TCC,TCG,TCT,TGA,TGC,TGG,TGT,TTA,TTC,TTG,TTT
Lupine bocavirus,Monodnaviria,vertebrates,EXI86,1.43529411764706,1.6504854368932,0.564705882352941,0.349514563106796,1.69105691056911,1.00813008130081,0.878048780487805,0.422764227642276,1.39393939393939,1.94871794871795,0.848484848484849,0.153846153846154,0.590163934426229,2.0655737704918,1,0.344262295081967,1.41071428571429,1.6140350877193,0.589285714285714,0.385964912280702,1.78151260504202,0.302521008403361,1.41176470588235,0.504201680672269,0.787878787878788,1.87878787878788,0.545454545454545,0.545454545454545,1.05343511450382,2.70229007633588,1.78625954198473,0.0916030534351145,1.33333333333333,1.55102040816327,0.666666666666667,0.448979591836735,1.36752136752137,1.09401709401709,0.854700854700855,0.683760683760684,1.54074074074074,1.33333333333333,0.918518518518519,0.207407407407407,1.1566265060241,1.49397590361446,1.20481927710843,0.144578313253012,2,1.79220779220779,0,0.207792207792208,0.871794871794872,1.12820512820513,1.02564102564103,0.871794871794872,1,1.40540540540541,1,0.594594594594595,0,1.16666666666667,0.366412213740458,0.833333333333333
