virus,realm,locus_tag,host,type,shape,AAA,AAC,AAG,AAT,ACA,ACC,ACG,ACT,AGA,AGC,AGG,AGT,ATA,ATC,ATG,ATT,CAA,CAC,CAG,CAT,CCA,CCC,CCG,CCT,CGA,CGC,CGG,CGT,CTA,CTC,CTG,CTT,GAA,GAC,GAG,GAT,GCA,GCC,GCG,GCT,GGA,GGC,GGG,GGT,GTA,GTC,GTG,GTT,TAA,TAC,TAG,TAT,TCA,TCC,TCG,TCT,TGA,TGC,TGG,TGT,TTA,TTC,TTG,TTT
Mac Peak virus,Riboviria,CGV00,invertebrates,RNA,linear,0.92,1.47663551401869,1.08,0.523364485981308,0.81447963800905,1.12217194570136,1.19457013574661,0.868778280542986,0.545454545454545,1.10599078341014,1.24242424242424,0.580645161290323,0.61875,1.48125,1,0.9,0.8,1.20987654320988,1.2,0.790123456790123,1.3037037037037,1.00740740740741,1.21481481481481,0.474074074074074,1.18181818181818,0.96969696969697,1.39393939393939,0.666666666666667,0.958466453674121,1.11182108626198,1.95527156549521,0.536741214057508,0.962962962962963,1.46666666666667,1.03703703703704,0.533333333333333,0.91254752851711,1.14068441064639,0.866920152091255,1.07984790874525,1.27626459143969,0.840466926070039,1.21400778210117,0.669260700389105,0.299319727891156,1.15646258503401,1.71428571428571,0.829931972789116,3,1.41052631578947,0,0.589473684210526,1.49308755760369,1.07834101382488,0.967741935483871,0.774193548387097,0,1.07894736842105,1,0.921052631578947,0.325878594249201,1.35135135135135,1.11182108626198,0.648648648648649
