virus,realm,locus_tag,host,type,shape,AAA,AAC,AAG,AAT,ACA,ACC,ACG,ACT,AGA,AGC,AGG,AGT,ATA,ATC,ATG,ATT,CAA,CAC,CAG,CAT,CCA,CCC,CCG,CCT,CGA,CGC,CGG,CGT,CTA,CTC,CTG,CTT,GAA,GAC,GAG,GAT,GCA,GCC,GCG,GCT,GGA,GGC,GGG,GGT,GTA,GTC,GTG,GTT,TAA,TAC,TAG,TAT,TCA,TCC,TCG,TCT,TGA,TGC,TGG,TGT,TTA,TTC,TTG,TTT
Macaca nemestrina rhadinovirus 2,Duplodnaviria,KM483,vertebrates,DNA,linear,1.115338882283,1.41837968561064,0.884661117717004,0.581620314389359,0.646795827123696,1.45007451564829,1.44262295081967,0.460506706408346,0.933766761479074,1.26471555409405,1.1434376269809,0.548503781650773,0.911200807265389,1.18668012108981,1,0.902119071644803,0.702950819672131,1.47576301615799,1.29704918032787,0.524236983842011,0.738670694864048,1.297583081571,1.41238670694864,0.551359516616314,0.685087362860626,1.55058919138562,0.994717594473791,0.692401462819992,0.712956335003579,1.1209735146743,2.05869720830351,0.598425196850394,0.918446601941748,1.33132530120482,1.08155339805825,0.668674698795181,0.500153988296889,1.59531875577456,1.4708962118879,0.433631044040653,1.03448275862069,1.2512315270936,0.998357963875205,0.715927750410509,0.535943300708741,1.02328720890989,1.53763077961525,0.903138710766115,1.42105263157895,1.28165771297007,0.789473684210526,0.718342287029931,0.696481420585334,1.32193357448208,1.31798750411049,0.850378165077277,0.789473684210526,1.2109375,1,0.7890625,0.794559770937724,0.747094631986718,0.714387974230494,1.25290536801328
