virus,realm,host,locus_tag,AAA,AAC,AAG,AAT,ACA,ACC,ACG,ACT,AGA,AGC,AGG,AGT,ATA,ATC,ATG,ATT,CAA,CAC,CAG,CAT,CCA,CCC,CCG,CCT,CGA,CGC,CGG,CGT,CTA,CTC,CTG,CTT,GAA,GAC,GAG,GAT,GCA,GCC,GCG,GCT,GGA,GGC,GGG,GGT,GTA,GTC,GTG,GTT,TAA,TAC,TAG,TAT,TCA,TCC,TCG,TCT,TGA,TGC,TGG,TGT,TTA,TTC,TTG,TTT
Macaca mulatta papillomavirus 5,Monodnaviria,vertebrates,EXK09,1.359375,0.598130841121495,0.640625,1.4018691588785,1.63758389261745,0.724832214765101,0.241610738255034,1.39597315436242,2.25,1.00990099009901,1.08333333333333,1.45544554455446,0.991935483870968,0.362903225806452,1,1.64516129032258,0.956521739130435,0.826086956521739,1.04347826086957,1.17391304347826,1.27027027027027,0.351351351351351,0.567567567567568,1.81081081081081,0.75,0.583333333333333,0.416666666666667,0.916666666666667,0.675675675675676,0.162162162162162,0.972972972972973,1.08108108108108,1.08074534161491,0.578616352201258,0.919254658385093,1.42138364779874,1.64705882352941,0.705882352941177,0.382352941176471,1.26470588235294,1.36774193548387,0.696774193548387,0.696774193548387,1.23870967741935,1.15862068965517,0.441379310344828,0.96551724137931,1.43448275862069,1.71428571428571,0.289156626506024,0.428571428571429,1.71084337349398,1.03960396039604,0.623762376237624,0.267326732673267,1.6039603960396,0.857142857142857,0.44,1,1.56,1.81081081081081,0.36697247706422,1.2972972972973,1.63302752293578
