virus,realm,host,locus_tag,AAA,AAC,AAG,AAT,ACA,ACC,ACG,ACT,AGA,AGC,AGG,AGT,ATA,ATC,ATG,ATT,CAA,CAC,CAG,CAT,CCA,CCC,CCG,CCT,CGA,CGC,CGG,CGT,CTA,CTC,CTG,CTT,GAA,GAC,GAG,GAT,GCA,GCC,GCG,GCT,GGA,GGC,GGG,GGT,GTA,GTC,GTG,GTT,TAA,TAC,TAG,TAT,TCA,TCC,TCG,TCT,TGA,TGC,TGG,TGT,TTA,TTC,TTG,TTT
Macroptilium yellow mosaic virus,Monodnaviria,land plants,MaYMV,0.979166666666667,1.06818181818182,1.02083333333333,0.931818181818182,1.49397590361446,0.578313253012048,0.867469879518072,1.06024096385542,1.18867924528302,0.619354838709677,1.52830188679245,0.774193548387097,0.870967741935484,1.12903225806452,1,1,1.08196721311475,0.666666666666667,0.918032786885246,1.33333333333333,1.53424657534247,0.986301369863014,0.547945205479452,0.931506849315068,0.735849056603774,0.452830188679245,0.566037735849057,1.52830188679245,0.785046728971963,1.06542056074766,0.392523364485981,1.1214953271028,0.970588235294118,0.972222222222222,1.02941176470588,1.02777777777778,1.03703703703704,1.18518518518519,0.444444444444444,1.33333333333333,1.62962962962963,0.54320987654321,0.493827160493827,1.33333333333333,0.463157894736842,1.05263157894737,1.34736842105263,1.13684210526316,1.28571428571429,0.440677966101695,0.857142857142857,1.55932203389831,1.39354838709677,1.39354838709677,0.851612903225806,0.967741935483871,0.857142857142857,0.785714285714286,1,1.21428571428571,1.51401869158878,1,1.1214953271028,1
