virus,realm,host,locus_tag,AAA,AAC,AAG,AAT,ACA,ACC,ACG,ACT,AGA,AGC,AGG,AGT,ATA,ATC,ATG,ATT,CAA,CAC,CAG,CAT,CCA,CCC,CCG,CCT,CGA,CGC,CGG,CGT,CTA,CTC,CTG,CTT,GAA,GAC,GAG,GAT,GCA,GCC,GCG,GCT,GGA,GGC,GGG,GGT,GTA,GTC,GTG,GTT,TAA,TAC,TAG,TAT,TCA,TCC,TCG,TCT,TGA,TGC,TGG,TGT,TTA,TTC,TTG,TTT
Magpie-robin coronavirus HKU18,Riboviria,vertebrates,MRCoV,0.666666666666667,0.857615894039735,1.33333333333333,1.14238410596026,0.765405405405405,1.05081081081081,0.471351351351351,1.71243243243243,0.680272108843537,0.582147477360931,0.884353741496599,0.721862871927555,0.757754800590842,0.837518463810931,1,1.40472673559823,0.538613861386139,0.966789667896679,1.46138613861386,1.03321033210332,1,0.849056603773585,0.440251572327044,1.71069182389937,0.326530612244898,2.2312925170068,0.503401360544218,1.37414965986395,0.606860158311346,1.46701846965699,0.738786279683377,1.59366754617414,0.630872483221476,0.882800608828006,1.36912751677852,1.11719939117199,0.867424242424242,1.10227272727273,0.571969696969697,1.45833333333333,0.556464811783961,1.43371522094926,0.353518821603928,1.65630114566285,0.585457979225685,0.966949952785647,0.725212464589235,1.72237960339943,1.8,0.917089678510998,0.6,1.082910321489,1.10996119016818,1.36610608020699,0.489003880983182,1.73091849935317,0.6,1.0718954248366,1,0.928104575163399,0.654353562005277,0.800773694390716,0.939313984168865,1.19922630560928
