virus,realm,locus_tag,host,type,shape,AAA,AAC,AAG,AAT,ACA,ACC,ACG,ACT,AGA,AGC,AGG,AGT,ATA,ATC,ATG,ATT,CAA,CAC,CAG,CAT,CCA,CCC,CCG,CCT,CGA,CGC,CGG,CGT,CTA,CTC,CTG,CTT,GAA,GAC,GAG,GAT,GCA,GCC,GCG,GCT,GGA,GGC,GGG,GGT,GTA,GTC,GTG,GTT,TAA,TAC,TAG,TAT,TCA,TCC,TCG,TCT,TGA,TGC,TGG,TGT,TTA,TTC,TTG,TTT
Malvastrum yellow vein virus,Monodnaviria,Myvvgp,land plants,DNA,circular,0.898550724637681,0.878787878787879,1.10144927536232,1.12121212121212,1.03225806451613,1.09677419354839,0.645161290322581,1.2258064516129,1.16666666666667,0.857142857142857,1.66666666666667,0.73469387755102,0.65,1.15,1,1.2,1.10714285714286,0.878048780487805,0.892857142857143,1.1219512195122,1.25373134328358,1.07462686567164,0.477611940298507,1.19402985074627,1,0.666666666666667,0.583333333333333,0.916666666666667,0.939759036144578,1.30120481927711,0.72289156626506,1.37349397590361,1,0.716981132075472,1,1.28301886792453,1.19298245614035,1.05263157894737,0.771929824561403,0.982456140350877,1.40740740740741,0.444444444444444,1.03703703703704,1.11111111111111,0.838709677419355,1.35483870967742,0.580645161290323,1.2258064516129,1.5,0.926829268292683,0,1.07317073170732,1.10204081632653,1.22448979591837,0.673469387755102,1.40816326530612,1.5,1,1,1,1.01204819277108,1.10204081632653,0.650602409638554,0.897959183673469
