virus,realm,locus_tag,host,type,shape,AAA,AAC,AAG,AAT,ACA,ACC,ACG,ACT,AGA,AGC,AGG,AGT,ATA,ATC,ATG,ATT,CAA,CAC,CAG,CAT,CCA,CCC,CCG,CCT,CGA,CGC,CGG,CGT,CTA,CTC,CTG,CTT,GAA,GAC,GAG,GAT,GCA,GCC,GCG,GCT,GGA,GGC,GGG,GGT,GTA,GTC,GTG,GTT,TAA,TAC,TAG,TAT,TCA,TCC,TCG,TCT,TGA,TGC,TGG,TGT,TTA,TTC,TTG,TTT
Mamastrovirus 3,Riboviria,NZ97,human:vertebrates,RNA,linear,1.04395604395604,1.15714285714286,0.956043956043956,0.842857142857143,1.20164609053498,1.39917695473251,0.54320987654321,0.8559670781893,0.513368983957219,0.650602409638554,1.31550802139037,1.08433734939759,0.840659340659341,0.956043956043956,1,1.2032967032967,0.774774774774775,1.32307692307692,1.22522522522523,0.676923076923077,1.84431137724551,0.862275449101796,0.455089820359281,0.838323353293413,0.192513368983957,1.37967914438503,1.15508021390374,1.44385026737968,0.649253731343284,1.29850746268657,0.738805970149254,1.90298507462687,0.972727272727273,1.09210526315789,1.02727272727273,0.907894736842105,1.50943396226415,1.0188679245283,0.584905660377358,0.886792452830189,0.568527918781726,0.99492385786802,0.873096446700508,1.56345177664975,0.538461538461538,0.903846153846154,1.05769230769231,1.5,0,1.125,3,0.875,1.59036144578313,0.903614457831325,0.469879518072289,1.30120481927711,0,1.1063829787234,1,0.893617021276596,0.537313432835821,0.883720930232558,0.873134328358209,1.11627906976744
