virus,realm,locus_tag,host,type,shape,AAA,AAC,AAG,AAT,ACA,ACC,ACG,ACT,AGA,AGC,AGG,AGT,ATA,ATC,ATG,ATT,CAA,CAC,CAG,CAT,CCA,CCC,CCG,CCT,CGA,CGC,CGG,CGT,CTA,CTC,CTG,CTT,GAA,GAC,GAG,GAT,GCA,GCC,GCG,GCT,GGA,GGC,GGG,GGT,GTA,GTC,GTG,GTT,TAA,TAC,TAG,TAT,TCA,TCC,TCG,TCT,TGA,TGC,TGG,TGT,TTA,TTC,TTG,TTT
Mannheimia phage vB MhM 587AP1,NA,AVV63,NA,NA,NA,1.54892601431981,0.804195804195804,0.451073985680191,1.1958041958042,1.13375796178344,1.51592356687898,0.585987261146497,0.764331210191083,1.09584086799277,1.71563981042654,0.206148282097649,1.24170616113744,0.21021897810219,0.81021897810219,1,1.97956204379562,1.46494464944649,1.03,0.535055350553506,0.97,1.35574229691877,0.324929971988796,1.43417366946779,0.88515406162465,1.26943942133816,1.36708860759494,0.661844484629295,1.3996383363472,0.636085626911315,0.470948012232416,0.623853211009174,0.990825688073395,1.15956151035323,0.644927536231884,0.840438489646772,1.35507246376812,1.4046511627907,0.930232558139535,0.772093023255814,0.893023255813953,0.688821752265861,1.47432024169184,0.531722054380665,1.30513595166163,0.912912912912913,0.456456456456456,1.5015015015015,1.12912912912913,1.76470588235294,0.648936170212766,0.764705882352941,1.35106382978723,1.10900473933649,0.483412322274882,0.739336492890995,0.710900473933649,0.470588235294118,0.935779816513762,1,1.06422018348624,2.15902140672783,0.37799043062201,1.11926605504587,1.62200956937799
