virus,realm,locus_tag,host,type,shape,AAA,AAC,AAG,AAT,ACA,ACC,ACG,ACT,AGA,AGC,AGG,AGT,ATA,ATC,ATG,ATT,CAA,CAC,CAG,CAT,CCA,CCC,CCG,CCT,CGA,CGC,CGG,CGT,CTA,CTC,CTG,CTT,GAA,GAC,GAG,GAT,GCA,GCC,GCG,GCT,GGA,GGC,GGG,GGT,GTA,GTC,GTG,GTT,TAA,TAC,TAG,TAT,TCA,TCC,TCG,TCT,TGA,TGC,TGG,TGT,TTA,TTC,TTG,TTT
Mapuera orthorubulavirus,Riboviria,MPRV,vertebrates,cRNA,linear,0.891666666666667,0.69811320754717,1.10833333333333,1.30188679245283,1.34472934472934,0.911680911680912,0.353276353276353,1.39031339031339,1.92452830188679,1.05353319057816,1.35849056603774,0.950749464668094,0.729946524064171,1.09893048128342,1,1.17112299465241,1.05511811023622,1.01724137931034,0.94488188976378,0.982758620689655,1.09677419354839,1.04516129032258,0.567741935483871,1.29032258064516,0.883018867924528,0.656603773584906,0.656603773584906,0.520754716981132,0.935672514619883,1.1812865497076,1.02923976608187,0.994152046783626,0.868217054263566,0.838028169014085,1.13178294573643,1.16197183098592,1.87878787878788,0.690909090909091,0.157575757575758,1.27272727272727,1.12977099236641,0.778625954198473,1.32824427480916,0.763358778625954,1.02702702702703,0.851351351351351,1.08108108108108,1.04054054054054,0.631578947368421,0.837696335078534,0.473684210526316,1.16230366492147,1.51605995717345,0.758029978586724,0.346895074946467,1.37473233404711,1.89473684210526,1.07142857142857,1,0.928571428571429,0.95906432748538,1.04494382022472,0.900584795321637,0.955056179775281
