virus,realm,locus_tag,host,type,shape,AAA,AAC,AAG,AAT,ACA,ACC,ACG,ACT,AGA,AGC,AGG,AGT,ATA,ATC,ATG,ATT,CAA,CAC,CAG,CAT,CCA,CCC,CCG,CCT,CGA,CGC,CGG,CGT,CTA,CTC,CTG,CTT,GAA,GAC,GAG,GAT,GCA,GCC,GCG,GCT,GGA,GGC,GGG,GGT,GTA,GTC,GTG,GTT,TAA,TAC,TAG,TAT,TCA,TCC,TCG,TCT,TGA,TGC,TGG,TGT,TTA,TTC,TTG,TTT
Maraba virus,NA,NI64,NA,ss-RNA,linear,1.0295358649789,0.781954887218045,0.970464135021097,1.21804511278195,1.35265700483092,0.811594202898551,0.541062801932367,1.29468599033816,2.50793650793651,0.745098039215686,1.23809523809524,1,0.790909090909091,0.927272727272727,1,1.28181818181818,1.12121212121212,0.534653465346535,0.878787878787879,1.46534653465347,1.36470588235294,0.588235294117647,0.541176470588235,1.50588235294118,0.888888888888889,0.19047619047619,0.507936507936508,0.666666666666667,0.691011235955056,0.623595505617977,0.99438202247191,0.606741573033708,0.995024875621891,0.685185185185185,1.00497512437811,1.31481481481481,1.42372881355932,0.813559322033898,0.451977401129944,1.31073446327684,1.79555555555556,0.462222222222222,0.96,0.782222222222222,0.689655172413793,0.96551724137931,1.22167487684729,1.12315270935961,1,0.707692307692308,0.5,1.29230769230769,1.41176470588235,0.843137254901961,0.313725490196078,1.68627450980392,1.5,0.8,1,1.2,1.21348314606742,0.855345911949686,1.87078651685393,1.14465408805031
