virus,realm,host,locus_tag,AAA,AAC,AAG,AAT,ACA,ACC,ACG,ACT,AGA,AGC,AGG,AGT,ATA,ATC,ATG,ATT,CAA,CAC,CAG,CAT,CCA,CCC,CCG,CCT,CGA,CGC,CGG,CGT,CTA,CTC,CTG,CTT,GAA,GAC,GAG,GAT,GCA,GCC,GCG,GCT,GGA,GGC,GGG,GGT,GTA,GTC,GTG,GTT,TAA,TAC,TAG,TAT,TCA,TCC,TCG,TCT,TGA,TGC,TGG,TGT,TTA,TTC,TTG,TTT
Mastomys natalensis polyomavirus 3,Monodnaviria,vertebrates,KM751,0.92436974789916,0.678260869565217,1.07563025210084,1.32173913043478,1.77181208053691,0.939597315436242,0.134228187919463,1.15436241610738,2.96341463414634,1.30285714285714,1.53658536585366,1.40571428571429,1.24528301886792,0.566037735849057,1,1.18867924528302,1.08396946564885,0.693877551020408,0.916030534351145,1.30612244897959,1.20454545454545,1.27272727272727,0.363636363636364,1.15909090909091,0.182926829268293,0.804878048780488,0.329268292682927,0.182926829268293,1.15384615384615,1.09090909090909,1.34265734265734,1.46853146853147,0.888888888888889,0.769230769230769,1.11111111111111,1.23076923076923,1.37404580152672,0.793893129770992,0.244274809160305,1.58778625954198,1.84269662921348,0.674157303370786,0.876404494382023,0.606741573033708,1.26760563380282,0.619718309859155,0.985915492957746,1.12676056338028,1.71428571428571,0.758620689655172,0.857142857142857,1.24137931034483,1.02857142857143,1.02857142857143,0.274285714285714,0.96,0.428571428571429,1.08,1,0.92,0.524475524475524,0.896551724137931,0.41958041958042,1.10344827586207
