virus,realm,locus_tag,host,type,shape,AAA,AAC,AAG,AAT,ACA,ACC,ACG,ACT,AGA,AGC,AGG,AGT,ATA,ATC,ATG,ATT,CAA,CAC,CAG,CAT,CCA,CCC,CCG,CCT,CGA,CGC,CGG,CGT,CTA,CTC,CTG,CTT,GAA,GAC,GAG,GAT,GCA,GCC,GCG,GCT,GGA,GGC,GGG,GGT,GTA,GTC,GTG,GTT,TAA,TAC,TAG,TAT,TCA,TCC,TCG,TCT,TGA,TGC,TGG,TGT,TTA,TTC,TTG,TTT
McMurdo Ice Shelf pond-associated circular DNA virus-8,NA,IT54,NA,DNA,circular,0.36734693877551,1.5,1.63265306122449,0.5,0.465116279069767,1.81395348837209,1.02325581395349,0.697674418604651,0.391304347826087,1.64285714285714,1.10869565217391,1.07142857142857,0.0769230769230769,2.23076923076923,1,0.692307692307692,0.523809523809524,1.24137931034483,1.47619047619048,0.758620689655172,0.620689655172414,0.896551724137931,1.10344827586207,1.37931034482759,1.17391304347826,1.3695652173913,0.91304347826087,1.04347826086957,0,1.87878787878788,2.06060606060606,1.33333333333333,0.75,1.34328358208955,1.25,0.656716417910448,0.463157894736842,1.68421052631579,0.842105263157895,1.01052631578947,0.685714285714286,1.56190476190476,0.457142857142857,1.2952380952381,0.541666666666667,1.54166666666667,0.916666666666667,1,1,1.76,0,0.24,0.285714285714286,1.21428571428571,1.42857142857143,0.357142857142857,2,1.6,1,0.4,0.0606060606060606,1.74193548387097,0.666666666666667,0.258064516129032
