virus,realm,locus_tag,host,type,shape,AAA,AAC,AAG,AAT,ACA,ACC,ACG,ACT,AGA,AGC,AGG,AGT,ATA,ATC,ATG,ATT,CAA,CAC,CAG,CAT,CCA,CCC,CCG,CCT,CGA,CGC,CGG,CGT,CTA,CTC,CTG,CTT,GAA,GAC,GAG,GAT,GCA,GCC,GCG,GCT,GGA,GGC,GGG,GGT,GTA,GTC,GTG,GTT,TAA,TAC,TAG,TAT,TCA,TCC,TCG,TCT,TGA,TGC,TGG,TGT,TTA,TTC,TTG,TTT
McMurdo Ice Shelf pond-associated circular DNA virus-7,NA,IT55,NA,DNA,circular,1.02222222222222,1.31034482758621,0.977777777777778,0.689655172413793,0.864864864864865,1.51351351351351,0.648648648648649,0.972972972972973,0.947368421052632,1.37142857142857,0.631578947368421,1.37142857142857,0.685714285714286,1.37142857142857,1,0.942857142857143,0.909090909090909,1.09090909090909,1.09090909090909,0.909090909090909,0.5,1.33333333333333,0.166666666666667,2,0.789473684210526,0.947368421052632,0.157894736842105,2.52631578947368,1.37142857142857,1.37142857142857,0.171428571428571,1.37142857142857,1.25925925925926,1.2258064516129,0.740740740740741,0.774193548387097,0.666666666666667,1.33333333333333,0.533333333333333,1.46666666666667,1.5,1.5,0,1,1.09090909090909,1.09090909090909,0.727272727272727,1.09090909090909,1.5,0.88,1.5,1.12,1.54285714285714,0.342857142857143,0.342857142857143,1.02857142857143,0,0.333333333333333,1,1.66666666666667,1.37142857142857,1.03225806451613,0.342857142857143,0.967741935483871
