virus,realm,locus_tag,host,type,shape,AAA,AAC,AAG,AAT,ACA,ACC,ACG,ACT,AGA,AGC,AGG,AGT,ATA,ATC,ATG,ATT,CAA,CAC,CAG,CAT,CCA,CCC,CCG,CCT,CGA,CGC,CGG,CGT,CTA,CTC,CTG,CTT,GAA,GAC,GAG,GAT,GCA,GCC,GCG,GCT,GGA,GGC,GGG,GGT,GTA,GTC,GTG,GTT,TAA,TAC,TAG,TAT,TCA,TCC,TCG,TCT,TGA,TGC,TGG,TGT,TTA,TTC,TTG,TTT
Melochia mosaic virus,Monodnaviria,ASK89,land plants,DNA,circular,0.870588235294118,1.29268292682927,1.12941176470588,0.707317073170732,1.1358024691358,0.790123456790123,1.1358024691358,0.938271604938272,1.41818181818182,0.797202797202797,1.58181818181818,0.629370629370629,1.11111111111111,1.25925925925926,1,0.62962962962963,1.15151515151515,0.981818181818182,0.848484848484849,1.01818181818182,1.37931034482759,1.10344827586207,0.505747126436782,1.01149425287356,0.490909090909091,0.654545454545455,0.545454545454545,1.30909090909091,0.923076923076923,1.26923076923077,1.26923076923077,0.923076923076923,0.848484848484849,1.1025641025641,1.15151515151515,0.897435897435897,0.727272727272727,1.22727272727273,0.909090909090909,1.13636363636364,1.08641975308642,0.839506172839506,0.987654320987654,1.08641975308642,0.590909090909091,1.27272727272727,1.09090909090909,1.04545454545455,1.71428571428571,0.518518518518518,1.28571428571429,1.48148148148148,1.3006993006993,1.3006993006993,0.839160839160839,1.13286713286713,0,1.07142857142857,1,0.928571428571429,0.807692307692308,1.2,0.807692307692308,0.8
