virus,realm,locus_tag,host,type,shape,AAA,AAC,AAG,AAT,ACA,ACC,ACG,ACT,AGA,AGC,AGG,AGT,ATA,ATC,ATG,ATT,CAA,CAC,CAG,CAT,CCA,CCC,CCG,CCT,CGA,CGC,CGG,CGT,CTA,CTC,CTG,CTT,GAA,GAC,GAG,GAT,GCA,GCC,GCG,GCT,GGA,GGC,GGG,GGT,GTA,GTC,GTG,GTT,TAA,TAC,TAG,TAT,TCA,TCC,TCG,TCT,TGA,TGC,TGG,TGT,TTA,TTC,TTG,TTT
Menangle virus,Riboviria,MENV,vertebrates,RNA,linear,1.00847457627119,0.755725190839695,0.991525423728814,1.24427480916031,1.57728706624606,0.858044164037855,0.201892744479495,1.36277602523659,2.35294117647059,0.861244019138756,1.64705882352941,1.20574162679426,1.015625,0.9296875,1,1.0546875,1.17857142857143,0.773584905660377,0.821428571428571,1.22641509433962,1.26640926640927,0.833976833976834,0.725868725868726,1.17374517374517,0.588235294117647,0.305882352941176,0.564705882352941,0.541176470588235,1.03448275862069,0.900608519269777,0.827586206896552,1.08316430020284,0.929460580912863,0.659003831417625,1.07053941908714,1.34099616858238,2.04379562043796,0.700729927007299,0.175182481751825,1.08029197080292,1.37007874015748,0.582677165354331,1.11811023622047,0.929133858267717,1.01792114695341,1.1326164874552,1.0752688172043,0.774193548387097,1.5,0.787096774193548,0.1875,1.21290322580645,1.4066985645933,0.84688995215311,0.330143540669856,1.34928229665072,1.3125,1.09243697478992,1,0.907563025210084,1.11967545638945,0.839779005524862,1.03448275862069,1.16022099447514
