virus,realm,locus_tag,host,type,shape,AAA,AAC,AAG,AAT,ACA,ACC,ACG,ACT,AGA,AGC,AGG,AGT,ATA,ATC,ATG,ATT,CAA,CAC,CAG,CAT,CCA,CCC,CCG,CCT,CGA,CGC,CGG,CGT,CTA,CTC,CTG,CTT,GAA,GAC,GAG,GAT,GCA,GCC,GCG,GCT,GGA,GGC,GGG,GGT,GTA,GTC,GTG,GTT,TAA,TAC,TAG,TAT,TCA,TCC,TCG,TCT,TGA,TGC,TGG,TGT,TTA,TTC,TTG,TTT
Merida-like virus KE-2017a,Riboviria,EXI85,invertebrates,RNA,linear,0.735849056603774,1.21367521367521,1.26415094339623,0.786324786324786,1,1.32692307692308,0.692307692307692,0.980769230769231,1.86301369863014,0.633333333333333,1.15068493150685,0.616666666666667,0.756756756756757,1.35135135135135,1,0.891891891891892,0.976,1.02631578947368,1.024,0.973684210526316,0.634920634920635,0.888888888888889,1.22751322751323,1.24867724867725,1.04109589041096,0.575342465753425,1.12328767123288,0.246575342465753,0.813829787234043,1.24468085106383,1.57978723404255,0.574468085106383,0.776785714285714,1.15942028985507,1.22321428571429,0.840579710144927,0.819512195121951,1.09268292682927,0.702439024390244,1.38536585365854,1.55384615384615,0.4,1.4,0.646153846153846,0.727272727272727,1.14832535885167,1.05263157894737,1.07177033492823,0,1.23333333333333,1.2,0.766666666666667,0.8,1.46666666666667,1.03333333333333,1.45,1.8,0.933333333333333,1,1.06666666666667,0.526595744680851,1.27710843373494,1.26063829787234,0.72289156626506
