virus,realm,locus_tag,host,type,shape,AAA,AAC,AAG,AAT,ACA,ACC,ACG,ACT,AGA,AGC,AGG,AGT,ATA,ATC,ATG,ATT,CAA,CAC,CAG,CAT,CCA,CCC,CCG,CCT,CGA,CGC,CGG,CGT,CTA,CTC,CTG,CTT,GAA,GAC,GAG,GAT,GCA,GCC,GCG,GCT,GGA,GGC,GGG,GGT,GTA,GTC,GTG,GTT,TAA,TAC,TAG,TAT,TCA,TCC,TCG,TCT,TGA,TGC,TGG,TGT,TTA,TTC,TTG,TTT
Merida virus,Riboviria,EXJ52,invertebrates,RNA,linear,0.689320388349515,1.12605042016807,1.31067961165049,0.873949579831933,1.00934579439252,1.00934579439252,0.710280373831776,1.27102803738318,1.90909090909091,0.481994459833795,1.44545454545455,0.698060941828255,0.616822429906542,1.55607476635514,1,0.827102803738318,0.725806451612903,0.987341772151899,1.2741935483871,1.0126582278481,0.638297872340426,0.978723404255319,1.02127659574468,1.36170212765957,0.9,0.409090909090909,1.09090909090909,0.245454545454545,0.802139037433155,1.15508021390374,1.55614973262032,0.770053475935829,0.760683760683761,1.01941747572816,1.23931623931624,0.980582524271845,0.676616915422886,1.4726368159204,0.616915422885572,1.23383084577114,1.75384615384615,0.415384615384615,1.2,0.630769230769231,0.758293838862559,1.23222748815166,1.00473933649289,1.00473933649289,0.6,1.32786885245902,0.6,0.672131147540984,0.831024930747922,1.54570637119114,0.781163434903047,1.66204986149584,1.8,1.05084745762712,1,0.949152542372881,0.497326203208556,1.1304347826087,1.2192513368984,0.869565217391304
