virus,realm,locus_tag,host,type,shape,AAA,AAC,AAG,AAT,ACA,ACC,ACG,ACT,AGA,AGC,AGG,AGT,ATA,ATC,ATG,ATT,CAA,CAC,CAG,CAT,CCA,CCC,CCG,CCT,CGA,CGC,CGG,CGT,CTA,CTC,CTG,CTT,GAA,GAC,GAG,GAT,GCA,GCC,GCG,GCT,GGA,GGC,GGG,GGT,GTA,GTC,GTG,GTT,TAA,TAC,TAG,TAT,TCA,TCC,TCG,TCT,TGA,TGC,TGG,TGT,TTA,TTC,TTG,TTT
Mermet virus,Riboviria,FLB00,vertebrates,RNA,linear,1.30769230769231,0.647887323943662,0.692307692307692,1.35211267605634,1.79310344827586,0.517241379310345,0.155172413793103,1.53448275862069,3.18556701030928,0.609756097560976,1.60824742268041,0.853658536585366,1.50882352941176,0.502941176470588,1,0.988235294117647,1.11888111888112,0.617021276595745,0.881118881118881,1.38297872340426,2.12307692307692,0.307692307692308,0.369230769230769,1.2,0.371134020618557,0.247422680412371,0.247422680412371,0.34020618556701,0.924471299093656,0.453172205438066,0.598187311178248,0.706948640483384,1.32818532818533,0.54625550660793,0.671814671814672,1.45374449339207,2.16425120772947,0.521739130434783,0.115942028985507,1.19806763285024,1.43820224719101,0.741573033707865,0.943820224719101,0.876404494382023,0.849740932642487,0.766839378238342,1.09844559585492,1.28497409326425,3,0.72108843537415,0,1.27891156462585,2,0.634146341463415,0.414634146341463,1.48780487804878,0,0.921739130434783,1,1.07826086956522,1.72205438066465,0.798165137614679,1.59516616314199,1.20183486238532
