virus,realm,locus_tag,host,type,shape,AAA,AAC,AAG,AAT,ACA,ACC,ACG,ACT,AGA,AGC,AGG,AGT,ATA,ATC,ATG,ATT,CAA,CAC,CAG,CAT,CCA,CCC,CCG,CCT,CGA,CGC,CGG,CGT,CTA,CTC,CTG,CTT,GAA,GAC,GAG,GAT,GCA,GCC,GCG,GCT,GGA,GGC,GGG,GGT,GTA,GTC,GTG,GTT,TAA,TAC,TAG,TAT,TCA,TCC,TCG,TCT,TGA,TGC,TGG,TGT,TTA,TTC,TTG,TTT
Methanobacterium virus Drs3,NA,M1M16,NA,DNA,linear,1.45294855708908,1.01234567901235,0.547051442910916,0.987654320987654,0.778481012658228,1.41772151898734,0.329113924050633,1.4746835443038,1.26899383983573,1.23364485981308,1.44147843942505,2.09345794392523,1.13304721030043,0.768240343347639,1,1.09871244635193,1.04024767801858,0.848484848484849,0.959752321981424,1.15151515151515,0.796116504854369,1.1747572815534,0.466019417475728,1.5631067961165,0.505133470225873,0.33264887063655,1.54004106776181,0.91170431211499,0.854282536151279,0.82091212458287,0.540600667408231,0.967741935483871,1.4052757793765,0.790697674418605,0.594724220623501,1.2093023255814,1.11246200607903,0.978723404255319,0.358662613981763,1.55015197568389,1.14140127388535,0.55031847133758,1.39617834394904,0.912101910828025,0.90881913303438,0.322869955156951,1.30941704035874,1.45889387144993,1.84615384615385,0.746867167919799,0.307692307692308,1.2531328320802,1.10280373831776,0.822429906542056,0.121495327102804,0.626168224299065,0.846153846153846,0.702127659574468,1,1.29787234042553,2.12235817575083,0.955,0.694104560622914,1.045
