virus,realm,locus_tag,host,type,shape,AAA,AAC,AAG,AAT,ACA,ACC,ACG,ACT,AGA,AGC,AGG,AGT,ATA,ATC,ATG,ATT,CAA,CAC,CAG,CAT,CCA,CCC,CCG,CCT,CGA,CGC,CGG,CGT,CTA,CTC,CTG,CTT,GAA,GAC,GAG,GAT,GCA,GCC,GCG,GCT,GGA,GGC,GGG,GGT,GTA,GTC,GTG,GTT,TAA,TAC,TAG,TAT,TCA,TCC,TCG,TCT,TGA,TGC,TGG,TGT,TTA,TTC,TTG,TTT
Microbacterium phage vB MoxS-ISF9,NA,ISF9,NA,NA,NA,0.0862470862470862,1.72771474878444,1.91375291375291,0.272285251215559,0.366906474820144,1.71223021582734,1.50359712230216,0.41726618705036,0.155388471177945,1.56380090497738,0.511278195488722,0.390950226244344,0.0361050328227571,2.60284463894967,1,0.361050328227571,0.10671256454389,1.67934782608696,1.89328743545611,0.320652173913043,0.336585365853659,1.61463414634146,1.73170731707317,0.317073170731707,0.746867167919799,3.11278195488722,0.902255639097744,0.571428571428571,0.184049079754601,2.28220858895706,2.66411042944785,0.588957055214724,0.341281669150522,1.53069806560135,1.65871833084948,0.469301934398654,0.722138174483106,1.40191628845184,1.36762481089259,0.508320726172466,0.50571791613723,2.05082592121982,0.848792884371029,0.594663278271919,0.201149425287356,1.48563218390805,1.75287356321839,0.560344827586207,0.475,1.77969018932874,0.45,0.220309810671256,0.276923076923077,1.69411764705882,1.44977375565611,0.624434389140271,2.075,1.63478260869565,1,0.365217391304348,0.00460122699386503,1.801393728223,0.276073619631902,0.198606271777003
