virus,realm,locus_tag,host,type,shape,AAA,AAC,AAG,AAT,ACA,ACC,ACG,ACT,AGA,AGC,AGG,AGT,ATA,ATC,ATG,ATT,CAA,CAC,CAG,CAT,CCA,CCC,CCG,CCT,CGA,CGC,CGG,CGT,CTA,CTC,CTG,CTT,GAA,GAC,GAG,GAT,GCA,GCC,GCG,GCT,GGA,GGC,GGG,GGT,GTA,GTC,GTG,GTT,TAA,TAC,TAG,TAT,TCA,TCC,TCG,TCT,TGA,TGC,TGG,TGT,TTA,TTC,TTG,TTT
Micromonas pusilla reovirus,Riboviria,MPRV,eukaryotic algae,ds-RNA,linear,1.0176322418136,0.90952380952381,0.982367758186398,1.09047619047619,1.22056384742952,0.835820895522388,0.796019900497512,1.14759535655058,1.15328467153285,0.528901734104046,0.875912408759124,1.02312138728324,0.745302713987474,0.970772442588727,1,1.2839248434238,1.10434782608696,0.597701149425287,0.895652173913044,1.40229885057471,1.46820809248555,0.658959537572254,0.589595375722543,1.28323699421965,0.686131386861314,0.832116788321168,0.175182481751825,2.27737226277372,1.05405405405405,0.702702702702703,0.603603603603604,1.63063063063063,1.23660714285714,0.651685393258427,0.763392857142857,1.34831460674157,1.19669421487603,0.647933884297521,0.852892561983471,1.30247933884298,0.974459724950884,0.754420432220039,0.424361493123772,1.8467583497053,1.07746478873239,0.753521126760563,0.838028169014085,1.33098591549296,1.09090909090909,0.934640522875817,0.545454545454545,1.06535947712418,1.55202312138728,0.606936416184971,0.841040462427746,1.44797687861272,1.36363636363636,0.852941176470588,1,1.14705882352941,1.06306306306306,0.981412639405205,0.945945945945946,1.0185873605948
