virus,realm,locus_tag,host,type,shape,AAA,AAC,AAG,AAT,ACA,ACC,ACG,ACT,AGA,AGC,AGG,AGT,ATA,ATC,ATG,ATT,CAA,CAC,CAG,CAT,CCA,CCC,CCG,CCT,CGA,CGC,CGG,CGT,CTA,CTC,CTG,CTT,GAA,GAC,GAG,GAT,GCA,GCC,GCG,GCT,GGA,GGC,GGG,GGT,GTA,GTC,GTG,GTT,TAA,TAC,TAG,TAT,TCA,TCC,TCG,TCT,TGA,TGC,TGG,TGT,TTA,TTC,TTG,TTT
Microviridae Bog1249 12,NA,AFL68,NA,NA,NA,1.51282051282051,0.692307692307692,0.487179487179487,1.30769230769231,0.933333333333333,0.488888888888889,0.577777777777778,2,1.32467532467532,0.613636363636364,0.545454545454545,0.477272727272727,0.777777777777778,0.944444444444444,1,1.27777777777778,1.35064935064935,0.846153846153846,0.649350649350649,1.15384615384615,0.754716981132076,0.30188679245283,0.679245283018868,2.26415094339623,0.38961038961039,0.935064935064935,0.311688311688312,2.49350649350649,0.382978723404255,0.936170212765957,0.382978723404255,2.5531914893617,1.47368421052632,0.746268656716418,0.526315789473684,1.25373134328358,0.777777777777778,0.962962962962963,0.407407407407407,1.85185185185185,0.530612244897959,0.653061224489796,0.36734693877551,2.44897959183673,0.8125,0.625,0.75,1.8125,1,0.707692307692308,0,1.29230769230769,0.954545454545455,0.886363636363636,0.545454545454545,2.52272727272727,2,0.444444444444444,1,1.55555555555556,1.06382978723404,0.842105263157895,0.680851063829787,1.15789473684211
