virus,realm,locus_tag,host,type,shape,AAA,AAC,AAG,AAT,ACA,ACC,ACG,ACT,AGA,AGC,AGG,AGT,ATA,ATC,ATG,ATT,CAA,CAC,CAG,CAT,CCA,CCC,CCG,CCT,CGA,CGC,CGG,CGT,CTA,CTC,CTG,CTT,GAA,GAC,GAG,GAT,GCA,GCC,GCG,GCT,GGA,GGC,GGG,GGT,GTA,GTC,GTG,GTT,TAA,TAC,TAG,TAT,TCA,TCC,TCG,TCT,TGA,TGC,TGG,TGT,TTA,TTC,TTG,TTT
Microbacterium phage Nobel,Duplodnaviria,JTF55,bacteria,DNA,linear,0.265486725663717,1.87179487179487,1.73451327433628,0.128205128205128,0.103151862464183,2.10888252148997,1.67335243553009,0.114613180515759,0.0616966580976864,2.85906040268456,0.077120822622108,0.120805369127517,0.0375,2.6875,1,0.275,0.109090909090909,1.80487804878049,1.89090909090909,0.195121951219512,0.0289855072463768,1.47826086956522,2.27536231884058,0.217391304347826,0.478149100257069,3.62467866323907,1.29562982005141,0.462724935732648,0.0714285714285714,1.48809523809524,4.34523809523809,0.0833333333333333,0.263157894736842,1.46712802768166,1.73684210526316,0.532871972318339,0.297520661157025,1.88429752066116,1.42699724517906,0.391184573002755,0.148453608247423,3.03505154639175,0.602061855670103,0.214432989690722,0.0911392405063291,1.48860759493671,2.26835443037975,0.151898734177215,0.48,1.74789915966387,0.48,0.252100840336134,0.181208053691275,0.865771812080537,1.73154362416107,0.241610738255034,2.04,1.77777777777778,1,0.222222222222222,0,1.92105263157895,0.0119047619047619,0.0789473684210526
