virus,realm,host,locus_tag,AAA,AAC,AAG,AAT,ACA,ACC,ACG,ACT,AGA,AGC,AGG,AGT,ATA,ATC,ATG,ATT,CAA,CAC,CAG,CAT,CCA,CCC,CCG,CCT,CGA,CGC,CGG,CGT,CTA,CTC,CTG,CTT,GAA,GAC,GAG,GAT,GCA,GCC,GCG,GCT,GGA,GGC,GGG,GGT,GTA,GTC,GTG,GTT,TAA,TAC,TAG,TAT,TCA,TCC,TCG,TCT,TGA,TGC,TGG,TGT,TTA,TTC,TTG,TTT
Microcystis virus Ma-LMM01,Duplodnaviria,bacteria,MaLMM01,0.650475184794087,0.681436210847976,1.34952481520591,1.31856378915202,0.985489721886336,0.726723095525998,0.550181378476421,1.73760580411125,1.25262154432793,1.22056757516156,0.606291706387035,2.00618151166058,1.44444444444444,0.662360034453058,1,0.893195521102498,0.725173210161663,1.01317365269461,1.27482678983834,0.986826347305389,0.789627770807194,1.16603931409452,0.485152655792555,1.55918025930573,0.592945662535748,1.52526215443279,0.657769304099142,1.36510962821735,1.97471402769416,0.929560505719446,0.852498494882601,0.603251053582179,0.62589928057554,0.596707818930041,1.37410071942446,1.40329218106996,0.871502590673575,1.08082901554404,0.594818652849741,1.45284974093264,0.619158878504673,1.19859813084112,0.731308411214953,1.45093457943925,1.7311795184395,0.608351112465712,0.781469064309662,0.879000304785126,1.61413043478261,0.791571232249198,0.847826086956522,1.2084287677508,0.723236864287721,0.414723236864288,0.308513627423434,1.32677718460242,0.53804347826087,0.845833333333333,1,1.15416666666667,1.23419626730885,1.19714656290532,0.405779650812763,0.802853437094682
