virus,realm,host,locus_tag,AAA,AAC,AAG,AAT,ACA,ACC,ACG,ACT,AGA,AGC,AGG,AGT,ATA,ATC,ATG,ATT,CAA,CAC,CAG,CAT,CCA,CCC,CCG,CCT,CGA,CGC,CGG,CGT,CTA,CTC,CTG,CTT,GAA,GAC,GAG,GAT,GCA,GCC,GCG,GCT,GGA,GGC,GGG,GGT,GTA,GTC,GTG,GTT,TAA,TAC,TAG,TAT,TCA,TCC,TCG,TCT,TGA,TGC,TGG,TGT,TTA,TTC,TTG,TTT
Miniopterus associated gemycircularvirus 1,Monodnaviria,vertebrates,D1R02,0.615384615384615,1.6,1.38461538461538,0.4,1.55555555555556,0.666666666666667,0.666666666666667,1.11111111111111,1.24137931034483,0.888888888888889,0.827586206896552,0.888888888888889,0.272727272727273,1.90909090909091,1,0.818181818181818,1.07692307692308,1.2,0.923076923076923,0.8,1.45454545454545,0.363636363636364,0.909090909090909,1.27272727272727,1.86206896551724,0.827586206896552,0.413793103448276,0.827586206896552,0.692307692307692,2.07692307692308,0.692307692307692,0.923076923076923,0.869565217391304,1,1.1304347826087,1,1.25714285714286,0.914285714285714,1.02857142857143,0.8,1.84615384615385,0.923076923076923,0.82051282051282,0.41025641025641,0.727272727272727,1.45454545454545,0.545454545454545,1.27272727272727,0,1.38461538461538,3,0.615384615384615,1.11111111111111,0.444444444444444,1.11111111111111,1.55555555555556,0,0.8,1,1.2,0.230769230769231,1.125,1.38461538461538,0.875
