virus,realm,locus_tag,host,type,shape,AAA,AAC,AAG,AAT,ACA,ACC,ACG,ACT,AGA,AGC,AGG,AGT,ATA,ATC,ATG,ATT,CAA,CAC,CAG,CAT,CCA,CCC,CCG,CCT,CGA,CGC,CGG,CGT,CTA,CTC,CTG,CTT,GAA,GAC,GAG,GAT,GCA,GCC,GCG,GCT,GGA,GGC,GGG,GGT,GTA,GTC,GTG,GTT,TAA,TAC,TAG,TAT,TCA,TCC,TCG,TCT,TGA,TGC,TGG,TGT,TTA,TTC,TTG,TTT
Mirabilis leaf curl virus,Monodnaviria,IU38,land plants,DNA,circular,0.721311475409836,0.746268656716418,1.27868852459016,1.25373134328358,1.16129032258065,1.09677419354839,0.838709677419355,0.903225806451613,1.21739130434783,1.06666666666667,2.17391304347826,1.13333333333333,0.803571428571429,0.964285714285714,1,1.23214285714286,1.19298245614035,0.904761904761905,0.807017543859649,1.0952380952381,1.6969696969697,1.09090909090909,0.303030303030303,0.909090909090909,0.521739130434783,0.521739130434783,0.608695652173913,0.956521739130435,1.06329113924051,1.06329113924051,0.911392405063291,0.683544303797468,0.938775510204082,0.693877551020408,1.06122448979592,1.30612244897959,1.19402985074627,1.01492537313433,0.537313432835821,1.25373134328358,1.03703703703704,1.03703703703704,0.962962962962963,0.962962962962963,1.02857142857143,0.628571428571429,0.514285714285714,1.82857142857143,2,0.95,0.5,1.05,1.46666666666667,0.8,0.733333333333333,0.8,0.5,0.8,1,1.2,1.67088607594937,1.06666666666667,0.607594936708861,0.933333333333333
