virus,realm,locus_tag,host,type,shape,AAA,AAC,AAG,AAT,ACA,ACC,ACG,ACT,AGA,AGC,AGG,AGT,ATA,ATC,ATG,ATT,CAA,CAC,CAG,CAT,CCA,CCC,CCG,CCT,CGA,CGC,CGG,CGT,CTA,CTC,CTG,CTT,GAA,GAC,GAG,GAT,GCA,GCC,GCG,GCT,GGA,GGC,GGG,GGT,GTA,GTC,GTG,GTT,TAA,TAC,TAG,TAT,TCA,TCC,TCG,TCT,TGA,TGC,TGG,TGT,TTA,TTC,TTG,TTT
Molossus molossus circovirus 1,Monodnaviria,EXI30,vertebrates,DNA,circular,1,0.888888888888889,1,1.11111111111111,0.842105263157895,1.05263157894737,0.421052631578947,1.68421052631579,2.27586206896552,1.2,0.206896551724138,0.6,0.25,1.25,1,1.5,1.69230769230769,1.09090909090909,0.307692307692308,0.909090909090909,1.42857142857143,1.14285714285714,0,1.42857142857143,1.03448275862069,1.24137931034483,0.413793103448276,0.827586206896552,0.72,3.6,0.24,0.72,1.33333333333333,1.04347826086957,0.666666666666667,0.956521739130435,1.6,0.533333333333333,0,1.86666666666667,2.72727272727273,0.545454545454545,0.363636363636364,0.363636363636364,0.444444444444444,1.33333333333333,0.444444444444444,1.77777777777778,0,1.05882352941176,3,0.941176470588235,1.8,0,1.2,1.2,0,0.75,1,1.25,0.24,1.71428571428571,0.48,0.285714285714286
