virus,realm,locus_tag,host,type,shape,AAA,AAC,AAG,AAT,ACA,ACC,ACG,ACT,AGA,AGC,AGG,AGT,ATA,ATC,ATG,ATT,CAA,CAC,CAG,CAT,CCA,CCC,CCG,CCT,CGA,CGC,CGG,CGT,CTA,CTC,CTG,CTT,GAA,GAC,GAG,GAT,GCA,GCC,GCG,GCT,GGA,GGC,GGG,GGT,GTA,GTC,GTG,GTT,TAA,TAC,TAG,TAT,TCA,TCC,TCG,TCT,TGA,TGC,TGG,TGT,TTA,TTC,TTG,TTT
Moloney murine leukemia virus,Riboviria,MLVgp,human:vertebrates,ss-RNA,linear,1.03703703703704,1.14606741573034,0.962962962962963,0.853932584269663,0.615384615384615,1.99095022624434,0.289592760180996,1.10407239819005,1.92964824120603,0.662790697674419,0.964824120603015,0.627906976744186,0.862068965517241,1.58620689655172,1,0.551724137931034,0.847682119205298,1.19444444444444,1.1523178807947,0.805555555555556,0.871428571428571,1.45714285714286,0.471428571428571,1.2,0.814070351758794,0.904522613065327,0.844221105527638,0.542713567839196,1.23636363636364,1.27272727272727,1.34545454545455,0.709090909090909,1.05454545454545,1.1523178807947,0.945454545454545,0.847682119205298,0.804123711340206,1.91752577319588,0.391752577319588,0.88659793814433,1.58454106280193,0.734299516908213,1.21739130434783,0.463768115942029,0.779220779220779,1.35064935064935,0.883116883116883,0.987012987012987,1,1.02439024390244,2,0.975609756097561,0.802325581395349,1.7093023255814,0.418604651162791,1.77906976744186,0,1,1,1,0.709090909090909,0.826666666666667,0.727272727272727,1.17333333333333
