virus,realm,locus_tag,host,type,shape,AAA,AAC,AAG,AAT,ACA,ACC,ACG,ACT,AGA,AGC,AGG,AGT,ATA,ATC,ATG,ATT,CAA,CAC,CAG,CAT,CCA,CCC,CCG,CCT,CGA,CGC,CGG,CGT,CTA,CTC,CTG,CTT,GAA,GAC,GAG,GAT,GCA,GCC,GCG,GCT,GGA,GGC,GGG,GGT,GTA,GTC,GTG,GTT,TAA,TAC,TAG,TAT,TCA,TCC,TCG,TCT,TGA,TGC,TGG,TGT,TTA,TTC,TTG,TTT
Mongoose feces-associated gemycircularvirus a,Monodnaviria,XM23,vertebrates,DNA,linear,1.03703703703704,0.785714285714286,0.962962962962963,1.21428571428571,1.33333333333333,1.06666666666667,0.533333333333333,1.06666666666667,0.923076923076923,1.53488372093023,0.576923076923077,1.25581395348837,0.782608695652174,0.91304347826087,1,1.30434782608696,0.909090909090909,1.04761904761905,1.09090909090909,0.952380952380952,1.73333333333333,0.933333333333333,0.266666666666667,1.06666666666667,1.61538461538462,1.15384615384615,0.692307692307692,1.03846153846154,0.9,0.9,0.75,1.35,0.933333333333333,0.864864864864865,1.06666666666667,1.13513513513514,1.28,1.12,0.56,1.04,1,0.923076923076923,0.461538461538462,1.61538461538462,0.428571428571429,1.14285714285714,1.14285714285714,1.28571428571429,1.5,1.17241379310345,0,0.827586206896552,0.558139534883721,0.837209302325581,0.837209302325581,0.976744186046512,1.5,1.11111111111111,1,0.888888888888889,1.2,1.05555555555556,0.9,0.944444444444444
