virus,realm,host,locus_tag,AAA,AAC,AAG,AAT,ACA,ACC,ACG,ACT,AGA,AGC,AGG,AGT,ATA,ATC,ATG,ATT,CAA,CAC,CAG,CAT,CCA,CCC,CCG,CCT,CGA,CGC,CGG,CGT,CTA,CTC,CTG,CTT,GAA,GAC,GAG,GAT,GCA,GCC,GCG,GCT,GGA,GGC,GGG,GGT,GTA,GTC,GTG,GTT,TAA,TAC,TAG,TAT,TCA,TCC,TCG,TCT,TGA,TGC,TGG,TGT,TTA,TTC,TTG,TTT
Morganella phage vB MmoP MP2,NA,NA,BI037,0.784596871239471,1.28467153284672,1.21540312876053,0.715328467153285,1.0193740685544,1.26378539493294,0.459016393442623,1.25782414307004,0.560386473429952,0.734525447042641,0.289855072463768,0.833562585969739,0.287284144427002,1.55886970172684,1,1.15384615384615,0.563876651982379,1.13875598086124,1.43612334801762,0.861244019138756,0.931506849315068,0.164383561643836,0.721461187214612,2.18264840182648,0.531400966183575,1.45893719806763,0.550724637681159,2.60869565217391,0.375397667020148,0.986214209968187,1.51431601272534,1.05620360551432,0.621531631520533,0.945260347129506,1.37846836847947,1.05473965287049,1.13009708737864,0.61747572815534,0.609708737864078,1.64271844660194,0.668161434977579,0.484304932735426,0.623318385650224,2.22421524663677,1.26727509778357,0.651890482398957,0.938722294654498,1.14211212516297,2.29090909090909,1.04635761589404,0.272727272727273,0.95364238410596,1.65061898211829,0.866574965612105,0.305364511691884,1.60935350756534,0.436363636363636,0.896551724137931,1,1.10344827586207,1.56521739130435,1.31838565022422,0.502651113467656,0.681614349775785
