virus,realm,locus_tag,host,type,shape,AAA,AAC,AAG,AAT,ACA,ACC,ACG,ACT,AGA,AGC,AGG,AGT,ATA,ATC,ATG,ATT,CAA,CAC,CAG,CAT,CCA,CCC,CCG,CCT,CGA,CGC,CGG,CGT,CTA,CTC,CTG,CTT,GAA,GAC,GAG,GAT,GCA,GCC,GCG,GCT,GGA,GGC,GGG,GGT,GTA,GTC,GTG,GTT,TAA,TAC,TAG,TAT,TCA,TCC,TCG,TCT,TGA,TGC,TGG,TGT,TTA,TTC,TTG,TTT
Morogoro maize-associated virus,Riboviria,KM676,land plants,RNA,linear,0.748768472906404,0.921985815602837,1.2512315270936,1.07801418439716,1.55371900826446,0.975206611570248,0.198347107438017,1.27272727272727,2.28125,0.781818181818182,1.71875,0.836363636363636,0.877777777777778,1.21111111111111,1,0.911111111111111,0.661157024793388,0.581818181818182,1.33884297520661,1.41818181818182,0.768361581920904,0.768361581920904,0.745762711864407,1.71751412429379,0.53125,0.53125,0.40625,0.53125,0.818181818181818,1.03030303030303,1.71212121212121,0.878787878787879,0.894230769230769,0.80952380952381,1.10576923076923,1.19047619047619,1.88646288209607,0.960698689956332,0.262008733624454,0.890829694323144,1.33333333333333,0.504065040650406,1.33333333333333,0.829268292682927,0.765217391304348,1.11304347826087,1.39130434782609,0.730434782608696,1,0.781954887218045,0,1.21804511278195,1.38181818181818,1.23636363636364,0.418181818181818,1.34545454545455,2,0.787878787878788,1,1.21212121212121,0.5,1.42307692307692,1.06060606060606,0.576923076923077
