virus,realm,locus_tag,host,type,shape,AAA,AAC,AAG,AAT,ACA,ACC,ACG,ACT,AGA,AGC,AGG,AGT,ATA,ATC,ATG,ATT,CAA,CAC,CAG,CAT,CCA,CCC,CCG,CCT,CGA,CGC,CGG,CGT,CTA,CTC,CTG,CTT,GAA,GAC,GAG,GAT,GCA,GCC,GCG,GCT,GGA,GGC,GGG,GGT,GTA,GTC,GTG,GTT,TAA,TAC,TAG,TAT,TCA,TCC,TCG,TCT,TGA,TGC,TGG,TGT,TTA,TTC,TTG,TTT
Mouse mammary tumor virus,Riboviria,MMTVgp,human:vertebrates,DNA,linear,1.08011869436202,0.306451612903226,0.919881305637982,1.69354838709677,1.34426229508197,1.01639344262295,0.344262295081967,1.29508196721311,2.57547169811321,0.412371134020619,1.75471698113208,1.1340206185567,1.2200956937799,0.588516746411483,1,1.19138755980861,1.2020202020202,0.7,0.797979797979798,1.3,0.867647058823529,1.08823529411765,0.382352941176471,1.66176470588235,0.679245283018868,0.311320754716981,0.169811320754717,0.509433962264151,0.587412587412587,0.727272727272727,0.825174825174825,0.951048951048951,1.19285714285714,0.663900414937759,0.807142857142857,1.33609958506224,1.57933579335793,1.00369003690037,0.398523985239852,1.01845018450184,1.79591836734694,0.693877551020408,0.897959183673469,0.612244897959184,0.950819672131147,0.704918032786885,1.04918032786885,1.29508196721311,1.2,0.525423728813559,1.2,1.47457627118644,1.48453608247423,0.783505154639175,0.350515463917526,1.83505154639175,0.6,0.654545454545455,1,1.34545454545455,1.73426573426573,0.59375,1.17482517482517,1.40625
