virus,realm,host,locus_tag,AAA,AAC,AAG,AAT,ACA,ACC,ACG,ACT,AGA,AGC,AGG,AGT,ATA,ATC,ATG,ATT,CAA,CAC,CAG,CAT,CCA,CCC,CCG,CCT,CGA,CGC,CGG,CGT,CTA,CTC,CTG,CTT,GAA,GAC,GAG,GAT,GCA,GCC,GCG,GCT,GGA,GGC,GGG,GGT,GTA,GTC,GTG,GTT,TAA,TAC,TAG,TAT,TCA,TCC,TCG,TCT,TGA,TGC,TGG,TGT,TTA,TTC,TTG,TTT
Mupapillomavirus 1,Monodnaviria,human,HpV1agp,1.30693069306931,0.536082474226804,0.693069306930693,1.4639175257732,1.97368421052632,0.684210526315789,0.210526315789474,1.13157894736842,2.91891891891892,0.887755102040816,1.09459459459459,1.37755102040816,0.909836065573771,0.39344262295082,1,1.69672131147541,1.06896551724138,0.631578947368421,0.931034482758621,1.36842105263158,1.60655737704918,0.754098360655738,0.0655737704918033,1.57377049180328,0.567567567567568,0.486486486486487,0.283783783783784,0.648648648648649,0.690265486725664,0.265486725663717,0.63716814159292,1.14159292035398,1.2,0.687022900763359,0.8,1.31297709923664,1.48148148148148,0.533333333333333,0.296296296296296,1.68888888888889,1.184,0.896,0.8,1.12,0.945945945945946,0.594594594594595,1,1.45945945945946,1.71428571428571,0.461538461538462,0.857142857142857,1.53846153846154,1.07142857142857,0.642857142857143,0.306122448979592,1.71428571428571,0.428571428571429,0.625,1,1.375,1.99115044247788,0.32,1.27433628318584,1.68
