virus,realm,locus_tag,host,type,shape,AAA,AAC,AAG,AAT,ACA,ACC,ACG,ACT,AGA,AGC,AGG,AGT,ATA,ATC,ATG,ATT,CAA,CAC,CAG,CAT,CCA,CCC,CCG,CCT,CGA,CGC,CGG,CGT,CTA,CTC,CTG,CTT,GAA,GAC,GAG,GAT,GCA,GCC,GCG,GCT,GGA,GGC,GGG,GGT,GTA,GTC,GTG,GTT,TAA,TAC,TAG,TAT,TCA,TCC,TCG,TCT,TGA,TGC,TGG,TGT,TTA,TTC,TTG,TTT
Mushroom bacilliform virus,Riboviria,MBVgp,fungi,ss-RNA,linear,1.28712871287129,0.911764705882353,0.712871287128713,1.08823529411765,0.935483870967742,0.548387096774194,1,1.51612903225806,1.2755905511811,0.577540106951872,0.850393700787402,0.93048128342246,0.539325842696629,1.14606741573034,1,1.31460674157303,1.08474576271186,0.606060606060606,0.915254237288136,1.39393939393939,0.673684210526316,1.13684210526316,0.842105263157895,1.34736842105263,1.08661417322835,0.897637795275591,0.755905511811024,1.13385826771654,0.680412371134021,0.835051546391753,0.742268041237113,1.45360824742268,1.11627906976744,0.630434782608696,0.883720930232558,1.3695652173913,0.983606557377049,0.655737704918033,0.622950819672131,1.73770491803279,1.24503311258278,0.582781456953642,0.370860927152318,1.80132450331126,1.01123595505618,1.07865168539326,0.966292134831461,0.943820224719101,1.5,0.884615384615385,0.75,1.11538461538462,0.962566844919786,0.737967914438503,1.41176470588235,1.37967914438503,0.75,0.6,1,1.4,0.804123711340206,1.19148936170213,1.48453608247423,0.808510638297872
