virus,realm,locus_tag,host,type,shape,AAA,AAC,AAG,AAT,ACA,ACC,ACG,ACT,AGA,AGC,AGG,AGT,ATA,ATC,ATG,ATT,CAA,CAC,CAG,CAT,CCA,CCC,CCG,CCT,CGA,CGC,CGG,CGT,CTA,CTC,CTG,CTT,GAA,GAC,GAG,GAT,GCA,GCC,GCG,GCT,GGA,GGC,GGG,GGT,GTA,GTC,GTG,GTT,TAA,TAC,TAG,TAT,TCA,TCC,TCG,TCT,TGA,TGC,TGG,TGT,TTA,TTC,TTG,TTT
MW polyomavirus,Monodnaviria,B206,human,DNA,circular,1.44329896907216,0.272727272727273,0.556701030927835,1.72727272727273,1.29292929292929,0.525252525252525,0,2.18181818181818,4.68292682926829,0.640776699029126,0.878048780487805,1.74757281553398,1.35164835164835,0.032967032967033,1,1.61538461538462,1.425,0.758620689655172,0.575,1.24137931034483,1.41176470588235,0.588235294117647,0.156862745098039,1.84313725490196,0,0.365853658536585,0,0.0731707317073171,0.497237569060773,0,0.629834254143646,1.29281767955801,1.63636363636364,0.354166666666667,0.363636363636364,1.64583333333333,1.33333333333333,0.588235294117647,0.0392156862745098,2.03921568627451,2.03389830508475,0.474576271186441,0.474576271186441,1.01694915254237,1.696,0.096,0.544,1.664,3,0.461538461538462,0,1.53846153846154,1.28155339805825,0.233009708737864,0.058252427184466,2.03883495145631,0,0.583333333333333,1,1.41666666666667,2.5524861878453,0.1,1.02762430939227,1.9
