virus,realm,host,locus_tag,AAA,AAC,AAG,AAT,ACA,ACC,ACG,ACT,AGA,AGC,AGG,AGT,ATA,ATC,ATG,ATT,CAA,CAC,CAG,CAT,CCA,CCC,CCG,CCT,CGA,CGC,CGG,CGT,CTA,CTC,CTG,CTT,GAA,GAC,GAG,GAT,GCA,GCC,GCG,GCT,GGA,GGC,GGG,GGT,GTA,GTC,GTG,GTT,TAA,TAC,TAG,TAT,TCA,TCC,TCG,TCT,TGA,TGC,TGG,TGT,TTA,TTC,TTG,TTT
Mycobacterium phage Emma,Duplodnaviria,bacteria,I5H33,0.731292517006803,1.62091503267974,1.2687074829932,0.379084967320261,0.516025641025641,1.78525641025641,1.23717948717949,0.461538461538462,0.150851581508516,1.07567567567568,0.442822384428224,0.4,0.112359550561798,2.26217228464419,1,0.625468164794007,0.503184713375796,1.46268656716418,1.4968152866242,0.537313432835821,0.38961038961039,1.04638218923933,1.98144712430427,0.582560296846011,0.603406326034063,2.05839416058394,1.64963503649635,1.09489051094891,0.227340267459138,1.43982169390788,2.24665676077266,0.5037147102526,0.764705882352941,1.30635838150289,1.23529411764706,0.69364161849711,0.507635597682991,1.29752501316482,1.52501316482359,0.669826224328594,0.513141426783479,1.64705882352941,0.823529411764706,1.0162703379224,0.171470805617147,1.18551367331855,1.86548410938655,0.777531411677753,0.330275229357798,1.46840958605664,0.385321100917431,0.531590413943355,0.567567567567568,1.24324324324324,2.18378378378378,0.52972972972973,2.28440366972477,1.57990867579909,1,0.420091324200913,0.0534918276374443,1.62921348314607,1.52897473997028,0.370786516853933
