virus,realm,locus_tag,host,type,shape,AAA,AAC,AAG,AAT,ACA,ACC,ACG,ACT,AGA,AGC,AGG,AGT,ATA,ATC,ATG,ATT,CAA,CAC,CAG,CAT,CCA,CCC,CCG,CCT,CGA,CGC,CGG,CGT,CTA,CTC,CTG,CTT,GAA,GAC,GAG,GAT,GCA,GCC,GCG,GCT,GGA,GGC,GGG,GGT,GTA,GTC,GTG,GTT,TAA,TAC,TAG,TAT,TCA,TCC,TCG,TCT,TGA,TGC,TGG,TGT,TTA,TTC,TTG,TTT
Mycobacterium phage Mulciber,Duplodnaviria,PBI,bacteria,DNA,linear,0.194225721784777,1.88108108108108,1.80577427821522,0.118918918918919,0.263498920086393,2.24190064794816,1.25269978401728,0.241900647948164,0.169332079021637,1.54609929078014,0.507996237064911,0.24822695035461,0.0402930402930403,2.7985347985348,1,0.161172161172161,0.188679245283019,1.79036827195467,1.81132075471698,0.209631728045326,0.384615384615385,1.05882352941176,2.19457013574661,0.361990950226244,0.801505174035748,2.0376293508937,1.7892756349953,0.694261523988711,0.0994724943481537,1.9758854559156,3.10173323285607,0.244159758854559,0.407438715131023,1.66984732824427,1.59256128486898,0.330152671755725,0.482450542437779,1.79451180599872,1.26100829610721,0.462029355456286,0.426459143968872,2.2692607003891,0.62568093385214,0.678599221789883,0.131904369332234,2.11046990931575,1.38499587798846,0.372629843363561,0.428571428571429,1.91836734693878,0.397959183673469,0.0816326530612245,0.326241134751773,1.35460992907801,2.15602836879433,0.368794326241135,2.1734693877551,1.6510067114094,1,0.348993288590604,0.0226073850791258,1.92592592592593,0.556141672946496,0.0740740740740741
