virus,realm,locus_tag,host,type,shape,AAA,AAC,AAG,AAT,ACA,ACC,ACG,ACT,AGA,AGC,AGG,AGT,ATA,ATC,ATG,ATT,CAA,CAC,CAG,CAT,CCA,CCC,CCG,CCT,CGA,CGC,CGG,CGT,CTA,CTC,CTG,CTT,GAA,GAC,GAG,GAT,GCA,GCC,GCG,GCT,GGA,GGC,GGG,GGT,GTA,GTC,GTG,GTT,TAA,TAC,TAG,TAT,TCA,TCC,TCG,TCT,TGA,TGC,TGG,TGT,TTA,TTC,TTG,TTT
Mycobacterium phage Wanda,Duplodnaviria,N857,bacteria,DNA,linear,0.518142235123367,1.46608695652174,1.48185776487663,0.533913043478261,0.374233128834356,2.10224948875256,1.15132924335378,0.372188139059305,0.245161290322581,1.39873417721519,0.699354838709677,0.411392405063291,0.167466986794718,2.15366146458583,1,0.678871548619448,0.481549815498155,1.32394366197183,1.51845018450184,0.676056338028169,0.376796168174561,1.51995742416179,1.69664715274082,0.406599254922831,0.616774193548387,2.41806451612903,1.46838709677419,0.552258064516129,0.356371490280778,1.8207343412527,2.07127429805616,0.699784017278618,0.687683900798655,1.31581332125057,1.31231609920135,0.684186678749434,0.454300269703326,1.77165118369793,1.29457596643692,0.479472580161822,0.471211118464593,1.93249503639974,0.922567835870285,0.673726009265387,0.277551020408163,1.51183673469388,1.50040816326531,0.710204081632653,0.75,1.50624399615754,0.3875,0.493756003842459,0.427215189873418,1.7120253164557,1.5379746835443,0.512658227848101,1.8625,1.64796905222437,1,0.352030947775629,0.131749460043197,1.60500446827525,0.920086393088553,0.394995531724754
