virus,realm,host,locus_tag,AAA,AAC,AAG,AAT,ACA,ACC,ACG,ACT,AGA,AGC,AGG,AGT,ATA,ATC,ATG,ATT,CAA,CAC,CAG,CAT,CCA,CCC,CCG,CCT,CGA,CGC,CGG,CGT,CTA,CTC,CTG,CTT,GAA,GAC,GAG,GAT,GCA,GCC,GCG,GCT,GGA,GGC,GGG,GGT,GTA,GTC,GTG,GTT,TAA,TAC,TAG,TAT,TCA,TCC,TCG,TCT,TGA,TGC,TGG,TGT,TTA,TTC,TTG,TTT
Mycobacterium phage ZoeJ,Duplodnaviria,bacteria,PBI,0.239095315024233,1.78151260504202,1.76090468497577,0.218487394957983,0.288739172281039,1.77478344562079,1.70163618864293,0.234841193455245,0.0229182582123759,2.20421753607103,0.238349885408709,0.159822419533851,0.140762463343109,2.26099706744868,1,0.598240469208211,0.336734693877551,1.78654292343387,1.66326530612245,0.213457076566125,0.119922630560928,1.24177949709865,2.38297872340426,0.25531914893617,0.160427807486631,3.59816653934301,1.55385790679908,0.426279602750191,0.143712574850299,1.96806387225549,3.32534930139721,0.259481037924152,0.219392752203722,1.80579216354344,1.78060724779628,0.194207836456559,0.237936772046589,1.82695507487521,1.70382695507488,0.231281198003328,0.102756892230576,2.99498746867168,0.568922305764411,0.333333333333333,0.0906515580736544,1.77620396600567,1.86118980169972,0.271954674220963,0.554347826086957,1.68292682926829,0.456521739130435,0.317073170731707,0.2330743618202,0.332963374028857,2.85016648168701,0.219755826859046,1.98913043478261,1.89423076923077,1,0.105769230769231,0.0479041916167665,1.76050420168067,0.255489021956088,0.239495798319328
