virus,realm,locus_tag,host,type,shape,AAA,AAC,AAG,AAT,ACA,ACC,ACG,ACT,AGA,AGC,AGG,AGT,ATA,ATC,ATG,ATT,CAA,CAC,CAG,CAT,CCA,CCC,CCG,CCT,CGA,CGC,CGG,CGT,CTA,CTC,CTG,CTT,GAA,GAC,GAG,GAT,GCA,GCC,GCG,GCT,GGA,GGC,GGG,GGT,GTA,GTC,GTG,GTT,TAA,TAC,TAG,TAT,TCA,TCC,TCG,TCT,TGA,TGC,TGG,TGT,TTA,TTC,TTG,TTT
Mycobacterium phage JackSparrow,Duplodnaviria,JMN66,bacteria,DNA,linear,0.452599388379205,1.89328063241107,1.5474006116208,0.106719367588933,0.236710130391174,2.07823470411234,1.28786359077232,0.397191574724172,0.168168168168168,1.00105596620908,0.384384384384384,0.152059134107709,0.0608365019011407,2.78707224334601,1,0.152091254752852,0.209072978303748,1.74683544303797,1.79092702169625,0.253164556962025,0.160566706021251,0.977567886658796,2.29988193624557,0.56198347107438,0.516516516516517,2.37237237237237,1.85585585585586,0.702702702702703,0.239114391143911,1.81549815498155,3.26346863468635,0.230258302583026,0.388781431334623,1.64126394052045,1.61121856866538,0.358736059479554,0.328589909443726,1.21086675291074,1.52393272962484,0.936610608020699,0.448598130841121,1.80877066858375,0.92020129403307,0.822429906542056,0.259567387687188,2.04991680532446,1.34109816971714,0.349417637271215,0.483870967741935,1.87637969094923,0.483870967741935,0.123620309050773,0.310454065469905,1.62196409714889,2.33790918690602,0.576557550158395,2.03225806451613,1.77142857142857,1,0.228571428571429,0.0575645756457565,1.87624750499002,0.39409594095941,0.12375249500998
