virus,realm,host,locus_tag,AAA,AAC,AAG,AAT,ACA,ACC,ACG,ACT,AGA,AGC,AGG,AGT,ATA,ATC,ATG,ATT,CAA,CAC,CAG,CAT,CCA,CCC,CCG,CCT,CGA,CGC,CGG,CGT,CTA,CTC,CTG,CTT,GAA,GAC,GAG,GAT,GCA,GCC,GCG,GCT,GGA,GGC,GGG,GGT,GTA,GTC,GTG,GTT,TAA,TAC,TAG,TAT,TCA,TCC,TCG,TCT,TGA,TGC,TGG,TGT,TTA,TTC,TTG,TTT
Mycobacterium phage BillKnuckles,Duplodnaviria,bacteria,CM11,0.416289592760181,1.85882352941176,1.58371040723982,0.141176470588235,0.280155642023346,2.1556420233463,1.23735408560311,0.326848249027237,0.176470588235294,1.0314465408805,0.401622718052738,0.150943396226415,0.0717884130982368,2.7544080604534,1,0.173803526448363,0.207692307692308,1.70414201183432,1.79230769230769,0.29585798816568,0.158693115519253,0.961493582263711,2.25437572928821,0.625437572928822,0.63894523326572,2.30020283975659,1.81338742393509,0.669371196754564,0.257724189902035,1.70911831198191,3.24642049736247,0.293896006028636,0.401536983669548,1.65986394557823,1.59846301633045,0.340136054421769,0.275078864353312,1.27192429022082,1.62523659305994,0.827760252365931,0.445074415308292,1.83416017009213,0.90148830616584,0.819277108433735,0.271244635193133,1.95364806866953,1.39742489270386,0.377682403433476,0.488372093023256,1.84742268041237,0.418604651162791,0.152577319587629,0.270440251572327,1.59119496855346,2.45911949685535,0.49685534591195,2.09302325581395,1.80701754385965,1,0.192982456140351,0.0406932931424265,1.88492063492063,0.452147701582517,0.115079365079365
