virus,realm,host,locus_tag,AAA,AAC,AAG,AAT,ACA,ACC,ACG,ACT,AGA,AGC,AGG,AGT,ATA,ATC,ATG,ATT,CAA,CAC,CAG,CAT,CCA,CCC,CCG,CCT,CGA,CGC,CGG,CGT,CTA,CTC,CTG,CTT,GAA,GAC,GAG,GAT,GCA,GCC,GCG,GCT,GGA,GGC,GGG,GGT,GTA,GTC,GTG,GTT,TAA,TAC,TAG,TAT,TCA,TCC,TCG,TCT,TGA,TGC,TGG,TGT,TTA,TTC,TTG,TTT
Mycobacterium phage Estes,NA,NA,J4U03,0.084348641049672,1.69575471698113,1.91565135895033,0.304245283018868,0.246112237998648,1.96078431372549,1.00338066260987,0.789722785665991,0.10155721056195,1.43303571428571,0.259986459038592,0.428571428571429,0.0281329923273657,2.53964194373402,1,0.432225063938619,0.1240478781284,1.55945419103314,1.8759521218716,0.440545808966862,0.615643397813288,1.06644238856182,1.62489486963835,0.693019343986543,0.576844955991875,2.41299932295193,1.16587677725118,1.48273527420447,0.275932549821155,1.50229943791518,3.19775166070516,0.447623914154318,0.342215988779804,1.4341226472374,1.6577840112202,0.565877352762599,0.564016736401674,1.41924686192469,1.2234309623431,0.793305439330544,0.484909456740443,1.92756539235412,0.505030181086519,1.08249496981891,0.232478632478632,1.65925925925926,1.59316239316239,0.515099715099715,0.397350993377483,1.8019801980198,0.47682119205298,0.198019801980198,0.325892857142857,1.29017857142857,2.15625,0.366071428571429,2.12582781456954,1.53246753246753,1,0.467532467532468,0.0214614205416454,1.88518024032043,0.554931016862545,0.114819759679573
