virus,realm,locus_tag,host,type,shape,AAA,AAC,AAG,AAT,ACA,ACC,ACG,ACT,AGA,AGC,AGG,AGT,ATA,ATC,ATG,ATT,CAA,CAC,CAG,CAT,CCA,CCC,CCG,CCT,CGA,CGC,CGG,CGT,CTA,CTC,CTG,CTT,GAA,GAC,GAG,GAT,GCA,GCC,GCG,GCT,GGA,GGC,GGG,GGT,GTA,GTC,GTG,GTT,TAA,TAC,TAG,TAT,TCA,TCC,TCG,TCT,TGA,TGC,TGG,TGT,TTA,TTC,TTG,TTT
Mycobacterium phage Jeffabunny,Duplodnaviria,FGG36,bacteria,DNA,linear,0.161879895561358,1.8544776119403,1.83812010443864,0.145522388059701,0.456641053787047,2.0417124039517,1.1152579582876,0.386388583973655,0.278761061946903,1.4803337306317,0.716814159292035,0.32896305125149,0.0984848484848485,2.67045454545455,1,0.231060606060606,0.304182509505703,1.7248322147651,1.6958174904943,0.275167785234899,0.523754345307068,1.07531865585168,1.77520278099652,0.625724217844728,0.982300884955752,1.75884955752212,1.39380530973451,0.869469026548673,0.221311475409836,1.92295081967213,2.95573770491803,0.447540983606557,0.480842911877395,1.55303810504634,1.51915708812261,0.446961894953656,0.677263303386316,1.46233586731168,1.07532826537664,0.785072563925363,0.673323823109843,1.8830242510699,0.693295292439372,0.750356633380884,0.303300624442462,1.91614629794826,1.27386262265834,0.506690454950937,0.391304347826087,1.80888888888889,0.456521739130435,0.191111111111111,0.386174016686532,1.2657926102503,1.880810488677,0.65792610250298,2.15217391304348,1.54166666666667,1,0.458333333333333,0.039344262295082,1.92248062015504,0.413114754098361,0.0775193798449612
