virus,realm,locus_tag,host,type,shape,AAA,AAC,AAG,AAT,ACA,ACC,ACG,ACT,AGA,AGC,AGG,AGT,ATA,ATC,ATG,ATT,CAA,CAC,CAG,CAT,CCA,CCC,CCG,CCT,CGA,CGC,CGG,CGT,CTA,CTC,CTG,CTT,GAA,GAC,GAG,GAT,GCA,GCC,GCG,GCT,GGA,GGC,GGG,GGT,GTA,GTC,GTG,GTT,TAA,TAC,TAG,TAT,TCA,TCC,TCG,TCT,TGA,TGC,TGG,TGT,TTA,TTC,TTG,TTT
Mycobacterium phage Piro94,Duplodnaviria,AVV38,bacteria,DNA,linear,0.129032258064516,1.90706319702602,1.87096774193548,0.0929368029739777,0.262891809908999,2.20424671385238,1.3427704752275,0.190091001011122,0.241095890410959,1.68,0.542465753424658,0.192,0.0648030495552732,2.79034307496823,1,0.144853875476493,0.201005025125628,1.73088685015291,1.79899497487437,0.269113149847095,0.346846846846847,1.25225225225225,2.02252252252252,0.378378378378378,0.728767123287671,2.30684931506849,1.60547945205479,0.575342465753425,0.141802067946824,2.22451994091581,2.93353028064993,0.292466765140325,0.458369098712446,1.67450980392157,1.54163090128755,0.325490196078431,0.586699813548788,1.55873213175886,1.22063393412057,0.633934120571784,0.553516819571865,2.23853211009174,0.63302752293578,0.574923547400612,0.173617021276596,2.19234042553191,1.2868085106383,0.347234042553192,0.382978723404255,1.91139240506329,0.414893617021277,0.0886075949367089,0.432,1.22742857142857,2.07085714285714,0.397714285714286,2.20212765957447,1.7027027027027,1,0.297297297297297,0,1.93320964749536,0.40768094534712,0.0667903525046382
