virus,realm,locus_tag,host,type,shape,AAA,AAC,AAG,AAT,ACA,ACC,ACG,ACT,AGA,AGC,AGG,AGT,ATA,ATC,ATG,ATT,CAA,CAC,CAG,CAT,CCA,CCC,CCG,CCT,CGA,CGC,CGG,CGT,CTA,CTC,CTG,CTT,GAA,GAC,GAG,GAT,GCA,GCC,GCG,GCT,GGA,GGC,GGG,GGT,GTA,GTC,GTG,GTT,TAA,TAC,TAG,TAT,TCA,TCC,TCG,TCT,TGA,TGC,TGG,TGT,TTA,TTC,TTG,TTT
Mycobacterium phage Equemioh13,Duplodnaviria,PBI,bacteria,DNA,linear,0.11183355006502,1.88623853211009,1.88816644993498,0.113761467889908,0.247213779128673,2.19250253292806,1.35764944275583,0.202634245187437,0.226822682268227,1.6993006993007,0.572457245724572,0.202797202797203,0.0456273764258555,2.80228136882129,1,0.152091254752852,0.214405360134003,1.71929824561404,1.785594639866,0.280701754385965,0.305961754780652,1.28233970753656,2.0562429696288,0.355455568053993,0.766876687668767,2.2952295229523,1.59315931593159,0.545454545454545,0.131964809384164,2.2741935483871,2.9692082111437,0.255131964809384,0.455256298870547,1.67327667610954,1.54474370112945,0.326723323890463,0.561142147734326,1.5592799503414,1.243947858473,0.635630043451272,0.479631053036126,2.2782475019216,0.66717909300538,0.574942352036895,0.179054054054054,2.16216216216216,1.34459459459459,0.314189189189189,0.375,1.87136929460581,0.4375,0.128630705394191,0.412587412587413,1.32867132867133,2.01398601398601,0.342657342657343,2.1875,1.7887323943662,1,0.211267605633803,0,1.94881170018282,0.36950146627566,0.0511882998171846
