virus,realm,locus_tag,host,type,shape,AAA,AAC,AAG,AAT,ACA,ACC,ACG,ACT,AGA,AGC,AGG,AGT,ATA,ATC,ATG,ATT,CAA,CAC,CAG,CAT,CCA,CCC,CCG,CCT,CGA,CGC,CGG,CGT,CTA,CTC,CTG,CTT,GAA,GAC,GAG,GAT,GCA,GCC,GCG,GCT,GGA,GGC,GGG,GGT,GTA,GTC,GTG,GTT,TAA,TAC,TAG,TAT,TCA,TCC,TCG,TCT,TGA,TGC,TGG,TGT,TTA,TTC,TTG,TTT
Mycobacterium phage JacAttac,Duplodnaviria,CL95,bacteria,DNA,linear,0.349056603773585,1.71799027552674,1.65094339622642,0.282009724473258,0.338983050847458,2.46414602346806,1.03520208604954,0.161668839634941,0.0933062880324544,2.06954887218045,0.283975659229209,0.191729323308271,0.096,2.616,1,0.288,0.3725782414307,1.70629370629371,1.6274217585693,0.293706293706294,0.242057488653555,1.48865355521936,1.95461422087746,0.314674735249622,0.551724137931034,2.60040567951318,1.59026369168357,0.880324543610548,0.167247386759582,3.06620209059233,2.06620209059233,0.278745644599303,0.263910969793323,1.48972360028349,1.73608903020668,0.510276399716513,0.404408969973394,1.84112504751045,1.45648042569365,0.297985556822501,0.305182341650672,2.25335892514395,0.560460652591171,0.880998080614203,0.159516616314199,1.93353474320242,1.70392749244713,0.203021148036254,0.470588235294118,1.69114877589454,0.588235294117647,0.308851224105461,0.338345864661654,0.704887218045113,2.49812030075188,0.197368421052632,1.94117647058824,1.76666666666667,1,0.233333333333333,0.0139372822299652,1.80606060606061,0.407665505226481,0.193939393939394
