virus,realm,locus_tag,host,type,shape,AAA,AAC,AAG,AAT,ACA,ACC,ACG,ACT,AGA,AGC,AGG,AGT,ATA,ATC,ATG,ATT,CAA,CAC,CAG,CAT,CCA,CCC,CCG,CCT,CGA,CGC,CGG,CGT,CTA,CTC,CTG,CTT,GAA,GAC,GAG,GAT,GCA,GCC,GCG,GCT,GGA,GGC,GGG,GGT,GTA,GTC,GTG,GTT,TAA,TAC,TAG,TAT,TCA,TCC,TCG,TCT,TGA,TGC,TGG,TGT,TTA,TTC,TTG,TTT
Mycobacterium phage Stinger,Duplodnaviria,STINGER,bacteria,DNA,linear,0.117103235747304,1.8018018018018,1.8828967642527,0.198198198198198,0.219527760051053,2.55520102105935,1.06700701978302,0.158264199106573,0.00843881856540084,3.82315405651778,0.181434599156118,0.3281677301732,0.0411899313501144,2.46796338672769,1,0.490846681922197,0.1025,1.59529411764706,1.8975,0.404705882352941,0.231263383297645,1.58458244111349,1.93861527480371,0.245538900785153,0.206751054852321,3.38818565400844,1.64556962025316,0.569620253164557,0.0559824368825467,0.879253567508233,4.56750823271131,0.174533479692645,0.338436744560838,1.79338842975207,1.66156325543916,0.206611570247934,0.3363446838082,2.22515635858235,1.1410701876303,0.297428769979152,0.180574555403557,2.65025079799362,0.581851345189239,0.587323301413589,0.22184493491794,1.03452178834182,2.53084323712507,0.212790039615167,0.505263157894737,1.77514792899408,0.568421052631579,0.224852071005917,0.103919781221513,0.743846855059253,0.962625341841386,0.0382862351868733,1.92631578947368,1.76068376068376,1,0.239316239316239,0.00329308452250274,1.83032490974729,0.319429198682766,0.169675090252708
