virus,realm,host,locus_tag,AAA,AAC,AAG,AAT,ACA,ACC,ACG,ACT,AGA,AGC,AGG,AGT,ATA,ATC,ATG,ATT,CAA,CAC,CAG,CAT,CCA,CCC,CCG,CCT,CGA,CGC,CGG,CGT,CTA,CTC,CTG,CTT,GAA,GAC,GAG,GAT,GCA,GCC,GCG,GCT,GGA,GGC,GGG,GGT,GTA,GTC,GTG,GTT,TAA,TAC,TAG,TAT,TCA,TCC,TCG,TCT,TGA,TGC,TGG,TGT,TTA,TTC,TTG,TTT
Mycobacterium phage Turj99,Duplodnaviria,bacteria,PBI,0.421705426356589,1.91056910569106,1.57829457364341,0.0894308943089431,0.265107212475634,2.04678362573099,1.364522417154,0.323586744639376,0.195459032576505,0.967334035827186,0.444225074037512,0.13277133825079,0.0949367088607595,2.74177215189873,1,0.163291139240506,0.244186046511628,1.75641025641026,1.75581395348837,0.243589743589744,0.198198198198198,0.900900900900901,2.27027027027027,0.630630630630631,0.544916090819348,2.3751233958539,1.69990128331688,0.740375123395854,0.285296269202634,1.7205559619605,3.32699341623994,0.298463789319678,0.366920152091255,1.6721629485936,1.63307984790875,0.327837051406402,0.346849656893325,1.20274485339988,1.53711790393013,0.913287585776669,0.38421444527178,1.81980640357409,0.973938942665674,0.822040208488459,0.290598290598291,1.97948717948718,1.4017094017094,0.328205128205128,0.523255813953488,1.8351409978308,0.348837209302326,0.164859002169197,0.328767123287671,1.63119072708114,2.45943097997893,0.480505795574289,2.12790697674419,1.8018018018018,1,0.198198198198198,0.0263350402340892,1.89041095890411,0.34235552304316,0.10958904109589
