virus,realm,locus_tag,host,type,shape,AAA,AAC,AAG,AAT,ACA,ACC,ACG,ACT,AGA,AGC,AGG,AGT,ATA,ATC,ATG,ATT,CAA,CAC,CAG,CAT,CCA,CCC,CCG,CCT,CGA,CGC,CGG,CGT,CTA,CTC,CTG,CTT,GAA,GAC,GAG,GAT,GCA,GCC,GCG,GCT,GGA,GGC,GGG,GGT,GTA,GTC,GTG,GTT,TAA,TAC,TAG,TAT,TCA,TCC,TCG,TCT,TGA,TGC,TGG,TGT,TTA,TTC,TTG,TTT
Mycobacterium phage Bipolar,Duplodnaviria,PBI,bacteria,DNA,linear,0.708823529411765,1.59800664451827,1.29117647058824,0.401993355481728,0.501189532117367,1.83029341792228,1.22125297383029,0.447264076130056,0.154195011337868,1.04805914972274,0.503401360544218,0.404805914972274,0.119565217391304,2.23550724637681,1,0.644927536231884,0.518181818181818,1.42105263157895,1.48181818181818,0.578947368421053,0.45096241979835,1.0852428964253,1.88450962419798,0.579285059578369,0.625850340136054,2.11791383219955,1.52380952380952,1.07482993197279,0.258992805755396,1.57122302158273,2.20143884892086,0.457553956834532,0.734402852049911,1.30721003134796,1.26559714795009,0.692789968652038,0.504468718967229,1.31678252234359,1.5253227408143,0.653426017874876,0.48816029143898,1.61991499696418,0.830601092896175,1.06132361870067,0.173913043478261,1.1781206171108,1.90462833099579,0.743338008415147,0.339622641509434,1.42372881355932,0.39622641509434,0.576271186440678,0.548983364140481,1.24214417744917,2.17375231053604,0.582255083179298,2.26415094339623,1.54260089686099,1,0.457399103139013,0.0517985611510791,1.6203007518797,1.4589928057554,0.379699248120301
