virus,realm,locus_tag,host,type,shape,AAA,AAC,AAG,AAT,ACA,ACC,ACG,ACT,AGA,AGC,AGG,AGT,ATA,ATC,ATG,ATT,CAA,CAC,CAG,CAT,CCA,CCC,CCG,CCT,CGA,CGC,CGG,CGT,CTA,CTC,CTG,CTT,GAA,GAC,GAG,GAT,GCA,GCC,GCG,GCT,GGA,GGC,GGG,GGT,GTA,GTC,GTG,GTT,TAA,TAC,TAG,TAT,TCA,TCC,TCG,TCT,TGA,TGC,TGG,TGT,TTA,TTC,TTG,TTT
Mycobacterium phage Urkel,Duplodnaviria,I5H07,bacteria,DNA,linear,0.212634822804314,1.64658634538153,1.78736517719569,0.353413654618474,0.355885078776645,1.49768303985171,1.80908248378128,0.337349397590361,0.0043827611395179,1.92202318229715,0.245434623813002,0.366701791359326,0.0909090909090909,2.16942148760331,1,0.739669421487603,0.293929712460064,1.67464114832536,1.70607028753994,0.325358851674641,0.208760484622554,1.08853681267474,2.3336439888164,0.3690587138863,0.33308984660336,2.90577063550037,1.66983199415632,0.841490138787436,0.122998078155029,1.89109545163357,3.07110826393338,0.349775784753363,0.31294964028777,1.65,1.68705035971223,0.35,0.463603090687271,1.49166327775519,1.54046360309069,0.504270028466856,0.195639363582793,2.61402474955804,0.577489687684149,0.612846199175015,0.161056105610561,1.59471947194719,1.82178217821782,0.422442244224422,0.402061855670103,1.58202247191011,0.680412371134021,0.417977528089888,0.297154899894626,0.556375131717597,2.45310853530032,0.40463645943098,1.91752577319588,1.76146788990826,1,0.238532110091743,0.0230621396540679,1.64562118126273,0.541960281870596,0.354378818737271
