virus,realm,host,locus_tag,AAA,AAC,AAG,AAT,ACA,ACC,ACG,ACT,AGA,AGC,AGG,AGT,ATA,ATC,ATG,ATT,CAA,CAC,CAG,CAT,CCA,CCC,CCG,CCT,CGA,CGC,CGG,CGT,CTA,CTC,CTG,CTT,GAA,GAC,GAG,GAT,GCA,GCC,GCG,GCT,GGA,GGC,GGG,GGT,GTA,GTC,GTG,GTT,TAA,TAC,TAG,TAT,TCA,TCC,TCG,TCT,TGA,TGC,TGG,TGT,TTA,TTC,TTG,TTT
Mycobacterium phage Marshawn,Duplodnaviria,bacteria,I5H02,0.115384615384615,1.78242677824268,1.88461538461538,0.217573221757322,0.22360248447205,1.59361135758651,2.01242236024845,0.17036379769299,0.00443458980044346,1.95851528384279,0.274944567627494,0.262008733624454,0.117052023121387,2.48410404624277,1,0.398843930635838,0.203735144312394,1.75598086124402,1.79626485568761,0.244019138755981,0.120640904806786,1.40245051837889,2.24316682375118,0.233741753063148,0.257206208425721,2.980044345898,1.81374722838137,0.669623059866962,0.0834386852085967,2.18457648546144,3.22376738305942,0.189633375474083,0.189035916824197,1.65838011226945,1.8109640831758,0.341619887730553,0.366230677764566,1.59651208878319,1.69797859690844,0.339278636543797,0.107206670637284,2.54437164979154,0.752829064919595,0.595592614651578,0.0958549222797927,1.66062176165803,1.98963730569948,0.253886010362694,0.347368421052632,1.76201372997712,0.91578947368421,0.237986270022883,0.281659388646288,0.399563318777293,2.85589519650655,0.24235807860262,1.73684210526316,1.85436893203884,1,0.145631067961165,0.0151706700379267,1.65302144249513,0.303413400758534,0.346978557504873
