virus,realm,locus_tag,host,type,shape,AAA,AAC,AAG,AAT,ACA,ACC,ACG,ACT,AGA,AGC,AGG,AGT,ATA,ATC,ATG,ATT,CAA,CAC,CAG,CAT,CCA,CCC,CCG,CCT,CGA,CGC,CGG,CGT,CTA,CTC,CTG,CTT,GAA,GAC,GAG,GAT,GCA,GCC,GCG,GCT,GGA,GGC,GGG,GGT,GTA,GTC,GTG,GTT,TAA,TAC,TAG,TAT,TCA,TCC,TCG,TCT,TGA,TGC,TGG,TGT,TTA,TTC,TTG,TTT
Mycobacterium phage Zetzy,Duplodnaviria,KIJ59,bacteria,DNA,linear,0.135338345864662,1.9047619047619,1.86466165413534,0.0952380952380952,0.238470191226097,2.03824521934758,1.43082114735658,0.292463442069741,0.192384769539078,1.536,0.541082164328657,0.192,0.0464135021097046,2.74261603375527,1,0.210970464135021,0.2478184991274,1.71061093247588,1.7521815008726,0.289389067524116,0.43680981595092,1.19754601226994,2.01717791411043,0.348466257668712,0.625250501002004,2.18837675350701,1.8877755511022,0.565130260521042,0.179611650485437,2.04854368932039,3.04854368932039,0.286407766990291,0.424849699398798,1.68214654282766,1.5751503006012,0.317853457172343,0.499665998663995,1.51503006012024,1.38677354709419,0.598530394121576,0.417910447761194,2.26865671641791,0.609583660644148,0.703849175176748,0.131208997188379,2.23805060918463,1.33458294283037,0.296157450796626,0.518518518518518,1.91807228915663,0.222222222222222,0.0819277108433735,0.392,1.36,2.192,0.328,2.25925925925926,1.66371681415929,1,0.336283185840708,0.0145631067961165,1.92857142857143,0.422330097087379,0.0714285714285714
