virus,realm,locus_tag,host,type,shape,AAA,AAC,AAG,AAT,ACA,ACC,ACG,ACT,AGA,AGC,AGG,AGT,ATA,ATC,ATG,ATT,CAA,CAC,CAG,CAT,CCA,CCC,CCG,CCT,CGA,CGC,CGG,CGT,CTA,CTC,CTG,CTT,GAA,GAC,GAG,GAT,GCA,GCC,GCG,GCT,GGA,GGC,GGG,GGT,GTA,GTC,GTG,GTT,TAA,TAC,TAG,TAT,TCA,TCC,TCG,TCT,TGA,TGC,TGG,TGT,TTA,TTC,TTG,TTT
Mycobacterium phage Courthouse,Duplodnaviria,CM09,bacteria,DNA,linear,0.548083875632683,1.43439716312057,1.45191612436732,0.565602836879433,0.374609781477627,2.13111342351717,1.11758584807492,0.376690946930281,0.226847918436703,1.50079491255962,0.550552251486831,0.422893481717011,0.17239336492891,2.24289099526066,1,0.584715639810427,0.479465138490926,1.38042131350682,1.52053486150907,0.619578686493185,0.38562091503268,1.48583877995643,1.73856209150327,0.389978213507625,0.627017841971113,2.69413763806287,1.37892948173322,0.522514868309261,0.385120350109409,2.04595185995624,1.94967177242888,0.669584245076586,0.703919933277731,1.34542237947811,1.29608006672227,0.654577620521893,0.477064220183486,1.75081385025155,1.31636578869488,0.45575614087008,0.490009826400262,1.97576154602031,0.838519489027186,0.695709138552244,0.295623451692816,1.53757225433526,1.48472336911643,0.682080924855491,0.672199170124481,1.48222424794895,0.435684647302905,0.517775752051048,0.445151033386327,1.56756756756757,1.5516693163752,0.511923688394277,1.89211618257261,1.68498168498168,1,0.315018315018315,0.107221006564551,1.64168190127971,0.842450765864333,0.358318098720293
