virus,realm,host,locus_tag,AAA,AAC,AAG,AAT,ACA,ACC,ACG,ACT,AGA,AGC,AGG,AGT,ATA,ATC,ATG,ATT,CAA,CAC,CAG,CAT,CCA,CCC,CCG,CCT,CGA,CGC,CGG,CGT,CTA,CTC,CTG,CTT,GAA,GAC,GAG,GAT,GCA,GCC,GCG,GCT,GGA,GGC,GGG,GGT,GTA,GTC,GTG,GTT,TAA,TAC,TAG,TAT,TCA,TCC,TCG,TCT,TGA,TGC,TGG,TGT,TTA,TTC,TTG,TTT
Mycobacterium phage OSmaximus,Duplodnaviria,bacteria,AVU74,0.386996904024768,1.7125,1.61300309597523,0.2875,0.352185089974293,2.44730077120823,1.03856041131105,0.161953727506427,0.0878828229027963,2.01657458563536,0.279627163781624,0.25414364640884,0.112094395280236,2.59882005899705,1,0.289085545722714,0.360119047619048,1.73120728929385,1.63988095238095,0.26879271070615,0.253874538745387,1.50848708487085,1.93062730627306,0.307011070110701,0.587217043941411,2.60053262316911,1.57390146471372,0.870838881491345,0.172711571675302,3.10880829015544,2.05181347150259,0.283246977547496,0.263856362217018,1.48391608391608,1.73614363778298,0.516083916083916,0.447987851176917,1.82687927107061,1.42293090356872,0.302201974183751,0.316831683168317,2.25742574257426,0.543140028288543,0.882602545968883,0.153293413173653,1.92814371257485,1.69820359281437,0.220359281437126,0.470588235294118,1.68539325842697,0.588235294117647,0.314606741573034,0.38121546961326,0.734806629834254,2.44198895027624,0.171270718232044,1.94117647058824,1.73015873015873,1,0.26984126984127,0.0138169257340242,1.79174852652259,0.369602763385147,0.208251473477407
