virus,realm,locus_tag,host,type,shape,AAA,AAC,AAG,AAT,ACA,ACC,ACG,ACT,AGA,AGC,AGG,AGT,ATA,ATC,ATG,ATT,CAA,CAC,CAG,CAT,CCA,CCC,CCG,CCT,CGA,CGC,CGG,CGT,CTA,CTC,CTG,CTT,GAA,GAC,GAG,GAT,GCA,GCC,GCG,GCT,GGA,GGC,GGG,GGT,GTA,GTC,GTG,GTT,TAA,TAC,TAG,TAT,TCA,TCC,TCG,TCT,TGA,TGC,TGG,TGT,TTA,TTC,TTG,TTT
Mycobacterium phage RockyHorror,Duplodnaviria,FGG57,bacteria,DNA,linear,0.732484076433121,1.61269841269841,1.26751592356688,0.387301587301587,0.537414965986395,1.90816326530612,1.14285714285714,0.41156462585034,0.165690376569038,1.0313339301701,0.461924686192469,0.418979409131603,0.161451814768461,2.24530663329161,1,0.593241551939925,0.54320987654321,1.48448687350835,1.45679012345679,0.515513126491647,0.577617328519856,1.02166064981949,1.87725631768953,0.523465703971119,0.446861924686192,2.04351464435146,1.66694560669456,1.21506276150628,0.302852962692026,1.43087051938552,2.23408924652524,0.478419897585955,0.804832713754647,1.3013698630137,1.19516728624535,0.698630136986301,0.546402502606882,1.27007299270073,1.52659019812304,0.656934306569343,0.449938195302843,1.72558714462299,0.746600741656366,1.0778739184178,0.204081632653061,1.16618075801749,1.86297376093294,0.766763848396501,0.448598130841121,1.46750524109015,0.252336448598131,0.532494758909853,0.612354521038496,1.2354521038496,2.14861235452104,0.553267681289167,2.29906542056075,1.6271186440678,1,0.372881355932203,0.0482809070958303,1.69318181818182,1.50548646671544,0.306818181818182
