virus,realm,host,locus_tag,AAA,AAC,AAG,AAT,ACA,ACC,ACG,ACT,AGA,AGC,AGG,AGT,ATA,ATC,ATG,ATT,CAA,CAC,CAG,CAT,CCA,CCC,CCG,CCT,CGA,CGC,CGG,CGT,CTA,CTC,CTG,CTT,GAA,GAC,GAG,GAT,GCA,GCC,GCG,GCT,GGA,GGC,GGG,GGT,GTA,GTC,GTG,GTT,TAA,TAC,TAG,TAT,TCA,TCC,TCG,TCT,TGA,TGC,TGG,TGT,TTA,TTC,TTG,TTT
Mycobacterium phage Phatniss,Duplodnaviria,bacteria,PHATNISS,0.712871287128713,1.65131578947368,1.28712871287129,0.348684210526316,0.495049504950495,1.75907590759076,1.23102310231023,0.514851485148515,0.151712887438825,1.02823758519961,0.479608482871126,0.356377799415774,0.148631029986962,2.30378096479791,1,0.547588005215124,0.485049833887043,1.44600938967136,1.51495016611296,0.553990610328638,0.438756855575868,1.02742230347349,1.98171846435101,0.552102376599634,0.562805872756933,1.95758564437194,1.70309951060359,1.14518760195759,0.240188383045526,1.43642072213501,2.16640502354788,0.489795918367347,0.818957345971564,1.31768650461023,1.18104265402844,0.682313495389774,0.47244094488189,1.26824146981627,1.57690288713911,0.68241469816273,0.445283018867925,1.58490566037736,0.872955974842767,1.09685534591195,0.212307692307692,1.18153846153846,1.84923076923077,0.756923076923077,0.415841584158416,1.40692640692641,0.415841584158416,0.593073593073593,0.543330087633885,1.31450827653359,2.25511197663096,0.502434274586173,2.16831683168317,1.57709251101322,1,0.422907488986784,0.0753532182103611,1.64492753623188,1.59183673469388,0.355072463768116
