virus,realm,locus_tag,host,type,shape,AAA,AAC,AAG,AAT,ACA,ACC,ACG,ACT,AGA,AGC,AGG,AGT,ATA,ATC,ATG,ATT,CAA,CAC,CAG,CAT,CCA,CCC,CCG,CCT,CGA,CGC,CGG,CGT,CTA,CTC,CTG,CTT,GAA,GAC,GAG,GAT,GCA,GCC,GCG,GCT,GGA,GGC,GGG,GGT,GTA,GTC,GTG,GTT,TAA,TAC,TAG,TAT,TCA,TCC,TCG,TCT,TGA,TGC,TGG,TGT,TTA,TTC,TTG,TTT
Mycobacterium phage QBert,Duplodnaviria,KHO63,bacteria,DNA,linear,0.110227272727273,1.76292559899117,1.88977272727273,0.237074401008827,0.154957321076822,2.87984241628365,0.672357189757058,0.292843072882469,0.0893300248138958,1.90793036750484,0.279156327543424,0.352804642166344,0.0387096774193548,2.70074441687345,1,0.260545905707196,0.125379170879676,1.59190853122252,1.87462082912032,0.408091468777485,0.180807706557984,1.28195628010374,2.18895887365691,0.348277139681363,0.379652605459057,2.63151364764268,1.64516129032258,0.975186104218362,0.0785515320334262,1.67799442896936,3.67186629526462,0.205571030640669,0.304622547389425,1.69511084117826,1.69537745261058,0.304889158821743,0.287445887445887,2.3047619047619,1.01991341991342,0.387878787878788,0.423875887457271,2.4338679989482,0.494346568498554,0.647909545095977,0.114915844457342,2.17875798026698,1.47881601857226,0.227510156703424,0.453333333333333,1.72708187543737,0.533333333333333,0.272918124562631,0.194970986460348,1.40425531914894,1.81508704061896,0.32495164410058,2.01333333333333,1.63387978142077,1,0.366120218579235,0.0133704735376045,1.80191256830601,0.352646239554318,0.198087431693989
