virus,realm,host,locus_tag,AAA,AAC,AAG,AAT,ACA,ACC,ACG,ACT,AGA,AGC,AGG,AGT,ATA,ATC,ATG,ATT,CAA,CAC,CAG,CAT,CCA,CCC,CCG,CCT,CGA,CGC,CGG,CGT,CTA,CTC,CTG,CTT,GAA,GAC,GAG,GAT,GCA,GCC,GCG,GCT,GGA,GGC,GGG,GGT,GTA,GTC,GTG,GTT,TAA,TAC,TAG,TAT,TCA,TCC,TCG,TCT,TGA,TGC,TGG,TGT,TTA,TTC,TTG,TTT
Mycobacterium phage Spud,Duplodnaviria,bacteria,SPUD,0.109172763083849,1.77777777777778,1.89082723691615,0.222222222222222,0.158730158730159,2.84656084656085,0.691798941798942,0.302910052910053,0.0969245107176142,1.87529411764706,0.262814538676608,0.383529411764706,0.040258449304175,2.67644135188867,1,0.283300198807157,0.118488253319714,1.59275237273512,1.88151174668029,0.407247627264884,0.195961106955871,1.28945400149589,2.19147344801795,0.323111443530292,0.38210624417521,2.61696178937558,1.68685927306617,0.954333643988816,0.0819169685149067,1.68013374198941,3.6862635831708,0.192254109779883,0.306829429231277,1.70538922155689,1.69317057076872,0.294610778443114,0.285340314136126,2.30890052356021,1.02705061082024,0.378708551483421,0.407084324610098,2.45307956648163,0.49167327517843,0.648162833729844,0.109748978400467,2.19264448336252,1.48978400467017,0.207822533566842,0.432432432432432,1.71508379888268,0.540540540540541,0.284916201117318,0.188235294117647,1.43058823529412,1.81411764705882,0.308235294117647,2.02702702702703,1.62686567164179,1,0.373134328358209,0.0117024240735581,1.81095890410959,0.347729172471441,0.189041095890411
