virus,realm,locus_tag,host,type,shape,AAA,AAC,AAG,AAT,ACA,ACC,ACG,ACT,AGA,AGC,AGG,AGT,ATA,ATC,ATG,ATT,CAA,CAC,CAG,CAT,CCA,CCC,CCG,CCT,CGA,CGC,CGG,CGT,CTA,CTC,CTG,CTT,GAA,GAC,GAG,GAT,GCA,GCC,GCG,GCT,GGA,GGC,GGG,GGT,GTA,GTC,GTG,GTT,TAA,TAC,TAG,TAT,TCA,TCC,TCG,TCT,TGA,TGC,TGG,TGT,TTA,TTC,TTG,TTT
Mycobacterium phage Che12,Duplodnaviria,Che12p1,bacteria,DNA,linear,0.113256113256113,1.88214285714286,1.88674388674389,0.117857142857143,0.270833333333333,2.15,1.17916666666667,0.4,0.160237388724036,1.40440324449594,0.451038575667656,0.180764774044032,0.0685096153846154,2.74759615384615,1,0.183894230769231,0.28087986463621,1.79130434782609,1.71912013536379,0.208695652173913,0.338285714285714,1.21142857142857,1.97485714285714,0.475428571428571,0.991097922848665,2.1186943620178,1.71513353115727,0.56379821958457,0.127853881278539,2.10045662100457,2.83561643835616,0.305936073059361,0.412087912087912,1.6512315270936,1.58791208791209,0.348768472906404,0.596117720726362,1.51534126487163,1.22479649342517,0.663744520976832,0.529456771231829,2.22494261667942,0.575363427697016,0.670237184391737,0.201173512154233,2.13243922883487,1.30427493713328,0.362112321877619,0.520408163265306,1.91393442622951,0.428571428571429,0.0860655737704918,0.312862108922364,1.4252607184241,2.12746234067207,0.549246813441483,2.05102040816327,1.65753424657534,1,0.342465753424658,0.0136986301369863,1.91238095238095,0.616438356164384,0.0876190476190476
