virus,realm,host,locus_tag,AAA,AAC,AAG,AAT,ACA,ACC,ACG,ACT,AGA,AGC,AGG,AGT,ATA,ATC,ATG,ATT,CAA,CAC,CAG,CAT,CCA,CCC,CCG,CCT,CGA,CGC,CGG,CGT,CTA,CTC,CTG,CTT,GAA,GAC,GAG,GAT,GCA,GCC,GCG,GCT,GGA,GGC,GGG,GGT,GTA,GTC,GTG,GTT,TAA,TAC,TAG,TAT,TCA,TCC,TCG,TCT,TGA,TGC,TGG,TGT,TTA,TTC,TTG,TTT
Mycobacterium phage BTCU-1,Duplodnaviria,bacteria,M614,0.0748663101604278,1.88163265306122,1.92513368983957,0.118367346938776,0.248447204968944,2.06708074534161,1.42111801242236,0.263354037267081,0.147651006711409,1.48351648351648,0.496644295302013,0.239010989010989,0.0278207109737249,2.67078825347759,1,0.301391035548686,0.202578268876611,1.70454545454545,1.79742173112339,0.295454545454545,0.291457286432161,1.17085427135678,2.20603015075377,0.331658291457286,0.697986577181208,1.87919463087248,2.08724832214765,0.691275167785235,0.118385650224215,1.91569506726457,3.43318385650224,0.182959641255605,0.396061269146608,1.73634204275534,1.60393873085339,0.263657957244656,0.518574677786202,1.72251705837756,1.20090978013647,0.557998483699773,0.315789473684211,2.22105263157895,0.652631578947368,0.810526315789474,0.0875621890547264,2.2726368159204,1.3771144278607,0.262686567164179,0.36986301369863,1.92079207920792,0.246575342465753,0.0792079207920792,0.271978021978022,1.32692307692308,2.32417582417582,0.354395604395604,2.38356164383562,1.57894736842105,1,0.421052631578947,0.0161434977578475,1.94816414686825,0.333632286995516,0.0518358531317495
