virus,realm,locus_tag,host,type,shape,AAA,AAC,AAG,AAT,ACA,ACC,ACG,ACT,AGA,AGC,AGG,AGT,ATA,ATC,ATG,ATT,CAA,CAC,CAG,CAT,CCA,CCC,CCG,CCT,CGA,CGC,CGG,CGT,CTA,CTC,CTG,CTT,GAA,GAC,GAG,GAT,GCA,GCC,GCG,GCT,GGA,GGC,GGG,GGT,GTA,GTC,GTG,GTT,TAA,TAC,TAG,TAT,TCA,TCC,TCG,TCT,TGA,TGC,TGG,TGT,TTA,TTC,TTG,TTT
Mycobacterium phage Antsirabe,Duplodnaviria,KDW74,bacteria,DNA,linear,0.225,1.87643020594966,1.775,0.123569794050343,0.20137299771167,1.94965675057208,1.74828375286041,0.100686498855835,0.0348499515972895,1.89861751152074,0.110358180058083,0.165898617511521,0.112012987012987,2.62987012987013,1,0.258116883116883,0.161654135338346,1.83272727272727,1.83834586466165,0.167272727272727,0.206140350877193,0.846491228070175,2.84210526315789,0.105263157894737,0.377541142303969,2.79380445304937,2.4162633107454,0.267182962245886,0.171270718232044,0.933701657458563,4.61325966850829,0.0607734806629834,0.961928934010152,1.80943396226415,1.03807106598985,0.190566037735849,0.256517205422315,1.3096976016684,2.25860271115746,0.175182481751825,0.296507483962937,2.70848182466144,0.721311475409836,0.273699215965788,0.0701754385964912,2.30409356725146,1.43859649122807,0.187134502923977,0.363636363636364,1.74744027303754,0.590909090909091,0.252559726962457,0.110599078341014,1.21658986175115,2.45161290322581,0.15668202764977,2.04545454545455,1.56521739130435,1,0.434782608695652,0.0110497237569061,1.90762124711316,0.209944751381215,0.092378752886836
