virus,realm,locus_tag,host,type,shape,AAA,AAC,AAG,AAT,ACA,ACC,ACG,ACT,AGA,AGC,AGG,AGT,ATA,ATC,ATG,ATT,CAA,CAC,CAG,CAT,CCA,CCC,CCG,CCT,CGA,CGC,CGG,CGT,CTA,CTC,CTG,CTT,GAA,GAC,GAG,GAT,GCA,GCC,GCG,GCT,GGA,GGC,GGG,GGT,GTA,GTC,GTG,GTT,TAA,TAC,TAG,TAT,TCA,TCC,TCG,TCT,TGA,TGC,TGG,TGT,TTA,TTC,TTG,TTT
Mycobacterium phage Bartholomew,Duplodnaviria,I5J45,bacteria,DNA,linear,0.408791208791209,1.77678571428571,1.59120879120879,0.223214285714286,0.331562167906482,2.02337938363443,1.4750265674814,0.170031880977683,0.0439963336388634,1.68301886792453,0.170485792850596,0.188679245283019,0.046801872074883,2.52730109204368,1,0.425897035881435,0.348623853211009,1.76949152542373,1.65137614678899,0.230508474576271,0.258064516129032,1.26021505376344,2.29677419354839,0.18494623655914,0.42346471127406,3.83318056828598,1.1769019248396,0.351970669110907,0.222596964586847,2.53456998313659,2.58516020236088,0.161888701517707,0.40174672489083,1.62786069651741,1.59825327510917,0.372139303482587,0.345276872964169,1.63952225841477,1.73072747014115,0.284473398479913,0.298507462686567,2.15522388059701,0.871641791044776,0.674626865671642,0.128544423440454,1.89413988657845,1.60680529300567,0.370510396975425,0.428571428571429,1.63688760806916,0.272727272727273,0.363112391930836,0.347169811320755,0.70188679245283,2.86037735849057,0.218867924528302,2.2987012987013,1.83561643835616,1,0.164383561643836,0.0202360876897133,1.81990521327014,0.475548060708263,0.180094786729858
