virus,realm,locus_tag,host,type,shape,AAA,AAC,AAG,AAT,ACA,ACC,ACG,ACT,AGA,AGC,AGG,AGT,ATA,ATC,ATG,ATT,CAA,CAC,CAG,CAT,CCA,CCC,CCG,CCT,CGA,CGC,CGG,CGT,CTA,CTC,CTG,CTT,GAA,GAC,GAG,GAT,GCA,GCC,GCG,GCT,GGA,GGC,GGG,GGT,GTA,GTC,GTG,GTT,TAA,TAC,TAG,TAT,TCA,TCC,TCG,TCT,TGA,TGC,TGG,TGT,TTA,TTC,TTG,TTT
Mycobacterium phage LHTSCC,Duplodnaviria,LHTSCC,bacteria,DNA,linear,0.118811881188119,1.88847583643123,1.88118811881188,0.111524163568773,0.373626373626374,1.9032967032967,1.44615384615385,0.276923076923077,0.225806451612903,1.4018691588785,0.639784946236559,0.287383177570093,0.0352020860495437,2.61277705345502,1,0.352020860495437,0.290155440414508,1.72372372372372,1.70984455958549,0.276276276276276,0.340063761955367,1.16046758767269,2.19766206163656,0.301806588735388,0.806451612903226,1.80645161290323,1.83333333333333,0.688172043010753,0.102373887240356,2.36795252225519,2.80860534124629,0.311572700296736,0.424357754519505,1.73481781376518,1.57564224548049,0.265182186234818,0.610381488430269,1.49593495934959,1.31332082551595,0.58036272670419,0.46218487394958,2.0140056022409,0.672268907563025,0.851540616246499,0.210526315789474,2.27437446074202,1.26660914581536,0.248490077653149,0.395604395604396,1.88412017167382,0.296703296703297,0.11587982832618,0.364485981308411,1.4018691588785,2.25,0.294392523364486,2.30769230769231,1.66412213740458,1,0.33587786259542,0.013353115727003,1.96934865900383,0.396142433234421,0.0306513409961686
