virus,realm,host,locus_tag,AAA,AAC,AAG,AAT,ACA,ACC,ACG,ACT,AGA,AGC,AGG,AGT,ATA,ATC,ATG,ATT,CAA,CAC,CAG,CAT,CCA,CCC,CCG,CCT,CGA,CGC,CGG,CGT,CTA,CTC,CTG,CTT,GAA,GAC,GAG,GAT,GCA,GCC,GCG,GCT,GGA,GGC,GGG,GGT,GTA,GTC,GTG,GTT,TAA,TAC,TAG,TAT,TCA,TCC,TCG,TCT,TGA,TGC,TGG,TGT,TTA,TTC,TTG,TTT
Mycobacterium phage Theia,Duplodnaviria,bacteria,AVU87,0.2,1.83804143126177,1.8,0.16195856873823,0.505353319057816,1.55460385438972,1.52462526766595,0.41541755888651,0.297782470960929,1.31098265895954,0.760295670538543,0.312138728323699,0.112923462986198,2.64240903387704,1,0.244667503136763,0.288389513108614,1.62459546925566,1.71161048689139,0.375404530744337,0.428393524283935,0.826899128268991,2.04234122042341,0.702366127023661,0.893347412882788,1.50791974656811,1.55227032734952,0.988384371700106,0.213474640423921,2.03936411809235,2.75700227100681,0.417865253595761,0.562080536912752,1.54561717352415,1.43791946308725,0.45438282647585,0.739541160593792,1.14439946018893,1.18488529014845,0.931174089068826,0.620132255694342,1.83688464364438,0.608376193975018,0.93460690668626,0.263374485596708,1.82716049382716,1.43868312757202,0.470781893004115,0.551724137931034,1.76082474226804,0.517241379310345,0.239175257731959,0.457803468208092,1.34566473988439,1.96994219653179,0.603468208092486,1.93103448275862,1.46376811594203,1,0.536231884057971,0.0272520817562453,1.88148148148148,0.545041635124905,0.118518518518519
