virus,realm,locus_tag,host,type,shape,AAA,AAC,AAG,AAT,ACA,ACC,ACG,ACT,AGA,AGC,AGG,AGT,ATA,ATC,ATG,ATT,CAA,CAC,CAG,CAT,CCA,CCC,CCG,CCT,CGA,CGC,CGG,CGT,CTA,CTC,CTG,CTT,GAA,GAC,GAG,GAT,GCA,GCC,GCG,GCT,GGA,GGC,GGG,GGT,GTA,GTC,GTG,GTT,TAA,TAC,TAG,TAT,TCA,TCC,TCG,TCT,TGA,TGC,TGG,TGT,TTA,TTC,TTG,TTT
Mycobacterium phage TM4,Duplodnaviria,TM4,bacteria,DNA,linear,0.245378151260504,1.73873873873874,1.7546218487395,0.261261261261261,0.29082774049217,1.74049217002237,1.69574944071588,0.272930648769575,0.0154109589041096,2.02692778457772,0.220890410958904,0.25703794369645,0.122065727699531,2.27230046948357,1,0.605633802816901,0.323374340949033,1.74933333333333,1.67662565905097,0.250666666666667,0.172450052576236,1.22818086225026,2.34279705573081,0.256572029442692,0.154109589041096,3.50856164383562,1.61301369863014,0.488013698630137,0.125937031484258,1.80359820089955,3.45427286356822,0.28335832083958,0.21143473570658,1.78947368421053,1.78856526429342,0.210526315789474,0.242595204513399,1.80535966149506,1.68876351669017,0.263281617301363,0.0963172804532578,2.92634560906516,0.597733711048159,0.379603399433428,0.0707395498392283,1.76848874598071,1.90032154340836,0.260450160771704,0.303370786516854,1.67952522255193,0.539325842696629,0.320474777448071,0.27172582619339,0.352509179926561,2.76132190942472,0.330477356181151,2.15730337078652,1.85310734463277,1,0.146892655367232,0.0494752623688156,1.72748267898383,0.28335832083958,0.272517321016166
