virus,realm,host,locus_tag,AAA,AAC,AAG,AAT,ACA,ACC,ACG,ACT,AGA,AGC,AGG,AGT,ATA,ATC,ATG,ATT,CAA,CAC,CAG,CAT,CCA,CCC,CCG,CCT,CGA,CGC,CGG,CGT,CTA,CTC,CTG,CTT,GAA,GAC,GAG,GAT,GCA,GCC,GCG,GCT,GGA,GGC,GGG,GGT,GTA,GTC,GTG,GTT,TAA,TAC,TAG,TAT,TCA,TCC,TCG,TCT,TGA,TGC,TGG,TGT,TTA,TTC,TTG,TTT
Mycobacterium phage Lockley,NA,NA,Lockley,0.443778110944528,1.8968253968254,1.55622188905547,0.103174603174603,0.252803261977574,2.08766564729867,1.34964322120285,0.309887869520897,0.146192893401015,0.934898612593383,0.414213197969543,0.147278548559232,0.0656370656370656,2.74903474903475,1,0.185328185328185,0.270793036750484,1.77777777777778,1.72920696324952,0.222222222222222,0.195899772209567,0.947608200455581,2.26423690205011,0.592255125284738,0.584771573604061,2.33299492385787,1.85177664974619,0.67005076142132,0.335540838852097,1.69977924944812,3.25827814569536,0.269315673289183,0.399619410085633,1.64150943396226,1.60038058991437,0.358490566037736,0.314432989690722,1.18298969072165,1.54896907216495,0.95360824742268,0.406976744186047,1.81395348837209,0.968023255813954,0.811046511627907,0.268936170212766,2.00170212765957,1.40936170212766,0.32,0.433333333333333,1.8326359832636,0.4,0.167364016736402,0.332977588046958,1.6136606189968,2.47171824973319,0.499466382070438,2.16666666666667,1.75471698113208,1,0.245283018867925,0.0309050772626932,1.88446215139442,0.406181015452539,0.115537848605578
