virus,realm,locus_tag,host,type,shape,AAA,AAC,AAG,AAT,ACA,ACC,ACG,ACT,AGA,AGC,AGG,AGT,ATA,ATC,ATG,ATT,CAA,CAC,CAG,CAT,CCA,CCC,CCG,CCT,CGA,CGC,CGG,CGT,CTA,CTC,CTG,CTT,GAA,GAC,GAG,GAT,GCA,GCC,GCG,GCT,GGA,GGC,GGG,GGT,GTA,GTC,GTG,GTT,TAA,TAC,TAG,TAT,TCA,TCC,TCG,TCT,TGA,TGC,TGG,TGT,TTA,TTC,TTG,TTT
Mycobacterium phage Ochi17,Duplodnaviria,KNU45,bacteria,DNA,linear,0.704581358609795,1.62876254180602,1.29541864139021,0.37123745819398,0.523151909017059,1.81965881397238,1.21852152721365,0.438667749796913,0.202143950995406,1.147512864494,0.431852986217458,0.355060034305317,0.138231631382316,2.27521793275218,1,0.586550435865504,0.590015128593041,1.40722891566265,1.40998487140696,0.592771084337349,0.502673796791444,1.01247771836007,1.92513368983957,0.559714795008913,0.735068912710567,1.95252679938744,1.57120980091884,1.10719754977029,0.284879474068663,1.49890430971512,2.12125639152666,0.490869247626004,0.814880425155004,1.25082508250825,1.185119574845,0.749174917491749,0.562344759066071,1.23994038748137,1.54595131644312,0.651763537009439,0.484171322160149,1.68839230291744,0.769708255741775,1.05772811918063,0.199121522693997,1.13909224011713,1.85358711566618,0.808199121522694,0.327272727272727,1.42733188720174,0.354545454545455,0.572668112798265,0.58147512864494,1.22984562607204,2.09433962264151,0.591766723842196,2.31818181818182,1.4811320754717,1,0.518867924528302,0.0876552227903579,1.63604240282686,1.51643535427319,0.363957597173145
