virus,realm,host,locus_tag,AAA,AAC,AAG,AAT,ACA,ACC,ACG,ACT,AGA,AGC,AGG,AGT,ATA,ATC,ATG,ATT,CAA,CAC,CAG,CAT,CCA,CCC,CCG,CCT,CGA,CGC,CGG,CGT,CTA,CTC,CTG,CTT,GAA,GAC,GAG,GAT,GCA,GCC,GCG,GCT,GGA,GGC,GGG,GGT,GTA,GTC,GTG,GTT,TAA,TAC,TAG,TAT,TCA,TCC,TCG,TCT,TGA,TGC,TGG,TGT,TTA,TTC,TTG,TTT
Mycobacterium phage Blue7,Duplodnaviria,bacteria,CL99,0.168704156479218,1.84313725490196,1.83129584352078,0.156862745098039,0.49079754601227,1.95910020449898,1.18609406952965,0.3640081799591,0.247167868177137,1.50337078651685,0.729145211122554,0.289887640449438,0.109090909090909,2.69090909090909,1,0.2,0.259459459459459,1.76073619631902,1.74054054054054,0.239263803680982,0.507865168539326,1.0561797752809,1.8561797752809,0.579775280898876,1.11843460350154,1.73635427394439,1.3470648815654,0.82183316168898,0.223404255319149,1.93313069908815,2.89057750759878,0.410334346504559,0.499108734402852,1.53163361661945,1.50089126559715,0.468366383380548,0.687213114754098,1.47672131147541,1.04655737704918,0.789508196721311,0.713785864240728,1.8222533240028,0.688593421973408,0.775367389783065,0.309787234042553,1.92,1.27659574468085,0.493617021276596,0.349514563106796,1.81115879828326,0.524271844660194,0.188841201716738,0.397752808988764,1.30112359550562,1.89438202247191,0.613483146067416,2.12621359223301,1.44370860927152,1,0.556291390728477,0.0501519756838906,1.92792792792793,0.492401215805471,0.0720720720720721
