virus,realm,locus_tag,host,type,shape,AAA,AAC,AAG,AAT,ACA,ACC,ACG,ACT,AGA,AGC,AGG,AGT,ATA,ATC,ATG,ATT,CAA,CAC,CAG,CAT,CCA,CCC,CCG,CCT,CGA,CGC,CGG,CGT,CTA,CTC,CTG,CTT,GAA,GAC,GAG,GAT,GCA,GCC,GCG,GCT,GGA,GGC,GGG,GGT,GTA,GTC,GTG,GTT,TAA,TAC,TAG,TAT,TCA,TCC,TCG,TCT,TGA,TGC,TGG,TGT,TTA,TTC,TTG,TTT
Mycobacterium phage Kimberlium,Duplodnaviria,SEA,bacteria,DNA,linear,0.714723926380368,1.65188834154351,1.28527607361963,0.348111658456486,0.497041420118343,1.81572273879966,1.24091293322063,0.446322907861369,0.110576923076923,0.975700934579439,0.533653846153846,0.364485981308411,0.168961201501877,2.21526908635795,1,0.615769712140175,0.510172143974961,1.42992874109264,1.48982785602504,0.570071258907363,0.489006156552331,1.05892700087951,1.85751978891821,0.594547053649956,0.557692307692308,2.07211538461538,1.63461538461538,1.09134615384615,0.22972972972973,1.4954954954955,2.09459459459459,0.504504504504504,0.79047619047619,1.30878661087866,1.20952380952381,0.691213389121339,0.515609264853978,1.25881168177241,1.56294058408862,0.662638469284995,0.477356181150551,1.73561811505508,0.783353733170135,1.00367197062423,0.217291507268554,1.11094108645754,1.86381025248661,0.807957153787299,0.371428571428571,1.4389721627409,0.428571428571429,0.561027837259101,0.588785046728972,1.21121495327103,2.31588785046729,0.54392523364486,2.2,1.63793103448276,1,0.362068965517241,0.0810810810810811,1.67045454545455,1.59459459459459,0.329545454545455
