virus,realm,locus_tag,host,type,shape,AAA,AAC,AAG,AAT,ACA,ACC,ACG,ACT,AGA,AGC,AGG,AGT,ATA,ATC,ATG,ATT,CAA,CAC,CAG,CAT,CCA,CCC,CCG,CCT,CGA,CGC,CGG,CGT,CTA,CTC,CTG,CTT,GAA,GAC,GAG,GAT,GCA,GCC,GCG,GCT,GGA,GGC,GGG,GGT,GTA,GTC,GTG,GTT,TAA,TAC,TAG,TAT,TCA,TCC,TCG,TCT,TGA,TGC,TGG,TGT,TTA,TTC,TTG,TTT
Mycobacterium phage Ichabod,Duplodnaviria,JMN64,bacteria,DNA,linear,0.422451994091581,1.93115942028985,1.57754800590842,0.0688405797101449,0.241148325358852,2.09760765550239,1.34354066985646,0.317703349282297,0.125,1.11228813559322,0.369318181818182,0.120762711864407,0.0626535626535627,2.78255528255528,1,0.154791154791155,0.279245283018868,1.7202380952381,1.72075471698113,0.279761904761905,0.154525386313466,0.874172185430464,2.37086092715232,0.600441501103753,0.613636363636364,2.41477272727273,1.76704545454545,0.710227272727273,0.280575539568345,1.73525179856115,3.28920863309353,0.258992805755396,0.382902938557435,1.64940962761126,1.61709706144256,0.350590372388738,0.32086851628468,1.25211097708082,1.52231604342581,0.904704463208685,0.356741573033708,1.8876404494382,0.924157303370786,0.831460674157303,0.229132569558101,2.04582651391162,1.37806873977087,0.346972176759411,0.505263157894737,1.86206896551724,0.284210526315789,0.137931034482759,0.311440677966102,1.55084745762712,2.42796610169492,0.476694915254237,2.21052631578947,1.69491525423729,1,0.305084745762712,0.0474820143884892,1.88235294117647,0.388489208633094,0.117647058823529
