virus,realm,locus_tag,host,type,shape,AAA,AAC,AAG,AAT,ACA,ACC,ACG,ACT,AGA,AGC,AGG,AGT,ATA,ATC,ATG,ATT,CAA,CAC,CAG,CAT,CCA,CCC,CCG,CCT,CGA,CGC,CGG,CGT,CTA,CTC,CTG,CTT,GAA,GAC,GAG,GAT,GCA,GCC,GCG,GCT,GGA,GGC,GGG,GGT,GTA,GTC,GTG,GTT,TAA,TAC,TAG,TAT,TCA,TCC,TCG,TCT,TGA,TGC,TGG,TGT,TTA,TTC,TTG,TTT
Mycobacterium phage Bruin,Duplodnaviria,BRUIN,bacteria,DNA,linear,0.191469194312796,1.67418546365915,1.8085308056872,0.325814536340852,0.329444063143445,2.25120109814688,1.04323953328758,0.3761153054221,0.130434782608696,1.45884146341463,0.469565217391304,0.333841463414634,0.0719769673704415,2.50479846449136,1,0.423224568138196,0.384816753926702,1.59862778730703,1.6151832460733,0.401372212692967,0.463157894736842,1.65182186234818,1.45425101214575,0.430769230769231,0.465217391304348,3.25652173913043,1.06521739130435,0.61304347826087,0.22397476340694,2.56782334384858,2.44794952681388,0.28391167192429,0.552803129074316,1.65971755211836,1.44719687092568,0.340282447881641,0.487928843710292,1.87039390088945,1.18763235916984,0.454044896230411,0.461010299166258,2.32270720941638,0.51397743992153,0.702305051495831,0.18698224852071,2.00710059171598,1.48402366863905,0.32189349112426,0.48936170212766,1.79465541490858,0.574468085106383,0.205344585091421,0.475609756097561,1.90243902439024,1.41310975609756,0.416158536585366,1.93617021276596,1.78983050847458,1,0.210169491525424,0.0347003154574132,1.8200290275762,0.441640378548896,0.179970972423803
