virus,realm,locus_tag,host,type,shape,AAA,AAC,AAG,AAT,ACA,ACC,ACG,ACT,AGA,AGC,AGG,AGT,ATA,ATC,ATG,ATT,CAA,CAC,CAG,CAT,CCA,CCC,CCG,CCT,CGA,CGC,CGG,CGT,CTA,CTC,CTG,CTT,GAA,GAC,GAG,GAT,GCA,GCC,GCG,GCT,GGA,GGC,GGG,GGT,GTA,GTC,GTG,GTT,TAA,TAC,TAG,TAT,TCA,TCC,TCG,TCT,TGA,TGC,TGG,TGT,TTA,TTC,TTG,TTT
Mycobacterium phage KSSJEB,Duplodnaviria,FGG25,bacteria,DNA,linear,0.465753424657534,1.88998035363458,1.53424657534247,0.110019646365422,0.263779527559055,2.03937007874016,1.33858267716535,0.358267716535433,0.134765625,0.974683544303797,0.421875,0.126582278481013,0.0680100755667506,2.76196473551637,1,0.170025188916877,0.285714285714286,1.70897832817337,1.71428571428571,0.291021671826625,0.20293122886133,0.974069898534386,2.25479143179256,0.568207440811725,0.55078125,2.37890625,1.693359375,0.8203125,0.269370021723389,1.72483707458363,3.23244026068067,0.351918899348298,0.404174573055028,1.64595103578154,1.59582542694497,0.354048964218456,0.337202199144777,1.26572999389126,1.48808796579108,0.908979841172877,0.380952380952381,1.92750533049041,0.906894100923952,0.784648187633262,0.234096692111959,1.96098388464801,1.47582697201018,0.329092451229856,0.619565217391304,1.85106382978723,0.293478260869565,0.148936170212766,0.335443037974684,1.67088607594937,2.39240506329114,0.5,2.08695652173913,1.70642201834862,1,0.293577981651376,0.0347574221578566,1.87984496124031,0.386676321506155,0.12015503875969
