virus,realm,locus_tag,host,type,shape,AAA,AAC,AAG,AAT,ACA,ACC,ACG,ACT,AGA,AGC,AGG,AGT,ATA,ATC,ATG,ATT,CAA,CAC,CAG,CAT,CCA,CCC,CCG,CCT,CGA,CGC,CGG,CGT,CTA,CTC,CTG,CTT,GAA,GAC,GAG,GAT,GCA,GCC,GCG,GCT,GGA,GGC,GGG,GGT,GTA,GTC,GTG,GTT,TAA,TAC,TAG,TAT,TCA,TCC,TCG,TCT,TGA,TGC,TGG,TGT,TTA,TTC,TTG,TTT
Mycobacterium phage Filuzino,Duplodnaviria,I5H37,bacteria,DNA,linear,0.665551839464883,1.6120826709062,1.33444816053512,0.3879173290938,0.475675675675676,1.78223938223938,1.31891891891892,0.423166023166023,0.14385150812065,1.13197519929141,0.464037122969838,0.403897254207263,0.133498145859085,2.25463535228677,1,0.611866501854141,0.477707006369427,1.51627906976744,1.52229299363057,0.483720930232558,0.455172413793103,1.03448275862069,1.96896551724138,0.541379310344828,0.603248259860789,2.19025522041763,1.66125290023202,0.937354988399072,0.208658623136977,1.59261887863733,2.30801987224982,0.447125621007807,0.697761194029851,1.36121673003802,1.30223880597015,0.638783269961977,0.533727227966519,1.32348596750369,1.52634170359429,0.6164451009355,0.490610328638498,1.74178403755869,0.81924882629108,0.948356807511737,0.179710144927536,1.20579710144928,1.87536231884058,0.739130434782609,0.4,1.44628099173554,0.428571428571429,0.553719008264463,0.504871567759079,1.26483613817538,2.25863596102746,0.435783879539415,2.17142857142857,1.64957264957265,1,0.35042735042735,0.0723917672107878,1.63375224416517,1.37118523775727,0.366247755834829
