virus,realm,locus_tag,host,type,shape,AAA,AAC,AAG,AAT,ACA,ACC,ACG,ACT,AGA,AGC,AGG,AGT,ATA,ATC,ATG,ATT,CAA,CAC,CAG,CAT,CCA,CCC,CCG,CCT,CGA,CGC,CGG,CGT,CTA,CTC,CTG,CTT,GAA,GAC,GAG,GAT,GCA,GCC,GCG,GCT,GGA,GGC,GGG,GGT,GTA,GTC,GTG,GTT,TAA,TAC,TAG,TAT,TCA,TCC,TCG,TCT,TGA,TGC,TGG,TGT,TTA,TTC,TTG,TTT
Mycobacterium phage Estave1,Duplodnaviria,PBI,bacteria,DNA,linear,0.643642072213501,1.62599049128368,1.3563579277865,0.374009508716323,0.540291634689179,1.94627782041443,1.08058326937836,0.432847275518035,0.164502164502165,1.04162976085031,0.424242424242424,0.425155004428698,0.15807962529274,2.24121779859485,1,0.600702576112412,0.564705882352941,1.44588744588745,1.43529411764706,0.554112554112554,0.498710232158212,1.00429922613929,1.91229578675838,0.58469475494411,0.597402597402597,2.04761904761905,1.68831168831169,1.07792207792208,0.240497581202488,1.47201105736006,2.24326192121631,0.501727712508639,0.788804071246819,1.29725490196078,1.21119592875318,0.702745098039216,0.540592168099331,1.28939828080229,1.53390639923591,0.636103151862464,0.497915425848719,1.62001191185229,0.771888028588446,1.11018463371054,0.196629213483146,1.21067415730337,1.85112359550562,0.741573033707865,0.241071428571429,1.45638945233266,0.348214285714286,0.543610547667343,0.589902568644818,1.22232063773251,2.08857395925598,0.632418069087688,2.41071428571429,1.59375,1,0.40625,0.0704906703524533,1.59929078014184,1.47201105736006,0.400709219858156
