virus,realm,host,locus_tag,AAA,AAC,AAG,AAT,ACA,ACC,ACG,ACT,AGA,AGC,AGG,AGT,ATA,ATC,ATG,ATT,CAA,CAC,CAG,CAT,CCA,CCC,CCG,CCT,CGA,CGC,CGG,CGT,CTA,CTC,CTG,CTT,GAA,GAC,GAG,GAT,GCA,GCC,GCG,GCT,GGA,GGC,GGG,GGT,GTA,GTC,GTG,GTT,TAA,TAC,TAG,TAT,TCA,TCC,TCG,TCT,TGA,TGC,TGG,TGT,TTA,TTC,TTG,TTT
Mycobacterium phage Malithi,Duplodnaviria,bacteria,MALITHI,0.428265524625268,1.7488986784141,1.57173447537473,0.251101321585903,0.290322580645161,1.98387096774194,1.53629032258065,0.189516129032258,0.048171275646744,1.68840579710145,0.181980374665477,0.253623188405797,0.0412213740458015,2.57862595419847,1,0.380152671755725,0.34965034965035,1.72881355932203,1.65034965034965,0.271186440677966,0.27600411946447,1.19876416065911,2.29866117404737,0.226570545829042,0.465655664585192,3.73059768064228,1.18822479928635,0.385370205173952,0.192592592592593,2.49876543209877,2.58765432098765,0.172839506172839,0.391304347826087,1.62735381565907,1.60869565217391,0.372646184340932,0.36710875331565,1.58302387267905,1.75278514588859,0.297082228116711,0.315007429420505,2.12481426448737,0.864784546805349,0.695393759286776,0.16819012797075,1.83912248628885,1.59414990859232,0.39853747714808,0.379746835443038,1.61904761904762,0.417721518987342,0.380952380952381,0.347826086956522,0.681159420289855,2.84782608695652,0.181159420289855,2.20253164556962,1.88535031847134,1,0.114649681528662,0.0345679012345679,1.76279069767442,0.51358024691358,0.237209302325581
