virus,realm,host,locus_tag,AAA,AAC,AAG,AAT,ACA,ACC,ACG,ACT,AGA,AGC,AGG,AGT,ATA,ATC,ATG,ATT,CAA,CAC,CAG,CAT,CCA,CCC,CCG,CCT,CGA,CGC,CGG,CGT,CTA,CTC,CTG,CTT,GAA,GAC,GAG,GAT,GCA,GCC,GCG,GCT,GGA,GGC,GGG,GGT,GTA,GTC,GTG,GTT,TAA,TAC,TAG,TAT,TCA,TCC,TCG,TCT,TGA,TGC,TGG,TGT,TTA,TTC,TTG,TTT
Mycobacterium phage Adzzy,Duplodnaviria,bacteria,ADZZY,0.129353233830846,1.9136690647482,1.87064676616915,0.0863309352517986,0.246861924686192,2.11715481171548,1.20502092050209,0.430962343096234,0.178502879078695,1.38041002277904,0.472168905950096,0.184510250569476,0.0475609756097561,2.76219512195122,1,0.190243902439024,0.276338514680484,1.79375,1.72366148531952,0.20625,0.401826484018265,1.17808219178082,1.92237442922374,0.497716894977169,0.990403071017274,1.9404990403071,1.73896353166987,0.679462571976967,0.0868240670220868,2.07920792079208,2.93830921553694,0.310738766184311,0.431233362910382,1.61284046692607,1.56876663708962,0.38715953307393,0.647384615384615,1.48430769230769,1.16430769230769,0.704,0.551724137931034,2.17318007662835,0.58544061302682,0.689655172413793,0.204013377926421,2.11036789297659,1.32441471571906,0.361204013377926,0.5,1.86836518046709,0.4375,0.131634819532909,0.280182232346241,1.52391799544419,2.07061503416856,0.560364464692483,2.0625,1.64383561643836,1,0.356164383561644,0.0228484386900229,1.89686924493554,0.562071591774562,0.103130755064457
