virus,realm,host,locus_tag,AAA,AAC,AAG,AAT,ACA,ACC,ACG,ACT,AGA,AGC,AGG,AGT,ATA,ATC,ATG,ATT,CAA,CAC,CAG,CAT,CCA,CCC,CCG,CCT,CGA,CGC,CGG,CGT,CTA,CTC,CTG,CTT,GAA,GAC,GAG,GAT,GCA,GCC,GCG,GCT,GGA,GGC,GGG,GGT,GTA,GTC,GTG,GTT,TAA,TAC,TAG,TAT,TCA,TCC,TCG,TCT,TGA,TGC,TGG,TGT,TTA,TTC,TTG,TTT
Mycobacterium phage Goku,Duplodnaviria,bacteria,GOKU,0.214700193423598,1.67268351383875,1.7852998065764,0.327316486161252,0.350267379679144,2.21122994652406,1.05614973262032,0.382352941176471,0.130434782608696,1.44920993227991,0.49320652173913,0.36117381489842,0.0801526717557252,2.43893129770992,1,0.480916030534351,0.38974358974359,1.54186413902054,1.61025641025641,0.458135860979463,0.453312051077414,1.60893854748603,1.47166799680766,0.466081404628891,0.521739130434783,3.12635869565217,1.10869565217391,0.619565217391304,0.240369799691834,2.50539291217257,2.3728813559322,0.329738058551618,0.564971751412429,1.61426684280053,1.43502824858757,0.385733157199472,0.48780487804878,1.84878048780488,1.20162601626016,0.461788617886179,0.487851357789424,2.2334444973797,0.573606479275846,0.705097665555026,0.191812865497076,1.99298245614035,1.48304093567251,0.332163742690058,0.461538461538462,1.7469387755102,0.671328671328671,0.253061224489796,0.501128668171558,1.84650112866817,1.43566591422122,0.406320541760722,1.86713286713287,1.77181208053691,1,0.228187919463087,0.049306625577812,1.8034188034188,0.50231124807396,0.196581196581197
