virus,realm,locus_tag,host,type,shape,AAA,AAC,AAG,AAT,ACA,ACC,ACG,ACT,AGA,AGC,AGG,AGT,ATA,ATC,ATG,ATT,CAA,CAC,CAG,CAT,CCA,CCC,CCG,CCT,CGA,CGC,CGG,CGT,CTA,CTC,CTG,CTT,GAA,GAC,GAG,GAT,GCA,GCC,GCG,GCT,GGA,GGC,GGG,GGT,GTA,GTC,GTG,GTT,TAA,TAC,TAG,TAT,TCA,TCC,TCG,TCT,TGA,TGC,TGG,TGT,TTA,TTC,TTG,TTT
Mycobacterium phage Quink,Duplodnaviria,P755,bacteria,DNA,circular,0.209842154131848,1.66911764705882,1.79015784586815,0.330882352941176,0.354166666666667,2.21614583333333,1.04947916666667,0.380208333333333,0.138964577656676,1.48382458662832,0.404632152588556,0.345075485262401,0.106145251396648,2.42458100558659,1,0.46927374301676,0.403553299492386,1.57516339869281,1.59644670050761,0.42483660130719,0.455538221528861,1.63182527301092,1.49765990639626,0.414976599063963,0.53133514986376,3.22070844686648,1.07901907356948,0.625340599455041,0.249486652977413,2.4917864476386,2.3993839835729,0.33264887063655,0.558513931888545,1.65284974093264,1.44148606811146,0.347150259067358,0.503473641193298,1.84879444217409,1.18185533306089,0.46587658357172,0.472156116135174,2.3455497382199,0.515944788196097,0.666349357448834,0.227862380146644,1.97179921037789,1.48223350253807,0.318104906937394,0.456953642384106,1.77989130434783,0.556291390728477,0.220108695652174,0.478792235801582,1.85478073328541,1.4234363767074,0.414090582314881,1.98675496688742,1.81578947368421,1,0.184210526315789,0.0338809034907598,1.81659388646288,0.492813141683778,0.183406113537118
