virus,realm,locus_tag,host,type,shape,AAA,AAC,AAG,AAT,ACA,ACC,ACG,ACT,AGA,AGC,AGG,AGT,ATA,ATC,ATG,ATT,CAA,CAC,CAG,CAT,CCA,CCC,CCG,CCT,CGA,CGC,CGG,CGT,CTA,CTC,CTG,CTT,GAA,GAC,GAG,GAT,GCA,GCC,GCG,GCT,GGA,GGC,GGG,GGT,GTA,GTC,GTG,GTT,TAA,TAC,TAG,TAT,TCA,TCC,TCG,TCT,TGA,TGC,TGG,TGT,TTA,TTC,TTG,TTT
Mycobacterium phage RitaG,Duplodnaviria,I5H84,bacteria,DNA,linear,0.70935960591133,1.66174055829228,1.29064039408867,0.338259441707718,0.515276630883567,1.86952931461602,1.23864574731627,0.376548307184145,0.191290824261275,0.996268656716418,0.433903576982893,0.397388059701493,0.158476658476658,2.30712530712531,1,0.534398034398034,0.600910470409712,1.46823529411765,1.39908952959029,0.531764705882353,0.479128856624319,1.02359346642468,1.97096188747731,0.526315789473684,0.55054432348367,2.15552099533437,1.61430793157076,1.05443234836703,0.269662921348315,1.46516853932584,2.27415730337079,0.462921348314607,0.8,1.34094616639478,1.2,0.65905383360522,0.555897435897436,1.26769230769231,1.58153846153846,0.594871794871795,0.469472436277416,1.65026674570243,0.825133372851215,1.05512744516894,0.191443074691806,1.25888324873096,1.83901377810007,0.710659898477157,0.378640776699029,1.47161572052402,0.378640776699029,0.528384279475983,0.632462686567164,1.2705223880597,2.17723880597015,0.526119402985075,2.24271844660194,1.61864406779661,1,0.38135593220339,0.0674157303370786,1.67717996289425,1.46067415730337,0.322820037105751
