virus,realm,locus_tag,host,type,shape,AAA,AAC,AAG,AAT,ACA,ACC,ACG,ACT,AGA,AGC,AGG,AGT,ATA,ATC,ATG,ATT,CAA,CAC,CAG,CAT,CCA,CCC,CCG,CCT,CGA,CGC,CGG,CGT,CTA,CTC,CTG,CTT,GAA,GAC,GAG,GAT,GCA,GCC,GCG,GCT,GGA,GGC,GGG,GGT,GTA,GTC,GTG,GTT,TAA,TAC,TAG,TAT,TCA,TCC,TCG,TCT,TGA,TGC,TGG,TGT,TTA,TTC,TTG,TTT
Mycobacterium phage Cuke,Duplodnaviria,HWB51,bacteria,DNA,linear,0.700685453160701,1.16632443531828,1.2993145468393,0.833675564681725,0.879338842975207,1.1801652892562,1.04462809917355,0.895867768595041,0.537759336099585,0.987985865724382,0.746887966804979,0.873498233215548,0.218592964824121,1.41457286432161,1,1.36683417085427,1.30101465614431,1.02050113895216,0.698985343855693,0.979498861047836,1.28461538461538,0.742307692307692,1.07307692307692,0.9,1.01576763485477,0.95103734439834,0.861410788381743,1.88713692946058,0.664723032069971,0.671720116618076,0.885131195335277,1.63032069970845,1.20670391061453,0.857934857934858,0.793296089385475,1.14206514206514,1.35097813578826,0.96662830840046,0.609896432681243,1.07249712313003,0.768,1.07885714285714,0.576,1.57714285714286,0.496057347670251,0.80573476702509,0.87741935483871,1.82078853046595,0.921259842519685,1.27469135802469,0.496062992125984,0.725308641975309,1.21272084805654,0.712367491166078,1.12791519434629,1.08551236749117,1.58267716535433,1.3109243697479,1,0.689075630252101,0.199416909620991,1.16959064327485,1.94868804664723,0.830409356725146
