virus,realm,locus_tag,host,type,shape,AAA,AAC,AAG,AAT,ACA,ACC,ACG,ACT,AGA,AGC,AGG,AGT,ATA,ATC,ATG,ATT,CAA,CAC,CAG,CAT,CCA,CCC,CCG,CCT,CGA,CGC,CGG,CGT,CTA,CTC,CTG,CTT,GAA,GAC,GAG,GAT,GCA,GCC,GCG,GCT,GGA,GGC,GGG,GGT,GTA,GTC,GTG,GTT,TAA,TAC,TAG,TAT,TCA,TCC,TCG,TCT,TGA,TGC,TGG,TGT,TTA,TTC,TTG,TTT
Mycobacterium phage Soto,Duplodnaviria,PBI,bacteria,DNA,linear,0.336538461538462,1.70786516853933,1.66346153846154,0.292134831460674,0.313984168865435,2.45382585751979,1.06332453825858,0.168865435356201,0.10073875083949,2.08198284080076,0.269979852249832,0.205910390848427,0.107361963190184,2.62883435582822,1,0.263803680981595,0.368340943683409,1.68949771689498,1.63165905631659,0.310502283105023,0.23780487804878,1.4969512195122,1.92987804878049,0.335365853658537,0.543989254533244,2.683680322364,1.51511081262592,0.886501007387508,0.143523920653442,3.10851808634772,2.04784130688448,0.294049008168028,0.249404289118348,1.49206349206349,1.75059571088165,0.507936507936508,0.422764227642276,1.82888114595432,1.4618660472319,0.286488579171506,0.303870043000478,2.27233635929288,0.552317247969422,0.871476349737219,0.138601823708207,1.94285714285714,1.70699088145897,0.211550151975684,0.551020408163265,1.68796992481203,0.551020408163265,0.31203007518797,0.32602478551001,0.697807435653003,2.49952335557674,0.188751191611058,1.89795918367347,1.76326530612245,1,0.236734693877551,0.0175029171528588,1.79508196721311,0.388564760793466,0.204918032786885
