virus,realm,host,locus_tag,AAA,AAC,AAG,AAT,ACA,ACC,ACG,ACT,AGA,AGC,AGG,AGT,ATA,ATC,ATG,ATT,CAA,CAC,CAG,CAT,CCA,CCC,CCG,CCT,CGA,CGC,CGG,CGT,CTA,CTC,CTG,CTT,GAA,GAC,GAG,GAT,GCA,GCC,GCG,GCT,GGA,GGC,GGG,GGT,GTA,GTC,GTG,GTT,TAA,TAC,TAG,TAT,TCA,TCC,TCG,TCT,TGA,TGC,TGG,TGT,TTA,TTC,TTG,TTT
Mycobacterium phage Wile,Duplodnaviria,bacteria,WILE,0.087431693989071,1.90994371482176,1.91256830601093,0.0900562851782364,0.404494382022472,1.89213483146067,1.43370786516854,0.269662921348315,0.214285714285714,1.45724059293044,0.708791208791209,0.273660205245154,0.0646900269541779,2.64420485175202,1,0.291105121293801,0.317789291882556,1.75625,1.68221070811744,0.24375,0.308351177730193,1.09207708779443,2.19271948608137,0.406852248394004,0.758241758241758,1.73076923076923,1.79120879120879,0.796703296703297,0.137269372693727,2.16974169741697,2.82509225092251,0.358671586715867,0.441484300666032,1.75097276264591,1.55851569933397,0.249027237354086,0.630365150544523,1.50928891736067,1.27354260089686,0.58680333119795,0.505939902166317,2.04053109713487,0.628930817610063,0.824598183088749,0.174496644295302,2.24496644295302,1.30536912751678,0.275167785234899,0.529411764705882,1.89542483660131,0.282352941176471,0.104575163398693,0.383124287343216,1.23831242873432,2.30558722919042,0.342075256556442,2.18823529411765,1.61481481481481,1,0.385185185185185,0.0044280442804428,1.93818181818182,0.50479704797048,0.0618181818181818
