virus,realm,locus_tag,host,type,shape,AAA,AAC,AAG,AAT,ACA,ACC,ACG,ACT,AGA,AGC,AGG,AGT,ATA,ATC,ATG,ATT,CAA,CAC,CAG,CAT,CCA,CCC,CCG,CCT,CGA,CGC,CGG,CGT,CTA,CTC,CTG,CTT,GAA,GAC,GAG,GAT,GCA,GCC,GCG,GCT,GGA,GGC,GGG,GGT,GTA,GTC,GTG,GTT,TAA,TAC,TAG,TAT,TCA,TCC,TCG,TCT,TGA,TGC,TGG,TGT,TTA,TTC,TTG,TTT
Mycobacterium phage Swirley,Duplodnaviria,AVV40,bacteria,DNA,linear,0.178571428571429,1.82504970178926,1.82142857142857,0.174950298210736,0.518358531317495,1.54211663066955,1.52051835853132,0.419006479481641,0.293929712460064,1.34798534798535,0.73482428115016,0.285714285714286,0.0854922279792746,2.61528497409326,1,0.299222797927461,0.284600389863548,1.66077738515901,1.71539961013645,0.339222614840989,0.441102756892231,0.917293233082707,1.95989974937343,0.681704260651629,0.862619808306709,1.59744408945687,1.59744408945687,0.913738019169329,0.194444444444444,2.07407407407407,2.7037037037037,0.425925925925926,0.547848990342406,1.54934823091248,1.45215100965759,0.450651769087523,0.714384989576095,1.14801945795691,1.24252953439889,0.895066018068103,0.609291698400609,1.81873571972582,0.633663366336634,0.938309215536938,0.236706689536878,1.88336192109777,1.39965694682676,0.480274442538593,0.586206896551724,1.78213507625272,0.413793103448276,0.217864923747277,0.43956043956044,1.40659340659341,1.89010989010989,0.63003663003663,2,1.56834532374101,1,0.431654676258993,0.0138888888888889,1.90926275992439,0.587962962962963,0.0907372400756144
