virus,realm,host,locus_tag,AAA,AAC,AAG,AAT,ACA,ACC,ACG,ACT,AGA,AGC,AGG,AGT,ATA,ATC,ATG,ATT,CAA,CAC,CAG,CAT,CCA,CCC,CCG,CCT,CGA,CGC,CGG,CGT,CTA,CTC,CTG,CTT,GAA,GAC,GAG,GAT,GCA,GCC,GCG,GCT,GGA,GGC,GGG,GGT,GTA,GTC,GTG,GTT,TAA,TAC,TAG,TAT,TCA,TCC,TCG,TCT,TGA,TGC,TGG,TGT,TTA,TTC,TTG,TTT
Mycobacterium phage Kampy,Duplodnaviria,bacteria,PBI,0.11142061281337,1.89674952198853,1.88857938718663,0.103250478011472,0.396878483835006,1.92642140468227,1.41360089186176,0.263099219620959,0.188714153561517,1.34679334916865,0.582793709528215,0.27790973871734,0.0481927710843374,2.61044176706827,1,0.34136546184739,0.31523642732049,1.74763406940063,1.68476357267951,0.252365930599369,0.343105320304017,1.16395222584148,2.1672095548317,0.325732899022801,0.810360777058279,1.85938945420907,1.83163737280296,0.727104532839963,0.12927191679049,2.33580980683507,2.83952451708767,0.320950965824666,0.436293436293436,1.72154471544715,1.56370656370656,0.278455284552846,0.609032258064516,1.50451612903226,1.3341935483871,0.552258064516129,0.424455375966268,2.02670414617006,0.669009135628953,0.879831342234715,0.164912280701754,2.31578947368421,1.26315789473684,0.256140350877193,0.443181818181818,1.89130434782609,0.306818181818182,0.108695652173913,0.420427553444181,1.44655581947743,2.20902612826603,0.299287410926366,2.25,1.703125,1,0.296875,0.0133729569093611,1.94163424124514,0.361069836552749,0.0583657587548638
