virus,realm,host,locus_tag,AAA,AAC,AAG,AAT,ACA,ACC,ACG,ACT,AGA,AGC,AGG,AGT,ATA,ATC,ATG,ATT,CAA,CAC,CAG,CAT,CCA,CCC,CCG,CCT,CGA,CGC,CGG,CGT,CTA,CTC,CTG,CTT,GAA,GAC,GAG,GAT,GCA,GCC,GCG,GCT,GGA,GGC,GGG,GGT,GTA,GTC,GTG,GTT,TAA,TAC,TAG,TAT,TCA,TCC,TCG,TCT,TGA,TGC,TGG,TGT,TTA,TTC,TTG,TTT
Mycobacterium phage Bluefalcon,Duplodnaviria,bacteria,KIP51,0.18953323903819,1.84210526315789,1.81046676096181,0.157894736842105,0.539184952978056,1.62173458725183,1.45454545454545,0.38453500522466,0.307531380753138,1.33093525179856,0.728033472803347,0.316546762589928,0.109709962168979,2.62168978562421,1,0.26860025220681,0.332710280373832,1.67676767676768,1.66728971962617,0.323232323232323,0.475,0.83,1.965,0.73,0.916317991631799,1.44979079497908,1.65062761506276,0.947698744769874,0.321678321678322,1.9020979020979,2.76456876456876,0.433566433566434,0.549152542372881,1.54203935599284,1.45084745762712,0.457960644007156,0.791891891891892,1.1,1.22972972972973,0.878378378378378,0.619760479041916,1.8622754491018,0.592814371257485,0.925149700598802,0.261306532663317,1.87939698492462,1.38358458961474,0.47571189279732,0.731707317073171,1.77868852459016,0.439024390243902,0.221311475409836,0.453237410071942,1.33093525179856,2.01438848920863,0.553956834532374,1.82926829268293,1.47445255474453,1,0.525547445255474,0.0186480186480186,1.88345864661654,0.559440559440559,0.116541353383459
