virus,realm,host,locus_tag,AAA,AAC,AAG,AAT,ACA,ACC,ACG,ACT,AGA,AGC,AGG,AGT,ATA,ATC,ATG,ATT,CAA,CAC,CAG,CAT,CCA,CCC,CCG,CCT,CGA,CGC,CGG,CGT,CTA,CTC,CTG,CTT,GAA,GAC,GAG,GAT,GCA,GCC,GCG,GCT,GGA,GGC,GGG,GGT,GTA,GTC,GTG,GTT,TAA,TAC,TAG,TAT,TCA,TCC,TCG,TCT,TGA,TGC,TGG,TGT,TTA,TTC,TTG,TTT
Mycobacterium phage PattyP,Duplodnaviria,bacteria,PBI,0.433526011560694,1.90151515151515,1.56647398843931,0.0984848484848485,0.270931326434619,2.05079962370649,1.32831608654751,0.349952963311383,0.139794967381174,1.05060728744939,0.436160298229264,0.17004048582996,0.0872727272727273,2.74545454545455,1,0.167272727272727,0.275193798449612,1.71181556195965,1.72480620155039,0.288184438040346,0.215749730312837,0.95361380798274,2.18770226537217,0.642934196332255,0.592730661696179,2.34296365330848,1.78378378378378,0.704566635601118,0.314465408805031,1.74004192872117,3.22431865828092,0.310272536687631,0.404432132963989,1.66044776119403,1.59556786703601,0.33955223880597,0.304481276856967,1.23756906077348,1.52486187845304,0.933087783916513,0.385474860335196,1.87709497206704,0.935754189944134,0.801675977653631,0.221662468513854,2.01175482787573,1.42065491183879,0.34592779177162,0.489130434782609,1.825,0.358695652173913,0.175,0.315789473684211,1.53036437246964,2.417004048583,0.516194331983806,2.15217391304348,1.76190476190476,1,0.238095238095238,0.0209643605870021,1.88007736943907,0.389937106918239,0.119922630560928
