virus,realm,locus_tag,host,type,shape,AAA,AAC,AAG,AAT,ACA,ACC,ACG,ACT,AGA,AGC,AGG,AGT,ATA,ATC,ATG,ATT,CAA,CAC,CAG,CAT,CCA,CCC,CCG,CCT,CGA,CGC,CGG,CGT,CTA,CTC,CTG,CTT,GAA,GAC,GAG,GAT,GCA,GCC,GCG,GCT,GGA,GGC,GGG,GGT,GTA,GTC,GTG,GTT,TAA,TAC,TAG,TAT,TCA,TCC,TCG,TCT,TGA,TGC,TGG,TGT,TTA,TTC,TTG,TTT
Mycobacterium phage DyoEdafos,Duplodnaviria,J4U00,bacteria,DNA,linear,0.250635055038103,1.55505107832009,1.7493649449619,0.444948921679909,0.244897959183673,1.14285714285714,1.88359788359788,0.7286470143613,0.0831024930747922,1.37910447761194,0.477839335180055,0.546268656716418,0.0977596741344195,1.58248472505092,1,1.31975560081466,0.288416075650118,1.35497835497835,1.71158392434988,0.645021645021645,0.440677966101695,0.525423728813559,2.07118644067797,0.96271186440678,0.390581717451524,1.86980609418283,1.86565096952909,1.31301939058172,0.701298701298701,0.86013986013986,2.14585414585415,1.11488511488511,0.583767684288905,1.36683417085427,1.41623231571109,0.633165829145729,0.423186055938387,0.891771382245642,1.53222537494933,1.15281718686664,0.34510595358224,1.77194752774975,0.744702320887992,1.13824419778002,0.275555555555556,1.11555555555556,1.49333333333333,1.11555555555556,1.03521126760563,1.44219653179191,0.78169014084507,0.557803468208092,0.635820895522388,0.788059701492537,1.87164179104478,0.77910447761194,1.1830985915493,1.47755102040816,1,0.522448979591837,0.140859140859141,1.40518417462483,1.03696303696304,0.594815825375171
