virus,realm,locus_tag,host,type,shape,AAA,AAC,AAG,AAT,ACA,ACC,ACG,ACT,AGA,AGC,AGG,AGT,ATA,ATC,ATG,ATT,CAA,CAC,CAG,CAT,CCA,CCC,CCG,CCT,CGA,CGC,CGG,CGT,CTA,CTC,CTG,CTT,GAA,GAC,GAG,GAT,GCA,GCC,GCG,GCT,GGA,GGC,GGG,GGT,GTA,GTC,GTG,GTT,TAA,TAC,TAG,TAT,TCA,TCC,TCG,TCT,TGA,TGC,TGG,TGT,TTA,TTC,TTG,TTT
Mycobacterium phage Swish,Duplodnaviria,PBI,bacteria,DNA,linear,0.32807570977918,1.72712680577849,1.67192429022082,0.272873194221509,0.349288486416559,2.45019404915912,1.04010349288486,0.160413971539457,0.117171717171717,2.08163265306122,0.270707070707071,0.217068645640074,0.10468594217348,2.61714855433699,1,0.278165503489531,0.359820089955023,1.69086651053864,1.64017991004498,0.309133489461358,0.231927710843373,1.50301204819277,1.93674698795181,0.328313253012048,0.565656565656566,2.63030303030303,1.54343434343434,0.872727272727273,0.163763066202091,3.09407665505226,2.05226480836237,0.292682926829268,0.259375,1.49750178443969,1.740625,0.502498215560314,0.413267251239039,1.85589020205871,1.4395730080061,0.291269538696149,0.314735336194564,2.27753934191702,0.551263710061993,0.856461611826419,0.143727161997564,1.96345919610231,1.70036540803898,0.192448233861145,0.466019417475728,1.7,0.553398058252427,0.3,0.350649350649351,0.684601113172542,2.49350649350649,0.172541743970315,1.98058252427184,1.75494071146245,1,0.245059288537549,0.0174216027874564,1.78629032258065,0.379790940766551,0.213709677419355
