virus,realm,locus_tag,host,type,shape,AAA,AAC,AAG,AAT,ACA,ACC,ACG,ACT,AGA,AGC,AGG,AGT,ATA,ATC,ATG,ATT,CAA,CAC,CAG,CAT,CCA,CCC,CCG,CCT,CGA,CGC,CGG,CGT,CTA,CTC,CTG,CTT,GAA,GAC,GAG,GAT,GCA,GCC,GCG,GCT,GGA,GGC,GGG,GGT,GTA,GTC,GTG,GTT,TAA,TAC,TAG,TAT,TCA,TCC,TCG,TCT,TGA,TGC,TGG,TGT,TTA,TTC,TTG,TTT
Mycobacterium phage Brujita,Duplodnaviria,BRUJITA,bacteria,DNA,linear,0.437246963562753,1.80161943319838,1.56275303643725,0.198380566801619,0.319460067491564,2.24521934758155,1.23284589426322,0.202474690663667,0.0701438848920863,1.56589147286822,0.221223021582734,0.302325581395349,0.022189349112426,2.68934911242604,1,0.288461538461538,0.302367941712204,1.74061433447099,1.6976320582878,0.25938566552901,0.266666666666667,1.28524590163934,2.23387978142076,0.214207650273224,0.420863309352518,3.63669064748201,1.30575539568345,0.345323741007194,0.116357504215852,2.42327150084317,2.88870151770658,0.156829679595278,0.436323366555925,1.65510597302505,1.56367663344408,0.344894026974952,0.311627906976744,1.87674418604651,1.56744186046512,0.244186046511628,0.279001468428781,2.54038179148311,0.622613803230543,0.558002936857562,0.13780598368087,1.87488667271079,1.63916591115141,0.348141432456936,0.445945945945946,1.76649746192893,0.445945945945946,0.233502538071066,0.37984496124031,0.813953488372093,2.7906976744186,0.147286821705426,2.10810810810811,1.88059701492537,1,0.119402985074627,0.0101180438448567,1.8110599078341,0.404721753794266,0.188940092165899
