virus,realm,locus_tag,host,type,shape,AAA,AAC,AAG,AAT,ACA,ACC,ACG,ACT,AGA,AGC,AGG,AGT,ATA,ATC,ATG,ATT,CAA,CAC,CAG,CAT,CCA,CCC,CCG,CCT,CGA,CGC,CGG,CGT,CTA,CTC,CTG,CTT,GAA,GAC,GAG,GAT,GCA,GCC,GCG,GCT,GGA,GGC,GGG,GGT,GTA,GTC,GTG,GTT,TAA,TAC,TAG,TAT,TCA,TCC,TCG,TCT,TGA,TGC,TGG,TGT,TTA,TTC,TTG,TTT
Mycobacterium phage Athena,Duplodnaviria,FDH90,bacteria,DNA,linear,0.160112359550562,1.85220125786164,1.83988764044944,0.147798742138365,0.216884008236102,1.96293754289636,1.66643788606726,0.153740562800275,0.0605652759084791,1.10962343096234,0.387617765814266,0.17071129707113,0.0196813495782568,2.86785379568885,1,0.112464854732896,0.136231884057971,1.73643410852713,1.86376811594203,0.263565891472868,0.0884303610906411,1.06411201179071,2.52910832719234,0.318349299926308,0.250336473755047,2.39838492597577,2.16823687752355,0.73485868102288,0.0170551449687322,2.75952245594088,2.46276293348493,0.180784536668562,0.35665914221219,1.73039533376539,1.64334085778781,0.269604666234608,0.343799058084772,1.52590266875981,1.861852433281,0.268445839874411,0.511893434823977,2.23596574690771,0.660323501427212,0.591817316841104,0.109714285714286,2.20571428571429,1.50857142857143,0.176,0.285714285714286,1.88888888888889,0.6,0.111111111111111,0.180753138075314,1.77238493723849,2.61589958158996,0.150627615062762,2.11428571428571,1.81538461538462,1,0.184615384615385,0.0136441159749858,1.93379790940767,0.56623081296191,0.0662020905923345
