virus,realm,host,locus_tag,AAA,AAC,AAG,AAT,ACA,ACC,ACG,ACT,AGA,AGC,AGG,AGT,ATA,ATC,ATG,ATT,CAA,CAC,CAG,CAT,CCA,CCC,CCG,CCT,CGA,CGC,CGG,CGT,CTA,CTC,CTG,CTT,GAA,GAC,GAG,GAT,GCA,GCC,GCG,GCT,GGA,GGC,GGG,GGT,GTA,GTC,GTG,GTT,TAA,TAC,TAG,TAT,TCA,TCC,TCG,TCT,TGA,TGC,TGG,TGT,TTA,TTC,TTG,TTT
Mycobacterium phage JoshKayV,Duplodnaviria,bacteria,KIY86,0.133828996282528,1.8804347826087,1.86617100371747,0.119565217391304,0.278158667972576,2.0920666013712,1.33202742409403,0.297747306562194,0.211227402473834,1.59267734553776,0.490960989533777,0.260869565217391,0.0425531914893617,2.79787234042553,1,0.159574468085106,0.250836120401338,1.72307692307692,1.74916387959866,0.276923076923077,0.335570469798658,1.28859060402685,2.01342281879195,0.36241610738255,0.736441484300666,2.23786869647954,1.66698382492864,0.65651760228354,0.143374366401159,2.31136857349747,2.86748732802317,0.295438088341781,0.425385934819897,1.65774378585086,1.5746140651801,0.34225621414914,0.532031726662599,1.44722391702257,1.35448444173276,0.666259914582062,0.482290881688018,2.23963828183873,0.620949510173323,0.657121326299925,0.205907172995781,2.24135021097046,1.23206751054852,0.320675105485232,0.34020618556701,1.8714859437751,0.587628865979381,0.1285140562249,0.453089244851259,1.2974828375286,2.02517162471396,0.37070938215103,2.07216494845361,1.59477124183007,1,0.405228758169935,0.0130340333091962,1.90378006872852,0.369297610427227,0.0962199312714777
