virus,realm,locus_tag,host,type,shape,AAA,AAC,AAG,AAT,ACA,ACC,ACG,ACT,AGA,AGC,AGG,AGT,ATA,ATC,ATG,ATT,CAA,CAC,CAG,CAT,CCA,CCC,CCG,CCT,CGA,CGC,CGG,CGT,CTA,CTC,CTG,CTT,GAA,GAC,GAG,GAT,GCA,GCC,GCG,GCT,GGA,GGC,GGG,GGT,GTA,GTC,GTG,GTT,TAA,TAC,TAG,TAT,TCA,TCC,TCG,TCT,TGA,TGC,TGG,TGT,TTA,TTC,TTG,TTT
Mycobacterium phage Dori,Duplodnaviria,DORI,bacteria,DNA,linear,0.363945578231293,1.76975945017182,1.63605442176871,0.230240549828179,0.302114803625378,2.01812688821752,1.39577039274924,0.283987915407855,0.11522633744856,1.52873563218391,0.263374485596708,0.293103448275862,0.0392857142857143,2.63571428571429,1,0.325,0.299039780521262,1.53266331658291,1.70096021947874,0.467336683417085,0.337620578778135,1.14790996784566,2.16398713826367,0.35048231511254,0.452674897119342,2.76954732510288,1.57201646090535,0.827160493827161,0.144927536231884,1.81521739130435,3.02173913043478,0.278985507246377,0.524486571879937,1.5510522213562,1.47551342812006,0.448947778643804,0.381342062193126,1.4582651391162,1.72504091653028,0.435351882160393,0.328227571115974,2.06783369803063,0.698030634573304,0.905908096280088,0.117575015309247,1.50398040416412,2.01102265768524,0.367421922841396,0.319148936170213,1.57674418604651,0.542553191489362,0.423255813953488,0.425287356321839,1.05172413793103,2.51724137931034,0.183908045977011,2.13829787234043,1.63636363636364,1,0.363636363636364,0.0434782608695652,1.84375,0.695652173913043,0.15625
