virus,realm,locus_tag,host,type,shape,AAA,AAC,AAG,AAT,ACA,ACC,ACG,ACT,AGA,AGC,AGG,AGT,ATA,ATC,ATG,ATT,CAA,CAC,CAG,CAT,CCA,CCC,CCG,CCT,CGA,CGC,CGG,CGT,CTA,CTC,CTG,CTT,GAA,GAC,GAG,GAT,GCA,GCC,GCG,GCT,GGA,GGC,GGG,GGT,GTA,GTC,GTG,GTT,TAA,TAC,TAG,TAT,TCA,TCC,TCG,TCT,TGA,TGC,TGG,TGT,TTA,TTC,TTG,TTT
Mycobacterium phage Bernal13,Duplodnaviria,FH37,bacteria,DNA,linear,0.32843137254902,1.81900452488688,1.67156862745098,0.180995475113122,0.497674418604651,1.71162790697674,1.5906976744186,0.2,0.124318429661941,1.57377049180328,0.222464558342421,0.163934426229508,0.0622837370242214,2.48615916955017,1,0.451557093425606,0.337152209492635,1.54372623574144,1.66284779050736,0.456273764258555,0.443919716646989,1.03896103896104,2.38488783943329,0.132231404958678,0.830970556161396,2.5845147219193,1.60959651035987,0.628135223555071,0.227703984819734,1.65085388994307,3.5123339658444,0.165085388994307,0.807283763277693,1.72519083969466,1.19271623672231,0.274809160305344,0.489192263936291,1.42662116040956,1.75199089874858,0.332195676905574,0.40855106888361,2.70150435471101,0.541567695961995,0.348376880443389,0.198963730569948,2.16787564766839,1.16062176165803,0.472538860103627,0.45,1.75919732441472,0.45,0.240802675585284,0.5,1.13934426229508,2.38524590163934,0.237704918032787,2.1,1.744,1,0.256,0.0227703984819734,1.75916230366492,0.421252371916509,0.240837696335079
