virus,realm,locus_tag,host,type,shape,AAA,AAC,AAG,AAT,ACA,ACC,ACG,ACT,AGA,AGC,AGG,AGT,ATA,ATC,ATG,ATT,CAA,CAC,CAG,CAT,CCA,CCC,CCG,CCT,CGA,CGC,CGG,CGT,CTA,CTC,CTG,CTT,GAA,GAC,GAG,GAT,GCA,GCC,GCG,GCT,GGA,GGC,GGG,GGT,GTA,GTC,GTG,GTT,TAA,TAC,TAG,TAT,TCA,TCC,TCG,TCT,TGA,TGC,TGG,TGT,TTA,TTC,TTG,TTT
Mycobacterium phage DroogsArmy,Duplodnaviria,KIV64,bacteria,DNA,linear,0.192572214580468,1.80232558139535,1.80742778541953,0.197674418604651,0.484389782403027,1.89593188268685,1.35856196783349,0.261116367076632,0.191304347826087,1.24657534246575,0.695652173913043,0.397260273972603,0.0836501901140684,2.64638783269962,1,0.269961977186312,0.41304347826087,1.74153846153846,1.58695652173913,0.258461538461538,0.375667022411953,1.05442902881537,2.20277481323372,0.367129135538954,0.701449275362319,1.54202898550725,2.0231884057971,0.846376811594203,0.192537313432836,1.91194029850746,2.76268656716418,0.402985074626866,0.420332355816227,1.55060352831941,1.57966764418377,0.449396471680594,0.689486552567237,1.45965770171149,1.30562347188264,0.545232273838631,0.477842003853565,1.78805394990366,0.82723185613359,0.906872190109184,0.301703163017032,1.93998377939984,1.40794809407948,0.35036496350365,0.650602409638554,1.83404255319149,0.289156626506024,0.165957446808511,0.280821917808219,1.44520547945205,2.29452054794521,0.335616438356164,2.06024096385542,1.65753424657534,1,0.342465753424658,0.0134328358208955,1.88530465949821,0.716417910447761,0.114695340501792
