virus,realm,host,locus_tag,AAA,AAC,AAG,AAT,ACA,ACC,ACG,ACT,AGA,AGC,AGG,AGT,ATA,ATC,ATG,ATT,CAA,CAC,CAG,CAT,CCA,CCC,CCG,CCT,CGA,CGC,CGG,CGT,CTA,CTC,CTG,CTT,GAA,GAC,GAG,GAT,GCA,GCC,GCG,GCT,GGA,GGC,GGG,GGT,GTA,GTC,GTG,GTT,TAA,TAC,TAG,TAT,TCA,TCC,TCG,TCT,TGA,TGC,TGG,TGT,TTA,TTC,TTG,TTT
Mycobacterium phage TChen,Duplodnaviria,bacteria,HWB60,0.6368,1.64820846905537,1.3632,0.351791530944625,0.42512077294686,1.98067632850242,1.14653784219002,0.447665056360709,0.135746606334842,1.01149425287356,0.361990950226244,0.350574712643678,0.0531645569620253,2.42658227848101,1,0.520253164556962,0.436416184971098,1.49640287769784,1.5635838150289,0.503597122302158,0.387772925764192,1.10393013100437,2.03318777292576,0.475109170305677,0.493212669683258,2.23529411764706,1.84615384615385,0.927601809954751,0.154071900220103,1.61115187087307,2.38591342626559,0.466617754952311,0.766423357664234,1.35726495726496,1.23357664233577,0.642735042735043,0.460554371002132,1.50106609808102,1.50319829424307,0.535181236673774,0.424167694204686,1.68187422934649,0.816276202219482,1.07768187422935,0.126843657817109,1.32448377581121,1.95870206489676,0.589970501474926,0.386138613861386,1.43913043478261,0.297029702970297,0.560869565217391,0.609195402298851,1.45402298850575,2.1264367816092,0.448275862068966,2.31683168316832,1.6036036036036,1,0.396396396396396,0.0396184886280264,1.65714285714286,1.3426265590609,0.342857142857143
