virus,realm,host,locus_tag,AAA,AAC,AAG,AAT,ACA,ACC,ACG,ACT,AGA,AGC,AGG,AGT,ATA,ATC,ATG,ATT,CAA,CAC,CAG,CAT,CCA,CCC,CCG,CCT,CGA,CGC,CGG,CGT,CTA,CTC,CTG,CTT,GAA,GAC,GAG,GAT,GCA,GCC,GCG,GCT,GGA,GGC,GGG,GGT,GTA,GTC,GTG,GTT,TAA,TAC,TAG,TAT,TCA,TCC,TCG,TCT,TGA,TGC,TGG,TGT,TTA,TTC,TTG,TTT
Mycobacterium phage SirPhilip,Duplodnaviria,bacteria,I5H06,0.17124394184168,1.70916334661355,1.82875605815832,0.290836653386454,0.281984334203655,1.51087902523934,1.9390774586597,0.268059181897302,0.0269662921348315,1.94773869346734,0.233707865168539,0.295477386934673,0.135977337110482,2.24787535410765,1,0.61614730878187,0.269702276707531,1.68867924528302,1.73029772329247,0.311320754716981,0.213039485766758,1.1386593204775,2.25895316804408,0.389348025711662,0.332584269662921,2.93033707865169,1.67191011235955,0.804494382022472,0.216687422166874,1.88293897882939,2.92154420921544,0.444582814445828,0.313296903460838,1.65892714171337,1.68670309653916,0.341072858286629,0.437699680511182,1.50798722044728,1.65495207667732,0.399361022364217,0.165778567199526,2.53167554766134,0.717584369449378,0.584961515689757,0.168690095846645,1.75591054313099,1.74313099041534,0.332268370607029,0.309278350515464,1.67770419426049,0.742268041237113,0.322295805739514,0.349748743718593,0.476381909547739,2.58090452261307,0.349748743718593,1.94845360824742,1.79310344827586,1,0.206896551724138,0.0261519302615193,1.664,0.508094645080946,0.336
