virus,realm,locus_tag,host,type,shape,AAA,AAC,AAG,AAT,ACA,ACC,ACG,ACT,AGA,AGC,AGG,AGT,ATA,ATC,ATG,ATT,CAA,CAC,CAG,CAT,CCA,CCC,CCG,CCT,CGA,CGC,CGG,CGT,CTA,CTC,CTG,CTT,GAA,GAC,GAG,GAT,GCA,GCC,GCG,GCT,GGA,GGC,GGG,GGT,GTA,GTC,GTG,GTT,TAA,TAC,TAG,TAT,TCA,TCC,TCG,TCT,TGA,TGC,TGG,TGT,TTA,TTC,TTG,TTT
Mycobacterium phage Findley,Duplodnaviria,I5G77,bacteria,DNA,linear,0.247678018575851,1.77962577962578,1.75232198142415,0.22037422037422,0.289296046287367,1.83220829315333,1.64320154291225,0.235294117647059,0.00914634146341463,2.03549060542798,0.173780487804878,0.250521920668058,0.150862068965517,2.23706896551724,1,0.612068965517241,0.33448275862069,1.80046403712297,1.66551724137931,0.19953596287703,0.121673003802281,1.23954372623574,2.40304182509506,0.23574144486692,0.1875,3.65396341463415,1.56859756097561,0.407012195121951,0.127906976744186,1.90697674418605,3.36046511627907,0.290697674418605,0.254254254254254,1.82732606873428,1.74574574574575,0.172673931265717,0.248747913188648,1.8330550918197,1.65108514190317,0.267111853088481,0.100923076923077,2.92676923076923,0.608,0.364307692307692,0.110014104372355,1.74612129760226,1.86459802538787,0.279266572637518,0.51063829787234,1.70573566084788,0.638297872340426,0.29426433915212,0.21294363256785,0.425887265135699,2.81210855949896,0.263048016701461,1.85106382978723,1.91428571428571,1,0.0857142857142857,0.0503875968992248,1.71848739495798,0.263565891472868,0.281512605042017
