virus,realm,locus_tag,host,type,shape,AAA,AAC,AAG,AAT,ACA,ACC,ACG,ACT,AGA,AGC,AGG,AGT,ATA,ATC,ATG,ATT,CAA,CAC,CAG,CAT,CCA,CCC,CCG,CCT,CGA,CGC,CGG,CGT,CTA,CTC,CTG,CTT,GAA,GAC,GAG,GAT,GCA,GCC,GCG,GCT,GGA,GGC,GGG,GGT,GTA,GTC,GTG,GTT,TAA,TAC,TAG,TAT,TCA,TCC,TCG,TCT,TGA,TGC,TGG,TGT,TTA,TTC,TTG,TTT
Mycobacterium phage Lilac,Duplodnaviria,LILAC,bacteria,DNA,linear,0.189393939393939,1.67540574282147,1.81060606060606,0.324594257178527,0.35709526982012,2.21985343104597,1.03930712858095,0.383744170552965,0.0990667623833453,1.49661908339594,0.396267049533381,0.351615326821938,0.0910815939278937,2.45066413662239,1,0.458254269449715,0.384020618556701,1.63636363636364,1.6159793814433,0.363636363636364,0.431496062992126,1.64094488188976,1.4992125984252,0.428346456692913,0.529791816223977,3.24335965541996,1.09834888729361,0.633165829145729,0.242011524358303,2.44211629125196,2.4704033525406,0.348873755893138,0.556675062972292,1.6479894528675,1.44332493702771,0.352010547132498,0.471077819392426,1.85601331668747,1.20016645859342,0.472742405326675,0.475592073465442,2.34316094731754,0.508458192363461,0.672788786853552,0.224824355971897,1.96955503512881,1.48946135831382,0.31615925058548,0.45,1.78619756427605,0.557142857142857,0.213802435723951,0.446280991735537,1.84823441021788,1.43350864012021,0.42374154770849,1.99285714285714,1.81412639405204,1,0.185873605947955,0.0282870612886328,1.84525547445255,0.468308014667365,0.154744525547445
