virus,realm,locus_tag,host,type,shape,AAA,AAC,AAG,AAT,ACA,ACC,ACG,ACT,AGA,AGC,AGG,AGT,ATA,ATC,ATG,ATT,CAA,CAC,CAG,CAT,CCA,CCC,CCG,CCT,CGA,CGC,CGG,CGT,CTA,CTC,CTG,CTT,GAA,GAC,GAG,GAT,GCA,GCC,GCG,GCT,GGA,GGC,GGG,GGT,GTA,GTC,GTG,GTT,TAA,TAC,TAG,TAT,TCA,TCC,TCG,TCT,TGA,TGC,TGG,TGT,TTA,TTC,TTG,TTT
Mycobacterium phage Serendipitous,Duplodnaviria,I5G64,bacteria,DNA,linear,0.174603174603175,1.82352941176471,1.82539682539683,0.176470588235294,0.108970099667774,2.36544850498339,1.32358803986711,0.201993355481728,0.0567567567567568,1.74563591022444,0.145945945945946,0.154613466334165,0.0319767441860465,2.67151162790698,1,0.296511627906977,0.166666666666667,1.66426858513189,1.83333333333333,0.335731414868106,0.117474302496329,1.18355359765051,2.43465491923642,0.26431718061674,0.466216216216216,2.86621621621622,1.94189189189189,0.522972972972973,0.067001675041876,2.49246231155779,2.84422110552764,0.164154103852596,0.301059001512859,1.64314789687924,1.69894099848714,0.35685210312076,0.292324641939038,1.65552699228792,1.65258905618803,0.399559309585017,0.327601809954751,2.41085972850679,0.716742081447964,0.544796380090498,0.0848056537102474,2.20494699646643,1.54063604240283,0.169611307420495,0.36734693877551,1.66731898238748,0.612244897959184,0.332681017612524,0.174563591022444,1.50623441396509,2.214463840399,0.204488778054863,2.02040816326531,1.87068965517241,1,0.129310344827586,0.0033500837520938,1.85157699443414,0.428810720268007,0.148423005565863
