virus,realm,locus_tag,host,type,shape,AAA,AAC,AAG,AAT,ACA,ACC,ACG,ACT,AGA,AGC,AGG,AGT,ATA,ATC,ATG,ATT,CAA,CAC,CAG,CAT,CCA,CCC,CCG,CCT,CGA,CGC,CGG,CGT,CTA,CTC,CTG,CTT,GAA,GAC,GAG,GAT,GCA,GCC,GCG,GCT,GGA,GGC,GGG,GGT,GTA,GTC,GTG,GTT,TAA,TAC,TAG,TAT,TCA,TCC,TCG,TCT,TGA,TGC,TGG,TGT,TTA,TTC,TTG,TTT
Mycobacterium phage FlagStaff,Duplodnaviria,AVT49,bacteria,DNA,linear,0.140562248995984,1.90697674418605,1.85943775100402,0.0930232558139535,0.160869565217391,1.87826086956522,1.81739130434783,0.143478260869565,0.0484848484848485,1.57703927492447,0.212121212121212,0.0996978851963746,0.127659574468085,2.54337152209493,1,0.328968903436989,0.252830188679245,1.83275261324042,1.74716981132075,0.167247386759582,0.221729490022173,0.873614190687361,2.78935698447894,0.11529933481153,0.472727272727273,2.72121212121212,2.26060606060606,0.284848484848485,0.155268022181146,1.20332717190388,4.29759704251386,0.11090573012939,0.985915492957746,1.80926430517711,1.01408450704225,0.190735694822888,0.225920322743318,1.18003025718608,2.3560262228946,0.238023197175996,0.333087693441415,2.69417833456153,0.695652173913043,0.277081798084009,0.111888111888112,2.06593406593407,1.52647352647353,0.295704295704296,0.507692307692308,1.78983050847458,0.553846153846154,0.210169491525424,0.108761329305136,1.54984894259819,2.41087613293051,0.253776435045317,1.93846153846154,1.73509933774834,1,0.264900662251656,0.0055452865064695,1.90610328638498,0.22735674676525,0.0938967136150235
