virus,realm,locus_tag,host,type,shape,AAA,AAC,AAG,AAT,ACA,ACC,ACG,ACT,AGA,AGC,AGG,AGT,ATA,ATC,ATG,ATT,CAA,CAC,CAG,CAT,CCA,CCC,CCG,CCT,CGA,CGC,CGG,CGT,CTA,CTC,CTG,CTT,GAA,GAC,GAG,GAT,GCA,GCC,GCG,GCT,GGA,GGC,GGG,GGT,GTA,GTC,GTG,GTT,TAA,TAC,TAG,TAT,TCA,TCC,TCG,TCT,TGA,TGC,TGG,TGT,TTA,TTC,TTG,TTT
Mycobacterium phage OkiRoe,Duplodnaviria,PBI,bacteria,DNA,linear,0.381679389312977,1.78815080789946,1.61832061068702,0.211849192100539,0.493486590038314,1.47432950191571,1.67969348659004,0.352490421455939,0.053388090349076,1.6464542651593,0.184804928131417,0.369989722507708,0.06288532675709,2.38224414303329,1,0.554870530209618,0.395833333333333,1.52183908045977,1.60416666666667,0.47816091954023,0.355805243445693,0.591760299625468,2.74157303370787,0.310861423220974,0.31211498973306,2.50924024640657,1.96303901437372,0.97741273100616,0.131443298969072,1.43041237113402,3.05798969072165,0.367268041237113,0.863138686131387,1.6929012345679,1.13686131386861,0.307098765432099,0.578585858585859,1.11191919191919,1.88929292929293,0.42020202020202,0.205008736167734,2.46709376820035,0.521840419336051,0.806057076295865,0.129032258064516,1.61032258064516,1.82451612903226,0.436129032258065,0.875,1.61702127659574,0.28125,0.382978723404255,0.474820143884892,0.832476875642343,2.34326824254882,0.332990750256937,1.84375,1.81990521327014,1,0.180094786729858,0.0347938144329897,1.76967370441459,0.978092783505155,0.230326295585413
