virus,realm,locus_tag,host,type,shape,AAA,AAC,AAG,AAT,ACA,ACC,ACG,ACT,AGA,AGC,AGG,AGT,ATA,ATC,ATG,ATT,CAA,CAC,CAG,CAT,CCA,CCC,CCG,CCT,CGA,CGC,CGG,CGT,CTA,CTC,CTG,CTT,GAA,GAC,GAG,GAT,GCA,GCC,GCG,GCT,GGA,GGC,GGG,GGT,GTA,GTC,GTG,GTT,TAA,TAC,TAG,TAT,TCA,TCC,TCG,TCT,TGA,TGC,TGG,TGT,TTA,TTC,TTG,TTT
Mycobacterium phage Anselm,Duplodnaviria,KIY79,bacteria,DNA,linear,0.120358514724712,1.89454545454545,1.87964148527529,0.105454545454545,0.295719844357977,2.1011673151751,1.33852140077821,0.264591439688716,0.215633423180593,1.62200956937799,0.485175202156334,0.208133971291866,0.038961038961039,2.79102715466352,1,0.170011806375443,0.24468085106383,1.73939393939394,1.75531914893617,0.260606060606061,0.365236523652365,1.20572057205721,2.04180418041804,0.387238723872387,0.814016172506739,2.28571428571429,1.57412398921833,0.62533692722372,0.129496402877698,2.19280575539568,2.9568345323741,0.332374100719424,0.392320534223706,1.67037037037037,1.60767946577629,0.32962962962963,0.515278609946076,1.5530257639305,1.34931096464949,0.582384661473937,0.503453568687644,2.26247122026094,0.663085188027629,0.570990023023791,0.228864218616567,2.18616567036721,1.28778821520068,0.297181895815542,0.306122448979592,1.88709677419355,0.489795918367347,0.112903225806452,0.287081339712919,1.42105263157895,2.16028708133971,0.301435406698565,2.20408163265306,1.68152866242038,1,0.318471337579618,0.00431654676258993,1.92226148409894,0.384172661870504,0.0777385159010601
