virus,realm,host,locus_tag,AAA,AAC,AAG,AAT,ACA,ACC,ACG,ACT,AGA,AGC,AGG,AGT,ATA,ATC,ATG,ATT,CAA,CAC,CAG,CAT,CCA,CCC,CCG,CCT,CGA,CGC,CGG,CGT,CTA,CTC,CTG,CTT,GAA,GAC,GAG,GAT,GCA,GCC,GCG,GCT,GGA,GGC,GGG,GGT,GTA,GTC,GTG,GTT,TAA,TAC,TAG,TAT,TCA,TCC,TCG,TCT,TGA,TGC,TGG,TGT,TTA,TTC,TTG,TTT
Mycobacterium phage LastHope,Duplodnaviria,bacteria,I5G99,0.218803418803419,1.69980506822612,1.78119658119658,0.300194931773879,0.331010452961672,1.5993031358885,1.81533101045296,0.254355400696864,0.00858983536148891,1.96103896103896,0.1932712956335,0.376623376623377,0.12533692722372,2.15902964959569,1,0.715633423180593,0.30622009569378,1.67441860465116,1.69377990430622,0.325581395348837,0.200757575757576,1.15151515151515,2.33712121212121,0.310606060606061,0.330708661417323,2.90765926986399,1.79527559055118,0.764495347172513,0.0803059273422562,2.06500956022945,3.06692160611855,0.267686424474187,0.274223034734918,1.7027027027027,1.72577696526508,0.297297297297297,0.406173842404549,1.5889520714866,1.56783103168156,0.437043054427295,0.141613464886825,2.74172954149739,0.601276842716193,0.515380150899594,0.151177199504337,1.58612143742255,1.8636926889715,0.399008674101611,0.617647058823529,1.59737417943107,0.617647058823529,0.402625820568928,0.37012987012987,0.525974025974026,2.49350649350649,0.272727272727273,1.76470588235294,1.70232558139535,1,0.297674418604651,0.0305927342256214,1.57637474541752,0.489483747609943,0.423625254582485
