virus,realm,locus_tag,host,type,shape,AAA,AAC,AAG,AAT,ACA,ACC,ACG,ACT,AGA,AGC,AGG,AGT,ATA,ATC,ATG,ATT,CAA,CAC,CAG,CAT,CCA,CCC,CCG,CCT,CGA,CGC,CGG,CGT,CTA,CTC,CTG,CTT,GAA,GAC,GAG,GAT,GCA,GCC,GCG,GCT,GGA,GGC,GGG,GGT,GTA,GTC,GTG,GTT,TAA,TAC,TAG,TAT,TCA,TCC,TCG,TCT,TGA,TGC,TGG,TGT,TTA,TTC,TTG,TTT
Mycobacterium phage Sparkdehlily,Duplodnaviria,SEA,bacteria,DNA,linear,0.655844155844156,1.62118780096308,1.34415584415584,0.378812199036918,0.557595993322204,1.80634390651085,1.18530884808013,0.450751252086811,0.186009538950715,1.01949860724234,0.443561208267091,0.434540389972145,0.157692307692308,2.30769230769231,1,0.534615384615385,0.538961038961039,1.46875,1.46103896103896,0.53125,0.474820143884892,1.02158273381295,1.92446043165468,0.579136690647482,0.5818759936407,2.10810810810811,1.60254372019078,1.07790143084261,0.27906976744186,1.44186046511628,2.12558139534884,0.525581395348837,0.80823199251637,1.32441471571906,1.19176800748363,0.675585284280936,0.554900910551687,1.32404927691484,1.53615425816818,0.584895554365292,0.478288231592196,1.69918187539333,0.823159219634991,0.999370673379484,0.186973180076628,1.20153256704981,1.8360153256705,0.775478927203065,0.378378378378378,1.4698275862069,0.378378378378378,0.530172413793103,0.629526462395543,1.23676880222841,2.0891364902507,0.590529247910863,2.24324324324324,1.58293838862559,1,0.417061611374408,0.0511627906976744,1.62756052141527,1.57674418604651,0.37243947858473
