virus,realm,locus_tag,host,type,shape,AAA,AAC,AAG,AAT,ACA,ACC,ACG,ACT,AGA,AGC,AGG,AGT,ATA,ATC,ATG,ATT,CAA,CAC,CAG,CAT,CCA,CCC,CCG,CCT,CGA,CGC,CGG,CGT,CTA,CTC,CTG,CTT,GAA,GAC,GAG,GAT,GCA,GCC,GCG,GCT,GGA,GGC,GGG,GGT,GTA,GTC,GTG,GTT,TAA,TAC,TAG,TAT,TCA,TCC,TCG,TCT,TGA,TGC,TGG,TGT,TTA,TTC,TTG,TTT
Mycobacterium phage Refuge,Duplodnaviria,KIV61,bacteria,DNA,linear,0.0616621983914209,1.94545454545455,1.93833780160858,0.0545454545454545,0.265365853658537,2.05268292682927,1.46731707317073,0.214634146341463,0.18452935694315,1.6226034308779,0.508853681267474,0.266397578203835,0.0568047337278106,2.83668639053254,1,0.106508875739645,0.193343898573693,1.79566563467492,1.80665610142631,0.204334365325077,0.433476394849785,1.41630901287554,1.75536480686695,0.394849785407725,0.821994408201305,2.22553588070829,1.52096924510718,0.7381174277726,0.142963514519732,2.40804169769173,2.9084139985108,0.21891288160834,0.438381937911571,1.64478764478764,1.56161806208843,0.355212355212355,0.580568720379147,1.5,1.22511848341232,0.694312796208531,0.5,2.09444444444444,0.638888888888889,0.766666666666667,0.214111922141119,2.10543390105434,1.4176804541768,0.262773722627737,0.263736263736264,1.92672413793103,0.725274725274725,0.0732758620689655,0.302724520686176,1.36831483350151,1.96165489404642,0.478304742684157,2.01098901098901,1.69343065693431,1,0.306569343065693,0.0178704393149665,1.94557823129252,0.30379746835443,0.054421768707483
