virus,realm,host,locus_tag,AAA,AAC,AAG,AAT,ACA,ACC,ACG,ACT,AGA,AGC,AGG,AGT,ATA,ATC,ATG,ATT,CAA,CAC,CAG,CAT,CCA,CCC,CCG,CCT,CGA,CGC,CGG,CGT,CTA,CTC,CTG,CTT,GAA,GAC,GAG,GAT,GCA,GCC,GCG,GCT,GGA,GGC,GGG,GGT,GTA,GTC,GTG,GTT,TAA,TAC,TAG,TAT,TCA,TCC,TCG,TCT,TGA,TGC,TGG,TGT,TTA,TTC,TTG,TTT
Mycobacterium phage Sparky,Duplodnaviria,bacteria,PBI,0.38871473354232,1.80825958702065,1.61128526645768,0.191740412979351,0.433201581027668,2.23241106719368,1.09090909090909,0.243478260869565,0.0645595158036315,1.41416100872939,0.286482851378615,0.256062075654704,0.043141592920354,2.66814159292035,1,0.288716814159292,0.392452830188679,1.71593090211132,1.60754716981132,0.284069097888676,0.440514469453376,1.17684887459807,2.11897106109325,0.263665594855305,0.540685944855414,2.85675857431069,1.56556825823806,0.685944855413584,0.180240320427236,2.12283044058745,2.7716955941255,0.308411214953271,0.731128074639525,1.68118081180812,1.26887192536047,0.318819188191882,0.461744966442953,1.70380313199105,1.53199105145414,0.302460850111857,0.467655786350148,2.14362017804154,0.62433234421365,0.764391691394659,0.137339055793991,1.93419170243205,1.57653791130186,0.351931330472103,0.32967032967033,1.78356713426854,0.32967032967033,0.216432865731463,0.616876818622696,1.22793404461688,2.22890397672163,0.256062075654704,2.34065934065934,1.78512396694215,1,0.214876033057851,0.0160213618157543,1.89103690685413,0.600801068090788,0.10896309314587
