virus,realm,locus_tag,host,type,shape,AAA,AAC,AAG,AAT,ACA,ACC,ACG,ACT,AGA,AGC,AGG,AGT,ATA,ATC,ATG,ATT,CAA,CAC,CAG,CAT,CCA,CCC,CCG,CCT,CGA,CGC,CGG,CGT,CTA,CTC,CTG,CTT,GAA,GAC,GAG,GAT,GCA,GCC,GCG,GCT,GGA,GGC,GGG,GGT,GTA,GTC,GTG,GTT,TAA,TAC,TAG,TAT,TCA,TCC,TCG,TCT,TGA,TGC,TGG,TGT,TTA,TTC,TTG,TTT
Mycobacterium phage DirkDirk,Duplodnaviria,KNU85,bacteria,DNA,linear,0.299153339604892,1.39130434782609,1.70084666039511,0.608695652173913,0.189491817398794,1.03703703703704,2.1464254952627,0.627045650301464,0.0647149460708783,1.24156305506217,0.545454545454545,0.431616341030195,0.0899001109877913,1.44839067702553,1,1.46170921198668,0.289398280802292,1.24681933842239,1.71060171919771,0.753180661577608,0.333333333333333,0.554347826086957,2.11594202898551,0.996376811594203,0.203389830508475,1.89522342064715,1.89984591679507,1.39137134052388,0.417184850197852,0.942905596382137,2.10627473148672,1.20067834934992,0.542372881355932,1.31485758275597,1.45762711864407,0.685142417244034,0.240687679083095,0.756446991404012,1.67144221585482,1.33142311365807,0.192056905749852,1.86366330764671,0.756372258446947,1.18790752815649,0.162303664921466,1.04450261780105,1.65968586387435,1.13350785340314,1.2,1.41100323624595,0.736363636363636,0.588996763754045,0.383658969804618,0.703374777975133,2.36056838365897,0.879218472468916,1.06363636363636,1.41904761904762,1,0.580952380952381,0.0847936687394008,1.45146379044684,1.24816280384398,0.548536209553159
