virus,realm,locus_tag,host,type,shape,AAA,AAC,AAG,AAT,ACA,ACC,ACG,ACT,AGA,AGC,AGG,AGT,ATA,ATC,ATG,ATT,CAA,CAC,CAG,CAT,CCA,CCC,CCG,CCT,CGA,CGC,CGG,CGT,CTA,CTC,CTG,CTT,GAA,GAC,GAG,GAT,GCA,GCC,GCG,GCT,GGA,GGC,GGG,GGT,GTA,GTC,GTG,GTT,TAA,TAC,TAG,TAT,TCA,TCC,TCG,TCT,TGA,TGC,TGG,TGT,TTA,TTC,TTG,TTT
Mycobacterium phage Zemanar,Duplodnaviria,FDI64,bacteria,DNA,linear,0.108433734939759,1.87851851851852,1.89156626506024,0.121481481481481,0.144945963127781,2.74634456452638,1.01207883026065,0.0966306420851875,0.0337790288529205,3.96497695852535,0.152005629838142,0.23778801843318,0.0199556541019956,2.54434589800443,1,0.43569844789357,0.0665844636251541,1.75454545454545,1.93341553637485,0.245454545454545,0.195190947666195,1.71428571428571,1.86421499292786,0.226308345120226,0.181562280084448,3.44546094299789,1.63406052076003,0.553131597466573,0.0292049756625203,1.01568415359654,4.61114115738237,0.126554894537588,0.264964086193136,1.81511470985155,1.73503591380686,0.184885290148448,0.323674911660777,2.27420494699647,1.09116607773852,0.31095406360424,0.171248310049572,2.66967102298333,0.56782334384858,0.591257323118522,0.184788732394366,1.08394366197183,2.55549295774648,0.175774647887324,0.442105263157895,1.78461538461538,0.6,0.215384615384615,0.0995391705069124,0.779723502304147,0.774193548387097,0.143778801843318,1.95789473684211,1.90082644628099,1,0.0991735537190083,0.0129799891833423,1.85239852398524,0.204434829637642,0.14760147601476
