virus,realm,locus_tag,host,type,shape,AAA,AAC,AAG,AAT,ACA,ACC,ACG,ACT,AGA,AGC,AGG,AGT,ATA,ATC,ATG,ATT,CAA,CAC,CAG,CAT,CCA,CCC,CCG,CCT,CGA,CGC,CGG,CGT,CTA,CTC,CTG,CTT,GAA,GAC,GAG,GAT,GCA,GCC,GCG,GCT,GGA,GGC,GGG,GGT,GTA,GTC,GTG,GTT,TAA,TAC,TAG,TAT,TCA,TCC,TCG,TCT,TGA,TGC,TGG,TGT,TTA,TTC,TTG,TTT
Myotis ricketti papillomavirus 1,Monodnaviria,D1U39,vertebrates,DNA,circular,1.28925619834711,0.461538461538462,0.710743801652893,1.53846153846154,1.82781456953642,0.71523178807947,0.47682119205298,0.980132450331126,2.015625,0.662576687116564,1.640625,1.47239263803681,1.47321428571429,0.428571428571429,1,1.09821428571429,0.957446808510638,0.409090909090909,1.04255319148936,1.59090909090909,1.44927536231884,0.72463768115942,0.318840579710145,1.50724637681159,0.515625,0.28125,0.9375,0.609375,0.925714285714286,0.274285714285714,0.925714285714286,0.377142857142857,1.14492753623188,0.71875,0.855072463768116,1.28125,2.02702702702703,0.648648648648649,0.189189189189189,1.13513513513514,1.11278195488722,0.842105263157895,1.17293233082707,0.87218045112782,1.08527131782946,0.558139534883721,1.3953488372093,0.961240310077519,1.2,0.172839506172839,0,1.82716049382716,1.17791411042945,1.10429447852761,0.257668711656442,1.32515337423313,1.8,0.553191489361702,1,1.4468085106383,1.92,0.456521739130435,1.57714285714286,1.54347826086957
