virus,realm,locus_tag,host,type,shape,AAA,AAC,AAG,AAT,ACA,ACC,ACG,ACT,AGA,AGC,AGG,AGT,ATA,ATC,ATG,ATT,CAA,CAC,CAG,CAT,CCA,CCC,CCG,CCT,CGA,CGC,CGG,CGT,CTA,CTC,CTG,CTT,GAA,GAC,GAG,GAT,GCA,GCC,GCG,GCT,GGA,GGC,GGG,GGT,GTA,GTC,GTG,GTT,TAA,TAC,TAG,TAT,TCA,TCC,TCG,TCT,TGA,TGC,TGG,TGT,TTA,TTC,TTG,TTT
Narcissus common latent virus,Riboviria,NcLaVgp,land plants,RNA,linear,0.789115646258503,0.844827586206897,1.2108843537415,1.1551724137931,1.00613496932515,0.98159509202454,0.56441717791411,1.4478527607362,0.42603550295858,1.52238805970149,0.816568047337278,1.22388059701493,0.873134328358209,1.16417910447761,1,0.962686567164179,0.827586206896552,0.938271604938272,1.17241379310345,1.06172839506173,1.36434108527132,0.806201550387597,0.713178294573643,1.11627906976744,0.710059171597633,1.70414201183432,0.958579881656805,1.38461538461538,0.703448275862069,0.951724137931034,1.22068965517241,1.11724137931034,0.748466257668712,0.813008130081301,1.25153374233129,1.1869918699187,1.17647058823529,0.868778280542986,0.542986425339366,1.41176470588235,0.720496894409938,1.19254658385093,0.993788819875776,1.09316770186335,0.700564971751412,0.745762711864407,1.6271186440678,0.926553672316384,0.5,1.17525773195876,1.5,0.824742268041237,0.865671641791045,0.835820895522388,0.417910447761194,1.13432835820896,1,1.37662337662338,1,0.623376623376623,0.662068965517241,0.972222222222222,1.3448275862069,1.02777777777778
