virus,realm,locus_tag,host,type,shape,AAA,AAC,AAG,AAT,ACA,ACC,ACG,ACT,AGA,AGC,AGG,AGT,ATA,ATC,ATG,ATT,CAA,CAC,CAG,CAT,CCA,CCC,CCG,CCT,CGA,CGC,CGG,CGT,CTA,CTC,CTG,CTT,GAA,GAC,GAG,GAT,GCA,GCC,GCG,GCT,GGA,GGC,GGG,GGT,GTA,GTC,GTG,GTT,TAA,TAC,TAG,TAT,TCA,TCC,TCG,TCT,TGA,TGC,TGG,TGT,TTA,TTC,TTG,TTT
Natrinema virus SNJ1,Varidnaviria,CWS96,archaea,DNA,circular,0.711864406779661,1.53086419753086,1.28813559322034,0.469135802469136,0.376811594202899,1.3768115942029,1.81159420289855,0.434782608695652,0.305084745762712,1.47663551401869,0.325423728813559,0.579439252336449,0.117073170731707,2.50243902439024,1,0.380487804878049,0.450867052023121,1.43478260869565,1.54913294797688,0.565217391304348,0.45045045045045,0.882882882882883,2.32432432432432,0.342342342342342,0.996610169491525,1.40338983050847,2.19661016949153,0.772881355932203,0.275409836065574,3.22622950819672,1.67213114754098,0.511475409836066,0.530120481927711,1.42798353909465,1.46987951807229,0.57201646090535,0.597938144329897,1.19587628865979,1.58762886597938,0.618556701030928,0.956298200514139,1.39845758354756,0.966580976863753,0.67866323907455,0.306709265175719,2.45367412140575,0.741214057507987,0.498402555910543,1.1,1.41414141414141,0.5,0.585858585858586,0.448598130841121,0.710280373831776,2.42990654205607,0.355140186915888,1.4,1.33333333333333,1,0.666666666666667,0.039344262295082,1.73333333333333,0.275409836065574,0.266666666666667
