virus,realm,host,locus_tag,AAA,AAC,AAG,AAT,ACA,ACC,ACG,ACT,AGA,AGC,AGG,AGT,ATA,ATC,ATG,ATT,CAA,CAC,CAG,CAT,CCA,CCC,CCG,CCT,CGA,CGC,CGG,CGT,CTA,CTC,CTG,CTT,GAA,GAC,GAG,GAT,GCA,GCC,GCG,GCT,GGA,GGC,GGG,GGT,GTA,GTC,GTG,GTT,TAA,TAC,TAG,TAT,TCA,TCC,TCG,TCT,TGA,TGC,TGG,TGT,TTA,TTC,TTG,TTT
Nectarine stem pitting associated virus,Riboviria,land plants,AB867,1.02325581395349,1.02941176470588,0.976744186046512,0.970588235294118,0.736842105263158,1.26315789473684,0.789473684210526,1.21052631578947,1.28571428571429,0.532258064516129,1.22448979591837,1.06451612903226,0.375,1.15909090909091,1,1.46590909090909,1.36363636363636,1,0.636363636363636,1,1.28735632183908,1.05747126436782,0.183908045977011,1.47126436781609,1.10204081632653,0.489795918367347,0.795918367346939,1.10204081632653,0.47787610619469,1.06194690265487,0.955752212389381,1.43362831858407,0.868852459016393,0.694736842105263,1.13114754098361,1.30526315789474,1.11111111111111,1.20634920634921,0.349206349206349,1.33333333333333,1.23076923076923,0.871794871794872,0.564102564102564,1.33333333333333,0.571428571428571,0.721804511278195,1.38345864661654,1.32330827067669,0.75,1.07407407407407,0.75,0.925925925925926,1.01612903225806,0.967741935483871,0.435483870967742,1.98387096774194,1.5,0.864864864864865,1,1.13513513513514,0.79646017699115,0.988235294117647,1.27433628318584,1.01176470588235
