virus,realm,locus_tag,host,type,shape,AAA,AAC,AAG,AAT,ACA,ACC,ACG,ACT,AGA,AGC,AGG,AGT,ATA,ATC,ATG,ATT,CAA,CAC,CAG,CAT,CCA,CCC,CCG,CCT,CGA,CGC,CGG,CGT,CTA,CTC,CTG,CTT,GAA,GAC,GAG,GAT,GCA,GCC,GCG,GCT,GGA,GGC,GGG,GGT,GTA,GTC,GTG,GTT,TAA,TAC,TAG,TAT,TCA,TCC,TCG,TCT,TGA,TGC,TGG,TGT,TTA,TTC,TTG,TTT
Nemesia ring necrosis virus,Riboviria,NRNV,land plants,RNA,linear,0.898550724637681,1.31578947368421,1.10144927536232,0.684210526315789,0.366013071895425,2.06535947712418,0.418300653594771,1.15032679738562,0.402439024390244,0.867692307692308,0.439024390243902,0.147692307692308,0.127659574468085,2.13829787234043,1,0.734042553191489,1.01923076923077,1.43089430894309,0.980769230769231,0.569105691056911,0.786666666666667,1.54666666666667,0.586666666666667,1.08,1.53658536585366,1.75609756097561,0.731707317073171,1.13414634146341,0.323809523809524,2.62857142857143,1.04761904761905,1.31428571428571,0.896551724137931,1.41747572815534,1.10344827586207,0.58252427184466,0.561797752808989,1.86516853932584,0.426966292134831,1.14606741573034,0.779661016949153,1.83050847457627,0.406779661016949,0.983050847457627,0.147058823529412,1.97058823529412,0.911764705882353,0.970588235294118,1,1.7037037037037,0,0.296296296296296,0.941538461538462,2.12307692307692,0.553846153846154,1.36615384615385,2,1.56363636363636,1,0.436363636363636,0.0952380952380952,1.61111111111111,0.59047619047619,0.388888888888889
