virus,realm,host,locus_tag,AAA,AAC,AAG,AAT,ACA,ACC,ACG,ACT,AGA,AGC,AGG,AGT,ATA,ATC,ATG,ATT,CAA,CAC,CAG,CAT,CCA,CCC,CCG,CCT,CGA,CGC,CGG,CGT,CTA,CTC,CTG,CTT,GAA,GAC,GAG,GAT,GCA,GCC,GCG,GCT,GGA,GGC,GGG,GGT,GTA,GTC,GTG,GTT,TAA,TAC,TAG,TAT,TCA,TCC,TCG,TCT,TGA,TGC,TGG,TGT,TTA,TTC,TTG,TTT
Neofusicoccum luteum fusarivirus 1,Riboviria,fungi,EXL17,0.834645669291339,0.607594936708861,1.16535433070866,1.39240506329114,0.862068965517241,0.862068965517241,0.206896551724138,2.06896551724138,0.736842105263158,0.483870967741935,2.10526315789474,0.612903225806452,0.447368421052632,0.789473684210526,1,1.76315789473684,1.0625,0.857142857142857,0.9375,1.14285714285714,0.851063829787234,1.1063829787234,0.340425531914894,1.70212765957447,0.263157894736842,0.684210526315789,0.526315789473684,1.68421052631579,0.409090909090909,0.790909090909091,0.736363636363636,1.69090909090909,1.10714285714286,0.711538461538462,0.892857142857143,1.28846153846154,1.03030303030303,1.3030303030303,0.333333333333333,1.33333333333333,0.635514018691589,1.19626168224299,0.822429906542056,1.34579439252336,0.108843537414966,0.789115646258503,0.73469387755102,2.36734693877551,1.5,0.792452830188679,0,1.20754716981132,1.12903225806452,1.38709677419355,0.387096774193548,2,1.5,0.947368421052632,1,1.05263157894737,0.572727272727273,0.828828828828829,1.8,1.17117117117117
