virus,realm,locus_tag,host,type,shape,AAA,AAC,AAG,AAT,ACA,ACC,ACG,ACT,AGA,AGC,AGG,AGT,ATA,ATC,ATG,ATT,CAA,CAC,CAG,CAT,CCA,CCC,CCG,CCT,CGA,CGC,CGG,CGT,CTA,CTC,CTG,CTT,GAA,GAC,GAG,GAT,GCA,GCC,GCG,GCT,GGA,GGC,GGG,GGT,GTA,GTC,GTG,GTT,TAA,TAC,TAG,TAT,TCA,TCC,TCG,TCT,TGA,TGC,TGG,TGT,TTA,TTC,TTG,TTT
Newbury agent 1,Riboviria,NAV1,vertebrates,ss-RNA,linear,0.666666666666667,1.15151515151515,1.33333333333333,0.848484848484849,0.761904761904762,1.71428571428571,0.80952380952381,0.714285714285714,0.545454545454545,0.753926701570681,1.27272727272727,0.691099476439791,0.559322033898305,1.52542372881356,1,0.915254237288136,0.95,1.26666666666667,1.05,0.733333333333333,0.982857142857143,1.48571428571429,0.662857142857143,0.868571428571429,0.409090909090909,1.68181818181818,1.22727272727273,0.863636363636364,0.390697674418605,1.3953488372093,1.36744186046512,1.17209302325581,0.536082474226804,1.14516129032258,1.4639175257732,0.854838709677419,0.8,1.65106382978723,0.612765957446809,0.936170212765957,0.374384236453202,1.8128078817734,1.08374384236453,0.729064039408867,0.229166666666667,0.958333333333333,1.70833333333333,1.10416666666667,1.5,1.36842105263158,0,0.631578947368421,1.03664921465969,1.91623036649215,0.753926701570681,0.848167539267016,1.5,1.44827586206897,1,0.551724137931034,0.306976744186047,1.06849315068493,1.36744186046512,0.931506849315068
