virus,realm,locus_tag,host,type,shape,AAA,AAC,AAG,AAT,ACA,ACC,ACG,ACT,AGA,AGC,AGG,AGT,ATA,ATC,ATG,ATT,CAA,CAC,CAG,CAT,CCA,CCC,CCG,CCT,CGA,CGC,CGG,CGT,CTA,CTC,CTG,CTT,GAA,GAC,GAG,GAT,GCA,GCC,GCG,GCT,GGA,GGC,GGG,GGT,GTA,GTC,GTG,GTT,TAA,TAC,TAG,TAT,TCA,TCC,TCG,TCT,TGA,TGC,TGG,TGT,TTA,TTC,TTG,TTT
Newcastle disease virus B1,NA,NDVgp,NA,NA,NA,0.934497816593886,0.844036697247706,1.06550218340611,1.15596330275229,1.42769230769231,1.00923076923077,0.356923076923077,1.20615384615385,1.75545851528384,1.08433734939759,1.86026200873362,0.896385542168675,0.897887323943662,1.16197183098592,1,0.940140845070423,1.07291666666667,0.74468085106383,0.927083333333333,1.25531914893617,1.11111111111111,0.888888888888889,0.740740740740741,1.25925925925926,0.602620087336245,0.524017467248908,0.759825327510917,0.497816593886463,0.84472049689441,1.01863354037267,1.05590062111801,1.14285714285714,0.91324200913242,0.934497816593886,1.08675799086758,1.06550218340611,1.68545994065282,0.949554896142433,0.462908011869436,0.902077151335312,1.13454545454545,0.741818181818182,1.32363636363636,0.8,1.23076923076923,1.01672240802676,1.09698996655518,0.655518394648829,1.5,0.940397350993378,0.5,1.05960264900662,1.27228915662651,0.824096385542169,0.404819277108434,1.51807228915663,1,0.860759493670886,1,1.13924050632911,0.993788819875776,1.04575163398693,0.944099378881988,0.954248366013072
