virus,realm,locus_tag,host,type,shape,AAA,AAC,AAG,AAT,ACA,ACC,ACG,ACT,AGA,AGC,AGG,AGT,ATA,ATC,ATG,ATT,CAA,CAC,CAG,CAT,CCA,CCC,CCG,CCT,CGA,CGC,CGG,CGT,CTA,CTC,CTG,CTT,GAA,GAC,GAG,GAT,GCA,GCC,GCG,GCT,GGA,GGC,GGG,GGT,GTA,GTC,GTG,GTT,TAA,TAC,TAG,TAT,TCA,TCC,TCG,TCT,TGA,TGC,TGG,TGT,TTA,TTC,TTG,TTT
Nilaparvata lugens honeydew virus 1,Riboviria,D1P27,invertebrates,RNA,linear,1.37894736842105,0.536312849162011,0.621052631578947,1.46368715083799,1.21739130434783,0.560386473429952,0.579710144927536,1.64251207729469,1.08074534161491,0.519230769230769,0.596273291925466,1.58653846153846,0.989010989010989,0.56043956043956,1,1.45054945054945,1.42857142857143,0.634146341463415,0.571428571428571,1.36585365853659,1.65745856353591,0.92817679558011,0.154696132596685,1.25966850828729,0.335403726708075,1.08074534161491,0.372670807453416,2.53416149068323,0.50965250965251,0.370656370656371,0.486486486486487,0.972972972972973,1.35849056603774,0.534090909090909,0.641509433962264,1.46590909090909,1.15384615384615,0.615384615384615,0.692307692307692,1.53846153846154,0.782122905027933,0.491620111731844,0.603351955307263,2.12290502793296,0.786324786324786,0.495726495726496,0.923076923076923,1.79487179487179,0,0.449275362318841,0,1.55072463768116,1.21153846153846,0.432692307692308,0.519230769230769,1.73076923076923,3,0.657142857142857,1,1.34285714285714,1.99227799227799,0.620689655172414,1.66795366795367,1.37931034482759
