virus,realm,locus_tag,host,type,shape,AAA,AAC,AAG,AAT,ACA,ACC,ACG,ACT,AGA,AGC,AGG,AGT,ATA,ATC,ATG,ATT,CAA,CAC,CAG,CAT,CCA,CCC,CCG,CCT,CGA,CGC,CGG,CGT,CTA,CTC,CTG,CTT,GAA,GAC,GAG,GAT,GCA,GCC,GCG,GCT,GGA,GGC,GGG,GGT,GTA,GTC,GTG,GTT,TAA,TAC,TAG,TAT,TCA,TCC,TCG,TCT,TGA,TGC,TGG,TGT,TTA,TTC,TTG,TTT
Nitrosopumilus spindle-shaped virus,Fuselloviridae,HOV56,archaea,DNA,linear,1.70340136054422,0.426086956521739,0.296598639455782,1.57391304347826,1.63265306122449,0.207792207792208,0.111317254174397,2.04823747680891,4.1184668989547,0.211656441717791,0.313588850174216,2.18098159509202,0.619354838709677,0.362903225806452,1,2.01774193548387,1.8397212543554,0.48,0.160278745644599,1.52,2.5993690851735,0.0630914826498423,0.0126182965299685,1.32492113564669,0.585365853658537,0.0418118466898955,0,0.940766550522648,0.937238493723849,0.142259414225941,0.0836820083682008,1.10460251046025,1.82627118644068,0.239185750636132,0.173728813559322,1.76081424936387,2.69565217391304,0.202898550724638,0.0483091787439614,1.05314009661836,1.02283105022831,0.146118721461187,0.0547945205479452,2.77625570776256,1.73770491803279,0.311475409836066,0.254098360655738,1.69672131147541,1.53061224489796,0.55045871559633,0.489795918367347,1.44954128440367,1.7760736196319,0.239263803680982,0.0736196319018405,1.51840490797546,0.979591836734694,0.292307692307692,1,1.70769230769231,2.51882845188284,0.259414225941423,1.21338912133891,1.74058577405858
