virus,realm,locus_tag,host,type,shape,AAA,AAC,AAG,AAT,ACA,ACC,ACG,ACT,AGA,AGC,AGG,AGT,ATA,ATC,ATG,ATT,CAA,CAC,CAG,CAT,CCA,CCC,CCG,CCT,CGA,CGC,CGG,CGT,CTA,CTC,CTG,CTT,GAA,GAC,GAG,GAT,GCA,GCC,GCG,GCT,GGA,GGC,GGG,GGT,GTA,GTC,GTG,GTT,TAA,TAC,TAG,TAT,TCA,TCC,TCG,TCT,TGA,TGC,TGG,TGT,TTA,TTC,TTG,TTT
Nodularia phage vB NpeS-2AV2,NA,HWA92,NA,NA,NA,1.25354434553248,0.915007285089849,0.746455654467524,1.08499271491015,1.44483159117305,0.760356174990321,0.329849012775842,1.46496322106078,2.04786680541103,0.906400550584997,1.0894901144641,1.40605643496215,1.01527614571093,0.707403055229142,1,1.27732079905993,1.13029989658738,1.02086677367576,0.869700103412616,0.979133226324238,1.33799533799534,0.664335664335664,0.384615384615385,1.61305361305361,0.586888657648283,0.714880332986472,0.346514047866805,1.21436004162331,1.27168831168831,0.356883116883117,0.712207792207792,0.931948051948052,1.20687186828919,0.628072957969865,0.793128131710809,1.37192704203013,1.17851184517851,0.541875208541875,0.431097764431098,1.84851518184852,0.766161213088587,0.512370311252993,0.600159616919393,2.12130885873903,1.33836858006042,0.427492447129909,0.787009063444109,1.44712990936556,1.56593406593407,0.977067407922168,0.758241758241758,1.02293259207783,1.25739848589126,0.518238128011012,0.340674466620785,1.5712319339298,0.675824175824176,0.91358024691358,1,1.08641975308642,1.84207792207792,0.749531542785759,0.885194805194805,1.25046845721424
