virus,realm,locus_tag,host,type,shape,AAA,AAC,AAG,AAT,ACA,ACC,ACG,ACT,AGA,AGC,AGG,AGT,ATA,ATC,ATG,ATT,CAA,CAC,CAG,CAT,CCA,CCC,CCG,CCT,CGA,CGC,CGG,CGT,CTA,CTC,CTG,CTT,GAA,GAC,GAG,GAT,GCA,GCC,GCG,GCT,GGA,GGC,GGG,GGT,GTA,GTC,GTG,GTT,TAA,TAC,TAG,TAT,TCA,TCC,TCG,TCT,TGA,TGC,TGG,TGT,TTA,TTC,TTG,TTT
Nodularia phage vB NspS-kac68v161,NA,HWC13,NA,NA,NA,1.25015253203173,0.912425492893168,0.749847467968273,1.08757450710683,1.43811972089607,0.753580609621741,0.33786265148733,1.47043701799486,2.07525325615051,0.903267136450993,1.10564399421129,1.39525944907111,1.0251758607923,0.695298037763791,1,1.27952610144391,1.13095238095238,1.0196671709531,0.869047619047619,0.980332829046899,1.31851028349083,0.662590327959978,0.406892718176765,1.61200667037243,0.581765557163531,0.706222865412446,0.361794500723589,1.16931982633864,1.2450884086444,0.37573673870334,0.674852652259332,0.912082514734774,1.20176032498307,0.630492930836836,0.798239675016926,1.36950706916316,1.18242175150174,0.557698387606703,0.428706923806513,1.83117293708505,0.768480300187617,0.532833020637899,0.579362101313321,2.11932457786116,1.34336917562724,0.422939068100358,0.791397849462366,1.44229390681004,1.53030303030303,0.954486345903771,0.772727272727273,1.04551365409623,1.30301089045484,0.518898142216528,0.349775784753363,1.52978859705317,0.696969696969697,0.897485493230174,1,1.10251450676983,1.87721021611002,0.74025974025974,0.915029469548134,1.25974025974026
