virus,realm,locus_tag,host,type,shape,AAA,AAC,AAG,AAT,ACA,ACC,ACG,ACT,AGA,AGC,AGG,AGT,ATA,ATC,ATG,ATT,CAA,CAC,CAG,CAT,CCA,CCC,CCG,CCT,CGA,CGC,CGG,CGT,CTA,CTC,CTG,CTT,GAA,GAC,GAG,GAT,GCA,GCC,GCG,GCT,GGA,GGC,GGG,GGT,GTA,GTC,GTG,GTT,TAA,TAC,TAG,TAT,TCA,TCC,TCG,TCT,TGA,TGC,TGG,TGT,TTA,TTC,TTG,TTT
Norovirus GI/Hu/JP/2007/GI.P3 GI.3/Shimizu/KK2866,NA,EHS36,NA,NA,NA,0.976377952755906,0.771929824561403,1.02362204724409,1.2280701754386,1.40880503144654,1.25786163522013,0.20125786163522,1.13207547169811,1.4014598540146,0.861878453038674,1.83941605839416,1.02762430939227,1.20863309352518,0.712230215827338,1,1.07913669064748,1.23364485981308,1,0.766355140186916,1,1.42331288343558,1.30061349693252,0.245398773006135,1.03067484662577,0.394160583941606,1.09489051094891,0.525547445255474,0.744525547445255,1,1.02941176470588,0.941176470588235,0.823529411764706,1.09219858156028,0.892086330935252,0.907801418439716,1.10791366906475,1,1.34,0.36,1.3,0.576744186046512,1.35813953488372,0.744186046511628,1.32093023255814,0.538011695906433,1.28654970760234,1.35672514619883,0.818713450292398,2,0.688524590163934,0,1.31147540983607,1.72375690607735,1.22651933701657,0.298342541436464,0.861878453038674,1,0.823529411764706,1,1.17647058823529,0.823529411764706,0.91304347826087,1.38235294117647,1.08695652173913
