virus,realm,locus_tag,host,type,shape,AAA,AAC,AAG,AAT,ACA,ACC,ACG,ACT,AGA,AGC,AGG,AGT,ATA,ATC,ATG,ATT,CAA,CAC,CAG,CAT,CCA,CCC,CCG,CCT,CGA,CGC,CGG,CGT,CTA,CTC,CTG,CTT,GAA,GAC,GAG,GAT,GCA,GCC,GCG,GCT,GGA,GGC,GGG,GGT,GTA,GTC,GTG,GTT,TAA,TAC,TAG,TAT,TCA,TCC,TCG,TCT,TGA,TGC,TGG,TGT,TTA,TTC,TTG,TTT
Norovirus GII.17,Riboviria,D9V38,human:vertebrates,RNA,linear,1.02127659574468,1.04132231404959,0.978723404255319,0.958677685950413,1.56756756756757,1.05405405405405,0.297297297297297,1.08108108108108,2.51470588235294,0.680412371134021,2.11764705882353,0.835051546391753,1.04761904761905,0.952380952380952,1,1,1.23232323232323,1.28571428571429,0.767676767676768,0.714285714285714,1.59090909090909,1.06818181818182,0.409090909090909,0.931818181818182,0.176470588235294,0.485294117647059,0.441176470588235,0.264705882352941,0.538116591928251,1.37219730941704,1.13004484304933,1.26457399103139,1.03597122302158,1.03597122302158,0.964028776978417,0.964028776978417,1.33333333333333,1.20218579234973,0.39344262295082,1.07103825136612,1.15789473684211,1.26315789473684,0.610526315789474,0.968421052631579,0.287581699346405,0.967320261437909,1.83006535947712,0.915032679738562,1,0.901408450704225,1,1.09859154929577,1.23711340206186,1.02061855670103,0.278350515463918,1.94845360824742,1,0.8,1,1.2,0.618834080717489,1.17391304347826,1.0762331838565,0.826086956521739
