virus,realm,locus_tag,host,type,shape,AAA,AAC,AAG,AAT,ACA,ACC,ACG,ACT,AGA,AGC,AGG,AGT,ATA,ATC,ATG,ATT,CAA,CAC,CAG,CAT,CCA,CCC,CCG,CCT,CGA,CGC,CGG,CGT,CTA,CTC,CTG,CTT,GAA,GAC,GAG,GAT,GCA,GCC,GCG,GCT,GGA,GGC,GGG,GGT,GTA,GTC,GTG,GTT,TAA,TAC,TAG,TAT,TCA,TCC,TCG,TCT,TGA,TGC,TGG,TGT,TTA,TTC,TTG,TTT
Norovirus GI,Riboviria,NoVGI,human:vertebrates,RNA,linear,0.950819672131147,0.509433962264151,1.04918032786885,1.49056603773585,1.20754716981132,1.08176100628931,0.452830188679245,1.25786163522013,0.992481203007519,0.478723404255319,1.89473684210526,1.02127659574468,1.272,0.672,1,1.056,1.2991452991453,0.807017543859649,0.700854700854701,1.19298245614035,1.57575757575758,1.06666666666667,0.290909090909091,1.06666666666667,0.631578947368421,0.992481203007519,0.676691729323308,0.81203007518797,1.10144927536232,1.18840579710145,0.956521739130435,0.927536231884058,1.17391304347826,0.82962962962963,0.826086956521739,1.17037037037037,1.10204081632653,1.16326530612245,0.346938775510204,1.38775510204082,0.735849056603774,0.962264150943396,0.811320754716981,1.49056603773585,0.71264367816092,1.19540229885057,1.17241379310345,0.919540229885057,2,0.634920634920635,0,1.36507936507937,1.81914893617021,1.14893617021277,0.351063829787234,1.18085106382979,1,1.03030303030303,1,0.96969696969697,0.666666666666667,0.978260869565217,1.15942028985507,1.02173913043478
Norovirus GI,Riboviria,NoVGI,human:vertebrates,ss-RNA,linear,0.950819672131147,0.509433962264151,1.04918032786885,1.49056603773585,1.20754716981132,1.08176100628931,0.452830188679245,1.25786163522013,0.992481203007519,0.478723404255319,1.89473684210526,1.02127659574468,1.272,0.672,1,1.056,1.2991452991453,0.807017543859649,0.700854700854701,1.19298245614035,1.57575757575758,1.06666666666667,0.290909090909091,1.06666666666667,0.631578947368421,0.992481203007519,0.676691729323308,0.81203007518797,1.10144927536232,1.18840579710145,0.956521739130435,0.927536231884058,1.17391304347826,0.82962962962963,0.826086956521739,1.17037037037037,1.10204081632653,1.16326530612245,0.346938775510204,1.38775510204082,0.735849056603774,0.962264150943396,0.811320754716981,1.49056603773585,0.71264367816092,1.19540229885057,1.17241379310345,0.919540229885057,2,0.634920634920635,0,1.36507936507937,1.81914893617021,1.14893617021277,0.351063829787234,1.18085106382979,1,1.03030303030303,1,0.96969696969697,0.666666666666667,0.978260869565217,1.15942028985507,1.02173913043478
