virus,realm,locus_tag,host,type,shape,AAA,AAC,AAG,AAT,ACA,ACC,ACG,ACT,AGA,AGC,AGG,AGT,ATA,ATC,ATG,ATT,CAA,CAC,CAG,CAT,CCA,CCC,CCG,CCT,CGA,CGC,CGG,CGT,CTA,CTC,CTG,CTT,GAA,GAC,GAG,GAT,GCA,GCC,GCG,GCT,GGA,GGC,GGG,GGT,GTA,GTC,GTG,GTT,TAA,TAC,TAG,TAT,TCA,TCC,TCG,TCT,TGA,TGC,TGG,TGT,TTA,TTC,TTG,TTT
Norovirus GIII,Riboviria,NoVGIII,human:vertebrates,RNA,linear,0.5,1.03157894736842,1.5,0.968421052631579,0.535433070866142,1.82677165354331,0.440944881889764,1.19685039370079,0.405405405405405,0.745945945945946,0.608108108108108,0.486486486486487,0.46875,1.5625,1,0.96875,0.568807339449541,1.25,1.43119266055046,0.75,0.942408376963351,1.69633507853403,0.397905759162304,0.963350785340314,0.527027027027027,2.14864864864865,1.62162162162162,0.689189189189189,0.331797235023041,1.88018433179724,1.52073732718894,1.49308755760369,0.552238805970149,1.24031007751938,1.44776119402985,0.75968992248062,0.407079646017699,2.21238938053097,0.495575221238938,0.884955752212389,0.365714285714286,1.87428571428571,0.937142857142857,0.822857142857143,0.211764705882353,1.36470588235294,1.12941176470588,1.29411764705882,0,1,0,1,0.972972972972973,1.97837837837838,0.421621621621622,1.39459459459459,3,1.4375,1,0.5625,0.138248847926267,0.843137254901961,0.63594470046083,1.15686274509804
