virus,realm,locus_tag,host,type,shape,AAA,AAC,AAG,AAT,ACA,ACC,ACG,ACT,AGA,AGC,AGG,AGT,ATA,ATC,ATG,ATT,CAA,CAC,CAG,CAT,CCA,CCC,CCG,CCT,CGA,CGC,CGG,CGT,CTA,CTC,CTG,CTT,GAA,GAC,GAG,GAT,GCA,GCC,GCG,GCT,GGA,GGC,GGG,GGT,GTA,GTC,GTG,GTT,TAA,TAC,TAG,TAT,TCA,TCC,TCG,TCT,TGA,TGC,TGG,TGT,TTA,TTC,TTG,TTT
Norovirus GII/Hu/JP/2007/GII.P15 GII.15/Sapporo/HK299,NA,FQV34,NA,NA,NA,0.931506849315068,1.09433962264151,1.06849315068493,0.905660377358491,1.30666666666667,1.44,0.373333333333333,0.88,2.64705882352941,0.861702127659574,1.94117647058824,0.957446808510638,0.679245283018868,1.24528301886792,1,1.07547169811321,0.941176470588235,1.2,1.05882352941176,0.8,1.2289156626506,1.49397590361446,0.36144578313253,0.91566265060241,0.176470588235294,0.397058823529412,0.264705882352941,0.573529411764706,0.63768115942029,1.47826086956522,1.07246376811594,1.33333333333333,0.826666666666667,1.11940298507463,1.17333333333333,0.880597014925373,1.33333333333333,1.37566137566138,0.275132275132275,1.01587301587302,1.00512820512821,0.882051282051282,0.635897435897436,1.47692307692308,0.337078651685393,1.25842696629213,1.28089887640449,1.12359550561798,2,0.957746478873239,0,1.04225352112676,1.59574468085106,0.925531914893617,0.319148936170213,1.34042553191489,1,0.882352941176471,1,1.11764705882353,0.521739130434783,1.02857142857143,0.956521739130435,0.971428571428571
