virus,realm,host,locus_tag,AAA,AAC,AAG,AAT,ACA,ACC,ACG,ACT,AGA,AGC,AGG,AGT,ATA,ATC,ATG,ATT,CAA,CAC,CAG,CAT,CCA,CCC,CCG,CCT,CGA,CGC,CGG,CGT,CTA,CTC,CTG,CTT,GAA,GAC,GAG,GAT,GCA,GCC,GCG,GCT,GGA,GGC,GGG,GGT,GTA,GTC,GTG,GTT,TAA,TAC,TAG,TAT,TCA,TCC,TCG,TCT,TGA,TGC,TGG,TGT,TTA,TTC,TTG,TTT
Nudaurelia capensis omega virus,Riboviria,invertebrates,D1P63,0.705882352941177,1.04761904761905,1.29411764705882,0.952380952380952,0.25,1.3125,0.75,1.6875,0.307692307692308,0.652173913043478,0,0.652173913043478,0.818181818181818,1.09090909090909,1,1.09090909090909,1.1,0.857142857142857,0.9,1.14285714285714,0.324324324324324,0.648648648648649,1.62162162162162,1.40540540540541,1.23076923076923,1.53846153846154,0.307692307692308,2.61538461538462,0.25531914893617,1.91489361702128,0.382978723404255,2.42553191489362,0.761904761904762,1.43589743589744,1.23809523809524,0.564102564102564,0.695652173913043,1.10144927536232,0.521739130434783,1.68115942028985,0.583333333333333,1.41666666666667,0.333333333333333,1.66666666666667,0.0975609756097561,1.85365853658537,0.585365853658537,1.46341463414634,3,1.5,0,0.5,0.782608695652174,1.69565217391304,0.782608695652174,1.43478260869565,0,1.33333333333333,1,0.666666666666667,0.382978723404255,0.827586206896552,0.638297872340426,1.17241379310345
