virus,realm,locus_tag,host,type,shape,AAA,AAC,AAG,AAT,ACA,ACC,ACG,ACT,AGA,AGC,AGG,AGT,ATA,ATC,ATG,ATT,CAA,CAC,CAG,CAT,CCA,CCC,CCG,CCT,CGA,CGC,CGG,CGT,CTA,CTC,CTG,CTT,GAA,GAC,GAG,GAT,GCA,GCC,GCG,GCT,GGA,GGC,GGG,GGT,GTA,GTC,GTG,GTT,TAA,TAC,TAG,TAT,TCA,TCC,TCG,TCT,TGA,TGC,TGG,TGT,TTA,TTC,TTG,TTT
Odonata-associated circular virus-3,unclassified viruses,EXJ50,invertebrates,DNA,circular,0.0571428571428571,1.52941176470588,1.94285714285714,0.470588235294118,0.333333333333333,2,0.666666666666667,1,0,2.52631578947368,1.15384615384615,0.315789473684211,0,2.71428571428571,1,0.285714285714286,0.32,1,1.68,1,0.761904761904762,1.14285714285714,0.761904761904762,1.33333333333333,0.461538461538462,1.38461538461538,0.692307692307692,2.30769230769231,0.428571428571429,2.57142857142857,1.71428571428571,1.07142857142857,0.5,1.1875,1.5,0.8125,0.48,1.6,0.64,1.28,0.848484848484849,1.93939393939394,0.727272727272727,0.484848484848485,0.827586206896552,1.37931034482759,1.24137931034483,0.551724137931034,0,1.13333333333333,3,0.866666666666667,0.315789473684211,1.57894736842105,0.315789473684211,0.947368421052632,0,1.5,1,0.5,0.214285714285714,1.1,0,0.9
