virus,realm,locus_tag,host,type,shape,AAA,AAC,AAG,AAT,ACA,ACC,ACG,ACT,AGA,AGC,AGG,AGT,ATA,ATC,ATG,ATT,CAA,CAC,CAG,CAT,CCA,CCC,CCG,CCT,CGA,CGC,CGG,CGT,CTA,CTC,CTG,CTT,GAA,GAC,GAG,GAT,GCA,GCC,GCG,GCT,GGA,GGC,GGG,GGT,GTA,GTC,GTG,GTT,TAA,TAC,TAG,TAT,TCA,TCC,TCG,TCT,TGA,TGC,TGG,TGT,TTA,TTC,TTG,TTT
Odonata-associated circular virus-11,unclassified viruses,EXK19,invertebrates,ss-DNA,circular,1.51351351351351,1.13333333333333,0.486486486486487,0.866666666666667,1.41935483870968,0.516129032258065,0.129032258064516,1.93548387096774,3.68181818181818,0.387096774193548,0.272727272727273,1.16129032258065,1.96875,0.375,1,0.65625,1.2,1,0.8,1,1.64705882352941,0,0,2.35294117647059,0.818181818181818,0.545454545454545,0.136363636363636,0.545454545454545,1.89473684210526,0.315789473684211,0.473684210526316,1.26315789473684,1.35483870967742,0.666666666666667,0.645161290322581,1.33333333333333,1.37931034482759,0.275862068965517,0,2.3448275862069,1.72972972972973,0.108108108108108,0.432432432432432,1.72972972972973,2.07407407407407,0.592592592592593,0.444444444444444,0.888888888888889,1.5,0.714285714285714,1.5,1.28571428571429,1.54838709677419,0.387096774193548,0.193548387096774,2.32258064516129,0,0.666666666666667,1,1.33333333333333,1.42105263157895,0.555555555555556,0.631578947368421,1.44444444444444
