virus,realm,locus_tag,host,type,shape,AAA,AAC,AAG,AAT,ACA,ACC,ACG,ACT,AGA,AGC,AGG,AGT,ATA,ATC,ATG,ATT,CAA,CAC,CAG,CAT,CCA,CCC,CCG,CCT,CGA,CGC,CGG,CGT,CTA,CTC,CTG,CTT,GAA,GAC,GAG,GAT,GCA,GCC,GCG,GCT,GGA,GGC,GGG,GGT,GTA,GTC,GTG,GTT,TAA,TAC,TAG,TAT,TCA,TCC,TCG,TCT,TGA,TGC,TGG,TGT,TTA,TTC,TTG,TTT
Odonata-associated circular virus-17,unclassified viruses,EXK20,invertebrates,DNA,circular,0.739130434782609,0.923076923076923,1.26086956521739,1.07692307692308,0.875,1.25,0.125,1.75,1.62162162162162,1.11111111111111,0.810810810810811,0.888888888888889,0.84,1.14,1,1.02,0.666666666666667,0.923076923076923,1.33333333333333,1.07692307692308,2,0.333333333333333,0.333333333333333,1.33333333333333,0.162162162162162,1.13513513513514,0.324324324324324,1.94594594594595,0.428571428571429,1.42857142857143,0.857142857142857,1.28571428571429,1.03448275862069,0.666666666666667,0.96551724137931,1.33333333333333,0.972972972972973,0.108108108108108,0.216216216216216,2.7027027027027,0.512820512820513,1.33333333333333,0,2.15384615384615,0.8,1.06666666666667,0.8,1.33333333333333,0,0.666666666666667,1.5,1.33333333333333,2.44444444444444,0,0.222222222222222,1.33333333333333,1.5,0.75,NA,1.25,1.14285714285714,0.666666666666667,0.857142857142857,1.33333333333333
