virus,realm,locus_tag,host,type,shape,AAA,AAC,AAG,AAT,ACA,ACC,ACG,ACT,AGA,AGC,AGG,AGT,ATA,ATC,ATG,ATT,CAA,CAC,CAG,CAT,CCA,CCC,CCG,CCT,CGA,CGC,CGG,CGT,CTA,CTC,CTG,CTT,GAA,GAC,GAG,GAT,GCA,GCC,GCG,GCT,GGA,GGC,GGG,GGT,GTA,GTC,GTG,GTT,TAA,TAC,TAG,TAT,TCA,TCC,TCG,TCT,TGA,TGC,TGG,TGT,TTA,TTC,TTG,TTT
Odonata-associated circular virus-2,unclassified viruses,EXJ49,invertebrates,DNA,circular,0.777777777777778,0.634146341463415,1.22222222222222,1.36585365853659,0.7,0.7,0.3,2.3,3.42857142857143,0.514285714285714,1.71428571428571,1.54285714285714,1,0.727272727272727,1,1.27272727272727,1.11111111111111,0.909090909090909,0.888888888888889,1.09090909090909,1.41176470588235,0.470588235294118,0.235294117647059,1.88235294117647,0.428571428571429,0.214285714285714,0,0.214285714285714,0.727272727272727,1.81818181818182,0,1.45454545454545,1.125,0.727272727272727,0.875,1.27272727272727,1.5,0.25,0.75,1.5,2,0.266666666666667,0.533333333333333,1.2,1.12,0.48,0.8,1.6,3,0.96,0,1.04,1.2,0.514285714285714,0.514285714285714,1.71428571428571,0,0.769230769230769,1,1.23076923076923,2,0.96551724137931,0,1.03448275862069
