virus,realm,locus_tag,host,type,shape,AAA,AAC,AAG,AAT,ACA,ACC,ACG,ACT,AGA,AGC,AGG,AGT,ATA,ATC,ATG,ATT,CAA,CAC,CAG,CAT,CCA,CCC,CCG,CCT,CGA,CGC,CGG,CGT,CTA,CTC,CTG,CTT,GAA,GAC,GAG,GAT,GCA,GCC,GCG,GCT,GGA,GGC,GGG,GGT,GTA,GTC,GTG,GTT,TAA,TAC,TAG,TAT,TCA,TCC,TCG,TCT,TGA,TGC,TGG,TGT,TTA,TTC,TTG,TTT
Okra mottle virus,Monodnaviria,OMoVBr,land plants,DNA,circular,0.769230769230769,1.01298701298701,1.23076923076923,0.987012987012987,1.36708860759494,0.860759493670886,1.0126582278481,0.759493670886076,1.53061224489796,0.885245901639344,1.59183673469388,0.639344262295082,1.09756097560976,0.841463414634146,1,1.0609756097561,0.950819672131147,1.28,1.04918032786885,0.72,1.35064935064935,1.09090909090909,0.519480519480519,1.03896103896104,0.673469387755102,0.36734693877551,0.306122448979592,1.53061224489796,0.831683168316832,1.30693069306931,1.12871287128713,0.653465346534653,0.835820895522388,1.16216216216216,1.16417910447761,0.837837837837838,0.821917808219178,0.986301369863014,0.657534246575342,1.53424657534247,0.810126582278481,0.810126582278481,0.962025316455696,1.41772151898734,0.564705882352941,1.45882352941176,0.988235294117647,0.988235294117647,2,0.885245901639344,1,1.11475409836066,1.18032786885246,1.22950819672131,0.786885245901639,1.27868852459016,0,1.25,1,0.75,1.18811881188119,1.15151515151515,0.891089108910891,0.848484848484849
