virus,realm,host,locus_tag,AAA,AAC,AAG,AAT,ACA,ACC,ACG,ACT,AGA,AGC,AGG,AGT,ATA,ATC,ATG,ATT,CAA,CAC,CAG,CAT,CCA,CCC,CCG,CCT,CGA,CGC,CGG,CGT,CTA,CTC,CTG,CTT,GAA,GAC,GAG,GAT,GCA,GCC,GCG,GCT,GGA,GGC,GGG,GGT,GTA,GTC,GTG,GTT,TAA,TAC,TAG,TAT,TCA,TCC,TCG,TCT,TGA,TGC,TGG,TGT,TTA,TTC,TTG,TTT
Olive viral satellite RNA,Satellites,land plants,X662,0,1.14285714285714,2,0.857142857142857,2,0.333333333333333,0.333333333333333,1.33333333333333,1.75,1.2,0.5,0,0.857142857142857,0.857142857142857,1,1.28571428571429,1.2,NA,0.8,NA,0.923076923076923,0.307692307692308,1.53846153846154,1.23076923076923,1.25,0.5,0.75,1.25,0.666666666666667,1.33333333333333,0,2.66666666666667,2,1.71428571428571,0,0.285714285714286,1.6,1.06666666666667,0.8,0.533333333333333,2.22222222222222,0.888888888888889,0,0.888888888888889,0.4,1.2,0.4,2,0,1.33333333333333,3,0.666666666666667,2.8,0,0.4,1.6,0,0,1,2,0,0.5,1.33333333333333,1.5
