virus,realm,host,locus_tag,AAA,AAC,AAG,AAT,ACA,ACC,ACG,ACT,AGA,AGC,AGG,AGT,ATA,ATC,ATG,ATT,CAA,CAC,CAG,CAT,CCA,CCC,CCG,CCT,CGA,CGC,CGG,CGT,CTA,CTC,CTG,CTT,GAA,GAC,GAG,GAT,GCA,GCC,GCG,GCT,GGA,GGC,GGG,GGT,GTA,GTC,GTG,GTT,TAA,TAC,TAG,TAT,TCA,TCC,TCG,TCT,TGA,TGC,TGG,TGT,TTA,TTC,TTG,TTT
Opuntia virus X,Riboviria,land plants,OVXgp,1.02816901408451,1.28260869565217,0.971830985915493,0.717391304347826,0.805031446540881,1.50943396226415,0.427672955974843,1.25786163522013,2.07142857142857,1.18471337579618,1.92857142857143,0.535031847133758,0.411290322580645,1.59677419354839,1,0.991935483870968,1.00934579439252,1.20547945205479,0.990654205607477,0.794520547945205,1.54074074074074,1.24444444444444,0.414814814814815,0.8,0.5,1,0.0714285714285714,0.428571428571429,1.06730769230769,1.99038461538462,1.58653846153846,0.692307692307692,1.14516129032258,1.45794392523364,0.854838709677419,0.542056074766355,1.21348314606742,1.23595505617978,0.539325842696629,1.01123595505618,1.54128440366972,0.954128440366973,0.880733944954128,0.623853211009174,0.432432432432432,1.44144144144144,1.47747747747748,0.648648648648649,1.2,1.52380952380952,0,0.476190476190476,1.22292993630573,1.75796178343949,0.420382165605096,0.878980891719745,1.8,1.63636363636364,1,0.363636363636364,0.288461538461538,1.31481481481481,0.375,0.685185185185185
