virus,realm,host,locus_tag,AAA,AAC,AAG,AAT,ACA,ACC,ACG,ACT,AGA,AGC,AGG,AGT,ATA,ATC,ATG,ATT,CAA,CAC,CAG,CAT,CCA,CCC,CCG,CCT,CGA,CGC,CGG,CGT,CTA,CTC,CTG,CTT,GAA,GAC,GAG,GAT,GCA,GCC,GCG,GCT,GGA,GGC,GGG,GGT,GTA,GTC,GTG,GTT,TAA,TAC,TAG,TAT,TCA,TCC,TCG,TCT,TGA,TGC,TGG,TGT,TTA,TTC,TTG,TTT
Orbivirus SX-2017a,Riboviria,invertebrates,B1784,1.03980099502488,0.638095238095238,0.960199004975124,1.36190476190476,1.28792569659443,0.421052631578947,1.3250773993808,0.96594427244582,1.82089552238806,0.812680115273775,1.01492537313433,1.27953890489914,1.09090909090909,0.638755980861244,1,1.27033492822966,1.03448275862069,0.648648648648649,0.96551724137931,1.35135135135135,1.80869565217391,0.260869565217391,1.1304347826087,0.8,1.1044776119403,0.522388059701492,0.507462686567164,1.02985074626866,0.841121495327103,0.291588785046729,0.785046728971963,0.471028037383178,1.08131868131868,0.330623306233062,0.918681318681319,1.66937669376694,1.38392857142857,0.205357142857143,1.47321428571429,0.9375,1.48387096774194,0.537634408602151,0.913978494623656,1.06451612903226,0.974477958236659,0.491879350348028,1.19721577726218,1.33642691415313,1.2,0.589211618257261,0.6,1.41078838174274,1.9193083573487,0.345821325648415,0.9164265129683,0.726224783861671,1.2,0.622950819672131,1,1.37704918032787,2.1981308411215,0.801801801801802,1.41308411214953,1.1981981981982
