virus,realm,locus_tag,host,type,shape,AAA,AAC,AAG,AAT,ACA,ACC,ACG,ACT,AGA,AGC,AGG,AGT,ATA,ATC,ATG,ATT,CAA,CAC,CAG,CAT,CCA,CCC,CCG,CCT,CGA,CGC,CGG,CGT,CTA,CTC,CTG,CTT,GAA,GAC,GAG,GAT,GCA,GCC,GCG,GCT,GGA,GGC,GGG,GGT,GTA,GTC,GTG,GTT,TAA,TAC,TAG,TAT,TCA,TCC,TCG,TCT,TGA,TGC,TGG,TGT,TTA,TTC,TTG,TTT
Orf virus,Varidnaviria,ORFVgORF,human:vertebrates,DNA,linear,0.337748344370861,1.83081155433287,1.66225165562914,0.169188445667125,0.344370860927152,1.63885209713024,1.71655629139073,0.300220750551876,0.232235701906412,1.80428134556575,0.253032928942808,0.275229357798165,0.477959697732997,2.29156171284635,1,0.230478589420655,0.240802675585284,1.8955386289445,1.75919732441472,0.104461371055495,0.243114909781576,1.66571699905033,1.79107312440646,0.300094966761633,0.296360485268631,3.81629116117851,1.20970537261698,0.192374350086655,0.25784144233144,2.31316374413435,2.87774759199802,0.219313410718696,0.269246271664651,1.84831460674157,1.73075372833535,0.151685393258427,0.213066241748236,1.39221488732074,2.22717960391532,0.167539267015707,0.386373436826218,2.58042259594653,0.819318671841311,0.213885295385942,0.188464662875711,1.11670728405091,2.4998646087192,0.194963444354184,0.992307692307692,1.89958847736626,0.923076923076923,0.100411522633745,0.17533129459735,1.63710499490316,1.76758409785933,0.340468909276249,1.08461538461538,1.6961271102284,1,0.303872889771599,0.0859471474438133,1.75157232704403,0.245986663373673,0.248427672955975
