virus,realm,locus_tag,host,type,shape,AAA,AAC,AAG,AAT,ACA,ACC,ACG,ACT,AGA,AGC,AGG,AGT,ATA,ATC,ATG,ATT,CAA,CAC,CAG,CAT,CCA,CCC,CCG,CCT,CGA,CGC,CGG,CGT,CTA,CTC,CTG,CTT,GAA,GAC,GAG,GAT,GCA,GCC,GCG,GCT,GGA,GGC,GGG,GGT,GTA,GTC,GTG,GTT,TAA,TAC,TAG,TAT,TCA,TCC,TCG,TCT,TGA,TGC,TGG,TGT,TTA,TTC,TTG,TTT
Ornithogalum mosaic virus,Riboviria,D875,land plants,RNA,linear,0.995073891625616,0.781456953642384,1.00492610837438,1.21854304635762,1.89944134078212,0.290502793296089,0.782122905027933,1.02793296089385,1.80368098159509,1.09615384615385,0.736196319018405,1.35576923076923,0.877659574468085,0.702127659574468,1,1.42021276595745,1.34265734265734,0.538461538461538,0.657342657342657,1.46153846153846,1.69072164948454,0.329896907216495,0.865979381443299,1.11340206185567,1.69325153374233,0.809815950920245,0.294478527607362,0.662576687116564,0.680851063829787,0.723404255319149,0.808510638297872,1.27659574468085,1.28042328042328,0.764331210191083,0.71957671957672,1.23566878980892,1.86096256684492,0.556149732620321,0.770053475935829,0.812834224598931,1.54010695187166,0.620320855614973,0.641711229946524,1.19786096256684,0.729064039408867,0.591133004926108,0.945812807881773,1.73399014778325,0,0.73469387755102,0,1.26530612244898,1.35576923076923,0.576923076923077,0.721153846153846,0.894230769230769,3,0.92,1,1.08,0.957446808510638,0.761194029850746,1.5531914893617,1.23880597014925
