virus,realm,locus_tag,host,type,shape,AAA,AAC,AAG,AAT,ACA,ACC,ACG,ACT,AGA,AGC,AGG,AGT,ATA,ATC,ATG,ATT,CAA,CAC,CAG,CAT,CCA,CCC,CCG,CCT,CGA,CGC,CGG,CGT,CTA,CTC,CTG,CTT,GAA,GAC,GAG,GAT,GCA,GCC,GCG,GCT,GGA,GGC,GGG,GGT,GTA,GTC,GTG,GTT,TAA,TAC,TAG,TAT,TCA,TCC,TCG,TCT,TGA,TGC,TGG,TGT,TTA,TTC,TTG,TTT
Ostreococcus tauri virus 1,NA,OTV1,NA,DNA,linear,0.755070202808112,0.896448821247389,1.24492979719189,1.10355117875261,1.34524141780631,1.16996929946972,0.755791236394083,0.728998046329891,1.41351888667992,0.517972350230415,0.958250497017893,1.36405529953917,0.60419091967404,1.07741559953434,1,1.31839348079162,1.3356608478803,1.33118971061093,0.664339152119701,0.668810289389068,2.13961605584642,1.08202443280977,0.326352530541012,0.452006980802792,0.870775347912525,1.06163021868787,0.532803180914513,1.16302186878728,0.328227571115974,2.45908096280088,0.435886214442013,1.13172866520788,1.141750580945,0.790766498964191,0.858249419054996,1.20923350103581,0.648556876061121,1.24957555178268,1.2258064516129,0.876061120543294,0.717633928571429,0.534598214285714,0.71875,2.02901785714286,0.551143833815409,1.02550617933211,1.30633710228767,1.11701288456482,1.90434782608696,1.07325684024713,0.547826086956522,0.926743159752868,1.31981566820277,1.1963133640553,0.628571428571429,0.973271889400922,0.547826086956522,0.488272921108742,1,1.51172707889126,0.514660831509847,0.909623430962343,1.13041575492341,1.09037656903766
