virus,realm,locus_tag,host,type,shape,AAA,AAC,AAG,AAT,ACA,ACC,ACG,ACT,AGA,AGC,AGG,AGT,ATA,ATC,ATG,ATT,CAA,CAC,CAG,CAT,CCA,CCC,CCG,CCT,CGA,CGC,CGG,CGT,CTA,CTC,CTG,CTT,GAA,GAC,GAG,GAT,GCA,GCC,GCG,GCT,GGA,GGC,GGG,GGT,GTA,GTC,GTG,GTT,TAA,TAC,TAG,TAT,TCA,TCC,TCG,TCT,TGA,TGC,TGG,TGT,TTA,TTC,TTG,TTT
Ostreococcus lucimarinus virus OlV5,Varidnaviria,OLNG,eukaryotic algae,DNA,linear,0.892782060266293,0.803830707445165,1.10721793973371,1.19616929255483,1.60235294117647,0.896470588235294,0.511764705882353,0.989411764705882,1.84002869440459,0.422334422334422,0.817790530846485,1.3953073953074,0.683469445226697,0.830470290059138,1,1.48606026471416,1.44008372579801,1.02368866328257,0.559916274201989,0.976311336717428,2.20974111452391,0.872312417727073,0.300131636682756,0.617814831066257,0.759684361549498,0.865136298421808,0.413199426111908,1.30416068866571,0.324759561619325,1.84522478192798,0.334153433236412,1.64661149630955,1.31298115211043,0.662538699690402,0.687018847889567,1.3374613003096,0.853448275862069,0.977832512315271,1.01970443349754,1.14901477832512,0.909881193856853,0.363952477542741,0.527383367139959,2.19878296146045,0.69886834115374,0.878829699144355,1.05106265525807,1.37123930444383,1.7808764940239,0.910158013544018,0.585657370517928,1.08984198645598,1.55568755568756,0.946242946242946,0.502524502524503,1.17790317790318,0.633466135458167,0.475555555555556,1,1.52444444444444,0.712592261239096,0.795927025880356,1.13665846566764,1.20407297411964
