virus,realm,locus_tag,host,type,shape,AAA,AAC,AAG,AAT,ACA,ACC,ACG,ACT,AGA,AGC,AGG,AGT,ATA,ATC,ATG,ATT,CAA,CAC,CAG,CAT,CCA,CCC,CCG,CCT,CGA,CGC,CGG,CGT,CTA,CTC,CTG,CTT,GAA,GAC,GAG,GAT,GCA,GCC,GCG,GCT,GGA,GGC,GGG,GGT,GTA,GTC,GTG,GTT,TAA,TAC,TAG,TAT,TCA,TCC,TCG,TCT,TGA,TGC,TGG,TGT,TTA,TTC,TTG,TTT
Ovine enzootic nasal tumor virus,Riboviria,OENTVp,vertebrates,ss-RNA,linear,1.625,0.594059405940594,0.375,1.40594059405941,1.21379310344828,0.910344827586207,0.193103448275862,1.68275862068966,1.10526315789474,0.670807453416149,0.578947368421053,0.596273291925466,0.935064935064935,0.428571428571429,1,1.63636363636364,1.38364779874214,0.382352941176471,0.616352201257862,1.61764705882353,0.688888888888889,0.666666666666667,0.377777777777778,2.26666666666667,1.68421052631579,0.684210526315789,0.526315789473684,1.42105263157895,0.507692307692308,0.438461538461538,0.507692307692308,1.33846153846154,1.48453608247423,0.442477876106195,0.515463917525773,1.55752212389381,1.01863354037267,0.795031055900621,0.422360248447205,1.7639751552795,1.55704697986577,0.590604026845638,0.778523489932886,1.0738255033557,1.125,0.53125,0.75,1.59375,1.5,0.506024096385542,0.75,1.49397590361446,1.26708074534161,1.19254658385093,0.22360248447205,2.04968944099379,0.75,0.666666666666667,1,1.33333333333333,2.1,0.41304347826087,1.10769230769231,1.58695652173913
