virus,realm,host,locus_tag,AAA,AAC,AAG,AAT,ACA,ACC,ACG,ACT,AGA,AGC,AGG,AGT,ATA,ATC,ATG,ATT,CAA,CAC,CAG,CAT,CCA,CCC,CCG,CCT,CGA,CGC,CGG,CGT,CTA,CTC,CTG,CTT,GAA,GAC,GAG,GAT,GCA,GCC,GCG,GCT,GGA,GGC,GGG,GGT,GTA,GTC,GTG,GTT,TAA,TAC,TAG,TAT,TCA,TCC,TCG,TCT,TGA,TGC,TGG,TGT,TTA,TTC,TTG,TTT
Oz virus,Riboviria,invertebrates,F2P89,1.09090909090909,1.21854304635762,0.909090909090909,0.781456953642384,1.25345622119816,1.19815668202765,0.129032258064516,1.41935483870968,2.87425149700599,1.24705882352941,1.36526946107784,1.29411764705882,1.00471698113208,1.06132075471698,1,0.933962264150943,1.36923076923077,0.794871794871795,0.630769230769231,1.20512820512821,1.8159509202454,0.809815950920245,0.171779141104294,1.20245398773006,0.646706586826347,0.359281437125749,0.359281437125749,0.395209580838323,1.24844720496894,0.894409937888199,1.3416149068323,0.875776397515528,1.2191235059761,1.23684210526316,0.780876494023904,0.763157894736842,1.90361445783133,0.91566265060241,0.289156626506024,0.891566265060241,1.51162790697674,0.558139534883721,1.06976744186047,0.86046511627907,0.930232558139535,0.651162790697674,1.6,0.818604651162791,0.5,1.09565217391304,1.5,0.904347826086957,0.823529411764706,1.08235294117647,0.258823529411765,1.29411764705882,1,1.05882352941176,1,0.941176470588235,0.46583850931677,1.12,1.17391304347826,0.88
