virus,realm,host,locus_tag,AAA,AAC,AAG,AAT,ACA,ACC,ACG,ACT,AGA,AGC,AGG,AGT,ATA,ATC,ATG,ATT,CAA,CAC,CAG,CAT,CCA,CCC,CCG,CCT,CGA,CGC,CGG,CGT,CTA,CTC,CTG,CTT,GAA,GAC,GAG,GAT,GCA,GCC,GCG,GCT,GGA,GGC,GGG,GGT,GTA,GTC,GTG,GTT,TAA,TAC,TAG,TAT,TCA,TCC,TCG,TCT,TGA,TGC,TGG,TGT,TTA,TTC,TTG,TTT
Paguma larvata circovirus,Monodnaviria,vertebrates,EXK33,1.67567567567568,0.695652173913043,0.324324324324324,1.30434782608696,1.55555555555556,0.888888888888889,0.222222222222222,1.33333333333333,3.26086956521739,0.631578947368421,1.30434782608696,1.57894736842105,1.57142857142857,0.142857142857143,1,1.28571428571429,1.38461538461538,1.33333333333333,0.615384615384615,0.666666666666667,1.875,0.75,0.125,1.25,0.391304347826087,0.130434782608696,0.782608695652174,0.130434782608696,0.558139534883721,0.976744186046512,0.558139534883721,1.11627906976744,1.42857142857143,0.827586206896552,0.571428571428571,1.17241379310345,0.631578947368421,0.842105263157895,0.842105263157895,1.68421052631579,1.85365853658537,0.48780487804878,0.975609756097561,0.682926829268293,0.903225806451613,0.516129032258065,1.67741935483871,0.903225806451613,1.5,1.03703703703704,1.5,0.962962962962963,0.947368421052632,1.26315789473684,0.315789473684211,1.26315789473684,0,0.4,1,1.6,1.11627906976744,0.564102564102564,1.67441860465116,1.43589743589744
