virus,realm,locus_tag,host,type,shape,AAA,AAC,AAG,AAT,ACA,ACC,ACG,ACT,AGA,AGC,AGG,AGT,ATA,ATC,ATG,ATT,CAA,CAC,CAG,CAT,CCA,CCC,CCG,CCT,CGA,CGC,CGG,CGT,CTA,CTC,CTG,CTT,GAA,GAC,GAG,GAT,GCA,GCC,GCG,GCT,GGA,GGC,GGG,GGT,GTA,GTC,GTG,GTT,TAA,TAC,TAG,TAT,TCA,TCC,TCG,TCT,TGA,TGC,TGG,TGT,TTA,TTC,TTG,TTT
Palaemonetes intermedius brackish grass shrimp associated circular virus,Monodnaviria,AMR05,invertebrates,NA,NA,0.722222222222222,1.25,1.27777777777778,0.75,1.41666666666667,0.75,0.666666666666667,1.16666666666667,1.32,0.685714285714286,0.12,1.2,0.222222222222222,1.55555555555556,1,1.22222222222222,1.2258064516129,1.09090909090909,0.774193548387097,0.909090909090909,1.875,0.875,0.625,0.625,1.8,1.2,0.12,1.44,0.558139534883721,1.53488372093023,0.418604651162791,1.25581395348837,1.16129032258065,1.17647058823529,0.838709677419355,0.823529411764706,1.7,1.3,0.6,0.4,1.90909090909091,1,0.636363636363636,0.454545454545455,0.651162790697674,1.58139534883721,0.837209302325581,0.930232558139535,3,0.903225806451613,0,1.09677419354839,0.685714285714286,1.2,0.857142857142857,1.37142857142857,0,1.55555555555556,1,0.444444444444444,0.837209302325581,1.25,1.3953488372093,0.75
