virus,realm,locus_tag,host,type,shape,AAA,AAC,AAG,AAT,ACA,ACC,ACG,ACT,AGA,AGC,AGG,AGT,ATA,ATC,ATG,ATT,CAA,CAC,CAG,CAT,CCA,CCC,CCG,CCT,CGA,CGC,CGG,CGT,CTA,CTC,CTG,CTT,GAA,GAC,GAG,GAT,GCA,GCC,GCG,GCT,GGA,GGC,GGG,GGT,GTA,GTC,GTG,GTT,TAA,TAC,TAG,TAT,TCA,TCC,TCG,TCT,TGA,TGC,TGG,TGT,TTA,TTC,TTG,TTT
Palyam virus,Riboviria,PALV,invertebrates:vertebrates,ds-RNA,linear,1.28176795580111,0.530769230769231,0.718232044198895,1.46923076923077,1.64263322884013,0.313479623824451,0.84012539184953,1.20376175548589,2.26879271070615,0.822335025380711,1.09339407744875,1.30964467005076,1.07822410147992,0.494714587737844,1,1.42706131078224,1.22633744855967,0.56,0.773662551440329,1.44,1.99141630901288,0.257510729613734,0.978540772532189,0.772532188841202,0.779043280182232,0.232346241457859,0.492027334851936,1.13439635535308,0.810176125244618,0.270058708414873,0.598825831702544,0.669275929549902,1.17995444191344,0.348773841961853,0.82004555808656,1.65122615803815,1.408,0.309333333333333,1.184,1.09866666666667,1.6374269005848,0.526315789473684,0.748538011695906,1.08771929824561,1.15789473684211,0.505263157894737,0.873684210526316,1.46315789473684,0.818181818181818,0.359183673469388,1.90909090909091,1.64081632653061,1.84263959390863,0.197969543147208,0.928934010152284,0.898477157360406,0.272727272727273,0.597402597402597,1,1.4025974025974,2.21917808219178,0.57037037037037,1.43248532289628,1.42962962962963
