virus,realm,host,locus_tag,AAA,AAC,AAG,AAT,ACA,ACC,ACG,ACT,AGA,AGC,AGG,AGT,ATA,ATC,ATG,ATT,CAA,CAC,CAG,CAT,CCA,CCC,CCG,CCT,CGA,CGC,CGG,CGT,CTA,CTC,CTG,CTT,GAA,GAC,GAG,GAT,GCA,GCC,GCG,GCT,GGA,GGC,GGG,GGT,GTA,GTC,GTG,GTT,TAA,TAC,TAG,TAT,TCA,TCC,TCG,TCT,TGA,TGC,TGG,TGT,TTA,TTC,TTG,TTT
Panax notoginseng virus A,Riboviria,land plants,AXI62,0.857142857142857,0.419354838709677,1.14285714285714,1.58064516129032,0.981132075471698,0.490566037735849,0.754716981132076,1.77358490566038,2.10526315789474,0.831683168316832,2.10526315789474,1.42574257425743,1.65,0.4125,1,0.9375,0.787878787878788,0.425531914893617,1.21212121212121,1.57446808510638,1.25925925925926,0.222222222222222,1.25925925925926,1.25925925925926,0.421052631578947,0.315789473684211,0.473684210526316,0.578947368421053,0.646153846153846,0.6,0.692307692307692,0.969230769230769,0.967741935483871,0.833333333333333,1.03225806451613,1.16666666666667,1.65765765765766,0.612612612612613,0.576576576576577,1.15315315315315,1.17647058823529,0.588235294117647,1.09803921568627,1.13725490196078,1.38842975206612,0.59504132231405,1.22314049586777,0.793388429752066,0,0.617647058823529,3,1.38235294117647,1.24752475247525,0.594059405940594,0.772277227722772,1.12871287128713,0,0.333333333333333,1,1.66666666666667,1.56923076923077,0.608695652173913,1.52307692307692,1.39130434782609
