virus,realm,locus_tag,host,type,shape,AAA,AAC,AAG,AAT,ACA,ACC,ACG,ACT,AGA,AGC,AGG,AGT,ATA,ATC,ATG,ATT,CAA,CAC,CAG,CAT,CCA,CCC,CCG,CCT,CGA,CGC,CGG,CGT,CTA,CTC,CTG,CTT,GAA,GAC,GAG,GAT,GCA,GCC,GCG,GCT,GGA,GGC,GGG,GGT,GTA,GTC,GTG,GTT,TAA,TAC,TAG,TAT,TCA,TCC,TCG,TCT,TGA,TGC,TGG,TGT,TTA,TTC,TTG,TTT
Pandoravirus dulcis,unclassified viruses,pdul,protozoa,DNA,linear,0.617447981950364,1.53040583792088,1.38255201804964,0.469594162079119,0.463084092172203,1.51819075712881,1.81762216237014,0.201102988328844,0.24290561381863,1.36792768664212,0.423349784083899,0.27519250083696,0.228950016772895,2.29528681650453,1,0.475763166722576,0.698788283560729,1.53709650160554,1.30121171643927,0.462903498394457,0.383740060323554,1.43556347683027,1.84041678091582,0.340279681930354,0.540252930289944,3.26141270820481,0.932603331276989,0.599475632325725,0.17199148029819,2.46290379836706,2.12602058927938,0.384451544195953,0.463137655470769,1.57273092493588,1.53686234452923,0.427269075064124,0.361751081387858,1.95214283523024,1.45823235267049,0.227873730711415,0.378776164705209,2.62669301033703,0.512785270452138,0.481745554505627,0.134340048247126,1.91108744008271,1.73413954071243,0.220432970957737,0.485046728971963,1.32432432432432,1.07102803738318,0.675675675675676,0.348761298962169,0.838634081017744,2.63014730498828,0.539337127552728,1.44392523364486,1.55402788536019,1,0.445972114639814,0.0406460773872914,0.526932084309134,0.813986510472133,1.47306791569087
