virus,realm,locus_tag,host,type,shape,AAA,AAC,AAG,AAT,ACA,ACC,ACG,ACT,AGA,AGC,AGG,AGT,ATA,ATC,ATG,ATT,CAA,CAC,CAG,CAT,CCA,CCC,CCG,CCT,CGA,CGC,CGG,CGT,CTA,CTC,CTG,CTT,GAA,GAC,GAG,GAT,GCA,GCC,GCG,GCT,GGA,GGC,GGG,GGT,GTA,GTC,GTG,GTT,TAA,TAC,TAG,TAT,TCA,TCC,TCG,TCT,TGA,TGC,TGG,TGT,TTA,TTC,TTG,TTT
Panicum ecklonii-associated virus,unclassified viruses,EXK05,land plants,DNA,circular,0.468085106382979,0.181818181818182,1.53191489361702,1.81818181818182,0.428571428571429,0.285714285714286,0.857142857142857,2.42857142857143,1.78378378378378,0.1875,0.648648648648649,1.3125,0.48,0.12,1,2.4,0.846153846153846,0.25,1.15384615384615,1.75,1.24137931034483,0,0.827586206896552,1.93103448275862,0.972972972972973,0.486486486486487,0.486486486486487,1.62162162162162,0,0,0,1.05882352941176,0.769230769230769,0.125,1.23076923076923,1.875,1.15789473684211,0.315789473684211,0.526315789473684,2,0.777777777777778,0.111111111111111,0,3.11111111111111,0.782608695652174,0.0869565217391304,1.39130434782609,1.73913043478261,3,0.0555555555555556,0,1.94444444444444,0.9375,0.1875,0.75,2.625,0,0,1,2,0.705882352941177,0.235294117647059,4.23529411764706,1.76470588235294
