virus,realm,locus_tag,host,type,shape,AAA,AAC,AAG,AAT,ACA,ACC,ACG,ACT,AGA,AGC,AGG,AGT,ATA,ATC,ATG,ATT,CAA,CAC,CAG,CAT,CCA,CCC,CCG,CCT,CGA,CGC,CGG,CGT,CTA,CTC,CTG,CTT,GAA,GAC,GAG,GAT,GCA,GCC,GCG,GCT,GGA,GGC,GGG,GGT,GTA,GTC,GTG,GTT,TAA,TAC,TAG,TAT,TCA,TCC,TCG,TCT,TGA,TGC,TGG,TGT,TTA,TTC,TTG,TTT
Papaya leaf curl virus,Monodnaviria,PaLCVgp,land plants,DNA,circular,0.984615384615385,0.675675675675676,1.01538461538462,1.32432432432432,1.2258064516129,0.645161290322581,0.709677419354839,1.41935483870968,1.89873417721519,0.8,1.67088607594937,1.02857142857143,0.864406779661017,1.01694915254237,1,1.11864406779661,1.06666666666667,0.883720930232558,0.933333333333333,1.11627906976744,1.33333333333333,1.10144927536232,0.463768115942029,1.10144927536232,0.531645569620253,0.455696202531646,0.30379746835443,1.13924050632911,0.692307692307692,1.07692307692308,0.923076923076923,0.923076923076923,1.10714285714286,0.631578947368421,0.892857142857143,1.36842105263158,1.19402985074627,1.01492537313433,0.597014925373134,1.19402985074627,1.24137931034483,0.482758620689655,0.827586206896552,1.44827586206897,0.888888888888889,1.03703703703704,0.444444444444444,1.62962962962963,1.71428571428571,0.558139534883721,0.857142857142857,1.44186046511628,1.31428571428571,0.857142857142857,0.685714285714286,1.31428571428571,0.428571428571429,0.785714285714286,1,1.21428571428571,1.69230769230769,0.945454545454545,0.692307692307692,1.05454545454545
