virus,realm,host,locus_tag,AAA,AAC,AAG,AAT,ACA,ACC,ACG,ACT,AGA,AGC,AGG,AGT,ATA,ATC,ATG,ATT,CAA,CAC,CAG,CAT,CCA,CCC,CCG,CCT,CGA,CGC,CGG,CGT,CTA,CTC,CTG,CTT,GAA,GAC,GAG,GAT,GCA,GCC,GCG,GCT,GGA,GGC,GGG,GGT,GTA,GTC,GTG,GTT,TAA,TAC,TAG,TAT,TCA,TCC,TCG,TCT,TGA,TGC,TGG,TGT,TTA,TTC,TTG,TTT
Parrot bornavirus 5,Riboviria,vertebrates,BHT42,0.882352941176471,0.811320754716981,1.11764705882353,1.18867924528302,1.56424581005587,0.759776536312849,0.357541899441341,1.31843575418994,1.63636363636364,0.593406593406593,1.79679144385027,1.0989010989011,0.791044776119403,0.73134328358209,1,1.47761194029851,0.925925925925926,0.537313432835821,1.07407407407407,1.46268656716418,1.56521739130435,0.745341614906832,0.422360248447205,1.26708074534161,0.641711229946524,0.513368983957219,0.898395721925134,0.513368983957219,0.825842696629214,0.589887640449438,0.640449438202247,1.41573033707865,0.888888888888889,0.881578947368421,1.11111111111111,1.11842105263158,1.49707602339181,0.748538011695906,0.491228070175439,1.26315789473684,1.39877300613497,0.539877300613497,1.10429447852761,0.957055214723926,0.719101123595506,0.584269662921348,0.853932584269663,1.84269662921348,1.5,0.796116504854369,1,1.20388349514563,1.71428571428571,0.681318681318681,0.571428571428571,1.34065934065934,0.5,0.774193548387097,1,1.2258064516129,1.1123595505618,0.645161290322581,1.41573033707865,1.35483870967742
