virus,realm,locus_tag,host,type,shape,AAA,AAC,AAG,AAT,ACA,ACC,ACG,ACT,AGA,AGC,AGG,AGT,ATA,ATC,ATG,ATT,CAA,CAC,CAG,CAT,CCA,CCC,CCG,CCT,CGA,CGC,CGG,CGT,CTA,CTC,CTG,CTT,GAA,GAC,GAG,GAT,GCA,GCC,GCG,GCT,GGA,GGC,GGG,GGT,GTA,GTC,GTG,GTT,TAA,TAC,TAG,TAT,TCA,TCC,TCG,TCT,TGA,TGC,TGG,TGT,TTA,TTC,TTG,TTT
Parrot bornavirus 2,Riboviria,DZK45,vertebrates,RNA,linear,1.01492537313433,0.768,0.985074626865672,1.232,1.75438596491228,0.654970760233918,0.538011695906433,1.05263157894737,1.52380952380952,0.469750889679715,1.42857142857143,0.939501779359431,1.00540540540541,0.632432432432432,1,1.36216216216216,1.19191919191919,0.628571428571429,0.808080808080808,1.37142857142857,1.52631578947368,0.710526315789474,0.421052631578947,1.34210526315789,1.14285714285714,0.571428571428571,0.53968253968254,0.793650793650794,0.75,0.833333333333333,0.583333333333333,1.65,0.876543209876543,0.819875776397516,1.12345679012346,1.18012422360248,1.47976878612717,0.786127167630058,0.439306358381503,1.29479768786127,1.5,0.65,0.825,1.025,0.808290155440414,0.787564766839378,0.663212435233161,1.74093264248705,2.5,0.754716981132076,0,1.24528301886792,2.15658362989324,0.576512455516014,0.576512455516014,1.28113879003559,0.5,0.7,1,1.3,1.13333333333333,0.598290598290598,1.05,1.4017094017094
