virus,realm,locus_tag,host,type,shape,AAA,AAC,AAG,AAT,ACA,ACC,ACG,ACT,AGA,AGC,AGG,AGT,ATA,ATC,ATG,ATT,CAA,CAC,CAG,CAT,CCA,CCC,CCG,CCT,CGA,CGC,CGG,CGT,CTA,CTC,CTG,CTT,GAA,GAC,GAG,GAT,GCA,GCC,GCG,GCT,GGA,GGC,GGG,GGT,GTA,GTC,GTG,GTT,TAA,TAC,TAG,TAT,TCA,TCC,TCG,TCT,TGA,TGC,TGG,TGT,TTA,TTC,TTG,TTT
Pbunavirus PA8P1,Duplodnaviria,HWC62,bacteria,NA,NA,0.731439046746104,1.34834123222749,1.2685609532539,0.651658767772512,0.28952380952381,1.9047619047619,0.872380952380952,0.933333333333333,0.404819277108434,1.3343701399689,0.4,0.46656298600311,0.239309210526316,2.07976973684211,1,0.680921052631579,0.667522464698331,1.30878186968839,1.33247753530167,0.691218130311615,0.522502744237102,0.562019758507135,2.17782656421515,0.737650933040615,0.795180722891566,2.67469879518072,1.01686746987952,0.708433734939759,0.219269102990033,1.31162790697674,2.80265780730897,0.725581395348837,1.07789473684211,1.15007898894155,0.922105263157895,0.849921011058452,0.549288867091712,1.67925453653752,1.07699852869053,0.694458067680235,0.639446366782007,2.18131487889273,0.48719723183391,0.692041522491349,0.55779269202088,1.59284116331096,0.999254287844892,0.850111856823266,1.32258064516129,0.980935875216638,0.225806451612903,1.01906412478336,0.317262830482115,1.58631415241058,1.46500777604977,0.830482115085537,1.45161290322581,1.55670103092784,1,0.443298969072165,0.079734219269103,1.72115384615385,0.861129568106312,0.278846153846154
