virus,realm,locus_tag,host,type,shape,AAA,AAC,AAG,AAT,ACA,ACC,ACG,ACT,AGA,AGC,AGG,AGT,ATA,ATC,ATG,ATT,CAA,CAC,CAG,CAT,CCA,CCC,CCG,CCT,CGA,CGC,CGG,CGT,CTA,CTC,CTG,CTT,GAA,GAC,GAG,GAT,GCA,GCC,GCG,GCT,GGA,GGC,GGG,GGT,GTA,GTC,GTG,GTT,TAA,TAC,TAG,TAT,TCA,TCC,TCG,TCT,TGA,TGC,TGG,TGT,TTA,TTC,TTG,TTT
Pectobacterium phage PP16,Duplodnaviria,PP16,bacteria,DNA,linear,0.640809443507589,1.41989881956155,1.35919055649241,0.580101180438449,0.963282937365011,1.04967602591793,1.04535637149028,0.941684665226782,0.382387022016222,1.10672853828306,0.389339513325608,1.44779582366589,0.281879194630872,1.5503355704698,1,1.16778523489933,0.616588419405321,1.28990228013029,1.38341158059468,0.710097719869707,1.03780068728522,0.515463917525773,1.16838487972509,1.27835051546392,0.438006952491309,1.20973348783314,0.785631517960603,2.79490150637312,0.827922077922078,0.584415584415584,2.22564935064935,0.657467532467532,0.718579234972678,0.954292084726867,1.28142076502732,1.04570791527313,1.10931768158474,0.575201760821717,0.953778429933969,1.36170212765957,0.27027027027027,0.752895752895753,0.594594594594595,2.38223938223938,1.24680073126143,0.446069469835466,1.39305301645338,0.914076782449726,1.68421052631579,1.5426497277677,0.263157894736842,0.457350272232305,0.835266821345708,0.960556844547564,0.661252900232019,0.988399071925754,1.05263157894737,0.914634146341463,1,1.08536585365854,0.808441558441558,1.39588100686499,0.896103896103896,0.604118993135011
