virus,realm,locus_tag,host,type,shape,AAA,AAC,AAG,AAT,ACA,ACC,ACG,ACT,AGA,AGC,AGG,AGT,ATA,ATC,ATG,ATT,CAA,CAC,CAG,CAT,CCA,CCC,CCG,CCT,CGA,CGC,CGG,CGT,CTA,CTC,CTG,CTT,GAA,GAC,GAG,GAT,GCA,GCC,GCG,GCT,GGA,GGC,GGG,GGT,GTA,GTC,GTG,GTT,TAA,TAC,TAG,TAT,TCA,TCC,TCG,TCT,TGA,TGC,TGG,TGT,TTA,TTC,TTG,TTT
Pectobacterium phage PP74,Duplodnaviria,HOR40,bacteria,DNA,linear,0.588807785888078,1.51086956521739,1.41119221411192,0.489130434782609,0.741797432239658,1.06704707560628,0.51925820256776,1.67189728958631,0.388888888888889,0.714681440443213,0.25,0.839335180055402,0.219633943427621,1.39267886855241,1,1.38768718801997,0.84070796460177,1.33039647577093,1.15929203539823,0.669603524229075,1.04672897196262,0.242990654205607,0.934579439252336,1.77570093457944,0.703703703703704,1.24074074074074,0.305555555555556,3.11111111111111,0.574401664932362,1.11758584807492,1.77939646201873,1.02393340270552,0.973224679860303,1.12271540469974,1.0267753201397,0.877284595300261,0.858399296394019,0.608619173262973,0.591029023746702,1.94195250659631,0.514469453376206,0.883172561629153,0.441586280814577,2.16077170418006,0.90625,0.828125,1.11458333333333,1.15104166666667,2.1,1.03448275862069,0.12,0.96551724137931,0.872576177285319,1.2382271468144,0.407202216066482,1.92797783933518,0.78,0.756302521008403,1,1.2436974789916,0.699271592091571,1.38604651162791,0.805411030176899,0.613953488372093
