virus,realm,host,locus_tag,AAA,AAC,AAG,AAT,ACA,ACC,ACG,ACT,AGA,AGC,AGG,AGT,ATA,ATC,ATG,ATT,CAA,CAC,CAG,CAT,CCA,CCC,CCG,CCT,CGA,CGC,CGG,CGT,CTA,CTC,CTG,CTT,GAA,GAC,GAG,GAT,GCA,GCC,GCG,GCT,GGA,GGC,GGG,GGT,GTA,GTC,GTG,GTT,TAA,TAC,TAG,TAT,TCA,TCC,TCG,TCT,TGA,TGC,TGG,TGT,TTA,TTC,TTG,TTT
Pectobacterium phage Phoria,Duplodnaviria,bacteria,HOU74,0.809756097560976,1.11492281303602,1.19024390243902,0.885077186963979,1.26717557251908,0.880407124681934,0.575063613231552,1.27735368956743,0.673381294964029,0.918224299065421,0.664748201438849,1.71728971962617,0.468292682926829,0.951219512195122,1,1.58048780487805,0.770491803278688,1.19685039370079,1.22950819672131,0.803149606299213,1.30909090909091,0.541414141414141,1.0989898989899,1.05050505050505,0.62158273381295,1.22589928057554,0.543884892086331,2.2705035971223,1.15714285714286,0.7875,1.21071428571429,0.830357142857143,0.787790697674419,0.795061728395062,1.21220930232558,1.20493827160494,1.30817610062893,0.515723270440252,0.786163522012579,1.38993710691824,0.508196721311475,0.647540983606557,0.905737704918033,1.93852459016393,1.67384615384615,0.266666666666667,1.11589743589744,0.943589743589744,1.8,1.46090534979424,0.6,0.539094650205761,0.897196261682243,0.946261682242991,0.448598130841121,1.07242990654206,0.6,0.818791946308725,1,1.18120805369128,1.16785714285714,1.2741116751269,0.846428571428571,0.725888324873096
