virus,realm,locus_tag,host,type,shape,AAA,AAC,AAG,AAT,ACA,ACC,ACG,ACT,AGA,AGC,AGG,AGT,ATA,ATC,ATG,ATT,CAA,CAC,CAG,CAT,CCA,CCC,CCG,CCT,CGA,CGC,CGG,CGT,CTA,CTC,CTG,CTT,GAA,GAC,GAG,GAT,GCA,GCC,GCG,GCT,GGA,GGC,GGG,GGT,GTA,GTC,GTG,GTT,TAA,TAC,TAG,TAT,TCA,TCC,TCG,TCT,TGA,TGC,TGG,TGT,TTA,TTC,TTG,TTT
Pectobacterium phage PPWS1,NA,HOR09,NA,DNA,linear,0.682226211849192,1.42214532871972,1.31777378815081,0.577854671280277,1.1829134720701,0.985761226725082,0.880613362541073,0.950711938663746,0.516990291262136,1.02227171492205,0.371359223300971,1.52338530066815,0.427899686520376,1.358934169279,1,1.21316614420063,0.689320388349515,1.28104575163399,1.31067961165049,0.718954248366013,1.06902654867257,0.552212389380531,1.03362831858407,1.34513274336283,0.466019417475728,1.26699029126214,0.633495145631068,2.74514563106796,0.906688687035508,0.574731626754748,1.81337737407102,0.69364161849711,0.76163610719323,0.967082860385925,1.23836389280677,1.03291713961407,1.15528882220555,0.615153788447112,0.927231807951988,1.30232558139535,0.351480420248329,0.714422158548233,0.722063037249284,2.21203438395415,1.39047619047619,0.48,1.27238095238095,0.857142857142857,1.63636363636364,1.44632768361582,0.490909090909091,0.553672316384181,0.915367483296214,1.00890868596882,0.527839643652561,1.0022271714922,0.872727272727273,0.791946308724832,1,1.20805369127517,1.03055326176713,1.31719128329298,0.981007431874484,0.682808716707022
