virus,realm,locus_tag,host,type,shape,AAA,AAC,AAG,AAT,ACA,ACC,ACG,ACT,AGA,AGC,AGG,AGT,ATA,ATC,ATG,ATT,CAA,CAC,CAG,CAT,CCA,CCC,CCG,CCT,CGA,CGC,CGG,CGT,CTA,CTC,CTG,CTT,GAA,GAC,GAG,GAT,GCA,GCC,GCG,GCT,GGA,GGC,GGG,GGT,GTA,GTC,GTG,GTT,TAA,TAC,TAG,TAT,TCA,TCC,TCG,TCT,TGA,TGC,TGG,TGT,TTA,TTC,TTG,TTT
Pelargonium ringspot virus,Riboviria,TH97,land plants,ss-RNA,linear,0.891089108910891,1.1864406779661,1.10891089108911,0.813559322033898,1.125,1.125,0.458333333333333,1.29166666666667,1.01204819277108,1.4,2.53012048192771,1.05,1.28571428571429,0.666666666666667,1,1.04761904761905,0.790697674418605,1.09677419354839,1.2093023255814,0.903225806451613,1.42105263157895,1.10526315789474,0.736842105263158,0.736842105263158,0.578313253012048,0.216867469879518,1.08433734939759,0.578313253012048,0.6,1,0.92,0.96,0.831168831168831,1.1875,1.16883116883117,0.8125,1.25252525252525,0.808080808080808,0.646464646464647,1.29292929292929,0.95049504950495,1.02970297029703,1.26732673267327,0.752475247524752,0.558139534883721,0.496124031007752,1.64341085271318,1.30232558139535,0.5,1.3469387755102,2,0.653061224489796,0.8,1.1,0.45,1.2,0.5,1.03703703703704,1,0.962962962962963,0.52,0.875,2,1.125
