virus,realm,host,locus_tag,AAA,AAC,AAG,AAT,ACA,ACC,ACG,ACT,AGA,AGC,AGG,AGT,ATA,ATC,ATG,ATT,CAA,CAC,CAG,CAT,CCA,CCC,CCG,CCT,CGA,CGC,CGG,CGT,CTA,CTC,CTG,CTT,GAA,GAC,GAG,GAT,GCA,GCC,GCG,GCT,GGA,GGC,GGG,GGT,GTA,GTC,GTG,GTT,TAA,TAC,TAG,TAT,TCA,TCC,TCG,TCT,TGA,TGC,TGG,TGT,TTA,TTC,TTG,TTT
Penaeid shrimp infectious myonecrosis virus,Riboviria,invertebrates,PSIMV,1.4949494949495,0.707964601769911,0.505050505050505,1.29203539823009,2.66666666666667,0.259259259259259,0.148148148148148,0.925925925925926,2.95890410958904,0.475247524752475,0.657534246575342,2.13861386138614,0.875,0.5,1,1.625,1.33333333333333,0.545454545454545,0.666666666666667,1.45454545454545,2.90909090909091,0.155844155844156,0.25974025974026,0.675324675324675,0.73972602739726,0.164383561643836,0.328767123287671,1.15068493150685,1.02222222222222,0.266666666666667,0.444444444444444,1.11111111111111,1.65853658536585,0.904761904761905,0.341463414634146,1.0952380952381,2.41441441441441,0.324324324324324,0.144144144144144,1.11711711711712,1.68,0.32,0.48,1.52,1.54954954954955,0.504504504504504,0.720720720720721,1.22522522522523,3,0.5,0,1.5,1.96039603960396,0.237623762376238,0.356435643564356,0.831683168316832,0,0.363636363636364,1,1.63636363636364,1.82222222222222,0.548387096774194,1.33333333333333,1.45161290322581
