virus,realm,locus_tag,host,type,shape,AAA,AAC,AAG,AAT,ACA,ACC,ACG,ACT,AGA,AGC,AGG,AGT,ATA,ATC,ATG,ATT,CAA,CAC,CAG,CAT,CCA,CCC,CCG,CCT,CGA,CGC,CGG,CGT,CTA,CTC,CTG,CTT,GAA,GAC,GAG,GAT,GCA,GCC,GCG,GCT,GGA,GGC,GGG,GGT,GTA,GTC,GTG,GTT,TAA,TAC,TAG,TAT,TCA,TCC,TCG,TCT,TGA,TGC,TGG,TGT,TTA,TTC,TTG,TTT
Penaeus monodon nudivirus,Naldaviricetes,KN57,invertebrates,DNA,circular,1.11148086522463,0.571816638370119,0.888519134775374,1.42818336162988,1.2106135986733,0.840796019900497,0.527363184079602,1.4212271973466,2.45804988662132,0.764605398018449,0.975056689342404,1.34882131875641,1.15733333333333,0.615111111111111,1,1.22755555555556,1.23518518518519,0.706806282722513,0.764814814814815,1.29319371727749,1.74830444611907,0.813865862848531,0.304446119065561,1.13338357196684,1.13832199546485,0.485260770975057,0.36281179138322,0.580498866213152,1.0354694485842,0.574068554396423,0.6849478390462,0.863785394932936,1.48046181172291,0.590717299578059,0.519538188277087,1.40928270042194,1.58227848101266,0.80253164556962,0.268354430379747,1.34683544303797,1.60762509928515,0.581413820492454,0.54328832406672,1.26767275615568,1.69571361281206,0.552048987282148,0.708431464908149,1.04380593499764,1.85217391304348,0.713438735177866,0.678260869565217,1.28656126482213,1.22582849333789,0.571916638196105,0.578066279467031,1.51076187222412,0.469565217391304,0.860499265785609,1,1.13950073421439,1.5397913561848,0.644030668127054,1.30193740685544,1.35596933187295
