virus,realm,locus_tag,host,type,shape,AAA,AAC,AAG,AAT,ACA,ACC,ACG,ACT,AGA,AGC,AGG,AGT,ATA,ATC,ATG,ATT,CAA,CAC,CAG,CAT,CCA,CCC,CCG,CCT,CGA,CGC,CGG,CGT,CTA,CTC,CTG,CTT,GAA,GAC,GAG,GAT,GCA,GCC,GCG,GCT,GGA,GGC,GGG,GGT,GTA,GTC,GTG,GTT,TAA,TAC,TAG,TAT,TCA,TCC,TCG,TCT,TGA,TGC,TGG,TGT,TTA,TTC,TTG,TTT
Penguin circovirus,Monodnaviria,KM746,vertebrates,DNA,circular,0.8125,1.23076923076923,1.1875,0.769230769230769,0.96969696969697,0.727272727272727,0.606060606060606,1.6969696969697,1.07692307692308,2.25,0.923076923076923,0.5,1.15384615384615,1.03846153846154,1,0.807692307692308,1.23809523809524,1,0.761904761904762,1,0.551724137931034,0.96551724137931,0.827586206896552,1.6551724137931,0.769230769230769,1.23076923076923,0.615384615384615,1.38461538461538,0.96,1.44,0.96,0.72,0.933333333333333,0.787878787878788,1.06666666666667,1.21212121212121,0.96969696969697,0.727272727272727,0.848484848484849,1.45454545454545,1.36842105263158,0.421052631578947,1.15789473684211,1.05263157894737,0.137931034482759,1.93103448275862,0.96551724137931,0.96551724137931,1.5,1.3,0,0.7,1,0.5,1,0.75,1.5,0.666666666666667,1,1.33333333333333,1.2,1.16666666666667,0.72,0.833333333333333
