virus,realm,locus_tag,host,type,shape,AAA,AAC,AAG,AAT,ACA,ACC,ACG,ACT,AGA,AGC,AGG,AGT,ATA,ATC,ATG,ATT,CAA,CAC,CAG,CAT,CCA,CCC,CCG,CCT,CGA,CGC,CGG,CGT,CTA,CTC,CTG,CTT,GAA,GAC,GAG,GAT,GCA,GCC,GCG,GCT,GGA,GGC,GGG,GGT,GTA,GTC,GTG,GTT,TAA,TAC,TAG,TAT,TCA,TCC,TCG,TCT,TGA,TGC,TGG,TGT,TTA,TTC,TTG,TTT
Penicillium roqueforti ssRNA mycovirus 1,Riboviria,PRG,fungi,RNA,linear,0.5,0.914285714285714,1.5,1.08571428571429,0.767676767676768,1.21212121212121,0.767676767676768,1.25252525252525,0.365217391304348,0.631578947368421,1.61739130434783,0.807017543859649,0.521739130434783,1.01086956521739,1,1.46739130434783,0.984126984126984,0.878048780487805,1.01587301587302,1.1219512195122,0.727272727272727,0.675324675324675,0.467532467532468,2.12987012987013,0.31304347826087,1.09565217391304,1.09565217391304,1.51304347826087,0.343612334801762,1.13656387665198,0.740088105726872,2.08810572687225,0.710743801652893,1.35294117647059,1.28925619834711,0.647058823529412,0.828571428571429,1.51428571428571,0.4,1.25714285714286,0.36036036036036,1.90990990990991,1.04504504504505,0.684684684684685,0.0851063829787234,1.33333333333333,1.41843971631206,1.16312056737589,3,1.01639344262295,0,0.983606557377049,1.12280701754386,1.29824561403509,0.421052631578947,1.71929824561404,0,1.06666666666667,1,0.933333333333333,0.317180616740088,0.953488372093023,1.37444933920705,1.04651162790698
