virus,realm,locus_tag,host,type,shape,AAA,AAC,AAG,AAT,ACA,ACC,ACG,ACT,AGA,AGC,AGG,AGT,ATA,ATC,ATG,ATT,CAA,CAC,CAG,CAT,CCA,CCC,CCG,CCT,CGA,CGC,CGG,CGT,CTA,CTC,CTG,CTT,GAA,GAC,GAG,GAT,GCA,GCC,GCG,GCT,GGA,GGC,GGG,GGT,GTA,GTC,GTG,GTT,TAA,TAC,TAG,TAT,TCA,TCC,TCG,TCT,TGA,TGC,TGG,TGT,TTA,TTC,TTG,TTT
Penicillium aurantiogriseum fusarivirus 1,Riboviria,AT139,fungi,RNA,linear,0.873015873015873,1.20547945205479,1.12698412698413,0.794520547945205,1.03937007874016,1.25984251968504,0.377952755905512,1.32283464566929,0.573913043478261,0.638297872340426,1.35652173913043,0.723404255319149,0.432692307692308,1.32692307692308,1,1.24038461538462,0.891891891891892,1.10526315789474,1.10810810810811,0.894736842105263,1.18681318681319,0.43956043956044,0.571428571428571,1.8021978021978,0.417391304347826,1.40869565217391,0.573913043478261,1.6695652173913,0.63013698630137,0.73972602739726,1.12328767123288,0.986301369863014,1,1.16666666666667,1,0.833333333333333,0.729559748427673,1.35849056603774,0.553459119496855,1.35849056603774,0.336134453781513,1.4453781512605,1.00840336134454,1.21008403361345,0.366013071895425,0.758169934640523,1.67320261437909,1.20261437908497,1.5,1.22222222222222,0,0.777777777777778,1.23404255319149,1.19148936170213,0.723404255319149,1.48936170212766,1.5,1,1,1,0.73972602739726,0.814814814814815,1.78082191780822,1.18518518518519
