virus,realm,host,locus_tag,AAA,AAC,AAG,AAT,ACA,ACC,ACG,ACT,AGA,AGC,AGG,AGT,ATA,ATC,ATG,ATT,CAA,CAC,CAG,CAT,CCA,CCC,CCG,CCT,CGA,CGC,CGG,CGT,CTA,CTC,CTG,CTT,GAA,GAC,GAG,GAT,GCA,GCC,GCG,GCT,GGA,GGC,GGG,GGT,GTA,GTC,GTG,GTT,TAA,TAC,TAG,TAT,TCA,TCC,TCG,TCT,TGA,TGC,TGG,TGT,TTA,TTC,TTG,TTT
Pepo aphid-borne yellows virus,Riboviria,land plants,A9K92,0.847682119205298,0.822695035460993,1.1523178807947,1.17730496453901,1.13207547169811,1.23270440251572,0.729559748427673,0.905660377358491,1.53846153846154,0.901960784313726,0.738461538461539,0.764705882352941,0.818181818181818,1.20454545454545,1,0.977272727272727,1.07964601769911,1.13207547169811,0.920353982300885,0.867924528301887,0.854166666666667,1.60416666666667,0.729166666666667,0.8125,0.738461538461539,1.13846153846154,1.04615384615385,0.8,0.549450549450549,1.20879120879121,1.18681318681319,1.0989010989011,1.05494505494505,0.986111111111111,0.945054945054945,1.01388888888889,0.694063926940639,1.40639269406393,0.858447488584475,1.04109589041096,1.30973451327434,1.16814159292035,0.973451327433628,0.548672566371681,0.48780487804878,1.02439024390244,1.19512195121951,1.29268292682927,0.75,0.91358024691358,1.5,1.08641975308642,1.09803921568627,1.49019607843137,0.843137254901961,0.901960784313726,0.75,1.39393939393939,1,0.606060606060606,1.05494505494505,1.22058823529412,0.901098901098901,0.779411764705882
