virus,realm,host,locus_tag,AAA,AAC,AAG,AAT,ACA,ACC,ACG,ACT,AGA,AGC,AGG,AGT,ATA,ATC,ATG,ATT,CAA,CAC,CAG,CAT,CCA,CCC,CCG,CCT,CGA,CGC,CGG,CGT,CTA,CTC,CTG,CTT,GAA,GAC,GAG,GAT,GCA,GCC,GCG,GCT,GGA,GGC,GGG,GGT,GTA,GTC,GTG,GTT,TAA,TAC,TAG,TAT,TCA,TCC,TCG,TCT,TGA,TGC,TGG,TGT,TTA,TTC,TTG,TTT
Pepper yellow dwarf virus - Mexico,Monodnaviria,land plants,CCL36,0.8,0.451612903225806,1.2,1.54838709677419,0.894736842105263,1,0.736842105263158,1.36842105263158,2.36619718309859,0.407766990291262,1.77464788732394,1.16504854368932,0.804878048780488,0.914634146341463,1,1.28048780487805,1.03333333333333,0.933333333333333,0.966666666666667,1.06666666666667,1.58823529411765,0.764705882352941,0.352941176470588,1.29411764705882,0.507042253521127,0.338028169014085,0.253521126760563,0.76056338028169,0.494845360824742,1.05154639175258,0.742268041237113,1.23711340206186,1.1,0.709677419354839,0.9,1.29032258064516,0.956521739130435,1.21739130434783,0.347826086956522,1.47826086956522,1.33333333333333,0.545454545454545,0.545454545454545,1.57575757575758,0.903225806451613,0.838709677419355,0.967741935483871,1.29032258064516,2.57142857142857,0.936170212765957,0,1.06382978723404,1.39805825242718,0.87378640776699,0.640776699029126,1.51456310679612,0.428571428571429,0.705882352941177,1,1.29411764705882,1.29896907216495,1.03448275862069,1.17525773195876,0.96551724137931
