virus,realm,host,locus_tag,AAA,AAC,AAG,AAT,ACA,ACC,ACG,ACT,AGA,AGC,AGG,AGT,ATA,ATC,ATG,ATT,CAA,CAC,CAG,CAT,CCA,CCC,CCG,CCT,CGA,CGC,CGG,CGT,CTA,CTC,CTG,CTT,GAA,GAC,GAG,GAT,GCA,GCC,GCG,GCT,GGA,GGC,GGG,GGT,GTA,GTC,GTG,GTT,TAA,TAC,TAG,TAT,TCA,TCC,TCG,TCT,TGA,TGC,TGG,TGT,TTA,TTC,TTG,TTT
Pepper yellow leaf curl virus PSSWS-14,Monodnaviria,land plants,KM489,1.04918032786885,0.903225806451613,0.950819672131147,1.09677419354839,1.28,0.72,0.8,1.2,1.875,0.891891891891892,0.9375,0.810810810810811,0.807692307692308,1.03846153846154,1,1.15384615384615,0.916666666666667,1.05,1.08333333333333,0.95,1.14285714285714,1.14285714285714,0.428571428571429,1.28571428571429,0.84375,0.375,0.9375,1.03125,0.904109589041096,0.904109589041096,0.73972602739726,1.23287671232877,1.25,0.883720930232558,0.75,1.11627906976744,1.5,0.75,0.6875,1.0625,0.830188679245283,0.830188679245283,0.830188679245283,1.50943396226415,1.25373134328358,0.955223880597015,0.776119402985075,1.01492537313433,1.8,0.875,0,1.125,1.21621621621622,0.891891891891892,1.05405405405405,1.13513513513514,1.2,0.956521739130435,1,1.04347826086957,0.904109589041096,0.893617021276596,1.31506849315068,1.1063829787234
