virus,realm,host,locus_tag,AAA,AAC,AAG,AAT,ACA,ACC,ACG,ACT,AGA,AGC,AGG,AGT,ATA,ATC,ATG,ATT,CAA,CAC,CAG,CAT,CCA,CCC,CCG,CCT,CGA,CGC,CGG,CGT,CTA,CTC,CTG,CTT,GAA,GAC,GAG,GAT,GCA,GCC,GCG,GCT,GGA,GGC,GGG,GGT,GTA,GTC,GTG,GTT,TAA,TAC,TAG,TAT,TCA,TCC,TCG,TCT,TGA,TGC,TGG,TGT,TTA,TTC,TTG,TTT
Pepper huasteco yellow vein virus,Monodnaviria,land plants,Phyvv,1.15217391304348,0.941176470588235,0.847826086956522,1.05882352941176,1,1,1,1,1.51515151515152,0.970588235294118,0.909090909090909,0.838235294117647,1.07368421052632,0.821052631578947,1,1.10526315789474,1.3134328358209,0.53125,0.686567164179104,1.46875,1.3953488372093,0.697674418604651,0.976744186046512,0.930232558139535,0.787878787878788,0.363636363636364,1.03030303030303,1.39393939393939,0.7,0.85,0.45,1.35,1.26315789473684,1.04,0.736842105263158,0.96,1.06976744186047,0.883720930232558,0.558139534883721,1.48837209302326,0.740740740740741,0.938271604938272,0.987654320987654,1.33333333333333,0.653846153846154,0.961538461538462,0.807692307692308,1.57692307692308,1.71428571428571,0.634920634920635,0.857142857142857,1.36507936507937,1.36764705882353,0.970588235294118,0.705882352941177,1.14705882352941,0.428571428571429,0.642857142857143,1,1.35714285714286,1.3,0.857142857142857,1.35,1.14285714285714
