virus,realm,locus_tag,host,type,shape,AAA,AAC,AAG,AAT,ACA,ACC,ACG,ACT,AGA,AGC,AGG,AGT,ATA,ATC,ATG,ATT,CAA,CAC,CAG,CAT,CCA,CCC,CCG,CCT,CGA,CGC,CGG,CGT,CTA,CTC,CTG,CTT,GAA,GAC,GAG,GAT,GCA,GCC,GCG,GCT,GGA,GGC,GGG,GGT,GTA,GTC,GTG,GTT,TAA,TAC,TAG,TAT,TCA,TCC,TCG,TCT,TGA,TGC,TGG,TGT,TTA,TTC,TTG,TTT
Perinet vesiculovirus,Riboviria,OI61,invertebrates,RNA,linear,1.24778761061947,0.679012345679012,0.752212389380531,1.32098765432099,1.56521739130435,0.657004830917874,0.367149758454106,1.41062801932367,3.08108108108108,0.483221476510067,1.07027027027027,1.3489932885906,1.02242152466368,0.995515695067265,1,0.982062780269058,1.15315315315315,0.674698795180723,0.846846846846847,1.32530120481928,1.26946107784431,0.407185628742515,0.862275449101796,1.46107784431138,1.16756756756757,0.0324324324324324,0.356756756756757,0.291891891891892,0.717201166180758,0.664723032069971,0.944606413994169,0.559766763848397,0.98989898989899,0.688995215311005,1.01010101010101,1.311004784689,1.57055214723926,0.736196319018405,0.539877300613497,1.15337423312883,1.91133004926108,0.374384236453202,0.807881773399015,0.9064039408867,0.875,0.916666666666667,0.854166666666667,1.35416666666667,1.2,0.796610169491525,0.6,1.20338983050847,1.61073825503356,0.704697986577181,0.422818791946309,1.42953020134228,1.2,0.852459016393443,1,1.14754098360656,1.13702623906706,0.885906040268456,1.97667638483965,1.11409395973154
