virus,realm,locus_tag,host,type,shape,AAA,AAC,AAG,AAT,ACA,ACC,ACG,ACT,AGA,AGC,AGG,AGT,ATA,ATC,ATG,ATT,CAA,CAC,CAG,CAT,CCA,CCC,CCG,CCT,CGA,CGC,CGG,CGT,CTA,CTC,CTG,CTT,GAA,GAC,GAG,GAT,GCA,GCC,GCG,GCT,GGA,GGC,GGG,GGT,GTA,GTC,GTG,GTT,TAA,TAC,TAG,TAT,TCA,TCC,TCG,TCT,TGA,TGC,TGG,TGT,TTA,TTC,TTG,TTT
Phage NBEco003,NA,KNU89,NA,DNA,circular,1.56393200295639,0.516746411483254,0.436067997043607,1.48325358851675,1.16968477531858,0.406438631790744,0.402414486921529,2.02146210596915,1.26476014760148,0.523255813953488,0.202029520295203,1.04302325581395,0.444106463878327,0.469961977186312,1,2.08593155893536,1.34875846501129,0.443155452436195,0.651241534988713,1.55684454756381,1.58097395243488,0.113250283125708,0.595696489241223,1.71007927519819,0.766605166051661,0.833025830258303,0.132841328413284,2.80073800738007,0.527164023914739,0.311931375097479,0.50220951390694,1.55965687548739,1.70182394924663,0.454822954822955,0.29817605075337,1.54517704517705,1.30240963855422,0.325301204819277,0.37710843373494,1.99518072289157,1.31463181383487,0.535543512910424,0.239719477207523,1.91010519604718,1.26875369167159,0.333136444181926,0.353219137625517,2.04489072652097,1.92045454545455,0.432480141218005,0.136363636363636,1.56751985878199,1.65,0.298255813953488,0.350581395348837,2.13488372093023,0.943181818181818,0.665486725663717,1,1.33451327433628,2.22563036132051,0.512110726643599,0.87340785027294,1.4878892733564
