virus,realm,locus_tag,host,type,shape,AAA,AAC,AAG,AAT,ACA,ACC,ACG,ACT,AGA,AGC,AGG,AGT,ATA,ATC,ATG,ATT,CAA,CAC,CAG,CAT,CCA,CCC,CCG,CCT,CGA,CGC,CGG,CGT,CTA,CTC,CTG,CTT,GAA,GAC,GAG,GAT,GCA,GCC,GCG,GCT,GGA,GGC,GGG,GGT,GTA,GTC,GTG,GTT,TAA,TAC,TAG,TAT,TCA,TCC,TCG,TCT,TGA,TGC,TGG,TGT,TTA,TTC,TTG,TTT
Phocid alphaherpesvirus 1,Duplodnaviria,FK980,vertebrates,DNA,linear,1.67391304347826,0.486187845303867,0.326086956521739,1.51381215469613,1.6,0.56,0.16,1.68,2.52631578947368,0.368852459016393,0.884210526315789,0.959016393442623,1.03404255319149,0.268085106382979,1,1.69787234042553,1.62068965517241,0.448979591836735,0.379310344827586,1.55102040816327,2.03030303030303,0.575757575757576,0.303030303030303,1.09090909090909,0.947368421052632,0.252631578947368,0.189473684210526,1.2,1,0.4,0.285714285714286,1.14285714285714,1.48466257668712,0.287878787878788,0.515337423312883,1.71212121212121,1.84210526315789,0.210526315789474,0.421052631578947,1.52631578947368,1.86666666666667,0.152380952380952,0.419047619047619,1.56190476190476,1.18238993710692,0.276729559748428,0.578616352201258,1.9622641509434,2.14285714285714,0.313432835820896,0.428571428571429,1.6865671641791,1.35245901639344,0.516393442622951,0.663934426229508,2.13934426229508,0.428571428571429,0.290909090909091,1,1.70909090909091,1.91428571428571,0.33587786259542,1.25714285714286,1.66412213740458
