virus,realm,host,locus_tag,AAA,AAC,AAG,AAT,ACA,ACC,ACG,ACT,AGA,AGC,AGG,AGT,ATA,ATC,ATG,ATT,CAA,CAC,CAG,CAT,CCA,CCC,CCG,CCT,CGA,CGC,CGG,CGT,CTA,CTC,CTG,CTT,GAA,GAC,GAG,GAT,GCA,GCC,GCG,GCT,GGA,GGC,GGG,GGT,GTA,GTC,GTG,GTT,TAA,TAC,TAG,TAT,TCA,TCC,TCG,TCT,TGA,TGC,TGG,TGT,TTA,TTC,TTG,TTT
Phthorimaea operculella granulovirus,Naldaviricetes,invertebrates,PogVgp,1.65354938271605,0.839258114374034,0.346450617283951,1.16074188562597,1.61977186311787,0.893536121673004,0.619771863117871,0.866920152091255,1.6107634543179,1.13031161473088,0.34918648310388,1.27762039660057,1.05026455026455,0.537037037037037,1,1.41269841269841,1.56752655538695,1.09517601043025,0.43247344461305,0.904823989569752,0.949913644214162,0.970639032815199,1.04317789291883,1.03626943005181,1.22778473091364,1.13016270337922,0.266583229036295,1.41551939924906,0.565384615384615,0.373076923076923,0.569230769230769,0.398076923076923,1.39853747714808,0.848428835489834,0.60146252285192,1.15157116451017,1.13359073359073,0.926640926640927,0.997683397683398,0.942084942084942,1.08053691275168,0.993288590604027,0.312080536912752,1.61409395973154,0.879661016949153,0.505084745762712,1.47457627118644,1.14067796610169,2.12307692307692,0.832009773976787,0.276923076923077,1.16799022602321,0.889518413597734,0.444759206798867,1.13597733711048,1.12181303116147,0.6,0.705069124423963,1,1.29493087557604,1.43653846153846,0.398976982097187,2.65769230769231,1.60102301790281
