virus,realm,host,locus_tag,AAA,AAC,AAG,AAT,ACA,ACC,ACG,ACT,AGA,AGC,AGG,AGT,ATA,ATC,ATG,ATT,CAA,CAC,CAG,CAT,CCA,CCC,CCG,CCT,CGA,CGC,CGG,CGT,CTA,CTC,CTG,CTT,GAA,GAC,GAG,GAT,GCA,GCC,GCG,GCT,GGA,GGC,GGG,GGT,GTA,GTC,GTG,GTT,TAA,TAC,TAG,TAT,TCA,TCC,TCG,TCT,TGA,TGC,TGG,TGT,TTA,TTC,TTG,TTT
Phytophthora infestans RNA virus 1,Riboviria,fungi,PiRV,0.860215053763441,0.91358024691358,1.13978494623656,1.08641975308642,0.769230769230769,0.615384615384615,0.923076923076923,1.69230769230769,0.794117647058823,0.708333333333333,1.23529411764706,1.20833333333333,0.378640776699029,1.22330097087379,1,1.39805825242718,0.647058823529412,0.294117647058824,1.35294117647059,1.70588235294118,0.88135593220339,0.474576271186441,1.22033898305085,1.42372881355932,0.794117647058823,0.573529411764706,0.573529411764706,2.02941176470588,0.459183673469388,0.73469387755102,0.948979591836735,1.31632653061224,1.09090909090909,0.739130434782609,0.909090909090909,1.26086956521739,0.742857142857143,0.685714285714286,1.25714285714286,1.31428571428571,1.0126582278481,0.531645569620253,0.481012658227848,1.9746835443038,0.312849162011173,0.893854748603352,1.49720670391061,1.29608938547486,0,0.958904109589041,0,1.04109589041096,1.04166666666667,0.833333333333333,1.29166666666667,0.916666666666667,3,0.755555555555556,1,1.24444444444444,0.76530612244898,0.92,1.77551020408163,1.08
