virus,realm,locus_tag,host,type,shape,AAA,AAC,AAG,AAT,ACA,ACC,ACG,ACT,AGA,AGC,AGG,AGT,ATA,ATC,ATG,ATT,CAA,CAC,CAG,CAT,CCA,CCC,CCG,CCT,CGA,CGC,CGG,CGT,CTA,CTC,CTG,CTT,GAA,GAC,GAG,GAT,GCA,GCC,GCG,GCT,GGA,GGC,GGG,GGT,GTA,GTC,GTG,GTT,TAA,TAC,TAG,TAT,TCA,TCC,TCG,TCT,TGA,TGC,TGG,TGT,TTA,TTC,TTG,TTT
Pichinde virus,Riboviria,PICV,vertebrates,RNA,linear,1.11392405063291,1,0.886075949367089,1,1.83132530120482,1.03614457831325,0.0963855421686747,1.03614457831325,3.12138728323699,0.649253731343284,1.94219653179191,1.16417910447761,0.725118483412322,1.16587677725118,1,1.10900473933649,1.33333333333333,0.987654320987654,0.666666666666667,1.01234567901235,1.2,0.7,0.433333333333333,1.66666666666667,0.242774566473988,0.242774566473988,0.208092485549133,0.242774566473988,0.658163265306122,0.826530612244898,0.948979591836735,1.10204081632653,0.982142857142857,0.783505154639175,1.01785714285714,1.21649484536082,1.75757575757576,0.606060606060606,0.0909090909090909,1.54545454545455,1.09756097560976,0.926829268292683,0.902439024390244,1.07317073170732,0.534562211981567,0.811059907834101,1.34562211981567,1.30875576036866,1.5,1.11538461538462,0,0.884615384615385,1.8134328358209,0.850746268656716,0.223880597014925,1.29850746268657,1.5,0.755555555555556,1,1.24444444444444,0.933673469387755,0.89041095890411,1.53061224489796,1.10958904109589
Pichinde virus,Riboviria,PICV,vertebrates,ss-RNA,linear,1.11392405063291,1,0.886075949367089,1,1.83132530120482,1.03614457831325,0.0963855421686747,1.03614457831325,3.12138728323699,0.649253731343284,1.94219653179191,1.16417910447761,0.725118483412322,1.16587677725118,1,1.10900473933649,1.33333333333333,0.987654320987654,0.666666666666667,1.01234567901235,1.2,0.7,0.433333333333333,1.66666666666667,0.242774566473988,0.242774566473988,0.208092485549133,0.242774566473988,0.658163265306122,0.826530612244898,0.948979591836735,1.10204081632653,0.982142857142857,0.783505154639175,1.01785714285714,1.21649484536082,1.75757575757576,0.606060606060606,0.0909090909090909,1.54545454545455,1.09756097560976,0.926829268292683,0.902439024390244,1.07317073170732,0.534562211981567,0.811059907834101,1.34562211981567,1.30875576036866,1.5,1.11538461538462,0,0.884615384615385,1.8134328358209,0.850746268656716,0.223880597014925,1.29850746268657,1.5,0.755555555555556,1,1.24444444444444,0.933673469387755,0.89041095890411,1.53061224489796,1.10958904109589
