virus,realm,host,locus_tag,AAA,AAC,AAG,AAT,ACA,ACC,ACG,ACT,AGA,AGC,AGG,AGT,ATA,ATC,ATG,ATT,CAA,CAC,CAG,CAT,CCA,CCC,CCG,CCT,CGA,CGC,CGG,CGT,CTA,CTC,CTG,CTT,GAA,GAC,GAG,GAT,GCA,GCC,GCG,GCT,GGA,GGC,GGG,GGT,GTA,GTC,GTG,GTT,TAA,TAC,TAG,TAT,TCA,TCC,TCG,TCT,TGA,TGC,TGG,TGT,TTA,TTC,TTG,TTT
Picobirnavirus sp.,Riboviria,human:vertebrates,EXK89,0.961038961038961,0.574712643678161,1.03896103896104,1.42528735632184,1.60919540229885,0.827586206896552,0.32183908045977,1.24137931034483,1.84615384615385,0.831683168316832,0.692307692307692,1.12871287128713,0.391304347826087,0.619565217391304,1,1.98913043478261,0.846153846153846,0.551724137931034,1.15384615384615,1.44827586206897,1.52727272727273,0.509090909090909,0.363636363636364,1.6,0.384615384615385,1.15384615384615,0.461538461538462,1.46153846153846,0.980769230769231,0.634615384615385,0.75,0.807692307692308,1.4,0.64367816091954,0.6,1.35632183908046,1.2,0.8,0.436363636363636,1.56363636363636,1.12676056338028,0.957746478873239,0.338028169014085,1.57746478873239,1.17073170731707,0.390243902439024,0.975609756097561,1.46341463414634,1.5,0.695652173913043,0.75,1.30434782608696,1.48514851485149,0.653465346534653,0.118811881188119,1.78217821782178,0.75,0.8,1,1.2,2.07692307692308,0.909090909090909,0.75,1.09090909090909
