virus,realm,host,locus_tag,AAA,AAC,AAG,AAT,ACA,ACC,ACG,ACT,AGA,AGC,AGG,AGT,ATA,ATC,ATG,ATT,CAA,CAC,CAG,CAT,CCA,CCC,CCG,CCT,CGA,CGC,CGG,CGT,CTA,CTC,CTG,CTT,GAA,GAC,GAG,GAT,GCA,GCC,GCG,GCT,GGA,GGC,GGG,GGT,GTA,GTC,GTG,GTT,TAA,TAC,TAG,TAT,TCA,TCC,TCG,TCT,TGA,TGC,TGG,TGT,TTA,TTC,TTG,TTT
Picornavirales Bu-3,Riboviria,vertebrates,BEN57,0.338983050847458,0.923076923076923,1.66101694915254,1.07692307692308,0.719424460431655,1.00719424460432,1.29496402877698,0.97841726618705,1.64285714285714,0.73109243697479,1.21428571428571,1.58823529411765,0.338709677419355,1.40322580645161,1,1.25806451612903,0.527472527472527,0.765957446808511,1.47252747252747,1.23404255319149,0.45859872611465,1.27388535031847,0.840764331210191,1.42675159235669,0.785714285714286,0.535714285714286,0.535714285714286,1.28571428571429,0.154981549815498,0.597785977859779,1.63837638376384,0.797047970479705,0.611872146118721,0.595959595959596,1.38812785388128,1.4040404040404,0.617886178861789,0.650406504065041,1.1219512195122,1.60975609756098,1.37339055793991,0.738197424892704,0.652360515021459,1.23605150214592,0.325732899022801,0.690553745928339,1.92833876221498,1.05537459283388,0,0.785714285714286,0,1.21428571428571,0.605042016806723,0.630252100840336,1.23529411764706,1.21008403361345,3,0.707692307692308,1,1.29230769230769,0.287822878228782,1.17293233082707,2.5239852398524,0.827067669172932
