virus,realm,locus_tag,host,type,shape,AAA,AAC,AAG,AAT,ACA,ACC,ACG,ACT,AGA,AGC,AGG,AGT,ATA,ATC,ATG,ATT,CAA,CAC,CAG,CAT,CCA,CCC,CCG,CCT,CGA,CGC,CGG,CGT,CTA,CTC,CTG,CTT,GAA,GAC,GAG,GAT,GCA,GCC,GCG,GCT,GGA,GGC,GGG,GGT,GTA,GTC,GTG,GTT,TAA,TAC,TAG,TAT,TCA,TCC,TCG,TCT,TGA,TGC,TGG,TGT,TTA,TTC,TTG,TTT
Piper yellow mottle virus,Riboviria,P878,land plants,DNA,linear,0.734042553191489,0.864864864864865,1.26595744680851,1.13513513513514,1.17293233082707,1.08270676691729,0.210526315789474,1.53383458646617,2.57851239669421,1.08724832214765,2.08264462809917,0.604026845637584,0.6,1.23636363636364,1,1.16363636363636,1.078125,1.11111111111111,0.921875,0.888888888888889,1.94392523364486,0.747663551401869,0.448598130841121,0.85981308411215,0.545454545454545,0.0991735537190083,0.446280991735537,0.247933884297521,1.18226600985222,0.738916256157635,1.47783251231527,0.975369458128079,1.31683168316832,0.866141732283465,0.683168316831683,1.13385826771654,1.61702127659574,0.964539007092199,0.397163120567376,1.02127659574468,2.03030303030303,0.636363636363636,0.606060606060606,0.727272727272727,1.20863309352518,1.23741007194245,0.661870503597122,0.892086330935252,1.5,1.26470588235294,0,0.735294117647059,1.6510067114094,0.76510067114094,0.322147651006711,1.57046979865772,1.5,1.44186046511628,1,0.558139534883721,1.064039408867,1.20588235294118,0.561576354679803,0.794117647058823
