virus,realm,host,locus_tag,AAA,AAC,AAG,AAT,ACA,ACC,ACG,ACT,AGA,AGC,AGG,AGT,ATA,ATC,ATG,ATT,CAA,CAC,CAG,CAT,CCA,CCC,CCG,CCT,CGA,CGC,CGG,CGT,CTA,CTC,CTG,CTT,GAA,GAC,GAG,GAT,GCA,GCC,GCG,GCT,GGA,GGC,GGG,GGT,GTA,GTC,GTG,GTT,TAA,TAC,TAG,TAT,TCA,TCC,TCG,TCT,TGA,TGC,TGG,TGT,TTA,TTC,TTG,TTT
Piscine myocarditis-like virus,Riboviria,vertebrates,AYQ98,1.38028169014085,0.967032967032967,0.619718309859155,1.03296703296703,1.76271186440678,0.677966101694915,0.745762711864407,0.813559322033898,2.22047244094488,0.730434782608696,2.17322834645669,1.04347826086957,1.53846153846154,0.769230769230769,1,0.692307692307692,1.16129032258065,0.916666666666667,0.838709677419355,1.08333333333333,1.76744186046512,0.604651162790698,0.837209302325581,0.790697674418605,0.519685039370079,0.236220472440945,0.566929133858268,0.283464566929134,1.11111111111111,0.592592592592593,0.814814814814815,0.740740740740741,1.34615384615385,0.977272727272727,0.653846153846154,1.02272727272727,1.77777777777778,0.888888888888889,0.611111111111111,0.722222222222222,1.62962962962963,0.246913580246914,1.35802469135802,0.765432098765432,1.65680473372781,0.615384615384615,0.781065088757396,0.946745562130177,2,0.901960784313726,1,1.09803921568627,2.24347826086957,0.782608695652174,0.782608695652174,0.417391304347826,0,0.285714285714286,1,1.71428571428571,1.81481481481481,1.19402985074627,0.925925925925926,0.805970149253731
