virus,realm,locus_tag,host,type,shape,AAA,AAC,AAG,AAT,ACA,ACC,ACG,ACT,AGA,AGC,AGG,AGT,ATA,ATC,ATG,ATT,CAA,CAC,CAG,CAT,CCA,CCC,CCG,CCT,CGA,CGC,CGG,CGT,CTA,CTC,CTG,CTT,GAA,GAC,GAG,GAT,GCA,GCC,GCG,GCT,GGA,GGC,GGG,GGT,GTA,GTC,GTG,GTT,TAA,TAC,TAG,TAT,TCA,TCC,TCG,TCT,TGA,TGC,TGG,TGT,TTA,TTC,TTG,TTT
Plum pox virus,Riboviria,PlPVgp,land plants,RNA,linear,1.04035874439462,0.851612903225806,0.959641255605381,1.14838709677419,1.84615384615385,0.430769230769231,0.615384615384615,1.10769230769231,1.54098360655738,1.12173913043478,1.04918032786885,1.27826086956522,0.603448275862069,1.03448275862069,1,1.36206896551724,1.14516129032258,0.836734693877551,0.854838709677419,1.16326530612245,2.04511278195489,0.390977443609023,0.511278195488722,1.05263157894737,1.08196721311475,0.721311475409836,0.590163934426229,1.01639344262295,0.560553633217993,1.03806228373702,1.07958477508651,1.14186851211073,1.17171717171717,0.972067039106145,0.828282828282828,1.02793296089385,2.22222222222222,0.444444444444444,0.525252525252525,0.808080808080808,1.63934426229508,0.677595628415301,0.590163934426229,1.09289617486339,0.561085972850679,0.832579185520362,1.0316742081448,1.57466063348416,0,1.05357142857143,3,0.946428571428571,2.00869565217391,0.495652173913044,0.547826086956522,0.547826086956522,0,1.03333333333333,1,0.966666666666667,0.664359861591695,0.907801418439716,1.51557093425606,1.09219858156028
