virus,realm,locus_tag,host,type,shape,AAA,AAC,AAG,AAT,ACA,ACC,ACG,ACT,AGA,AGC,AGG,AGT,ATA,ATC,ATG,ATT,CAA,CAC,CAG,CAT,CCA,CCC,CCG,CCT,CGA,CGC,CGG,CGT,CTA,CTC,CTG,CTT,GAA,GAC,GAG,GAT,GCA,GCC,GCG,GCT,GGA,GGC,GGG,GGT,GTA,GTC,GTG,GTT,TAA,TAC,TAG,TAT,TCA,TCC,TCG,TCT,TGA,TGC,TGG,TGT,TTA,TTC,TTG,TTT
Po-Circo-like virus 21,Monodnaviria,QQ43,vertebrates,DNA,circular,0.75,0.818181818181818,1.25,1.18181818181818,1.42857142857143,0.714285714285714,0.428571428571429,1.42857142857143,2.34146341463415,0.564705882352941,1.02439024390244,0.705882352941177,1,0.375,1,1.625,1.61904761904762,1.2,0.380952380952381,0.8,1.51111111111111,0.622222222222222,0.266666666666667,1.6,0.146341463414634,0.878048780487805,0,1.60975609756098,1.03125,0.84375,0.5625,1.6875,1.56862745098039,0.976744186046512,0.431372549019608,1.02325581395349,1.79310344827586,0.344827586206897,0.275862068965517,1.58620689655172,1.85365853658537,0.878048780487805,0.0975609756097561,1.17073170731707,1.11111111111111,0.888888888888889,0.444444444444444,1.55555555555556,2.4,0.742857142857143,0,1.25714285714286,1.34117647058824,1.05882352941176,0.423529411764706,1.90588235294118,0.6,0.5,1,1.5,1.125,1.04166666666667,0.75,0.958333333333333
