virus,realm,locus_tag,host,type,shape,AAA,AAC,AAG,AAT,ACA,ACC,ACG,ACT,AGA,AGC,AGG,AGT,ATA,ATC,ATG,ATT,CAA,CAC,CAG,CAT,CCA,CCC,CCG,CCT,CGA,CGC,CGG,CGT,CTA,CTC,CTG,CTT,GAA,GAC,GAG,GAT,GCA,GCC,GCG,GCT,GGA,GGC,GGG,GGT,GTA,GTC,GTG,GTT,TAA,TAC,TAG,TAT,TCA,TCC,TCG,TCT,TGA,TGC,TGG,TGT,TTA,TTC,TTG,TTT
Polaribacter phage Leef 1,NA,M1M28,NA,NA,NA,1.66452795600367,0.606369426751592,0.335472043996334,1.39363057324841,1.71277997364954,0.590250329380764,0.189723320158103,1.50724637681159,4.08,0.361256544502618,0.514285714285714,1.53141361256544,1.10562571756602,0.151549942594719,1,1.74282433983927,1.59428571428571,0.540880503144654,0.405714285714286,1.45911949685535,1.94475138121547,0.0883977900552486,0.143646408839779,1.8232044198895,0.171428571428571,0.188571428571429,0.0857142857142857,0.96,0.645875251509054,0.0301810865191147,0.132796780684105,0.501006036217304,1.74937343358396,0.294706723891273,0.25062656641604,1.70529327610873,1.90985915492958,0.219718309859155,0.174647887323944,1.69577464788732,1.36894824707846,0.260434056761269,0.193656093489149,2.17696160267112,1.83928571428571,0.0714285714285714,0.220238095238095,1.86904761904762,2.375,0.579166666666667,0.3125,1.42083333333333,0.840314136125654,0.0942408376963351,0.149214659685864,3.02356020942408,0.3125,0.538461538461538,1,1.46153846153846,4.08048289738431,0.21558872305141,0.609657947686117,1.78441127694859
