virus,realm,host,locus_tag,AAA,AAC,AAG,AAT,ACA,ACC,ACG,ACT,AGA,AGC,AGG,AGT,ATA,ATC,ATG,ATT,CAA,CAC,CAG,CAT,CCA,CCC,CCG,CCT,CGA,CGC,CGG,CGT,CTA,CTC,CTG,CTT,GAA,GAC,GAG,GAT,GCA,GCC,GCG,GCT,GGA,GGC,GGG,GGT,GTA,GTC,GTG,GTT,TAA,TAC,TAG,TAT,TCA,TCC,TCG,TCT,TGA,TGC,TGG,TGT,TTA,TTC,TTG,TTT
Polygonum ringspot virus,NA,NA,BI070,1.19004524886878,0.931147540983607,0.809954751131222,1.06885245901639,1.83388704318937,0.930232558139535,0.132890365448505,1.10299003322259,3.16304347826087,1.07822410147992,2.3804347826087,0.735729386892178,1.425,0.758333333333333,1,0.816666666666667,0.945736434108527,0.804597701149425,1.05426356589147,1.19540229885057,1.68275862068966,0.662068965517241,0.193103448275862,1.46206896551724,0.16304347826087,0.0978260869565217,0.130434782608696,0.0652173913043478,0.644736842105263,0.75,1.47368421052632,1,1.14826498422713,0.791139240506329,0.851735015772871,1.20886075949367,1.38116591928251,0.663677130044843,0.0538116591928251,1.90134529147982,1.16190476190476,0.933333333333333,0.933333333333333,0.971428571428571,0.662251655629139,0.834437086092715,1.07284768211921,1.43046357615894,1.2,0.903553299492386,0,1.09644670050761,1.35729386892178,0.837209302325581,0.164904862579281,1.82663847780127,1.8,1.07964601769911,1,0.920353982300885,0.671052631578947,1.03053435114504,1.46052631578947,0.969465648854962
