virus,realm,host,locus_tag,AAA,AAC,AAG,AAT,ACA,ACC,ACG,ACT,AGA,AGC,AGG,AGT,ATA,ATC,ATG,ATT,CAA,CAC,CAG,CAT,CCA,CCC,CCG,CCT,CGA,CGC,CGG,CGT,CTA,CTC,CTG,CTT,GAA,GAC,GAG,GAT,GCA,GCC,GCG,GCT,GGA,GGC,GGG,GGT,GTA,GTC,GTG,GTT,TAA,TAC,TAG,TAT,TCA,TCC,TCG,TCT,TGA,TGC,TGG,TGT,TTA,TTC,TTG,TTT
Porcine parvovirus 7,Monodnaviria,vertebrates,EXJ15,1.67272727272727,1.6078431372549,0.327272727272727,0.392156862745098,1.60869565217391,1.30434782608696,0.91304347826087,0.173913043478261,2.79310344827586,3,0.413793103448276,0.441176470588235,0.6,2.34,1,0.06,1.15789473684211,1.47058823529412,0.842105263157895,0.529411764705882,1.85915492957746,1.07042253521127,0.732394366197183,0.338028169014085,1.24137931034483,1.13793103448276,0.310344827586207,0.103448275862069,1.54054054054054,1.86486486486486,2.02702702702703,0.243243243243243,1.08571428571429,1.42857142857143,0.914285714285714,0.571428571428571,1.18918918918919,1.56756756756757,0.702702702702703,0.540540540540541,1.92592592592593,1.03703703703704,0.592592592592593,0.444444444444444,0.610169491525424,1.6271186440678,1.6271186440678,0.135593220338983,3,1.68421052631579,0,0.315789473684211,0.617647058823529,1.14705882352941,0.617647058823529,0.176470588235294,0,1.70588235294118,1,0.294117647058824,0.324324324324324,1.88888888888889,0,0.111111111111111
