virus,realm,locus_tag,host,type,shape,AAA,AAC,AAG,AAT,ACA,ACC,ACG,ACT,AGA,AGC,AGG,AGT,ATA,ATC,ATG,ATT,CAA,CAC,CAG,CAT,CCA,CCC,CCG,CCT,CGA,CGC,CGG,CGT,CTA,CTC,CTG,CTT,GAA,GAC,GAG,GAT,GCA,GCC,GCG,GCT,GGA,GGC,GGG,GGT,GTA,GTC,GTG,GTT,TAA,TAC,TAG,TAT,TCA,TCC,TCG,TCT,TGA,TGC,TGG,TGT,TTA,TTC,TTG,TTT
Porcine picobirnavirus,Riboviria,A4R42,vertebrates,RNA,linear,0.716417910447761,0.794117647058823,1.28358208955224,1.20588235294118,0.636363636363636,0.909090909090909,0.681818181818182,1.77272727272727,1.28571428571429,1.21153846153846,0.571428571428571,0.923076923076923,0.344262295081967,0.983606557377049,1,1.67213114754098,0.87719298245614,0.928571428571429,1.12280701754386,1.07142857142857,0.75,0.916666666666667,0.416666666666667,1.91666666666667,0.642857142857143,1.07142857142857,0.571428571428571,1.85714285714286,0.475247524752475,0.772277227722772,1.66336633663366,1.12871287128713,1.02631578947368,0.708860759493671,0.973684210526316,1.29113924050633,0.792079207920792,0.752475247524752,0.396039603960396,2.05940594059406,1.01149425287356,1.24137931034483,0.551724137931034,1.19540229885057,1.1685393258427,0.584269662921348,0.943820224719101,1.30337078651685,1,0.837837837837838,0,1.16216216216216,0.692307692307692,0.634615384615385,0.461538461538462,2.07692307692308,2,0.8,1,1.2,0.534653465346535,1.25,1.42574257425743,0.75
