virus,realm,host,locus_tag,AAA,AAC,AAG,AAT,ACA,ACC,ACG,ACT,AGA,AGC,AGG,AGT,ATA,ATC,ATG,ATT,CAA,CAC,CAG,CAT,CCA,CCC,CCG,CCT,CGA,CGC,CGG,CGT,CTA,CTC,CTG,CTT,GAA,GAC,GAG,GAT,GCA,GCC,GCG,GCT,GGA,GGC,GGG,GGT,GTA,GTC,GTG,GTT,TAA,TAC,TAG,TAT,TCA,TCC,TCG,TCT,TGA,TGC,TGG,TGT,TTA,TTC,TTG,TTT
Porcine reproductive and respiratory syndrome virus 2,Riboviria,vertebrates,D1P17,0.978723404255319,1.09433962264151,1.02127659574468,0.905660377358491,0.733118971061093,1.60771704180064,0.591639871382637,1.06752411575563,1.03157894736842,0.946524064171123,1.26315789473684,0.786096256684492,0.582938388625592,1.29383886255924,1,1.12322274881517,0.838323353293413,0.954545454545455,1.16167664670659,1.04545454545455,0.870056497175141,1.10734463276836,0.790960451977401,1.2316384180791,0.568421052631579,1.34736842105263,1.05263157894737,0.736842105263158,0.502793296089385,1.21787709497207,1.16201117318436,1.34078212290503,0.923076923076923,1.12068965517241,1.07692307692308,0.879310344827586,0.785388127853881,1.38812785388128,0.675799086757991,1.15068493150685,0.684491978609626,1.40106951871658,1.01604278074866,0.898395721925134,0.306306306306306,1.18018018018018,1.28828828828829,1.22522522522523,0.333333333333333,1.12162162162162,1,0.878378378378378,0.754010695187166,1.55614973262032,0.67379679144385,1.28342245989305,1.66666666666667,1.08074534161491,1,0.919254658385093,0.368715083798883,0.793248945147679,1.40782122905028,1.20675105485232
