virus,realm,host,locus_tag,AAA,AAC,AAG,AAT,ACA,ACC,ACG,ACT,AGA,AGC,AGG,AGT,ATA,ATC,ATG,ATT,CAA,CAC,CAG,CAT,CCA,CCC,CCG,CCT,CGA,CGC,CGG,CGT,CTA,CTC,CTG,CTT,GAA,GAC,GAG,GAT,GCA,GCC,GCG,GCT,GGA,GGC,GGG,GGT,GTA,GTC,GTG,GTT,TAA,TAC,TAG,TAT,TCA,TCC,TCG,TCT,TGA,TGC,TGG,TGT,TTA,TTC,TTG,TTT
Porcine parvovirus 5,Monodnaviria,vertebrates,X982,1.75221238938053,0.925,0.247787610619469,1.075,2.01834862385321,0.55045871559633,0.330275229357798,1.10091743119266,3.68571428571429,1.28571428571429,0.857142857142857,1,0.821428571428571,0.642857142857143,1,1.53571428571429,1.29411764705882,0.75,0.705882352941177,1.25,1.23076923076923,0.273504273504274,0.581196581196581,1.91452991452991,0.6,0.6,0.171428571428571,0.0857142857142857,0.966101694915254,0.305084745762712,0.457627118644068,1.16949152542373,1.49180327868852,0.75609756097561,0.508196721311475,1.24390243902439,0.976744186046512,0.465116279069767,0.604651162790698,1.95348837209302,1.58558558558559,0.252252252252252,1.04504504504505,1.11711711711712,0.740740740740741,0.444444444444444,0.839506172839506,1.97530864197531,3,0.758620689655172,0,1.24137931034483,1,0.571428571428571,0.214285714285714,1.92857142857143,0,0.785714285714286,1,1.21428571428571,2.28813559322034,0.463768115942029,0.813559322033898,1.53623188405797
