virus,realm,locus_tag,host,type,shape,AAA,AAC,AAG,AAT,ACA,ACC,ACG,ACT,AGA,AGC,AGG,AGT,ATA,ATC,ATG,ATT,CAA,CAC,CAG,CAT,CCA,CCC,CCG,CCT,CGA,CGC,CGG,CGT,CTA,CTC,CTG,CTT,GAA,GAC,GAG,GAT,GCA,GCC,GCG,GCT,GGA,GGC,GGG,GGT,GTA,GTC,GTG,GTT,TAA,TAC,TAG,TAT,TCA,TCC,TCG,TCT,TGA,TGC,TGG,TGT,TTA,TTC,TTG,TTT
Porcine associated porprismacovirus 8,Monodnaviria,KW77,vertebrates,DNA,circular,0.666666666666667,1.27272727272727,1.33333333333333,0.727272727272727,0.307692307692308,1.02564102564103,1.12820512820513,1.53846153846154,1.45454545454545,0,1.63636363636364,0.162162162162162,0.771428571428571,1.97142857142857,1,0.257142857142857,0.296296296296296,1.09090909090909,1.7037037037037,0.909090909090909,0.857142857142857,1,0.714285714285714,1.42857142857143,0,1.27272727272727,0.181818181818182,1.45454545454545,0.6,1.95,1.2,1.95,0.827586206896552,0.705882352941177,1.17241379310345,1.29411764705882,0.9,0.2,1.2,1.7,1.06122448979592,0.489795918367347,0.571428571428571,1.87755102040816,0.682926829268293,1.07317073170732,1.36585365853659,0.878048780487805,1.5,1.54545454545455,0,0.454545454545455,0.486486486486487,1.78378378378378,0.810810810810811,2.75675675675676,1.5,1.14285714285714,1,0.857142857142857,0,1.85714285714286,0.3,0.142857142857143
