virus,realm,locus_tag,host,type,shape,AAA,AAC,AAG,AAT,ACA,ACC,ACG,ACT,AGA,AGC,AGG,AGT,ATA,ATC,ATG,ATT,CAA,CAC,CAG,CAT,CCA,CCC,CCG,CCT,CGA,CGC,CGG,CGT,CTA,CTC,CTG,CTT,GAA,GAC,GAG,GAT,GCA,GCC,GCG,GCT,GGA,GGC,GGG,GGT,GTA,GTC,GTG,GTT,TAA,TAC,TAG,TAT,TCA,TCC,TCG,TCT,TGA,TGC,TGG,TGT,TTA,TTC,TTG,TTT
Porcine bocavirus 4-1,Monodnaviria,PBoV4,vertebrates,DNA,linear,1.00970873786408,1.22727272727273,0.990291262135922,0.772727272727273,0.972972972972973,1.56756756756757,0.837837837837838,0.621621621621622,1.92,1.83582089552239,1.152,0.716417910447761,0.103448275862069,2.13793103448276,1,0.758620689655172,1.02040816326531,1.32394366197183,0.979591836734694,0.676056338028169,0.75,0.392857142857143,1.14285714285714,1.71428571428571,0.624,1.248,0.624,0.432,0.609375,2.109375,1.6875,0.46875,0.754716981132076,1.32307692307692,1.24528301886792,0.676923076923077,0.39344262295082,1.50819672131148,1.04918032786885,1.04918032786885,1.5,0.916666666666667,0.645833333333333,0.9375,0.580645161290323,1.96774193548387,1.19354838709677,0.258064516129032,2.25,1.14942528735632,0,0.850574712643678,0.492537313432836,0.940298507462687,0.671641791044776,1.34328358208955,0.75,1.11627906976744,1,0.883720930232558,0.515625,0.96969696969697,0.609375,1.03030303030303
