virus,realm,host,locus_tag,AAA,AAC,AAG,AAT,ACA,ACC,ACG,ACT,AGA,AGC,AGG,AGT,ATA,ATC,ATG,ATT,CAA,CAC,CAG,CAT,CCA,CCC,CCG,CCT,CGA,CGC,CGG,CGT,CTA,CTC,CTG,CTT,GAA,GAC,GAG,GAT,GCA,GCC,GCG,GCT,GGA,GGC,GGG,GGT,GTA,GTC,GTG,GTT,TAA,TAC,TAG,TAT,TCA,TCC,TCG,TCT,TGA,TGC,TGG,TGT,TTA,TTC,TTG,TTT
Potato yellow dwarf nucleorhabdovirus,Riboviria,land plants,PoYDV,0.835680751173709,0.990291262135922,1.16431924882629,1.00970873786408,1.73913043478261,1.08695652173913,0.173913043478261,1,2.39423076923077,0.796296296296296,1.93269230769231,0.962962962962963,1.21071428571429,1.05,1,0.739285714285714,0.693548387096774,0.846153846153846,1.30645161290323,1.15384615384615,0.86,1.1,0.48,1.56,0.432692307692308,0.259615384615385,0.461538461538462,0.519230769230769,0.925619834710744,0.760330578512397,1.28925619834711,0.892561983471074,0.894009216589862,0.640350877192982,1.10599078341014,1.35964912280702,1.52941176470588,0.764705882352941,0.352941176470588,1.35294117647059,1.4273127753304,0.458149779735683,1.3215859030837,0.79295154185022,1.20171673819742,0.8068669527897,1.23605150214592,0.755364806866953,1.28571428571429,0.783216783216783,0.857142857142857,1.21678321678322,1.07407407407407,1.12962962962963,0.37037037037037,1.66666666666667,0.857142857142857,0.833333333333333,1,1.16666666666667,0.909090909090909,1.02127659574468,1.22314049586777,0.978723404255319
