virus,realm,locus_tag,host,type,shape,AAA,AAC,AAG,AAT,ACA,ACC,ACG,ACT,AGA,AGC,AGG,AGT,ATA,ATC,ATG,ATT,CAA,CAC,CAG,CAT,CCA,CCC,CCG,CCT,CGA,CGC,CGG,CGT,CTA,CTC,CTG,CTT,GAA,GAC,GAG,GAT,GCA,GCC,GCG,GCT,GGA,GGC,GGG,GGT,GTA,GTC,GTG,GTT,TAA,TAC,TAG,TAT,TCA,TCC,TCG,TCT,TGA,TGC,TGG,TGT,TTA,TTC,TTG,TTT
Potamochoerus porcus polyomavirus 1,Monodnaviria,EXJ88,vertebrates,DNA,circular,1.01851851851852,0.813953488372093,0.981481481481482,1.18604651162791,1.35922330097087,1.63106796116505,0.155339805825243,0.854368932038835,1.57627118644068,2.19354838709677,2.89830508474576,1.2258064516129,1.40625,0.84375,1,0.75,0.506024096385542,0.829268292682927,1.49397590361446,1.17073170731707,1.18032786885246,1.54098360655738,0.295081967213115,0.983606557377049,0.152542372881356,0.406779661016949,0.864406779661017,0.101694915254237,1.16666666666667,0.766666666666667,1.86666666666667,1.33333333333333,0.638297872340426,1.05263157894737,1.36170212765957,0.947368421052632,1.49618320610687,1.12977099236641,0.732824427480916,0.641221374045801,1.04477611940298,0.985074626865672,1.3134328358209,0.656716417910448,0.905660377358491,0.490566037735849,1.84905660377358,0.754716981132076,0.857142857142857,1.03333333333333,0.857142857142857,0.966666666666667,0.967741935483871,0.838709677419355,0.0645161290322581,0.709677419354839,1.28571428571429,1.17073170731707,1,0.829268292682927,0.4,1.04761904761905,0.466666666666667,0.952380952380952
