virus,realm,locus_tag,host,type,shape,AAA,AAC,AAG,AAT,ACA,ACC,ACG,ACT,AGA,AGC,AGG,AGT,ATA,ATC,ATG,ATT,CAA,CAC,CAG,CAT,CCA,CCC,CCG,CCT,CGA,CGC,CGG,CGT,CTA,CTC,CTG,CTT,GAA,GAC,GAG,GAT,GCA,GCC,GCG,GCT,GGA,GGC,GGG,GGT,GTA,GTC,GTG,GTT,TAA,TAC,TAG,TAT,TCA,TCC,TCG,TCT,TGA,TGC,TGG,TGT,TTA,TTC,TTG,TTT
Potato yellow mosaic virus,Monodnaviria,PYMV,land plants,ss-DNA,circular,0.733333333333333,1,1.26666666666667,1,1.39393939393939,0.848484848484849,0.96969696969697,0.787878787878788,1.64150943396226,0.942148760330578,1.58490566037736,0.644628099173554,1.06666666666667,0.8,1,1.13333333333333,1.01639344262295,0.938775510204082,0.983606557377049,1.06122448979592,1.42465753424658,0.657534246575342,0.493150684931507,1.42465753424658,0.622641509433962,0.452830188679245,0.622641509433962,1.07547169811321,0.927835051546392,0.927835051546392,1.36082474226804,1.17525773195876,0.901408450704225,0.945945945945946,1.09859154929577,1.05405405405405,1.2987012987013,1.03896103896104,0.571428571428571,1.09090909090909,1.26315789473684,0.842105263157895,0.684210526315789,1.21052631578947,0.835164835164835,1.05494505494505,0.747252747252747,1.36263736263736,1.5,0.771929824561403,0.5,1.2280701754386,1.28925619834711,1.04132231404959,0.694214876033058,1.38842975206612,1,0.96,1,1.04,1.05154639175258,1.23809523809524,0.556701030927835,0.761904761904762
