virus,realm,locus_tag,host,type,shape,AAA,AAC,AAG,AAT,ACA,ACC,ACG,ACT,AGA,AGC,AGG,AGT,ATA,ATC,ATG,ATT,CAA,CAC,CAG,CAT,CCA,CCC,CCG,CCT,CGA,CGC,CGG,CGT,CTA,CTC,CTG,CTT,GAA,GAC,GAG,GAT,GCA,GCC,GCG,GCT,GGA,GGC,GGG,GGT,GTA,GTC,GTG,GTT,TAA,TAC,TAG,TAT,TCA,TCC,TCG,TCT,TGA,TGC,TGG,TGT,TTA,TTC,TTG,TTT
Potiskum virus,NA,AXI55,NA,RNA,linear,1.13432835820896,0.882352941176471,0.865671641791045,1.11764705882353,1.59633027522936,0.917431192660551,0.256880733944954,1.22935779816514,2.48618784530387,1.28,1.49171270718232,1.2,0.617142857142857,0.994285714285714,1,1.38857142857143,1.07142857142857,1.07042253521127,0.928571428571429,0.929577464788732,2.05970149253731,0.835820895522388,0.238805970149254,0.865671641791045,0.629834254143646,0.464088397790055,0.497237569060773,0.430939226519337,0.764705882352941,1.01960784313725,1.49019607843137,1.05882352941176,1.24,0.96,0.76,1.04,0.916030534351145,1.31297709923664,0.213740458015267,1.55725190839695,1.9448275862069,0.8,0.703448275862069,0.551724137931034,0.363636363636364,0.853146853146853,1.81818181818182,0.965034965034965,3,1.15294117647059,0,0.847058823529412,1.70666666666667,0.72,0.16,0.933333333333333,0,0.966666666666667,1,1.03333333333333,0.431372549019608,0.912280701754386,1.23529411764706,1.08771929824561
