virus,realm,locus_tag,host,type,shape,AAA,AAC,AAG,AAT,ACA,ACC,ACG,ACT,AGA,AGC,AGG,AGT,ATA,ATC,ATG,ATT,CAA,CAC,CAG,CAT,CCA,CCC,CCG,CCT,CGA,CGC,CGG,CGT,CTA,CTC,CTG,CTT,GAA,GAC,GAG,GAT,GCA,GCC,GCG,GCT,GGA,GGC,GGG,GGT,GTA,GTC,GTG,GTT,TAA,TAC,TAG,TAT,TCA,TCC,TCG,TCT,TGA,TGC,TGG,TGT,TTA,TTC,TTG,TTT
Pouzolzia golden mosaic virus,Monodnaviria,DF44,land plants,DNA,circular,1.09859154929577,0.767123287671233,0.901408450704225,1.23287671232877,0.72289156626506,0.963855421686747,1.06024096385542,1.25301204819277,1.51648351648352,0.724137931034483,1.12087912087912,1.24137931034483,0.607142857142857,1.03571428571429,1,1.35714285714286,1.02040816326531,0.945454545454545,0.979591836734694,1.05454545454545,1.31506849315068,1.15068493150685,0.383561643835616,1.15068493150685,1.25274725274725,0.791208791208791,0.395604395604396,0.923076923076923,0.757281553398058,1.28155339805825,0.757281553398058,1.80582524271845,1.05882352941176,0.861538461538462,0.941176470588235,1.13846153846154,1.13432835820896,0.895522388059702,1.01492537313433,0.955223880597015,0.776119402985075,0.716417910447761,1.49253731343284,1.01492537313433,1.21518987341772,1.11392405063291,0.607594936708861,1.06329113924051,1.71428571428571,0.68,0.857142857142857,1.32,1.13793103448276,0.982758620689655,0.982758620689655,0.931034482758621,0.428571428571429,0.689655172413793,1,1.31034482758621,0.815533980582524,1.11538461538462,0.58252427184466,0.884615384615385
