virus,realm,locus_tag,host,type,shape,AAA,AAC,AAG,AAT,ACA,ACC,ACG,ACT,AGA,AGC,AGG,AGT,ATA,ATC,ATG,ATT,CAA,CAC,CAG,CAT,CCA,CCC,CCG,CCT,CGA,CGC,CGG,CGT,CTA,CTC,CTG,CTT,GAA,GAC,GAG,GAT,GCA,GCC,GCG,GCT,GGA,GGC,GGG,GGT,GTA,GTC,GTG,GTT,TAA,TAC,TAG,TAT,TCA,TCC,TCG,TCT,TGA,TGC,TGG,TGT,TTA,TTC,TTG,TTT
Privet leaf blotch-associated virus,Riboviria,BKK71,land plants,RNA,linear,1.09210526315789,0.688172043010753,0.907894736842105,1.31182795698925,0.962406015037594,0.902255639097744,0.631578947368421,1.50375939849624,1.8,0.51063829787234,1.15384615384615,1.18085106382979,0.604477611940298,0.917910447761194,1,1.47761194029851,1.06382978723404,0.807692307692308,0.936170212765957,1.19230769230769,1.46788990825688,0.587155963302752,0.844036697247706,1.10091743119266,1.01538461538462,0.692307692307692,0.276923076923077,1.06153846153846,0.607594936708861,0.632911392405063,0.582278481012658,1.24050632911392,1.12121212121212,0.666666666666667,0.878787878787879,1.33333333333333,0.902255639097744,0.601503759398496,0.781954887218045,1.71428571428571,1.01587301587302,0.761904761904762,0.571428571428571,1.65079365079365,0.662857142857143,0.96,0.914285714285714,1.46285714285714,3,1.03896103896104,0,0.961038961038961,1.40425531914894,0.797872340425532,0.765957446808511,1.34042553191489,0,0.444444444444444,1,1.55555555555556,1.16455696202532,0.825688073394495,1.77215189873418,1.1743119266055
