virus,realm,locus_tag,host,type,shape,AAA,AAC,AAG,AAT,ACA,ACC,ACG,ACT,AGA,AGC,AGG,AGT,ATA,ATC,ATG,ATT,CAA,CAC,CAG,CAT,CCA,CCC,CCG,CCT,CGA,CGC,CGG,CGT,CTA,CTC,CTG,CTT,GAA,GAC,GAG,GAT,GCA,GCC,GCG,GCT,GGA,GGC,GGG,GGT,GTA,GTC,GTG,GTT,TAA,TAC,TAG,TAT,TCA,TCC,TCG,TCT,TGA,TGC,TGG,TGT,TTA,TTC,TTG,TTT
Propionibacterium phage Anatole,Duplodnaviria,FDH07,bacteria,DNA,linear,0.206422018348624,1.38823529411765,1.79357798165138,0.611764705882353,0.426277372262774,1.84525547445255,1.27299270072993,0.455474452554745,0.138817480719794,1.02439024390244,0.616966580976864,0.249641319942611,0.0368852459016393,2.53893442622951,1,0.424180327868852,0.310904872389791,1.34615384615385,1.68909512761021,0.653846153846154,0.34983498349835,1.15511551155116,1.97359735973597,0.521452145214521,0.478149100257069,2.20565552699229,1.65809768637532,0.902313624678663,0.114994363021421,1.61668545659526,2.92220969560316,0.574971815107103,0.457142857142857,1.34078212290503,1.54285714285714,0.659217877094972,0.445714285714286,1.56571428571429,1.32,0.668571428571429,0.44311377245509,1.82035928143713,0.994011976047904,0.74251497005988,0.0906002265005662,1.55832389580974,2.0475651189128,0.303510758776897,0.163636363636364,1.3416149068323,0.218181818181818,0.658385093167702,0.568149210903874,1.25681492109039,2.3845050215208,0.516499282639885,2.61818181818182,1.61224489795918,1,0.387755102040816,0.020293122886133,1.71786833855799,0.750845546786922,0.282131661442006
