virus,realm,locus_tag,host,type,shape,AAA,AAC,AAG,AAT,ACA,ACC,ACG,ACT,AGA,AGC,AGG,AGT,ATA,ATC,ATG,ATT,CAA,CAC,CAG,CAT,CCA,CCC,CCG,CCT,CGA,CGC,CGG,CGT,CTA,CTC,CTG,CTT,GAA,GAC,GAG,GAT,GCA,GCC,GCG,GCT,GGA,GGC,GGG,GGT,GTA,GTC,GTG,GTT,TAA,TAC,TAG,TAT,TCA,TCC,TCG,TCT,TGA,TGC,TGG,TGT,TTA,TTC,TTG,TTT
Propionibacterium phage PHL010M04,Duplodnaviria,P759,bacteria,DNA,linear,0.931506849315068,1.27218934911243,1.06849315068493,0.727810650887574,0.888888888888889,1.66308243727599,0.867383512544803,0.580645161290323,0.22181146025878,0.649214659685864,0.820702402957486,0.50261780104712,0.304147465437788,1.48617511520737,1,1.20967741935484,0.734375,1.19650655021834,1.265625,0.803493449781659,0.675555555555556,0.951111111111111,1.26222222222222,1.11111111111111,0.487985212569316,1.31977818853974,1.1090573012939,2.04066543438078,0.590163934426229,1.25186289120715,1.06408345752608,0.822652757078987,0.657342657342657,0.874779541446208,1.34265734265734,1.12522045855379,0.513888888888889,1.36574074074074,0.898148148148148,1.22222222222222,0.326848249027237,1.2295719844358,0.840466926070039,1.60311284046693,0.237623762376238,0.480905233380481,2.13861386138614,1.14285714285714,0.733333333333333,1.14285714285714,0.333333333333333,0.857142857142857,0.418848167539267,0.806282722513089,1.83246073298429,1.79057591623037,1.93333333333333,1.1214953271028,1,0.878504672897196,0.187779433681073,0.759183673469388,2.08345752608048,1.24081632653061
