virus,realm,locus_tag,host,type,shape,AAA,AAC,AAG,AAT,ACA,ACC,ACG,ACT,AGA,AGC,AGG,AGT,ATA,ATC,ATG,ATT,CAA,CAC,CAG,CAT,CCA,CCC,CCG,CCT,CGA,CGC,CGG,CGT,CTA,CTC,CTG,CTT,GAA,GAC,GAG,GAT,GCA,GCC,GCG,GCT,GGA,GGC,GGG,GGT,GTA,GTC,GTG,GTT,TAA,TAC,TAG,TAT,TCA,TCC,TCG,TCT,TGA,TGC,TGG,TGT,TTA,TTC,TTG,TTT
Propionibacterium phage PHL037M02,Duplodnaviria,PHL037M02,bacteria,DNA,linear,1.00574712643678,1.30357142857143,0.994252873563218,0.696428571428571,0.888888888888889,1.50091074681239,0.969034608378871,0.641165755919854,0.249097472924188,0.62350936967632,0.974729241877256,0.664395229982964,0.290322580645161,1.45161290322581,1,1.25806451612903,0.745501285347044,1.24193548387097,1.25449871465296,0.758064516129032,0.653421633554084,0.874172185430464,1.280353200883,1.19205298013245,0.530685920577617,1.38628158844765,1.05054151624549,1.8086642599278,0.56973293768546,1.32640949554896,1.0326409495549,0.756676557863502,0.7,0.93631669535284,1.3,1.06368330464716,0.54994124559342,1.36780258519389,0.841363102232667,1.24089306698002,0.319371727748691,1.2303664921466,0.801047120418848,1.64921465968586,0.276445698166432,0.473906911142454,2.00846262341326,1.24118476727786,0.8,1.12133891213389,0.266666666666667,0.878661087866109,0.337308347529813,0.868824531516184,1.89097103918228,1.61499148211244,1.93333333333333,1.03846153846154,1,0.961538461538462,0.231454005934718,0.753036437246964,2.08308605341246,1.24696356275304
