virus,realm,host,locus_tag,AAA,AAC,AAG,AAT,ACA,ACC,ACG,ACT,AGA,AGC,AGG,AGT,ATA,ATC,ATG,ATT,CAA,CAC,CAG,CAT,CCA,CCC,CCG,CCT,CGA,CGC,CGG,CGT,CTA,CTC,CTG,CTT,GAA,GAC,GAG,GAT,GCA,GCC,GCG,GCT,GGA,GGC,GGG,GGT,GTA,GTC,GTG,GTT,TAA,TAC,TAG,TAT,TCA,TCC,TCG,TCT,TGA,TGC,TGG,TGT,TTA,TTC,TTG,TTT
Propionibacterium phage P100 A,NA,NA,D292,0.955307262569832,1.2330383480826,1.04469273743017,0.766961651917404,0.937388193202147,1.50268336314848,0.923076923076923,0.636851520572451,0.217785843920145,0.677083333333333,0.773139745916515,0.5,0.317972350230415,1.43778801843318,1,1.24423963133641,0.739018087855297,1.22633744855967,1.2609819121447,0.773662551440329,0.556291390728477,0.927152317880795,1.30684326710817,1.20971302428256,0.522686025408348,1.26315789473684,1.27404718693285,1.9491833030853,0.579250720461095,1.21902017291066,1.14121037463977,0.829971181556196,0.744292237442922,0.898450946643718,1.25570776255708,1.10154905335628,0.509090909090909,1.36818181818182,0.813636363636364,1.30909090909091,0.412060301507538,1.14070351758794,0.839195979899497,1.60804020100503,0.25578231292517,0.527891156462585,1.98639455782313,1.22993197278912,0.933333333333333,1.15833333333333,0.133333333333333,0.841666666666667,0.395833333333333,0.833333333333333,1.84375,1.75,1.93333333333333,1.18867924528302,1,0.811320754716981,0.207492795389049,0.774193548387097,2.02305475504323,1.2258064516129
