virus,realm,host,locus_tag,AAA,AAC,AAG,AAT,ACA,ACC,ACG,ACT,AGA,AGC,AGG,AGT,ATA,ATC,ATG,ATT,CAA,CAC,CAG,CAT,CCA,CCC,CCG,CCT,CGA,CGC,CGG,CGT,CTA,CTC,CTG,CTT,GAA,GAC,GAG,GAT,GCA,GCC,GCG,GCT,GGA,GGC,GGG,GGT,GTA,GTC,GTG,GTT,TAA,TAC,TAG,TAT,TCA,TCC,TCG,TCT,TGA,TGC,TGG,TGT,TTA,TTC,TTG,TTT
Propionibacterium phage Keiki,Duplodnaviria,bacteria,FDH71,0.904494382022472,1.23478260869565,1.09550561797753,0.765217391304348,0.894454382826476,1.58139534883721,0.966010733452594,0.558139534883721,0.220588235294118,0.722408026755853,0.716911764705882,0.531772575250836,0.335664335664336,1.46153846153846,1,1.2027972027972,0.749326145552561,1.26808510638298,1.25067385444744,0.731914893617021,0.752212389380531,0.858407079646018,1.21238938053097,1.17699115044248,0.540441176470588,1.43382352941176,1.25735294117647,1.83088235294118,0.587896253602305,1.36599423631124,0.942363112391931,0.717579250720461,0.657534246575342,0.916955017301038,1.34246575342466,1.08304498269896,0.469221835075494,1.36120789779326,0.938443670150987,1.23112659698026,0.310880829015544,1.2279792746114,0.797927461139896,1.66321243523316,0.230985915492958,0.43943661971831,2.05070422535211,1.27887323943662,0.933333333333333,1.1497975708502,0.133333333333333,0.850202429149798,0.311036789297659,0.892976588628763,1.97658862876254,1.56521739130435,1.93333333333333,1.15094339622642,1,0.849056603773585,0.23342939481268,0.737704918032787,2.15273775216138,1.26229508196721
