virus,realm,locus_tag,host,type,shape,AAA,AAC,AAG,AAT,ACA,ACC,ACG,ACT,AGA,AGC,AGG,AGT,ATA,ATC,ATG,ATT,CAA,CAC,CAG,CAT,CCA,CCC,CCG,CCT,CGA,CGC,CGG,CGT,CTA,CTC,CTG,CTT,GAA,GAC,GAG,GAT,GCA,GCC,GCG,GCT,GGA,GGC,GGG,GGT,GTA,GTC,GTG,GTT,TAA,TAC,TAG,TAT,TCA,TCC,TCG,TCT,TGA,TGC,TGG,TGT,TTA,TTC,TTG,TTT
Propionibacterium phage P105,Duplodnaviria,D290,bacteria,DNA,linear,0.856353591160221,1.26479750778816,1.14364640883978,0.735202492211838,0.856624319419238,1.53901996370236,0.980036297640653,0.62431941923775,0.177449168207024,0.663212435233161,0.942698706099815,0.538860103626943,0.304147465437788,1.41705069124424,1,1.27880184331797,0.641304347826087,1.30735930735931,1.35869565217391,0.692640692640693,0.599118942731278,0.837004405286344,1.30396475770925,1.25991189427313,0.487985212569316,1.33086876155268,1.14232902033272,1.91866913123845,0.591928251121076,1.31838565022422,1.0762331838565,0.762331838565022,0.712328767123288,0.924956369982548,1.28767123287671,1.07504363001745,0.47085201793722,1.44394618834081,0.84304932735426,1.24215246636771,0.326530612244898,1.20408163265306,0.852040816326531,1.61734693877551,0.207865168539326,0.49438202247191,2.12921348314607,1.1685393258427,1.13333333333333,1.14529914529915,0.266666666666667,0.854700854700855,0.435233160621762,0.829015544041451,1.75129533678756,1.78238341968912,1.6,1.10280373831776,1,0.897196261682243,0.134529147982063,0.69672131147541,2.11659192825112,1.30327868852459
