virus,realm,locus_tag,host,type,shape,AAA,AAC,AAG,AAT,ACA,ACC,ACG,ACT,AGA,AGC,AGG,AGT,ATA,ATC,ATG,ATT,CAA,CAC,CAG,CAT,CCA,CCC,CCG,CCT,CGA,CGC,CGG,CGT,CTA,CTC,CTG,CTT,GAA,GAC,GAG,GAT,GCA,GCC,GCG,GCT,GGA,GGC,GGG,GGT,GTA,GTC,GTG,GTT,TAA,TAC,TAG,TAT,TCA,TCC,TCG,TCT,TGA,TGC,TGG,TGT,TTA,TTC,TTG,TTT
Propionibacterium phage PHL112N00,Duplodnaviria,P752,bacteria,DNA,linear,0.908554572271386,1.26686217008798,1.09144542772861,0.733137829912023,0.847396768402154,1.68761220825853,0.919210053859964,0.545780969479354,0.280071813285458,0.699828473413379,0.969479353680431,0.689536878216124,0.295302013422819,1.51006711409396,1,1.19463087248322,0.709183673469388,1.17842323651452,1.29081632653061,0.821576763485477,0.584070796460177,0.867256637168142,1.4070796460177,1.14159292035398,0.506283662477558,1.32495511669659,1.08797127468582,1.83123877917415,0.540540540540541,1.35135135135135,1.11711711711712,0.702702702702703,0.672985781990521,0.91768826619965,1.32701421800948,1.08231173380035,0.467289719626168,1.42523364485981,0.883177570093458,1.22429906542056,0.376288659793814,1.23711340206186,0.871134020618557,1.51546391752577,0.195121951219512,0.48780487804878,2.09469153515065,1.22238163558106,0.91304347826087,1.15833333333333,0.326086956521739,0.841666666666667,0.391080617495712,0.792452830188679,1.852487135506,1.5746140651801,1.76086956521739,1.2037037037037,1,0.796296296296296,0.108108108108108,0.758893280632411,2.18018018018018,1.24110671936759
