virus,realm,locus_tag,host,type,shape,AAA,AAC,AAG,AAT,ACA,ACC,ACG,ACT,AGA,AGC,AGG,AGT,ATA,ATC,ATG,ATT,CAA,CAC,CAG,CAT,CCA,CCC,CCG,CCT,CGA,CGC,CGG,CGT,CTA,CTC,CTG,CTT,GAA,GAC,GAG,GAT,GCA,GCC,GCG,GCT,GGA,GGC,GGG,GGT,GTA,GTC,GTG,GTT,TAA,TAC,TAG,TAT,TCA,TCC,TCG,TCT,TGA,TGC,TGG,TGT,TTA,TTC,TTG,TTT
Propionibacterium phage E6,Duplodnaviria,FDH11,bacteria,DNA,linear,0.247619047619048,1.41803278688525,1.75238095238095,0.581967213114754,0.405,2.08,1.195,0.32,0.141676505312869,1.11405835543767,0.467532467532468,0.238726790450928,0.0486486486486487,2.60540540540541,1,0.345945945945946,0.307692307692308,1.36111111111111,1.69230769230769,0.638888888888889,0.401197604790419,1.25748502994012,1.91616766467066,0.425149700598802,0.545454545454545,2.57851239669421,1.45926800472255,0.807556080283353,0.144144144144144,1.74174174174174,3.14714714714715,0.456456456456456,0.530744336569579,1.47510094212651,1.46925566343042,0.524899057873486,0.52755905511811,1.79265091863517,1.13123359580052,0.548556430446194,0.525691699604743,1.88142292490119,0.948616600790514,0.644268774703557,0.100456621004566,1.73972602739726,1.87214611872146,0.287671232876712,0.25,1.3757225433526,0.4,0.624277456647399,0.620689655172414,1.54376657824934,2.07692307692308,0.405835543766578,2.35,1.70093457943925,1,0.299065420560748,0.024024024024024,1.76996805111821,0.486486486486487,0.230031948881789
