virus,realm,locus_tag,host,type,shape,AAA,AAC,AAG,AAT,ACA,ACC,ACG,ACT,AGA,AGC,AGG,AGT,ATA,ATC,ATG,ATT,CAA,CAC,CAG,CAT,CCA,CCC,CCG,CCT,CGA,CGC,CGG,CGT,CTA,CTC,CTG,CTT,GAA,GAC,GAG,GAT,GCA,GCC,GCG,GCT,GGA,GGC,GGG,GGT,GTA,GTC,GTG,GTT,TAA,TAC,TAG,TAT,TCA,TCC,TCG,TCT,TGA,TGC,TGG,TGT,TTA,TTC,TTG,TTT
Proteus phage VB PmiS-Isfahan,NA,FDH42,NA,NA,NA,1.56286919831224,0.745365853658537,0.437130801687764,1.25463414634146,1.61418143899896,0.408759124087591,0.342022940563087,1.63503649635036,2.06870229007634,0.471050049067713,0.274809160305344,1.63101079489696,0.722222222222222,0.603535353535353,1,1.67424242424242,1.38775510204082,0.815068493150685,0.612244897959184,1.18493150684932,1.3542757417103,0.153577661431065,0.418848167539267,2.07329842931937,0.931297709923664,0.450381679389313,0.16030534351145,2.11450381679389,0.673062730627306,0.239114391143911,0.349815498154982,0.810332103321033,1.55920484010372,0.517175572519084,0.440795159896283,1.48282442748092,1.28515625,0.23828125,0.515625,1.9609375,0.977611940298508,0.212686567164179,0.373134328358209,2.4365671641791,1.2033426183844,0.397400185701021,0.568245125348189,1.83101207056639,1.64835164835165,0.625563909774436,0.395604395604396,1.37443609022556,1.92541707556428,0.211972522080471,0.323846908734053,1.43670264965653,0.956043956043956,0.5,1,1.5,3.21918819188192,0.687306501547988,0.708487084870849,1.31269349845201
