virus,realm,locus_tag,host,type,shape,AAA,AAC,AAG,AAT,ACA,ACC,ACG,ACT,AGA,AGC,AGG,AGT,ATA,ATC,ATG,ATT,CAA,CAC,CAG,CAT,CCA,CCC,CCG,CCT,CGA,CGC,CGG,CGT,CTA,CTC,CTG,CTT,GAA,GAC,GAG,GAT,GCA,GCC,GCG,GCT,GGA,GGC,GGG,GGT,GTA,GTC,GTG,GTT,TAA,TAC,TAG,TAT,TCA,TCC,TCG,TCT,TGA,TGC,TGG,TGT,TTA,TTC,TTG,TTT
Proteus phage PM2,Duplodnaviria,KNT71,bacteria,DNA,linear,1.7295690936107,0.411727214786488,0.270430906389302,1.58827278521351,1.80631276901004,0.447632711621234,0.200860832137733,1.54519368723099,2.8495867768595,0.281328495674016,0.396694214876033,0.956181970415853,0.836482558139535,0.354651162790698,1,1.80886627906977,1.70445859872611,0.394859813084112,0.295541401273885,1.60514018691589,1.75466365178067,0.149236856981345,0.26455624646693,1.83154324477106,0.63801652892562,0.247933884297521,0.175206611570248,1.69256198347107,0.486602870813397,0.129186602870813,0.150717703349282,1.09090909090909,1.81380753138075,0.471709717097171,0.186192468619247,1.52829028290283,1.39775093710954,0.643065389421075,0.179925031236985,1.7792586422324,1.19146005509642,0.516528925619835,0.461432506887052,1.83057851239669,1.22091503267974,0.372549019607843,0.30718954248366,2.09934640522876,1.921875,0.37346852555978,0.29296875,1.62653147444022,1.47530002790957,0.277979346915992,0.252860731230812,2.75634942785375,0.78515625,0.323873121869783,1,1.67612687813022,3.5511961722488,0.323301805674979,0.591387559808612,1.67669819432502
