virus,realm,locus_tag,host,type,shape,AAA,AAC,AAG,AAT,ACA,ACC,ACG,ACT,AGA,AGC,AGG,AGT,ATA,ATC,ATG,ATT,CAA,CAC,CAG,CAT,CCA,CCC,CCG,CCT,CGA,CGC,CGG,CGT,CTA,CTC,CTG,CTT,GAA,GAC,GAG,GAT,GCA,GCC,GCG,GCT,GGA,GGC,GGG,GGT,GTA,GTC,GTG,GTT,TAA,TAC,TAG,TAT,TCA,TCC,TCG,TCT,TGA,TGC,TGG,TGT,TTA,TTC,TTG,TTT
Providencia phage vB PstP PS3,Duplodnaviria,HOV05,bacteria,DNA,linear,0.852374839537869,1.01587301587302,1.14762516046213,0.984126984126984,1.34634146341463,0.6,0.248780487804878,1.80487804878049,1.37851239669421,0.799519807923169,1.1504132231405,2.24729891956783,0.781789638932496,0.847723704866562,1,1.37048665620094,1.12241653418124,0.967479674796748,0.87758346581876,1.03252032520325,1.68281938325991,0.237885462555066,0.299559471365639,1.77973568281938,0.644628099173554,0.317355371900826,0.287603305785124,2.22148760330579,1.35758651286602,0.308784383318545,0.73469387755102,0.649511978704525,0.792307692307692,0.607427055702918,1.20769230769231,1.39257294429708,1.16165413533835,0.402255639097744,0.25187969924812,2.18421052631579,0.619977037887486,0.436280137772675,0.817451205510907,2.12629161882893,1.5827664399093,0.276643990929705,0.956916099773243,1.18367346938776,0.980769230769231,1.43478260869565,1.21153846153846,0.565217391304348,1.21728691476591,0.352941176470588,0.273709483793517,1.10924369747899,0.807692307692308,0.632352941176471,1,1.36764705882353,2.20940550133097,1.06635071090047,0.740017746228926,0.933649289099526
