virus,realm,host,locus_tag,AAA,AAC,AAG,AAT,ACA,ACC,ACG,ACT,AGA,AGC,AGG,AGT,ATA,ATC,ATG,ATT,CAA,CAC,CAG,CAT,CCA,CCC,CCG,CCT,CGA,CGC,CGG,CGT,CTA,CTC,CTG,CTT,GAA,GAC,GAG,GAT,GCA,GCC,GCG,GCT,GGA,GGC,GGG,GGT,GTA,GTC,GTG,GTT,TAA,TAC,TAG,TAT,TCA,TCC,TCG,TCT,TGA,TGC,TGG,TGT,TTA,TTC,TTG,TTT
Prunus virus F,Riboviria,land plants,D1U73,0.947368421052632,0.539130434782609,1.05263157894737,1.46086956521739,1.32467532467532,0.675324675324675,0.493506493506494,1.50649350649351,1.40506329113924,0.604838709677419,0.835443037974684,1.04032258064516,0.992957746478873,0.676056338028169,1,1.33098591549296,0.957983193277311,0.73015873015873,1.04201680672269,1.26984126984127,0.984615384615385,1.04615384615385,0.4,1.56923076923077,0.79746835443038,0.911392405063291,0.569620253164557,1.48101265822785,0.395604395604396,0.813186813186813,0.901098901098901,1.86813186813187,1.03067484662577,0.726027397260274,0.969325153374233,1.27397260273973,0.973451327433628,0.902654867256637,0.353982300884956,1.76991150442478,1.41860465116279,0.511627906976744,0.651162790697674,1.41860465116279,0.310344827586207,0.586206896551724,1.18965517241379,1.91379310344828,1.5,0.666666666666667,0,1.33333333333333,1.20967741935484,1.06451612903226,0.362903225806452,1.71774193548387,1.5,0.491803278688525,1,1.50819672131148,0.373626373626374,0.612244897959184,1.64835164835165,1.38775510204082
