virus,realm,locus_tag,host,type,shape,AAA,AAC,AAG,AAT,ACA,ACC,ACG,ACT,AGA,AGC,AGG,AGT,ATA,ATC,ATG,ATT,CAA,CAC,CAG,CAT,CCA,CCC,CCG,CCT,CGA,CGC,CGG,CGT,CTA,CTC,CTG,CTT,GAA,GAC,GAG,GAT,GCA,GCC,GCG,GCT,GGA,GGC,GGG,GGT,GTA,GTC,GTG,GTT,TAA,TAC,TAG,TAT,TCA,TCC,TCG,TCT,TGA,TGC,TGG,TGT,TTA,TTC,TTG,TTT
Pseudomonas phage vB PaeP 130 113,NA,HOT07,NA,NA,NA,0.263492063492063,1.76706827309237,1.73650793650794,0.232931726907631,0.247043363994744,2.39684625492773,0.940867279894875,0.415243101182654,0.0802469135802469,2.03142857142857,0.234567901234568,0.531428571428571,0.142131979695431,2.51776649746193,1,0.34010152284264,0.444099378881988,1.52777777777778,1.55590062111801,0.472222222222222,0.380368098159509,1.06134969325153,1.96319018404908,0.595092024539877,0.722222222222222,2.53086419753086,1.44444444444444,0.987654320987654,0.27906976744186,1.43720930232558,3.45116279069767,0.306976744186047,0.508353221957041,1.52058111380145,1.49164677804296,0.479418886198547,0.664520283322601,1.82871860914359,0.870573084352865,0.63618802318094,0.303249097472924,2.28880866425993,0.602888086642599,0.805054151624549,0.582043343653251,1.29618163054696,1.8328173374613,0.288957688338493,0.870967741935484,1.63386727688787,0.290322580645161,0.366132723112128,0.197142857142857,1.64571428571429,1.27714285714286,0.317142857142857,1.83870967741935,1.45806451612903,1,0.541935483870968,0.027906976744186,1.9032967032967,0.497674418604651,0.0967032967032967
