virus,realm,locus_tag,host,type,shape,AAA,AAC,AAG,AAT,ACA,ACC,ACG,ACT,AGA,AGC,AGG,AGT,ATA,ATC,ATG,ATT,CAA,CAC,CAG,CAT,CCA,CCC,CCG,CCT,CGA,CGC,CGG,CGT,CTA,CTC,CTG,CTT,GAA,GAC,GAG,GAT,GCA,GCC,GCG,GCT,GGA,GGC,GGG,GGT,GTA,GTC,GTG,GTT,TAA,TAC,TAG,TAT,TCA,TCC,TCG,TCT,TGA,TGC,TGG,TGT,TTA,TTC,TTG,TTT
Pseudomonas phage PA11,Duplodnaviria,PP11,bacteria,DNA,linear,0.942398489140699,1.15241635687732,1.0576015108593,0.847583643122677,0.558139534883721,0.900856793145655,0.386780905752754,2.15422276621787,1.38172715894869,1.1093023255814,1.02127659574468,1.49302325581395,0.242168674698795,0.965060240963855,1,1.79277108433735,1.38808373590982,0.896321070234114,0.611916264090177,1.10367892976589,1.20833333333333,0.472222222222222,0.680555555555556,1.63888888888889,0.540675844806007,0.593241551939925,0.315394242803504,2.1476846057572,0.905,0.71,1.085,1.705,1.10402999062793,0.872651356993737,0.895970009372071,1.12734864300626,0.88476411446249,0.726991492652746,0.377416860015468,2.0108275328693,0.628420123565755,0.99558693733451,0.518976169461606,1.85701676963813,1.42729705619982,0.606601248884924,0.777876895628903,1.18822479928635,1.91304347826087,0.911519198664441,0.217391304347826,1.08848080133556,0.516279069767442,0.697674418604651,0.376744186046512,1.80697674418605,0.869565217391304,0.631578947368421,1,1.36842105263158,0.355,1.08306709265176,1.24,0.916932907348243
