virus,realm,locus_tag,host,type,shape,AAA,AAC,AAG,AAT,ACA,ACC,ACG,ACT,AGA,AGC,AGG,AGT,ATA,ATC,ATG,ATT,CAA,CAC,CAG,CAT,CCA,CCC,CCG,CCT,CGA,CGC,CGG,CGT,CTA,CTC,CTG,CTT,GAA,GAC,GAG,GAT,GCA,GCC,GCG,GCT,GGA,GGC,GGG,GGT,GTA,GTC,GTG,GTT,TAA,TAC,TAG,TAT,TCA,TCC,TCG,TCT,TGA,TGC,TGG,TGT,TTA,TTC,TTG,TTT
Pseudomonas phage F ET309sp/Pa1651,NA,MPJ01,NA,NA,NA,0.514285714285714,1.64171122994652,1.48571428571429,0.358288770053476,0.286140089418778,2.4441132637854,0.995529061102832,0.274217585692996,0.0984682713347921,2.65738161559889,0.301969365426696,0.401114206128134,0.142292490118577,2.28853754940711,1,0.569169960474308,0.356666666666667,1.44632768361582,1.64333333333333,0.553672316384181,0.378737541528239,1.10299003322259,2.0531561461794,0.465116279069767,0.407002188183807,3.2691466083151,1.26039387308534,0.663019693654267,0.238754325259516,1.29757785467128,3.70588235294118,0.280276816608997,0.695035460992908,1.4711964549483,1.30496453900709,0.528803545051699,0.426805465191932,2.00650618087183,1.09564085881588,0.471047495120364,0.310382513661202,2.47431693989071,0.721311475409836,0.493989071038251,0.271270036991369,2.00246609124538,1.23304562268804,0.493218249075216,0.696428571428571,1.37459283387622,0.375,0.625407166123778,0.192200557103064,1.16155988857939,1.31197771587744,0.275766016713092,1.92857142857143,1.64444444444444,1,0.355555555555556,0.0519031141868512,1.6891495601173,0.42560553633218,0.310850439882698
