virus,realm,locus_tag,host,type,shape,AAA,AAC,AAG,AAT,ACA,ACC,ACG,ACT,AGA,AGC,AGG,AGT,ATA,ATC,ATG,ATT,CAA,CAC,CAG,CAT,CCA,CCC,CCG,CCT,CGA,CGC,CGG,CGT,CTA,CTC,CTG,CTT,GAA,GAC,GAG,GAT,GCA,GCC,GCG,GCT,GGA,GGC,GGG,GGT,GTA,GTC,GTG,GTT,TAA,TAC,TAG,TAT,TCA,TCC,TCG,TCT,TGA,TGC,TGG,TGT,TTA,TTC,TTG,TTT
Pseudomonas phage vB PaeM USP 1,NA,H6S70,NA,NA,NA,0.732110091743119,1.35793357933579,1.26788990825688,0.642066420664207,0.287425149700599,1.92015968063872,0.862275449101796,0.930139720558882,0.391735537190083,1.36515513126492,0.441322314049587,0.45346062052506,0.197969543147208,2.08883248730964,1,0.713197969543147,0.670170827858081,1.33727810650888,1.32982917214192,0.662721893491124,0.562637362637363,0.545054945054945,2.11868131868132,0.773626373626374,0.704132231404959,2.73223140495868,0.986776859504132,0.743801652892562,0.227429359062715,1.37698139214335,2.74155754651964,0.731909028256375,1.09287257019438,1.10737179487179,0.907127429805616,0.892628205128205,0.551243781094527,1.68557213930348,1.07462686567164,0.688557213930348,0.658724597056762,2.13594954449895,0.501751927119832,0.703573931324457,0.491119691119691,1.59382239382239,1.02548262548263,0.88957528957529,1.37931034482759,0.957894736842105,0.241379310344828,1.04210526315789,0.291169451073986,1.56563245823389,1.4653937947494,0.859188544152745,1.37931034482759,1.54010695187166,1,0.459893048128342,0.0744314266023432,1.71747211895911,0.847691247415575,0.282527881040892
