virus,realm,locus_tag,host,type,shape,AAA,AAC,AAG,AAT,ACA,ACC,ACG,ACT,AGA,AGC,AGG,AGT,ATA,ATC,ATG,ATT,CAA,CAC,CAG,CAT,CCA,CCC,CCG,CCT,CGA,CGC,CGG,CGT,CTA,CTC,CTG,CTT,GAA,GAC,GAG,GAT,GCA,GCC,GCG,GCT,GGA,GGC,GGG,GGT,GTA,GTC,GTG,GTT,TAA,TAC,TAG,TAT,TCA,TCC,TCG,TCT,TGA,TGC,TGG,TGT,TTA,TTC,TTG,TTT
Pseudomonas phage R12,Duplodnaviria,NA,bacteria,DNA,linear,0.786764705882353,1.35141509433962,1.21323529411765,0.648584905660377,0.280078895463511,1.85009861932939,0.899408284023669,0.970414201183432,0.408326661329063,1.35714285714286,0.480384307445957,0.428571428571429,0.260655737704918,2.02131147540984,1,0.718032786885246,0.653061224489796,1.30362116991643,1.3469387755102,0.696378830083565,0.533622559652928,0.550976138828633,2.08676789587852,0.828633405639913,0.749399519615693,2.64691753402722,0.917534027221777,0.797437950360288,0.233201581027668,1.32806324110672,2.6403162055336,0.762845849802372,1.09257950530035,1.06666666666667,0.907420494699647,0.933333333333333,0.583170254403131,1.73972602739726,1.03913894324853,0.637964774951076,0.723463687150838,2.06424581005587,0.508379888268156,0.70391061452514,0.460717009916095,1.5255530129672,1.08924485125858,0.924485125858124,1.23333333333333,1.0295652173913,0.366666666666667,0.970434782608696,0.328571428571429,1.46666666666667,1.47619047619048,0.942857142857143,1.4,1.54,1,0.46,0.114624505928854,1.68395061728395,0.920948616600791,0.316049382716049
