virus,realm,locus_tag,host,type,shape,AAA,AAC,AAG,AAT,ACA,ACC,ACG,ACT,AGA,AGC,AGG,AGT,ATA,ATC,ATG,ATT,CAA,CAC,CAG,CAT,CCA,CCC,CCG,CCT,CGA,CGC,CGG,CGT,CTA,CTC,CTG,CTT,GAA,GAC,GAG,GAT,GCA,GCC,GCG,GCT,GGA,GGC,GGG,GGT,GTA,GTC,GTG,GTT,TAA,TAC,TAG,TAT,TCA,TCC,TCG,TCT,TGA,TGC,TGG,TGT,TTA,TTC,TTG,TTT
Pseudoplusia includens SNPV IE,Naldaviricetes,TP31,invertebrates,DNA,circular,1.45643153526971,0.878605769230769,0.54356846473029,1.12139423076923,0.954883924660534,0.932106876916338,0.968900569426194,1.14410862899693,1.70373876005679,1.0110775427996,0.425934690014198,1.0392749244713,0.858841463414634,1.03810975609756,1,1.1030487804878,1.29296875,0.922404371584699,0.70703125,1.0775956284153,0.800554016620499,0.908587257617729,1.27146814404432,1.01939058171745,1.4850922858495,0.914339801230478,0.300993847610033,1.169900615239,0.894261424017003,0.891073326248672,0.930924548352816,0.519659936238045,1.35955536554083,0.844684684684685,0.640444634459171,1.15531531531532,0.77639751552795,1.2712215320911,0.863354037267081,1.08902691511387,1.29261363636364,1.34943181818182,0.181818181818182,1.17613636363636,0.711958680969408,1.18871672626142,1.21255462852602,0.886769964243147,1.78723404255319,0.800788954635108,0.531914893617021,1.19921104536489,0.65055387713998,0.5337361530715,1.68580060422961,1.07955689828802,0.680851063829787,0.773672055427252,1,1.22632794457275,1.24335812964931,0.788442703232125,1.52072263549416,1.21155729676787
