virus,realm,locus_tag,host,type,shape,AAA,AAC,AAG,AAT,ACA,ACC,ACG,ACT,AGA,AGC,AGG,AGT,ATA,ATC,ATG,ATT,CAA,CAC,CAG,CAT,CCA,CCC,CCG,CCT,CGA,CGC,CGG,CGT,CTA,CTC,CTG,CTT,GAA,GAC,GAG,GAT,GCA,GCC,GCG,GCT,GGA,GGC,GGG,GGT,GTA,GTC,GTG,GTT,TAA,TAC,TAG,TAT,TCA,TCC,TCG,TCT,TGA,TGC,TGG,TGT,TTA,TTC,TTG,TTT
Pseudomonas phage vB PaeP C2-10 Ab09,NA,FG40,NA,NA,NA,0.292830188679245,1.62035225048924,1.70716981132075,0.379647749510763,0.225310899780541,2.2033650329188,0.377468910021946,1.19385515727871,0.269716088328076,1.50570342205323,0.473186119873817,0.752851711026616,0.12972972972973,2.47027027027027,1,0.4,0.582104228121927,1.34101382488479,1.41789577187807,0.658986175115207,0.566666666666667,0.9375,1.37083333333333,1.125,0.416403785488959,1.32492113564669,1.01261829652997,2.50315457413249,0.320855614973262,1.12007778317939,3.17063684978123,0.603791929995139,1.04890604890605,1.2718023255814,0.951093951093951,0.728197674418605,0.792617775619233,1.29383195726081,0.413793103448276,1.49975716367169,0.434726688102894,1.37877813504823,0.509324758842444,1.67717041800643,0.972906403940887,1.01477832512315,1.46059113300493,0.551724137931034,1.26506024096386,1.68450704225352,0.397590361445783,0.315492957746479,0.273764258555133,1.57414448669202,0.999239543726236,0.894296577946768,1.33734939759036,1.26267281105991,1,0.737327188940092,0.0670879922216821,1.81600955794504,0.717549829849295,0.183990442054958
