virus,realm,locus_tag,host,type,shape,AAA,AAC,AAG,AAT,ACA,ACC,ACG,ACT,AGA,AGC,AGG,AGT,ATA,ATC,ATG,ATT,CAA,CAC,CAG,CAT,CCA,CCC,CCG,CCT,CGA,CGC,CGG,CGT,CTA,CTC,CTG,CTT,GAA,GAC,GAG,GAT,GCA,GCC,GCG,GCT,GGA,GGC,GGG,GGT,GTA,GTC,GTG,GTT,TAA,TAC,TAG,TAT,TCA,TCC,TCG,TCT,TGA,TGC,TGG,TGT,TTA,TTC,TTG,TTT
Pseudomonas virus Yua,Duplodnaviria,PPYV,bacteria,DNA,circular,0.160479041916168,1.8121387283237,1.83952095808383,0.187861271676301,0.0875621890547264,2.49154228855721,1.16616915422886,0.254726368159204,0.0563821456538763,1.83728813559322,0.140955364134691,0.223728813559322,0.048689138576779,2.50936329588015,1,0.441947565543071,0.44475138121547,1.73563218390805,1.55524861878453,0.264367816091954,0.164556962025316,1.31645569620253,2.29535864978903,0.223628691983122,0.253719655442443,3.3876272513704,1.66797180892717,0.493343774471417,0.0987967067764408,1.80113996200127,3.24129195693477,0.334388853704876,0.620472440944882,1.6951331496786,1.37952755905512,0.304866850321396,0.177685950413223,2.0103305785124,1.44421487603306,0.367768595041322,0.373551465576005,2.12951601908657,1.05248807089298,0.444444444444444,0.146341463414634,1.68130081300813,1.90243902439024,0.269918699186992,0.350649350649351,1.44483985765125,0.116883116883117,0.555160142348754,0.135593220338983,2.3864406779661,1.22033898305085,0.196610169491525,2.53246753246753,1.49152542372881,1,0.508474576271186,0.0189993666877771,1.81547619047619,0.50538315389487,0.18452380952381
