virus,realm,locus_tag,host,type,shape,AAA,AAC,AAG,AAT,ACA,ACC,ACG,ACT,AGA,AGC,AGG,AGT,ATA,ATC,ATG,ATT,CAA,CAC,CAG,CAT,CCA,CCC,CCG,CCT,CGA,CGC,CGG,CGT,CTA,CTC,CTG,CTT,GAA,GAC,GAG,GAT,GCA,GCC,GCG,GCT,GGA,GGC,GGG,GGT,GTA,GTC,GTG,GTT,TAA,TAC,TAG,TAT,TCA,TCC,TCG,TCT,TGA,TGC,TGG,TGT,TTA,TTC,TTG,TTT
Pseudomonas phage vB PaeP p2-10 Or1,NA,BN425,NA,NA,NA,0.490616621983914,1.31399317406143,1.50938337801609,0.686006825938567,0.346368715083799,1.75418994413408,0.480446927374302,1.41899441340782,0.382671480144404,0.973977695167286,0.772563176895307,0.996282527881041,0.15,1.98857142857143,1,0.861428571428571,0.917733089579525,1.25547445255474,1.08226691042048,0.744525547445255,0.88,1.24,0.633333333333333,1.24666666666667,0.938628158844765,0.859205776173285,1.09025270758123,1.95667870036101,0.71356783919598,1.46733668341709,1.76884422110553,1.14572864321608,0.753894080996885,0.903614457831325,1.24610591900312,1.09638554216867,0.766107678729038,1.27802294792586,0.409532215357458,1.54633715798764,0.57092819614711,0.795096322241681,0.802101576182137,1.83187390542907,1.26582278481013,1.05485232067511,0.742616033755274,0.936708860759494,1.5,1.2043956043956,0.0517241379310345,0.795604395604396,0.41635687732342,1.56877323420074,0.646840148698885,1.39776951672862,1.44827586206897,1.14093959731544,1,0.859060402684564,0.110552763819095,1.54054054054054,0.793969849246231,0.459459459459459
