virus,realm,locus_tag,host,type,shape,AAA,AAC,AAG,AAT,ACA,ACC,ACG,ACT,AGA,AGC,AGG,AGT,ATA,ATC,ATG,ATT,CAA,CAC,CAG,CAT,CCA,CCC,CCG,CCT,CGA,CGC,CGG,CGT,CTA,CTC,CTG,CTT,GAA,GAC,GAG,GAT,GCA,GCC,GCG,GCT,GGA,GGC,GGG,GGT,GTA,GTC,GTG,GTT,TAA,TAC,TAG,TAT,TCA,TCC,TCG,TCT,TGA,TGC,TGG,TGT,TTA,TTC,TTG,TTT
Pseudomonas phage Noxifer,Duplodnaviria,FDI21,bacteria,DNA,circular,0.747806524184477,1.61844758064516,1.25219347581552,0.381552419354839,0.484001471129092,1.94336152997426,0.873115115851416,0.699521883045237,0.082261126344653,1.29899551186151,0.0658089010757224,0.816841205385766,0.0895710681244744,2.26576955424727,1,0.644659377628259,0.859227728792946,1.33535967578521,1.14077227120705,0.664640324214792,1.12974839664529,0.481499753330044,1.39023186975826,0.998519980266404,0.393587850664417,1.71609365112845,0.820080151866695,2.92216831892006,0.228175640355463,1.08442237323576,2.80397281756404,0.454783063251438,1.14207650273224,1.2236103566902,0.85792349726776,0.776389643309795,0.779582366589327,1.15517947318138,0.889313498021018,1.17592466220827,0.182926829268293,1.39837398373984,0.416666666666667,2.0020325203252,0.644839413782351,1.12004989086374,1.46928593701278,0.765824758341129,1.66167664670659,1.52296296296296,0.260479041916168,0.477037037037037,0.343663175892285,1.12588159863219,1.69266937379782,0.721949134430434,1.07784431137725,1.19089759797724,1,0.809102402022756,0.196811291165708,1.57806912991657,1.2318348144276,0.421930870083433
