virus,realm,host,locus_tag,AAA,AAC,AAG,AAT,ACA,ACC,ACG,ACT,AGA,AGC,AGG,AGT,ATA,ATC,ATG,ATT,CAA,CAC,CAG,CAT,CCA,CCC,CCG,CCT,CGA,CGC,CGG,CGT,CTA,CTC,CTG,CTT,GAA,GAC,GAG,GAT,GCA,GCC,GCG,GCT,GGA,GGC,GGG,GGT,GTA,GTC,GTG,GTT,TAA,TAC,TAG,TAT,TCA,TCC,TCG,TCT,TGA,TGC,TGG,TGT,TTA,TTC,TTG,TTT
Pseudomonas phage Phi-S1,Duplodnaviria,bacteria,K769,0.362903225806452,1.66868686868687,1.63709677419355,0.331313131313131,0.35195530726257,1.97765363128492,0.748603351955307,0.921787709497207,0.0576131687242798,1.00593471810089,0.148148148148148,0.427299703264095,0.0360205831903945,2.47512864493997,1,0.48885077186964,0.838951310861423,1.50553505535055,1.16104868913858,0.494464944649447,0.930817610062893,0.436058700209644,1.26624737945493,1.36687631027254,0.691358024691358,1.83539094650206,0.864197530864197,2.40329218106996,0.0999020568070519,1.21645445641528,2.91478942213516,1.0048971596474,0.920745920745921,1.49054224464061,1.07925407925408,0.509457755359395,0.6,1.17741935483871,0.845161290322581,1.37741935483871,0.267961165048544,1.53009708737864,0.512621359223301,1.68932038834951,0.482039397450753,1.33024333719583,1.31633835457706,0.871378910776362,1.65957446808511,1.46778711484594,0.319148936170213,0.532212885154062,0.347181008902077,1.88724035608309,1.38872403560831,0.943620178041543,1.02127659574468,1.5,1,0.5,0.0881488736532811,1.82432432432432,0.675808031341822,0.175675675675676
