virus,realm,locus_tag,host,type,shape,AAA,AAC,AAG,AAT,ACA,ACC,ACG,ACT,AGA,AGC,AGG,AGT,ATA,ATC,ATG,ATT,CAA,CAC,CAG,CAT,CCA,CCC,CCG,CCT,CGA,CGC,CGG,CGT,CTA,CTC,CTG,CTT,GAA,GAC,GAG,GAT,GCA,GCC,GCG,GCT,GGA,GGC,GGG,GGT,GTA,GTC,GTG,GTT,TAA,TAC,TAG,TAT,TCA,TCC,TCG,TCT,TGA,TGC,TGG,TGT,TTA,TTC,TTG,TTT
Pseudomonas phage DL62,Duplodnaviria,AVU26,bacteria,DNA,linear,0.242622950819672,1.76939203354298,1.75737704918033,0.230607966457023,0.227951153324288,2.42062415196744,0.938941655359566,0.412483039348711,0.0907127429805616,2.03791469194313,0.304535637149028,0.502369668246445,0.148936170212766,2.49468085106383,1,0.356382978723404,0.427652733118971,1.53956834532374,1.57234726688103,0.460431654676259,0.357615894039735,1.04635761589404,2.01324503311258,0.582781456953642,0.609071274298056,2.57883369330454,1.4060475161987,1.01079913606911,0.278145695364238,1.39072847682119,3.50662251655629,0.317880794701987,0.561064087061669,1.54213836477987,1.43893591293833,0.457861635220126,0.601202404809619,1.81963927855711,0.900467601870408,0.678690714762859,0.302392344497608,2.35023923444976,0.539712918660287,0.807655502392345,0.584415584415584,1.31601731601732,1.79220779220779,0.307359307359307,0.927272727272727,1.59518072289157,0.327272727272727,0.404819277108434,0.255924170616114,1.71563981042654,1.21327014218009,0.274881516587678,1.74545454545455,1.43065693430657,1,0.569343065693431,0.0397350993377483,1.90498812351544,0.466887417218543,0.0950118764845606
