virus,realm,locus_tag,host,type,shape,AAA,AAC,AAG,AAT,ACA,ACC,ACG,ACT,AGA,AGC,AGG,AGT,ATA,ATC,ATG,ATT,CAA,CAC,CAG,CAT,CCA,CCC,CCG,CCT,CGA,CGC,CGG,CGT,CTA,CTC,CTG,CTT,GAA,GAC,GAG,GAT,GCA,GCC,GCG,GCT,GGA,GGC,GGG,GGT,GTA,GTC,GTG,GTT,TAA,TAC,TAG,TAT,TCA,TCC,TCG,TCT,TGA,TGC,TGG,TGT,TTA,TTC,TTG,TTT
Pseudomonas phage phCDa,Duplodnaviria,HOT57,bacteria,DNA,linear,0.846480067854114,1.42603550295858,1.15351993214589,0.57396449704142,0.439592430858806,1.7292576419214,0.72197962154294,1.10917030567686,0.155124653739612,1.38870967741935,0.127423822714681,0.575806451612903,0.143382352941176,1.89154411764706,1,0.965073529411765,0.927426955702168,1.26913580246914,1.07257304429783,0.730864197530864,0.863534675615213,0.54586129753915,1.30201342281879,1.28859060402685,0.421052631578947,2.12742382271468,0.781163434903047,2.38781163434903,0.245264207377866,0.768693918245264,2.89830508474576,0.646061814556331,1.17226890756303,1.1984375,0.827731092436975,0.8015625,0.938187976291279,1.14648602878916,0.740050804403048,1.17527519051651,0.310322156476003,1.7120315581854,0.468113083497699,1.50953320184089,0.86977886977887,0.83046683046683,1.34889434889435,0.950859950859951,1.59183673469388,1.36294027565084,0.36734693877551,0.637059724349158,0.348387096774194,1.43709677419355,1.3258064516129,0.924193548387097,1.04081632653061,1.27184466019417,1,0.728155339805825,0.19740777666999,1.40787801778907,1.24426719840479,0.592121982210928
