virus,realm,locus_tag,host,type,shape,AAA,AAC,AAG,AAT,ACA,ACC,ACG,ACT,AGA,AGC,AGG,AGT,ATA,ATC,ATG,ATT,CAA,CAC,CAG,CAT,CCA,CCC,CCG,CCT,CGA,CGC,CGG,CGT,CTA,CTC,CTG,CTT,GAA,GAC,GAG,GAT,GCA,GCC,GCG,GCT,GGA,GGC,GGG,GGT,GTA,GTC,GTG,GTT,TAA,TAC,TAG,TAT,TCA,TCC,TCG,TCT,TGA,TGC,TGG,TGT,TTA,TTC,TTG,TTT
Pseudotevenvirus RB43,Duplodnaviria,RB43ORF,bacteria,NA,NA,1.4649527043415,1.30531117627892,0.535047295658501,0.694688823721082,1.07760401298318,1.01032753024491,0.775449985246385,1.13661847152552,0.454005934718101,1.06985294117647,0.164688427299703,0.963235294117647,0.256285482562855,1.45742092457421,1,1.28629359286294,0.931623931623932,0.83399209486166,1.06837606837607,1.16600790513834,0.96031357177854,0.29593336599706,1.46202841744243,1.28172464478197,0.743323442136498,1.61795252225519,0.282640949554896,2.73738872403561,0.338990932341316,0.442222738897931,2.20134852359916,0.984887235526622,1.68672199170124,0.615959434214038,0.313278008298755,1.38404056578596,1.39787729743722,0.391405643282423,1.00232979549573,1.20838726378462,0.632647307583874,0.707076402593741,0.603326755004229,2.05694953481816,0.971740208230045,0.457114526524541,0.77243430837878,1.79871095686663,1.52054794520548,0.828445158698272,0.195205479452055,1.17155484130173,1.12683823529412,0.727941176470588,0.639705882352941,1.47242647058824,1.28424657534247,0.801788375558867,1,1.19821162444113,0.947221576377587,1.14334911752045,1.08532899325738,0.856650882479552
