virus,realm,host,locus_tag,AAA,AAC,AAG,AAT,ACA,ACC,ACG,ACT,AGA,AGC,AGG,AGT,ATA,ATC,ATG,ATT,CAA,CAC,CAG,CAT,CCA,CCC,CCG,CCT,CGA,CGC,CGG,CGT,CTA,CTC,CTG,CTT,GAA,GAC,GAG,GAT,GCA,GCC,GCG,GCT,GGA,GGC,GGG,GGT,GTA,GTC,GTG,GTT,TAA,TAC,TAG,TAT,TCA,TCC,TCG,TCT,TGA,TGC,TGG,TGT,TTA,TTC,TTG,TTT
Pseudomonas phage 14-1,NA,NA,PP141,0.728440366972477,1.35294117647059,1.27155963302752,0.647058823529412,0.257309941520468,1.88304093567251,0.884990253411306,0.974658869395711,0.373801916932907,1.42654028436019,0.469648562300319,0.417061611374408,0.248982912937347,2.0626525630594,1,0.688364524003255,0.674329501915709,1.3091922005571,1.32567049808429,0.690807799442897,0.538293216630197,0.595185995623632,2.11378555798687,0.7527352297593,0.699680511182109,2.5926517571885,1.11182108626198,0.752396166134185,0.231229235880399,1.33953488372093,2.70299003322259,0.737541528239203,1.11173184357542,1.12202852614897,0.888268156424581,0.87797147385103,0.542772861356932,1.70108161258604,1.06981317600787,0.686332350049164,0.706529209621993,2.14158075601375,0.483848797250859,0.668041237113402,0.513899323816679,1.62584522915101,1.03681442524418,0.823441021788129,1.33333333333333,0.947552447552448,0.233333333333333,1.05244755244755,0.336492890995261,1.58293838862559,1.43127962085308,0.805687203791469,1.43333333333333,1.57948717948718,1,0.420512820512821,0.0757475083056478,1.70944309927361,0.912956810631229,0.290556900726392
