virus,realm,locus_tag,host,type,shape,AAA,AAC,AAG,AAT,ACA,ACC,ACG,ACT,AGA,AGC,AGG,AGT,ATA,ATC,ATG,ATT,CAA,CAC,CAG,CAT,CCA,CCC,CCG,CCT,CGA,CGC,CGG,CGT,CTA,CTC,CTG,CTT,GAA,GAC,GAG,GAT,GCA,GCC,GCG,GCT,GGA,GGC,GGG,GGT,GTA,GTC,GTG,GTT,TAA,TAC,TAG,TAT,TCA,TCC,TCG,TCT,TGA,TGC,TGG,TGT,TTA,TTC,TTG,TTT
Pseudomonas phage OBP,Duplodnaviria,OBP,bacteria,DNA,circular,1.11248744559759,1.23544919894545,0.88751255440241,0.764550801054553,0.784951703101169,1.19098457888493,0.468395187256397,1.5556685307575,0.718789407313997,0.684431465595912,0.234552332912989,1.0611425442599,0.282178217821782,1.50594059405941,1,1.21188118811881,0.906282906282906,0.904028436018957,1.09371709371709,1.09597156398104,1.36668440659925,0.255455029270889,0.671633847791378,1.70622671633848,0.438839848675914,0.904918032786885,0.257250945775536,3.44564943253468,0.285752724337414,0.703080855643751,1.9292344948204,1.05421767792278,1.35716826752046,0.737982396750169,0.642831732479545,1.26201760324983,1.05233775296581,0.6168876482903,0.505931612002791,1.8248429867411,0.54796320630749,0.621550591327201,0.503942181340342,2.32654402102497,0.985489537192607,0.68672674507408,0.612799755613258,1.71498396212005,2.29126213592233,0.873536968312875,0.223300970873786,1.12646303168713,0.979010768388392,0.926446431830626,0.400803066252966,1.9481657236722,0.485436893203884,0.590395480225989,1,1.40960451977401,1.09457823220772,1.27231807951988,0.93313601506794,0.72768192048012
