virus,realm,locus_tag,host,type,shape,AAA,AAC,AAG,AAT,ACA,ACC,ACG,ACT,AGA,AGC,AGG,AGT,ATA,ATC,ATG,ATT,CAA,CAC,CAG,CAT,CCA,CCC,CCG,CCT,CGA,CGC,CGG,CGT,CTA,CTC,CTG,CTT,GAA,GAC,GAG,GAT,GCA,GCC,GCG,GCT,GGA,GGC,GGG,GGT,GTA,GTC,GTG,GTT,TAA,TAC,TAG,TAT,TCA,TCC,TCG,TCT,TGA,TGC,TGG,TGT,TTA,TTC,TTG,TTT
Pseudomonas phage PhiCHU,Duplodnaviria,AVV32,bacteria,DNA,linear,0.504391468005019,1.31935483870968,1.49560853199498,0.680645161290323,0.337801608579088,1.75871313672922,0.514745308310992,1.3887399463807,0.318339100346021,0.993997599039616,0.795847750865052,0.965186074429772,0.170833333333333,1.99166666666667,1,0.8375,0.884057971014493,1.36082474226804,1.11594202898551,0.639175257731959,0.785829307568438,1.26892109500805,0.714975845410628,1.23027375201288,0.920415224913495,0.878892733564014,1.10034602076125,1.98615916955017,0.695723684210526,1.52960526315789,1.79605263157895,1.12993421052632,0.789733464955578,0.832748538011696,1.21026653504442,1.1672514619883,0.794590025359256,1.24091293322063,0.409129332206255,1.55536770921386,0.555278470490441,0.817955112219451,0.814630091438072,1.81213632585204,1.20038722168441,1.04549854791868,0.782187802516941,0.971926427879961,1.52054794520548,1.2530612244898,0.123287671232877,0.746938775510204,0.396158463385354,1.57022809123649,0.713085234093637,1.36134453781513,1.35616438356164,1.09677419354839,1,0.903225806451613,0.118421052631579,1.55913978494624,0.730263157894737,0.440860215053763
