virus,realm,locus_tag,host,type,shape,AAA,AAC,AAG,AAT,ACA,ACC,ACG,ACT,AGA,AGC,AGG,AGT,ATA,ATC,ATG,ATT,CAA,CAC,CAG,CAT,CCA,CCC,CCG,CCT,CGA,CGC,CGG,CGT,CTA,CTC,CTG,CTT,GAA,GAC,GAG,GAT,GCA,GCC,GCG,GCT,GGA,GGC,GGG,GGT,GTA,GTC,GTG,GTT,TAA,TAC,TAG,TAT,TCA,TCC,TCG,TCT,TGA,TGC,TGG,TGT,TTA,TTC,TTG,TTT
Pseudomonas virus Pa193,Duplodnaviria,H6S64,bacteria,DNA,linear,0.715328467153285,1.3781512605042,1.28467153284672,0.621848739495798,0.282587064676617,1.91044776119403,0.887562189054726,0.919402985074627,0.380487804878049,1.39952718676123,0.502439024390244,0.449172576832151,0.216059602649007,2.0885761589404,1,0.695364238410596,0.661538461538462,1.28133704735376,1.33846153846154,0.71866295264624,0.510359869138495,0.588876772082879,2.14176663031625,0.758996728462377,0.702439024390244,2.73658536585366,0.95609756097561,0.721951219512195,0.215447154471545,1.39430894308943,2.80487804878049,0.66260162601626,1.09686411149826,1.12400635930048,0.903135888501742,0.875993640699523,0.518993586581154,1.68722249629995,1.0853478046374,0.7084361124815,0.646855563234278,2.19212163096061,0.494816862474084,0.66620594333103,0.507598784194529,1.57446808510638,1.06686930091185,0.851063829787234,1.27173913043478,0.991364421416235,0.326086956521739,1.00863557858377,0.302600472813239,1.57446808510638,1.41371158392435,0.860520094562648,1.40217391304348,1.50802139037433,1,0.491978609625668,0.0650406504065041,1.73268529769137,0.857723577235772,0.267314702308627
