virus,realm,host,locus_tag,AAA,AAC,AAG,AAT,ACA,ACC,ACG,ACT,AGA,AGC,AGG,AGT,ATA,ATC,ATG,ATT,CAA,CAC,CAG,CAT,CCA,CCC,CCG,CCT,CGA,CGC,CGG,CGT,CTA,CTC,CTG,CTT,GAA,GAC,GAG,GAT,GCA,GCC,GCG,GCT,GGA,GGC,GGG,GGT,GTA,GTC,GTG,GTT,TAA,TAC,TAG,TAT,TCA,TCC,TCG,TCT,TGA,TGC,TGG,TGT,TTA,TTC,TTG,TTT
Pseudomonas phage 119X,Duplodnaviria,bacteria,PP119X,0.702508960573477,0.595375722543353,1.29749103942652,1.40462427745665,0.389162561576355,0.778325123152709,0.300492610837438,2.5320197044335,1.22274881516588,0.836283185840708,1.60189573459716,1.26106194690265,0.488862837045721,0.917936694021102,1,1.59320046893318,0.656804733727811,0.58695652173913,1.34319526627219,1.41304347826087,0.865203761755486,0.476489028213166,0.658307210031348,2,0.739336492890995,0.720379146919431,0.815165876777251,0.900473933649289,1.25233644859813,0.663551401869159,1.61214953271028,1.0981308411215,1.08501118568233,0.537433155080214,0.914988814317673,1.46256684491979,0.954159592529711,0.828522920203735,0.302207130730051,1.9151103565365,1.53986332574032,0.719817767653758,0.810933940774487,0.929384965831435,1.44890038809832,0.745148771021992,0.403622250970246,1.40232858990944,1.92452830188679,0.63265306122449,0.452830188679245,1.36734693877551,0.683628318584071,0.942477876106195,0.444690265486726,1.83185840707965,0.622641509433962,1.03076923076923,1,0.969230769230769,0.626168224299065,1.21660649819495,0.747663551401869,0.783393501805054
