virus,realm,locus_tag,host,type,shape,AAA,AAC,AAG,AAT,ACA,ACC,ACG,ACT,AGA,AGC,AGG,AGT,ATA,ATC,ATG,ATT,CAA,CAC,CAG,CAT,CCA,CCC,CCG,CCT,CGA,CGC,CGG,CGT,CTA,CTC,CTG,CTT,GAA,GAC,GAG,GAT,GCA,GCC,GCG,GCT,GGA,GGC,GGG,GGT,GTA,GTC,GTG,GTT,TAA,TAC,TAG,TAT,TCA,TCC,TCG,TCT,TGA,TGC,TGG,TGT,TTA,TTC,TTG,TTT
Pseudomonas phage PT2,Duplodnaviria,PT2,bacteria,DNA,linear,0.266881028938907,1.72340425531915,1.73311897106109,0.276595744680851,0.266311584553928,2.34354194407457,0.948069241011984,0.442077230359521,0.0962566844919786,2.08734939759036,0.250267379679144,0.569277108433735,0.127433628318584,2.51150442477876,1,0.361061946902655,0.440894568690096,1.50515463917526,1.5591054313099,0.494845360824742,0.412238325281804,0.972624798711755,2.04186795491143,0.573268921095008,0.596791443850267,2.63743315508021,1.41818181818182,1.00106951871658,0.261087866108787,1.38577405857741,3.58995815899582,0.261087866108787,0.554479418886199,1.52368758002561,1.4455205811138,0.476312419974392,0.646739130434783,1.82336956521739,0.872282608695652,0.657608695652174,0.363295880149813,2.27340823970037,0.528089887640449,0.835205992509363,0.642082429501085,1.28416485900217,1.78308026030369,0.290672451193059,0.722222222222222,1.55112219451372,0.277777777777778,0.448877805486284,0.271084337349398,1.66265060240964,1.13855421686747,0.271084337349398,2,1.52238805970149,1,0.477611940298507,0.0251046025104603,1.89671361502347,0.476987447698745,0.103286384976526
