virus,realm,locus_tag,host,type,shape,AAA,AAC,AAG,AAT,ACA,ACC,ACG,ACT,AGA,AGC,AGG,AGT,ATA,ATC,ATG,ATT,CAA,CAC,CAG,CAT,CCA,CCC,CCG,CCT,CGA,CGC,CGG,CGT,CTA,CTC,CTG,CTT,GAA,GAC,GAG,GAT,GCA,GCC,GCG,GCT,GGA,GGC,GGG,GGT,GTA,GTC,GTG,GTT,TAA,TAC,TAG,TAT,TCA,TCC,TCG,TCT,TGA,TGC,TGG,TGT,TTA,TTC,TTG,TTT
Pseudomonas phage vB Pae-TbilisiM32,NA,TM32,NA,NA,NA,0.267741935483871,1.76519916142558,1.73225806451613,0.234800838574423,0.247311827956989,2.40860215053763,0.940860215053763,0.403225806451613,0.0852459016393443,2.0702875399361,0.255737704918033,0.565495207667732,0.13953488372093,2.46869409660107,1,0.391771019677996,0.429725363489499,1.52727272727273,1.5702746365105,0.472727272727273,0.399345335515548,1.04091653027823,1.95744680851064,0.602291325695581,0.655737704918033,2.60327868852459,1.39672131147541,1.00327868852459,0.235785953177258,1.43478260869565,3.58695652173913,0.270903010033445,0.531520395550062,1.52851711026616,1.46847960444994,0.47148288973384,0.608,1.87466666666667,0.877333333333333,0.64,0.337164750957854,2.23371647509579,0.559386973180077,0.869731800766284,0.601536772777168,1.29527991218441,1.80021953896817,0.302963776070252,0.941176470588235,1.56900726392252,0.294117647058824,0.430992736077482,0.249201277955272,1.67731629392971,1.15974440894569,0.277955271565495,1.76470588235294,1.48529411764706,1,0.514705882352941,0.0100334448160535,1.8952380952381,0.461538461538462,0.104761904761905
