virus,realm,host,locus_tag,AAA,AAC,AAG,AAT,ACA,ACC,ACG,ACT,AGA,AGC,AGG,AGT,ATA,ATC,ATG,ATT,CAA,CAC,CAG,CAT,CCA,CCC,CCG,CCT,CGA,CGC,CGG,CGT,CTA,CTC,CTG,CTT,GAA,GAC,GAG,GAT,GCA,GCC,GCG,GCT,GGA,GGC,GGG,GGT,GTA,GTC,GTG,GTT,TAA,TAC,TAG,TAT,TCA,TCC,TCG,TCT,TGA,TGC,TGG,TGT,TTA,TTC,TTG,TTT
Pseudoalteromonas phage H103,Duplodnaviria,bacteria,AVU31,1.22609673790776,1.07652399481193,0.773903262092238,0.923476005188067,1.61118170266836,0.554002541296061,0.736975857687421,1.09783989834816,1.22093023255814,1.69465648854962,0.848837209302326,1.1123227917121,1.21875,0.389423076923077,1,1.39182692307692,1.4810379241517,1,0.518962075848303,1,1.80132450331126,0.203090507726269,0.600441501103753,1.39514348785872,0.674418604651163,1.67441860465116,0.104651162790698,1.47674418604651,1.11411992263056,0.121856866537718,0.272727272727273,1.31721470019342,1.08004509582864,0.777251184834123,0.919954904171364,1.22274881516588,1.34191176470588,0.393382352941176,0.867647058823529,1.39705882352941,0.397074190177638,1.46708463949843,0.38871473354232,1.74712643678161,1.04971098265896,0.208092485549133,0.596531791907514,2.14566473988439,1.8,1.14990512333966,0.48,0.850094876660342,1.6030534351145,0.163576881134133,0.464558342420938,0.961832061068702,0.72,1.11458333333333,1,0.885416666666667,2.31528046421663,0.459143968871595,0.858800773694391,1.5408560311284
