virus,realm,locus_tag,host,type,shape,AAA,AAC,AAG,AAT,ACA,ACC,ACG,ACT,AGA,AGC,AGG,AGT,ATA,ATC,ATG,ATT,CAA,CAC,CAG,CAT,CCA,CCC,CCG,CCT,CGA,CGC,CGG,CGT,CTA,CTC,CTG,CTT,GAA,GAC,GAG,GAT,GCA,GCC,GCG,GCT,GGA,GGC,GGG,GGT,GTA,GTC,GTG,GTT,TAA,TAC,TAG,TAT,TCA,TCC,TCG,TCT,TGA,TGC,TGG,TGT,TTA,TTC,TTG,TTT
Pseudomonas phage JG024,Duplodnaviria,F358,bacteria,DNA,linear,0.726126126126126,1.35512965050733,1.27387387387387,0.644870349492672,0.293508936970837,1.96048918156162,0.801505174035748,0.944496707431797,0.413632842757552,1.34268833087149,0.46010844306739,0.487444608567208,0.242251223491028,2.05057096247961,1,0.707177814029364,0.65081351689612,1.29213483146067,1.34918648310388,0.707865168539326,0.567796610169492,0.584745762711864,2.09745762711864,0.75,0.762199845081332,2.56080557707204,1.03175832687839,0.7714949651433,0.256476683937824,1.32512953367876,2.68911917098446,0.72279792746114,1.12253521126761,1.115625,0.877464788732394,0.884375,0.553786782440907,1.66521948866377,1.10178485287024,0.679208876025084,0.682274247491639,2.10301003344482,0.535117056856187,0.679598662207358,0.531961792799412,1.6017634092579,1.02571638501102,0.840558412931668,1.32258064516129,0.954003407155026,0.193548387096774,1.04599659284497,0.336779911373708,1.5642540620384,1.42688330871492,0.841949778434269,1.48387096774194,1.53694581280788,1,0.463054187192118,0.0932642487046632,1.67848699763593,0.913212435233161,0.321513002364066
