virus,realm,locus_tag,host,type,shape,AAA,AAC,AAG,AAT,ACA,ACC,ACG,ACT,AGA,AGC,AGG,AGT,ATA,ATC,ATG,ATT,CAA,CAC,CAG,CAT,CCA,CCC,CCG,CCT,CGA,CGC,CGG,CGT,CTA,CTC,CTG,CTT,GAA,GAC,GAG,GAT,GCA,GCC,GCG,GCT,GGA,GGC,GGG,GGT,GTA,GTC,GTG,GTT,TAA,TAC,TAG,TAT,TCA,TCC,TCG,TCT,TGA,TGC,TGG,TGT,TTA,TTC,TTG,TTT
Pseudomonas phage Bjorn,Duplodnaviria,FDJ28,bacteria,DNA,linear,0.548051948051948,1.49393939393939,1.45194805194805,0.506060606060606,0.474327628361858,1.559902200489,0.63080684596577,1.33496332518337,0.252873563218391,1.09973045822102,0.367816091954023,0.695417789757412,0.04,2.16888888888889,1,0.791111111111111,0.91679748822606,1.28260869565217,1.08320251177394,0.717391304347826,1.01557632398754,0.64797507788162,0.629283489096573,1.70716510903427,0.597701149425287,1.34099616858238,0.796934865900383,2.64367816091954,0.433978132884777,1.45836837678722,2.18502943650126,0.681244743481918,0.840749414519906,1.11920529801324,1.15925058548009,0.880794701986755,0.87527352297593,0.942377826404085,0.49890590809628,1.68344274252371,0.260135135135135,1.22635135135135,0.540540540540541,1.97297297297297,0.818181818181818,1.13223140495868,1.16528925619835,0.884297520661157,1.82608695652174,1.41755888650964,0.260869565217391,0.582441113490364,0.355795148247978,1.2533692722372,1.17250673854447,1.42318059299191,0.91304347826087,1.0958904109589,1,0.904109589041096,0.121110176619008,1.57700205338809,1.12026913372582,0.42299794661191
