virus,realm,locus_tag,host,type,shape,AAA,AAC,AAG,AAT,ACA,ACC,ACG,ACT,AGA,AGC,AGG,AGT,ATA,ATC,ATG,ATT,CAA,CAC,CAG,CAT,CCA,CCC,CCG,CCT,CGA,CGC,CGG,CGT,CTA,CTC,CTG,CTT,GAA,GAC,GAG,GAT,GCA,GCC,GCG,GCT,GGA,GGC,GGG,GGT,GTA,GTC,GTG,GTT,TAA,TAC,TAG,TAT,TCA,TCC,TCG,TCT,TGA,TGC,TGG,TGT,TTA,TTC,TTG,TTT
Psychrobacter phage pOW20-A,Duplodnaviria,PSYG,bacteria,DNA,linear,1.06127450980392,1.04938271604938,0.938725490196078,0.950617283950617,1.40414507772021,0.704663212435233,0.937823834196891,0.953367875647668,1.30434782608696,1.86157517899761,0.684782608695652,1.22434367541766,0.716783216783217,0.972027972027972,1,1.31118881118881,1.14583333333333,0.902325581395349,0.854166666666667,1.09767441860465,1.68421052631579,0.19047619047619,0.661654135338346,1.46365914786967,0.804347826086957,1.27173913043478,0.239130434782609,1.69565217391304,1.40524781341108,0.338192419825073,0.723032069970845,0.997084548104956,0.841145833333333,0.861233480176211,1.15885416666667,1.13876651982379,1.37717601547389,0.425531914893617,0.816247582205029,1.38104448742747,0.419006479481641,1.4341252699784,0.27645788336933,1.87041036717063,0.892156862745098,0.75,1.00980392156863,1.34803921568627,1.28571428571429,0.911694510739857,0.557142857142857,1.08830548926014,1.63245823389021,0.128878281622912,0.551312649164678,0.601431980906921,1.15714285714286,1.23308270676692,1,0.766917293233083,1.47521865889213,0.495575221238938,1.06122448979592,1.50442477876106
