virus,realm,locus_tag,host,type,shape,AAA,AAC,AAG,AAT,ACA,ACC,ACG,ACT,AGA,AGC,AGG,AGT,ATA,ATC,ATG,ATT,CAA,CAC,CAG,CAT,CCA,CCC,CCG,CCT,CGA,CGC,CGG,CGT,CTA,CTC,CTG,CTT,GAA,GAC,GAG,GAT,GCA,GCC,GCG,GCT,GGA,GGC,GGG,GGT,GTA,GTC,GTG,GTT,TAA,TAC,TAG,TAT,TCA,TCC,TCG,TCT,TGA,TGC,TGG,TGT,TTA,TTC,TTG,TTT
Pteropus associated gemycircularvirus 3,Monodnaviria,D1R08,vertebrates,ss-DNA,circular,0.5,1.44444444444444,1.5,0.555555555555556,0.857142857142857,1.23809523809524,0.857142857142857,1.04761904761905,0.904109589041096,1.14705882352941,0.575342465753425,0.617647058823529,0.439024390243902,1.60975609756098,1,0.951219512195122,1.1304347826087,1.30434782608696,0.869565217391304,0.695652173913043,1.03703703703704,1.03703703703704,0.814814814814815,1.11111111111111,1.47945205479452,1.56164383561644,0.821917808219178,0.657534246575342,0.428571428571429,1.71428571428571,2,1,0.571428571428571,0.892307692307692,1.42857142857143,1.10769230769231,1.26315789473684,0.631578947368421,0.491228070175439,1.6140350877193,1.87234042553191,0.680851063829787,0.638297872340426,0.808510638297872,0.235294117647059,1.17647058823529,1.25490196078431,1.33333333333333,0,1.12820512820513,2,0.871794871794872,1.14705882352941,0.705882352941177,1.05882352941176,1.32352941176471,1,1.46666666666667,1,0.533333333333333,0.285714285714286,1.02439024390244,0.571428571428571,0.975609756097561
