virus,realm,locus_tag,host,type,shape,AAA,AAC,AAG,AAT,ACA,ACC,ACG,ACT,AGA,AGC,AGG,AGT,ATA,ATC,ATG,ATT,CAA,CAC,CAG,CAT,CCA,CCC,CCG,CCT,CGA,CGC,CGG,CGT,CTA,CTC,CTG,CTT,GAA,GAC,GAG,GAT,GCA,GCC,GCG,GCT,GGA,GGC,GGG,GGT,GTA,GTC,GTG,GTT,TAA,TAC,TAG,TAT,TCA,TCC,TCG,TCT,TGA,TGC,TGG,TGT,TTA,TTC,TTG,TTT
Pteropus associated gemycircularvirus 10,Monodnaviria,D1R15,vertebrates,DNA,circular,0.588235294117647,1.11111111111111,1.41176470588235,0.888888888888889,0.733333333333333,1,0.866666666666667,1.4,1.16883116883117,0.952380952380952,0.38961038961039,0.571428571428571,0.324324324324324,1.45945945945946,1,1.21621621621622,0.705882352941177,1,1.29411764705882,1,0.833333333333333,0.833333333333333,1.16666666666667,1.16666666666667,1.94805194805195,1.16883116883117,0.467532467532468,0.857142857142857,0.352941176470588,1.76470588235294,1.32352941176471,1.58823529411765,0.91304347826087,1.08771929824561,1.08695652173913,0.912280701754386,1.05555555555556,0.888888888888889,0.833333333333333,1.22222222222222,1.74358974358974,0.82051282051282,0.512820512820513,0.923076923076923,0.48,1.36,1.04,1.12,0,1.17948717948718,3,0.82051282051282,1.23809523809524,1.14285714285714,0.952380952380952,1.14285714285714,0,1.16666666666667,1,0.833333333333333,0.264705882352941,0.875,0.705882352941177,1.125
