virus,realm,locus_tag,host,type,shape,AAA,AAC,AAG,AAT,ACA,ACC,ACG,ACT,AGA,AGC,AGG,AGT,ATA,ATC,ATG,ATT,CAA,CAC,CAG,CAT,CCA,CCC,CCG,CCT,CGA,CGC,CGG,CGT,CTA,CTC,CTG,CTT,GAA,GAC,GAG,GAT,GCA,GCC,GCG,GCT,GGA,GGC,GGG,GGT,GTA,GTC,GTG,GTT,TAA,TAC,TAG,TAT,TCA,TCC,TCG,TCT,TGA,TGC,TGG,TGT,TTA,TTC,TTG,TTT
Pulau reovirus,Riboviria,D1R94,human:vertebrates,RNA,linear,0.923076923076923,0.726666666666667,1.07692307692308,1.27333333333333,0.613636363636364,0.96969696969697,0.590909090909091,1.82575757575758,0.733812949640288,0.280788177339901,0.446043165467626,0.731527093596059,0.454285714285714,1.09714285714286,1,1.44857142857143,0.848484848484849,0.712328767123288,1.15151515151515,1.28767123287671,1.15856236786469,0.837209302325581,0.465116279069767,1.53911205073996,0.762589928057554,1.30935251798561,0.37410071942446,2.37410071942446,0.670902160101652,0.975857687420585,1.21219822109276,1.0292249047014,0.948207171314741,0.80089485458613,1.05179282868526,1.19910514541387,0.552412645590682,0.911813643926789,0.512479201331115,2.02329450915141,0.623229461756374,0.917847025495751,0.419263456090652,2.03966005665722,0.329489291598023,1.20593080724876,0.948929159802306,1.51565074135091,0.75,0.961538461538462,1.25,1.03846153846154,1.43349753694581,1.30788177339901,0.613300492610837,1.63300492610837,1,0.849557522123894,1,1.15044247787611,0.777636594663278,1.08196721311475,1.33418043202033,0.918032786885246
