virus,realm,host,locus_tag,AAA,AAC,AAG,AAT,ACA,ACC,ACG,ACT,AGA,AGC,AGG,AGT,ATA,ATC,ATG,ATT,CAA,CAC,CAG,CAT,CCA,CCC,CCG,CCT,CGA,CGC,CGG,CGT,CTA,CTC,CTG,CTT,GAA,GAC,GAG,GAT,GCA,GCC,GCG,GCT,GGA,GGC,GGG,GGT,GTA,GTC,GTG,GTT,TAA,TAC,TAG,TAT,TCA,TCC,TCG,TCT,TGA,TGC,TGG,TGT,TTA,TTC,TTG,TTT
Quaranfil quaranjavirus,Riboviria,invertebrates,D1S75,0.885106382978723,1.01298701298701,1.11489361702128,0.987012987012987,0.792270531400966,1.27536231884058,0.309178743961353,1.6231884057971,1.5906976744186,0.95,2.26046511627907,1.25,1.12727272727273,1.03636363636364,1,0.836363636363636,1.02803738317757,1.11363636363636,0.97196261682243,0.886363636363636,1.17333333333333,1.52,0.4,0.906666666666667,0.669767441860465,0.390697674418605,0.837209302325581,0.251162790697674,0.770642201834862,1.1743119266055,1.6697247706422,0.844036697247706,0.888888888888889,1.32960893854749,1.11111111111111,0.670391061452514,1.23766816143498,1.27354260089686,0.430493273542601,1.05829596412556,1.04132231404959,0.776859504132231,1.60330578512397,0.578512396694215,0.711111111111111,0.977777777777778,1.74222222222222,0.568888888888889,0.5,1.28571428571429,0.5,0.714285714285714,1.125,1.2,0.45,1.025,2,1.41818181818182,1,0.581818181818182,0.348623853211009,1.22535211267606,1.19266055045872,0.774647887323944
