virus,realm,locus_tag,host,type,shape,AAA,AAC,AAG,AAT,ACA,ACC,ACG,ACT,AGA,AGC,AGG,AGT,ATA,ATC,ATG,ATT,CAA,CAC,CAG,CAT,CCA,CCC,CCG,CCT,CGA,CGC,CGG,CGT,CTA,CTC,CTG,CTT,GAA,GAC,GAG,GAT,GCA,GCC,GCG,GCT,GGA,GGC,GGG,GGT,GTA,GTC,GTG,GTT,TAA,TAC,TAG,TAT,TCA,TCC,TCG,TCT,TGA,TGC,TGG,TGT,TTA,TTC,TTG,TTT
Rabbit coronavirus HKU14,Riboviria,RbCoV,vertebrates,RNA,linear,0.992874109263658,0.333333333333333,1.00712589073634,1.66666666666667,1.16144018583043,0.497096399535424,0.348432055749129,1.99303135888502,1.88679245283019,0.74784276126558,0.792452830188679,1.90987535953979,1.02127659574468,0.251329787234043,1,1.72739361702128,1.05058365758755,0.371900826446281,0.949416342412451,1.62809917355372,1.1869918699187,0.577235772357724,0.260162601626016,1.97560975609756,0.50314465408805,0.792452830188679,0.364779874213836,1.66037735849057,0.38366718027735,0.300462249614792,0.425269645608629,1.72881355932203,1.05927342256214,0.366782006920415,0.940726577437858,1.63321799307958,1.06490649064906,0.501650165016502,0.250825082508251,2.18261826182618,0.676709154113557,0.607184241019699,0.278099652375435,2.43800695249131,0.581148121899362,0.32884479092842,0.796598157335223,2.29340892983699,2,0.399467376830892,0.5,1.60053262316911,0.897411313518696,0.37967401725791,0.189837008628955,1.87535953978907,0.5,0.517509727626459,1,1.48249027237354,0.878274268104777,0.263222632226322,2.28351309707242,1.73677736777368
