virus,realm,locus_tag,host,type,shape,AAA,AAC,AAG,AAT,ACA,ACC,ACG,ACT,AGA,AGC,AGG,AGT,ATA,ATC,ATG,ATT,CAA,CAC,CAG,CAT,CCA,CCC,CCG,CCT,CGA,CGC,CGG,CGT,CTA,CTC,CTG,CTT,GAA,GAC,GAG,GAT,GCA,GCC,GCG,GCT,GGA,GGC,GGG,GGT,GTA,GTC,GTG,GTT,TAA,TAC,TAG,TAT,TCA,TCC,TCG,TCT,TGA,TGC,TGG,TGT,TTA,TTC,TTG,TTT
Ralstonia phage Firinga,Duplodnaviria,KMC49,bacteria,DNA,linear,0.617067833698031,1.24225865209472,1.38293216630197,0.757741347905282,0.483832335329341,1.27904191616766,1.70538922155689,0.531736526946108,0.227737226277372,1.6044776119403,0.341605839416058,0.5,0.135451505016722,2.2123745819398,1,0.652173913043478,0.56231884057971,1.09497206703911,1.43768115942029,0.905027932960894,0.761220825852783,0.732495511669659,1.94614003590664,0.560143626570916,0.446715328467153,3.38978102189781,0.744525547445255,0.84963503649635,0.404867256637168,1.67920353982301,2.64823008849558,0.47787610619469,0.825291181364393,1.06912442396313,1.17470881863561,0.930875576036866,0.714563106796116,1.34368932038835,1.33851132686084,0.603236245954693,0.456349206349206,2.36111111111111,0.488095238095238,0.694444444444444,0.380952380952381,1.38996138996139,1.52380952380952,0.705276705276705,0.352941176470588,1.3166144200627,0.294117647058824,0.683385579937304,0.522388059701492,0.970149253731343,1.70149253731343,0.701492537313433,2.35294117647059,1.61467889908257,1,0.385321100917431,0.0597345132743363,1.60115606936416,0.730088495575221,0.398843930635838
