virus,realm,locus_tag,host,type,shape,AAA,AAC,AAG,AAT,ACA,ACC,ACG,ACT,AGA,AGC,AGG,AGT,ATA,ATC,ATG,ATT,CAA,CAC,CAG,CAT,CCA,CCC,CCG,CCT,CGA,CGC,CGG,CGT,CTA,CTC,CTG,CTT,GAA,GAC,GAG,GAT,GCA,GCC,GCG,GCT,GGA,GGC,GGG,GGT,GTA,GTC,GTG,GTT,TAA,TAC,TAG,TAT,TCA,TCC,TCG,TCT,TGA,TGC,TGG,TGT,TTA,TTC,TTG,TTT
Ralstonia phage RSB1,Duplodnaviria,RSB1,bacteria,DNA,linear,0.140298507462687,1.66861598440546,1.85970149253731,0.331384015594542,0.424320827943079,1.35058214747736,1.81630012936611,0.408796895213454,0.0456852791878173,1.90026954177898,0.190355329949239,0.388140161725067,0.0433212996389892,2.43140794223827,1,0.525270758122744,0.560897435897436,1.50393700787402,1.43910256410256,0.496062992125984,0.252319109461967,0.99443413729128,2.29313543599258,0.460111317254174,0.647208121827411,3.21319796954315,1.03553299492386,0.868020304568528,0.396551724137931,1.40804597701149,3.05172413793103,0.597701149425287,0.401122019635344,1.4652278177458,1.59887798036466,0.534772182254197,0.833333333333333,1.3030303030303,1.24747474747475,0.616161616161616,0.342857142857143,2.3852534562212,0.619354838709677,0.652534562211982,0.393063583815029,1.10982658959538,1.99306358381503,0.504046242774566,1.21276595744681,1.55269922879177,0.191489361702128,0.447300771208226,0.331536388140162,0.962264150943396,2.13477088948787,0.283018867924528,1.59574468085106,1.62162162162162,1,0.378378378378378,0.028735632183908,1.77570093457944,0.517241379310345,0.224299065420561
