virus,realm,locus_tag,host,type,shape,AAA,AAC,AAG,AAT,ACA,ACC,ACG,ACT,AGA,AGC,AGG,AGT,ATA,ATC,ATG,ATT,CAA,CAC,CAG,CAT,CCA,CCC,CCG,CCT,CGA,CGC,CGG,CGT,CTA,CTC,CTG,CTT,GAA,GAC,GAG,GAT,GCA,GCC,GCG,GCT,GGA,GGC,GGG,GGT,GTA,GTC,GTG,GTT,TAA,TAC,TAG,TAT,TCA,TCC,TCG,TCT,TGA,TGC,TGG,TGT,TTA,TTC,TTG,TTT
Ralstonia phage Gervaise,Duplodnaviria,KMC51,bacteria,DNA,linear,0.199546485260771,1.6374269005848,1.80045351473923,0.362573099415205,0.269410664172124,1.56782039289055,1.91206735266604,0.250701590271282,0.105182926829268,2.4,0.219512195121951,0.182352941176471,0.082004555808656,2.59339407744875,1,0.324601366742597,0.382314694408322,1.58543417366947,1.61768530559168,0.414565826330532,0.265795206971678,0.727668845315904,2.6318082788671,0.374727668845316,0.370426829268293,4.08384146341463,0.754573170731707,0.466463414634146,0.132824427480916,1.48854961832061,3.51297709923664,0.40763358778626,0.402662229617304,1.45030250648228,1.5973377703827,0.549697493517718,0.429477020602219,1.64659270998415,1.55467511885895,0.369255150554675,0.2825,2.975,0.42,0.3225,0.13265306122449,1.7108843537415,1.82312925170068,0.333333333333333,0.625,1.58995815899582,0.333333333333333,0.410041841004184,0.129411764705882,1.09411764705882,1.79411764705882,0.4,2.04166666666667,1.73333333333333,1,0.266666666666667,0.00916030534351145,1.81151832460733,0.448854961832061,0.18848167539267
