virus,realm,locus_tag,host,type,shape,AAA,AAC,AAG,AAT,ACA,ACC,ACG,ACT,AGA,AGC,AGG,AGT,ATA,ATC,ATG,ATT,CAA,CAC,CAG,CAT,CCA,CCC,CCG,CCT,CGA,CGC,CGG,CGT,CTA,CTC,CTG,CTT,GAA,GAC,GAG,GAT,GCA,GCC,GCG,GCT,GGA,GGC,GGG,GGT,GTA,GTC,GTG,GTT,TAA,TAC,TAG,TAT,TCA,TCC,TCG,TCT,TGA,TGC,TGG,TGT,TTA,TTC,TTG,TTT
Ralstonia phage RPSC1,Duplodnaviria,HOT36,bacteria,DNA,circular,0.220183486238532,1.61835748792271,1.77981651376147,0.381642512077295,0.184615384615385,2.38881118881119,1.11328671328671,0.313286713286713,0.0436681222707424,1.16486902927581,0.279475982532751,0.36055469953775,0.0555555555555556,2.51111111111111,1,0.433333333333333,0.380530973451327,1.55823293172691,1.61946902654867,0.441767068273092,0.844036697247706,1.05688073394495,1.11559633027523,0.98348623853211,0.497816593886463,3.50218340611354,0.847161572052402,0.829694323144105,0.107594936708861,2.04430379746835,3.18354430379747,0.227848101265823,0.481927710843373,1.52281616688396,1.51807228915663,0.477183833116037,0.64840858623242,1.99259807549963,0.814211695040711,0.544781643227239,0.222910216718266,2.19195046439628,0.743034055727554,0.842105263157895,0.416969696969697,1.8230303030303,1.56121212121212,0.198787878787879,1.88372093023256,1.63739376770538,0.348837209302326,0.362606232294618,0.184899845916795,2.4406779661017,1.54391371340524,0.305084745762712,0.767441860465116,1.62264150943396,1,0.377358490566038,0.10126582278481,1.81418092909535,0.335443037974684,0.185819070904645
