virus,realm,locus_tag,host,type,shape,AAA,AAC,AAG,AAT,ACA,ACC,ACG,ACT,AGA,AGC,AGG,AGT,ATA,ATC,ATG,ATT,CAA,CAC,CAG,CAT,CCA,CCC,CCG,CCT,CGA,CGC,CGG,CGT,CTA,CTC,CTG,CTT,GAA,GAC,GAG,GAT,GCA,GCC,GCG,GCT,GGA,GGC,GGG,GGT,GTA,GTC,GTG,GTT,TAA,TAC,TAG,TAT,TCA,TCC,TCG,TCT,TGA,TGC,TGG,TGT,TTA,TTC,TTG,TTT
Ralstonia phage RS-PII-1,Duplodnaviria,HOR55,bacteria,DNA,circular,0.105431309904153,1.816,1.89456869009585,0.184,0.254641909814324,1.59151193633952,1.69761273209549,0.456233421750663,0.0986093552465234,1.75504322766571,0.257901390644753,0.276657060518732,0.0277777777777778,2.51111111111111,1,0.461111111111111,0.561278863232682,1.63218390804598,1.43872113676732,0.367816091954023,0.31523642732049,0.798598949211909,2.38879159369527,0.497373029772329,0.553729456384324,3.19342604298357,1.09987357774968,0.79646017699115,0.284651162790698,1.65767441860465,3.24279069767442,0.429767441860465,0.481578947368421,1.76010101010101,1.51842105263158,0.23989898989899,0.589263420724095,1.64044943820225,1.22097378277154,0.549313358302122,0.265625,2.36328125,0.72265625,0.6484375,0.285714285714286,1.17096018735363,2.20140515222482,0.34192037470726,1.17391304347826,1.79473684210526,0.195652173913043,0.205263157894737,0.319884726224784,1.60806916426513,1.79827089337176,0.24207492795389,1.6304347826087,1.70093457943925,1,0.299065420560748,0.0167441860465116,1.88652482269504,0.368372093023256,0.113475177304965
