virus,realm,host,locus_tag,AAA,AAC,AAG,AAT,ACA,ACC,ACG,ACT,AGA,AGC,AGG,AGT,ATA,ATC,ATG,ATT,CAA,CAC,CAG,CAT,CCA,CCC,CCG,CCT,CGA,CGC,CGG,CGT,CTA,CTC,CTG,CTT,GAA,GAC,GAG,GAT,GCA,GCC,GCG,GCT,GGA,GGC,GGG,GGT,GTA,GTC,GTG,GTT,TAA,TAC,TAG,TAT,TCA,TCC,TCG,TCT,TGA,TGC,TGG,TGT,TTA,TTC,TTG,TTT
Ralstonia phage RSS0,Monodnaviria,bacteria,F483,0.326923076923077,1.29166666666667,1.67307692307692,0.708333333333333,0.41958041958042,1.00699300699301,2.26573426573427,0.307692307692308,0.0888888888888889,1.91596638655462,0.311111111111111,0.554621848739496,0.127659574468085,2.23404255319149,1,0.638297872340426,0.302325581395349,1.17647058823529,1.69767441860465,0.823529411764706,0.34375,0.53125,2.53125,0.59375,0.222222222222222,2.35555555555556,1.64444444444444,1.37777777777778,0.23728813559322,1.1864406779661,3.28813559322034,0.305084745762712,0.612612612612613,1.15315315315315,1.38738738738739,0.846846846846847,0.442906574394464,1.07958477508651,1.7439446366782,0.73356401384083,0.17877094972067,2.32402234636872,0.737430167597765,0.759776536312849,0.225,1.175,1.675,0.925,0.5,1.29411764705882,0.25,0.705882352941177,0.302521008403361,0.957983193277311,1.61344537815126,0.65546218487395,2.25,1.52941176470588,1,0.470588235294118,0.0677966101694915,1.40740740740741,0.915254237288136,0.592592592592593
