virus,realm,host,locus_tag,AAA,AAC,AAG,AAT,ACA,ACC,ACG,ACT,AGA,AGC,AGG,AGT,ATA,ATC,ATG,ATT,CAA,CAC,CAG,CAT,CCA,CCC,CCG,CCT,CGA,CGC,CGG,CGT,CTA,CTC,CTG,CTT,GAA,GAC,GAG,GAT,GCA,GCC,GCG,GCT,GGA,GGC,GGG,GGT,GTA,GTC,GTG,GTT,TAA,TAC,TAG,TAT,TCA,TCC,TCG,TCT,TGA,TGC,TGG,TGT,TTA,TTC,TTG,TTT
Ralstonia phage RSL2,Duplodnaviria,bacteria,AVU38,0.554063949231145,1.37452415812592,1.44593605076886,0.625475841874085,0.31219028741328,1.09811694747275,1.89296333002973,0.696729435084242,0.217533432392273,1.14037267080745,0.178306092124814,0.54111801242236,0.0481774152434361,2.2413968901351,1,0.710425694621463,0.70891364902507,1.04113475177305,1.29108635097493,0.95886524822695,0.221077926536217,0.675592173017508,2.24648129076553,0.856848609680742,0.508172362555721,1.88469539375929,0.631203566121842,2.58008915304606,0.0841726618705036,1.5431654676259,2.7841726618705,0.614028776978417,1.37029985721085,1.04888888888889,0.629700142789148,0.951111111111111,1.10044686224985,0.798911987565572,0.911598989702739,1.18904216048183,0.379535722334911,1.72458868604913,0.267748478701826,1.62812711291413,0.386773090079818,1.45313568985177,1.28802736602052,0.872063854047891,2.18303571428571,1.24695459579181,0.160714285714286,0.753045404208195,0.292173913043478,0.965962732919255,2.49689440993789,0.563478260869565,0.65625,1.23792486583184,1,0.762075134168157,0.0701438848920863,1.63864406779661,0.90431654676259,0.36135593220339
