virus,realm,locus_tag,host,type,shape,AAA,AAC,AAG,AAT,ACA,ACC,ACG,ACT,AGA,AGC,AGG,AGT,ATA,ATC,ATG,ATT,CAA,CAC,CAG,CAT,CCA,CCC,CCG,CCT,CGA,CGC,CGG,CGT,CTA,CTC,CTG,CTT,GAA,GAC,GAG,GAT,GCA,GCC,GCG,GCT,GGA,GGC,GGG,GGT,GTA,GTC,GTG,GTT,TAA,TAC,TAG,TAT,TCA,TCC,TCG,TCT,TGA,TGC,TGG,TGT,TTA,TTC,TTG,TTT
Raoultella phage Ro1,Duplodnaviria,HWB37,bacteria,DNA,linear,1.09829197550757,0.98718557190318,0.901708024492427,1.01281442809682,1.18724448078495,1.13491414554374,0.585445625511038,1.09239574816026,1.00185013876041,0.936630602782071,0.654949121184089,0.941267387944359,0.414931237721022,1.33084479371316,1,1.25422396856582,0.902102973168963,0.90059880239521,1.09789702683104,1.09940119760479,1.13840155945419,0.402858999350227,1.00584795321637,1.45289148797921,0.593894542090657,1.0795559666975,0.369102682701203,2.30064754856614,0.444444444444444,0.659722222222222,1.67881944444444,1.51909722222222,1.19199719199719,0.733905579399142,0.808002808002808,1.26609442060086,1.32892998678996,0.712021136063408,0.639365918097754,1.31968295904888,0.749576414774653,0.731955269400203,0.749576414774653,1.76889190105049,0.902470741222367,0.689206762028609,0.802340702210663,1.60598179453836,1.6530612244898,0.864583333333333,0.257142857142857,1.13541666666667,1.0015455950541,0.843894899536321,0.368624420401855,1.9080370942813,1.08979591836735,0.898916967509025,1,1.10108303249097,0.723958333333333,1.07890318970341,0.973958333333333,0.921096810296586
