virus,realm,host,locus_tag,AAA,AAC,AAG,AAT,ACA,ACC,ACG,ACT,AGA,AGC,AGG,AGT,ATA,ATC,ATG,ATT,CAA,CAC,CAG,CAT,CCA,CCC,CCG,CCT,CGA,CGC,CGG,CGT,CTA,CTC,CTG,CTT,GAA,GAC,GAG,GAT,GCA,GCC,GCG,GCT,GGA,GGC,GGG,GGT,GTA,GTC,GTG,GTT,TAA,TAC,TAG,TAT,TCA,TCC,TCG,TCT,TGA,TGC,TGG,TGT,TTA,TTC,TTG,TTT
Raoultella phage RP180,Duplodnaviria,bacteria,HOV38,1.15075376884422,1.3095623987034,0.849246231155779,0.690437601296596,0.984687868080094,1.20612485276796,0.942285041224971,0.866902237926973,0.60313315926893,1.24112607099143,0.430809399477807,0.727050183598531,0.479338842975207,1.18595041322314,1,1.33471074380165,0.564516129032258,1.18072289156627,1.43548387096774,0.819277108433735,0.860294117647059,0.470588235294118,1.625,1.04411764705882,0.642297650130548,2.03655352480418,0.626631853785901,1.66057441253264,0.468125594671741,0.542340627973359,1.98097050428164,1.17031398667935,1.12731229597388,1.17831325301205,0.872687704026115,0.821686746987952,0.88212927756654,0.970342205323194,1.21977186311787,0.927756653992395,0.482490272373541,1.42801556420233,0.785992217898833,1.30350194552529,1.1047619047619,0.584126984126984,1.0962962962963,1.21481481481481,1.453125,1.09409190371991,0.328125,0.905908096280088,0.940024479804162,0.940024479804162,0.940024479804162,1.21175030599755,1.21875,1.1625,1,0.8375,1.05613701236917,1.21673003802281,0.782112274024738,0.783269961977186
