virus,realm,locus_tag,host,type,shape,AAA,AAC,AAG,AAT,ACA,ACC,ACG,ACT,AGA,AGC,AGG,AGT,ATA,ATC,ATG,ATT,CAA,CAC,CAG,CAT,CCA,CCC,CCG,CCT,CGA,CGC,CGG,CGT,CTA,CTC,CTG,CTT,GAA,GAC,GAG,GAT,GCA,GCC,GCG,GCT,GGA,GGC,GGG,GGT,GTA,GTC,GTG,GTT,TAA,TAC,TAG,TAT,TCA,TCC,TCG,TCT,TGA,TGC,TGG,TGT,TTA,TTC,TTG,TTT
Rat bocavirus,Monodnaviria,AXK36,vertebrates,DNA,linear,1.45569620253165,1.15384615384615,0.544303797468354,0.846153846153846,2.10084033613445,0.672268907563025,0.134453781512605,1.09243697478992,3.45323741007194,2.0126582278481,0.863309352517986,0.417721518987342,0.977272727272727,1.20454545454545,1,0.818181818181818,1.37142857142857,1.13888888888889,0.628571428571429,0.861111111111111,2.38636363636364,0.113636363636364,0.340909090909091,1.15909090909091,0.863309352517986,0.388489208633094,0.172661870503597,0.258992805755396,1.50785340314136,1.41361256544503,1.63350785340314,0.596858638743455,1.52095808383234,0.955414012738854,0.479041916167665,1.04458598726115,1.73913043478261,0.571428571428571,0.0496894409937888,1.63975155279503,1.56937799043062,1.12918660287081,0.516746411483254,0.784688995215311,1.58620689655172,1.44827586206897,0.586206896551724,0.379310344827586,0.6,1.08527131782946,0.6,0.914728682170543,1.21518987341772,0.493670886075949,0.379746835443038,1.48101265822785,1.8,1.15151515151515,1,0.848484848484849,0.50261780104712,1.33333333333333,0.345549738219895,0.666666666666667
