virus,realm,locus_tag,host,type,shape,AAA,AAC,AAG,AAT,ACA,ACC,ACG,ACT,AGA,AGC,AGG,AGT,ATA,ATC,ATG,ATT,CAA,CAC,CAG,CAT,CCA,CCC,CCG,CCT,CGA,CGC,CGG,CGT,CTA,CTC,CTG,CTT,GAA,GAC,GAG,GAT,GCA,GCC,GCG,GCT,GGA,GGC,GGG,GGT,GTA,GTC,GTG,GTT,TAA,TAC,TAG,TAT,TCA,TCC,TCG,TCT,TGA,TGC,TGG,TGT,TTA,TTC,TTG,TTT
Rattus norvegicus polyomavirus 2,Monodnaviria,BTA32,vertebrates,DNA,circular,1.15789473684211,0.821052631578947,0.842105263157895,1.17894736842105,0.821428571428571,1.5,0.107142857142857,1.57142857142857,2.9,1.05,2.15,1.35,1.18085106382979,0.606382978723404,1,1.21276595744681,0.804123711340206,0.8,1.19587628865979,1.2,1.41592920353982,0.849557522123894,0.247787610619469,1.48672566371681,0.25,0.25,0.4,0.05,0.75,0.847826086956522,1.10869565217391,1.17391304347826,0.948905109489051,0.883720930232558,1.05109489051095,1.11627906976744,1.16535433070866,0.692913385826772,0.031496062992126,2.11023622047244,1.33333333333333,0.51063829787234,1.04964539007092,1.1063829787234,0.732824427480916,0.580152671755725,1.22137404580153,1.46564885496183,1,0.8,0.5,1.2,0.95,0.7,0.05,1.9,1.5,0.88,1,1.12,1.07608695652174,0.571428571428571,1.04347826086957,1.42857142857143
