virus,realm,host,locus_tag,AAA,AAC,AAG,AAT,ACA,ACC,ACG,ACT,AGA,AGC,AGG,AGT,ATA,ATC,ATG,ATT,CAA,CAC,CAG,CAT,CCA,CCC,CCG,CCT,CGA,CGC,CGG,CGT,CTA,CTC,CTG,CTT,GAA,GAC,GAG,GAT,GCA,GCC,GCG,GCT,GGA,GGC,GGG,GGT,GTA,GTC,GTG,GTT,TAA,TAC,TAG,TAT,TCA,TCC,TCG,TCT,TGA,TGC,TGG,TGT,TTA,TTC,TTG,TTT
Red-crowned crane parvovirus,Monodnaviria,vertebrates,EXJ56,1.04081632653061,1.375,0.959183673469388,0.625,0.625850340136054,1.22448979591837,1.22448979591837,0.925170068027211,1.45054945054945,1.94805194805195,1.25274725274725,1.01298701298701,1.39805825242718,0.844660194174757,1,0.757281553398058,0.813186813186813,1.3953488372093,1.18681318681319,0.604651162790698,0.849557522123894,0.63716814159292,1.91150442477876,0.601769911504425,0.395604395604396,0.593406593406593,1.12087912087912,1.18681318681319,0.512820512820513,0.923076923076923,2.71794871794872,0.41025641025641,0.850574712643678,1.30508474576271,1.14942528735632,0.694915254237288,0.533333333333333,1.04,1.52,0.906666666666667,1.19254658385093,0.894409937888199,1.29192546583851,0.62111801242236,0.8,1.11304347826087,1.6,0.48695652173913,0,1.38095238095238,2.25,0.619047619047619,0.467532467532468,0.896103896103896,1.12987012987013,0.545454545454545,0.75,1.11538461538462,1,0.884615384615385,0.82051282051282,1.51612903225806,0.615384615384615,0.483870967741935
