virus,realm,locus_tag,host,type,shape,AAA,AAC,AAG,AAT,ACA,ACC,ACG,ACT,AGA,AGC,AGG,AGT,ATA,ATC,ATG,ATT,CAA,CAC,CAG,CAT,CCA,CCC,CCG,CCT,CGA,CGC,CGG,CGT,CTA,CTC,CTG,CTT,GAA,GAC,GAG,GAT,GCA,GCC,GCG,GCT,GGA,GGC,GGG,GGT,GTA,GTC,GTG,GTT,TAA,TAC,TAG,TAT,TCA,TCC,TCG,TCT,TGA,TGC,TGG,TGT,TTA,TTC,TTG,TTT
red squirrel adenovirus 1,Varidnaviria,CGV01,vertebrates,DNA,linear,1.27407407407407,0.908485856905158,0.725925925925926,1.09151414309484,1.02710413694722,1.10128388017118,0.593437945791726,1.27817403708987,2.35777126099707,1.13333333333333,1.09970674486804,1.19259259259259,1.10891089108911,0.811881188118812,1,1.07920792079208,1.19714964370546,0.764285714285714,0.802850356294537,1.23571428571429,1.12854757929883,0.954924874791319,0.540901502504174,1.37562604340568,0.536656891495601,1.04692082111437,0.228739002932551,0.730205278592375,0.822,0.876,1.008,1.032,1.25649350649351,0.822719449225473,0.743506493506494,1.17728055077453,0.887640449438202,0.921348314606742,0.730337078651685,1.46067415730337,1.63522012578616,0.811320754716981,0.566037735849057,0.987421383647799,0.876190476190476,0.793650793650794,1.35238095238095,0.977777777777778,1.75862068965517,1.05660377358491,0.517241379310345,0.943396226415094,1.04444444444444,0.740740740740741,0.466666666666667,1.42222222222222,0.724137931034483,0.681818181818182,1,1.31818181818182,1.098,0.853448275862069,1.164,1.14655172413793
