virus,realm,locus_tag,host,type,shape,AAA,AAC,AAG,AAT,ACA,ACC,ACG,ACT,AGA,AGC,AGG,AGT,ATA,ATC,ATG,ATT,CAA,CAC,CAG,CAT,CCA,CCC,CCG,CCT,CGA,CGC,CGG,CGT,CTA,CTC,CTG,CTT,GAA,GAC,GAG,GAT,GCA,GCC,GCG,GCT,GGA,GGC,GGG,GGT,GTA,GTC,GTG,GTT,TAA,TAC,TAG,TAT,TCA,TCC,TCG,TCT,TGA,TGC,TGG,TGT,TTA,TTC,TTG,TTT
Redbud yellow ringspot-associated emaravirus,Riboviria,D1S90,land plants,RNA,linear,1.14545454545455,0.663900414937759,0.854545454545454,1.33609958506224,1.98130841121495,0.373831775700935,0.261682242990654,1.38317757009346,2.87394957983193,0.720779220779221,2.11764705882353,1.18831168831169,1.37837837837838,0.504504504504504,1,1.11711711711712,1.30708661417323,0.463157894736842,0.692913385826772,1.53684210526316,2.58823529411765,0.302521008403361,0.0672268907563025,1.04201680672269,0.302521008403361,0.201680672268908,0.201680672268908,0.302521008403361,1.14545454545455,0.490909090909091,0.545454545454545,0.763636363636364,1.37755102040816,0.424,0.622448979591837,1.576,1.72781065088757,0.355029585798817,0.0946745562130177,1.82248520710059,0.96969696969697,0.678787878787879,0.557575757575758,1.79393939393939,0.654867256637168,0.63716814159292,1.20353982300885,1.50442477876106,1.2,0.581196581196581,0.6,1.41880341880342,2.12337662337662,0.292207792207792,0.233766233766234,1.44155844155844,1.2,0.732394366197183,1,1.26760563380282,1.76363636363636,0.717391304347826,1.29090909090909,1.28260869565217
