virus,realm,locus_tag,host,type,shape,AAA,AAC,AAG,AAT,ACA,ACC,ACG,ACT,AGA,AGC,AGG,AGT,ATA,ATC,ATG,ATT,CAA,CAC,CAG,CAT,CCA,CCC,CCG,CCT,CGA,CGC,CGG,CGT,CTA,CTC,CTG,CTT,GAA,GAC,GAG,GAT,GCA,GCC,GCG,GCT,GGA,GGC,GGG,GGT,GTA,GTC,GTG,GTT,TAA,TAC,TAG,TAT,TCA,TCC,TCG,TCT,TGA,TGC,TGG,TGT,TTA,TTC,TTG,TTT
Rhinolophus ferrumequinum papillomavirus 1,Monodnaviria,D1R47,vertebrates,DNA,circular,0.990291262135922,0.581395348837209,1.00970873786408,1.41860465116279,1.36986301369863,0.849315068493151,0.328767123287671,1.45205479452055,1.73076923076923,1.17159763313609,1.76923076923077,1.56213017751479,0.896907216494845,0.43298969072165,1,1.67010309278351,0.970873786407767,0.705882352941177,1.02912621359223,1.29411764705882,0.816901408450704,1.01408450704225,0.563380281690141,1.6056338028169,0.769230769230769,0.576923076923077,0.653846153846154,0.5,0.476190476190476,0.761904761904762,1.20634920634921,1.3015873015873,0.797297297297297,0.805555555555556,1.2027027027027,1.19444444444444,1.5886524822695,0.737588652482269,0.312056737588652,1.36170212765957,1.2,0.746666666666667,1.12,0.933333333333333,0.687116564417178,0.417177914110429,1.96319018404908,0.932515337423313,1.5,0.823529411764706,0.5,1.17647058823529,0.816568047337278,0.923076923076923,0.390532544378698,1.13609467455621,1,0.869565217391304,1,1.1304347826087,1.07936507936508,0.523364485981308,1.17460317460317,1.47663551401869
