virus,realm,locus_tag,host,type,shape,AAA,AAC,AAG,AAT,ACA,ACC,ACG,ACT,AGA,AGC,AGG,AGT,ATA,ATC,ATG,ATT,CAA,CAC,CAG,CAT,CCA,CCC,CCG,CCT,CGA,CGC,CGG,CGT,CTA,CTC,CTG,CTT,GAA,GAC,GAG,GAT,GCA,GCC,GCG,GCT,GGA,GGC,GGG,GGT,GTA,GTC,GTG,GTT,TAA,TAC,TAG,TAT,TCA,TCC,TCG,TCT,TGA,TGC,TGG,TGT,TTA,TTC,TTG,TTT
Rhinolophus gammaherpesvirus 1,Duplodnaviria,EXI92,vertebrates,DNA,linear,1.04591590140164,1.04506560182544,0.954084098598357,0.954934398174558,1.33279417711282,1.26809543065103,0.124545086938941,1.27456530529721,2.54826254826255,0.784140969162996,2.55212355212355,0.992070484581498,0.86056338028169,1.28591549295775,1,0.853521126760563,0.762025316455696,1.16279069767442,1.2379746835443,0.837209302325581,1.34768954688201,1.15208613728129,0.2673844773441,1.2328398384926,0.123552123552124,0.27027027027027,0.308880308880309,0.196911196911197,0.850758180367119,1.32801276935355,1.71907422186752,0.558659217877095,0.860098522167488,0.951585976627713,1.13990147783251,1.04841402337229,1.05543237250554,1.28381374722838,0.268292682926829,1.39246119733925,1.18047673098751,0.649262202043133,1.12372304199773,1.04653802497162,0.636182902584493,1.03697813121272,1.53001988071571,0.796819085487078,1.39285714285714,1.06622516556291,0.785714285714286,0.933774834437086,1.16299559471366,1.00616740088106,0.103964757709251,1.95066079295154,0.821428571428571,0.763476347634763,1,1.23652365236524,0.63048683160415,0.664512654819602,0.913008778930567,1.3354873451804
