virus,realm,locus_tag,host,type,shape,AAA,AAC,AAG,AAT,ACA,ACC,ACG,ACT,AGA,AGC,AGG,AGT,ATA,ATC,ATG,ATT,CAA,CAC,CAG,CAT,CCA,CCC,CCG,CCT,CGA,CGC,CGG,CGT,CTA,CTC,CTG,CTT,GAA,GAC,GAG,GAT,GCA,GCC,GCG,GCT,GGA,GGC,GGG,GGT,GTA,GTC,GTG,GTT,TAA,TAC,TAG,TAT,TCA,TCC,TCG,TCT,TGA,TGC,TGG,TGT,TTA,TTC,TTG,TTT
rhinovirus A1,Riboviria,D1P36,human:vertebrates,RNA,linear,1.53731343283582,0.46551724137931,0.462686567164179,1.53448275862069,1.85034013605442,0.517006802721088,0.108843537414966,1.52380952380952,3.81176470588235,0.402439024390244,1.12941176470588,1.79268292682927,1.41379310344828,0.448275862068966,1,1.13793103448276,1.5,0.761904761904762,0.5,1.23809523809524,2.16949152542373,0.474576271186441,0.135593220338983,1.22033898305085,0.282352941176471,0.282352941176471,0,0.494117647058824,1.06748466257669,0.184049079754601,0.404907975460123,1.54601226993865,1.51515151515152,0.511627906976744,0.484848484848485,1.48837209302326,1.72477064220183,0.403669724770642,0.073394495412844,1.79816513761468,1.27407407407407,0.533333333333333,0.474074074074074,1.71851851851852,0.918518518518519,0.651851851851852,1.03703703703704,1.39259259259259,0,0.630434782608696,3,1.3695652173913,1.86585365853659,0.365853658536585,0.109756097560976,1.46341463414634,0,0.382978723404255,1,1.61702127659574,1.84049079754601,0.674418604651163,0.957055214723926,1.32558139534884
