virus,realm,locus_tag,host,type,shape,AAA,AAC,AAG,AAT,ACA,ACC,ACG,ACT,AGA,AGC,AGG,AGT,ATA,ATC,ATG,ATT,CAA,CAC,CAG,CAT,CCA,CCC,CCG,CCT,CGA,CGC,CGG,CGT,CTA,CTC,CTG,CTT,GAA,GAC,GAG,GAT,GCA,GCC,GCG,GCT,GGA,GGC,GGG,GGT,GTA,GTC,GTG,GTT,TAA,TAC,TAG,TAT,TCA,TCC,TCG,TCT,TGA,TGC,TGG,TGT,TTA,TTC,TTG,TTT
Rhizoctonia solani endornavirus 1,Riboviria,EXJ62,fungi,ds-RNA,linear,1.32124352331606,1.1195652173913,0.678756476683938,0.880434782608696,1.64655172413793,0.810344827586207,0.474137931034483,1.06896551724138,2.74766355140187,1.23618090452261,1.98130841121495,1.25125628140704,1.68531468531469,0.524475524475524,1,0.79020979020979,1.47826086956522,1.01382488479263,0.521739130434783,0.986175115207373,1.99256505576208,0.609665427509294,0.490706319702602,0.907063197026022,0.542056074766355,0.280373831775701,0.224299065420561,0.224299065420561,0.964630225080386,0.414790996784566,0.887459807073955,0.395498392282958,1.23573200992556,0.935828877005348,0.764267990074442,1.06417112299465,1.7029702970297,0.772277227722772,0.435643564356436,1.08910891089109,1.09183673469388,0.785714285714286,0.918367346938776,1.20408163265306,1.27536231884058,0.42512077294686,1.30434782608696,0.995169082125604,3,1.11811023622047,0,0.881889763779528,1.8391959798995,0.648241206030151,0.316582914572864,0.708542713567839,0,1.15789473684211,1,0.842105263157895,1.59163987138264,1.27472527472527,1.7459807073955,0.725274725274725
