virus,realm,locus_tag,host,type,shape,AAA,AAC,AAG,AAT,ACA,ACC,ACG,ACT,AGA,AGC,AGG,AGT,ATA,ATC,ATG,ATT,CAA,CAC,CAG,CAT,CCA,CCC,CCG,CCT,CGA,CGC,CGG,CGT,CTA,CTC,CTG,CTT,GAA,GAC,GAG,GAT,GCA,GCC,GCG,GCT,GGA,GGC,GGG,GGT,GTA,GTC,GTG,GTT,TAA,TAC,TAG,TAT,TCA,TCC,TCG,TCT,TGA,TGC,TGG,TGT,TTA,TTC,TTG,TTT
Rhizoctonia solani flexivirus 1,Riboviria,BC337,fungi,RNA,linear,0.752688172043011,1.43396226415094,1.24731182795699,0.566037735849057,0.392523364485981,1.66355140186916,0.97196261682243,0.97196261682243,0.073469387755102,1.48117154811715,0.293877551020408,0.376569037656904,0.434782608695652,1.69565217391304,1,0.869565217391304,0.563636363636364,1.40322580645161,1.43636363636364,0.596774193548387,0.648936170212766,1.51063829787234,0.861702127659574,0.978723404255319,1.1265306122449,2.27755102040816,1.24897959183673,0.979591836734694,0.368600682593857,2.08873720136519,1.2901023890785,0.962457337883959,0.906474820143885,1.46368715083799,1.09352517985612,0.536312849162011,0.431266846361186,1.75741239892183,0.60377358490566,1.20754716981132,0.740740740740741,1.92592592592593,0.685185185185185,0.648148148148148,0.327272727272727,1.70909090909091,1.14545454545455,0.818181818181818,0,1.4368932038835,0,0.563106796116505,0.552301255230126,1.8326359832636,0.803347280334728,0.95397489539749,3,1.45454545454545,1,0.545454545454545,0.225255972696246,1.49180327868852,1.06484641638225,0.508196721311475
