virus,realm,locus_tag,host,type,shape,AAA,AAC,AAG,AAT,ACA,ACC,ACG,ACT,AGA,AGC,AGG,AGT,ATA,ATC,ATG,ATT,CAA,CAC,CAG,CAT,CCA,CCC,CCG,CCT,CGA,CGC,CGG,CGT,CTA,CTC,CTG,CTT,GAA,GAC,GAG,GAT,GCA,GCC,GCG,GCT,GGA,GGC,GGG,GGT,GTA,GTC,GTG,GTT,TAA,TAC,TAG,TAT,TCA,TCC,TCG,TCT,TGA,TGC,TGG,TGT,TTA,TTC,TTG,TTT
Rhodobacter phage RcSpartan,Duplodnaviria,FDH88,bacteria,DNA,linear,0.829590488771466,1.5767366720517,1.17040951122853,0.423263327948304,0.389671361502347,1.57746478873239,1.74178403755869,0.291079812206573,0.121457489878543,1.10077519379845,0.234817813765182,0.178294573643411,0.161473087818697,1.18130311614731,1,1.65722379603399,1.59554730983302,0.87741935483871,0.404452690166976,1.12258064516129,0.156862745098039,1.36134453781513,2.06162464985994,0.420168067226891,0.825910931174089,2.47773279352227,1.34412955465587,0.995951417004049,0.214084507042254,0.00563380281690141,0.749295774647887,3.2,2,1.62565445026178,0,0.37434554973822,0.615384615384615,1.33257918552036,1.57239819004525,0.479638009049774,0.43859649122807,2.01052631578947,1,0.550877192982456,0.248995983935743,1.34939759036145,0.34136546184739,2.06024096385542,1.47540983606557,1.14936708860759,0.147540983606557,0.850632911392405,0.410852713178295,0.542635658914729,3.37984496124031,0.387596899224806,1.37704918032787,1.60629921259843,1,0.393700787401575,0.0563380281690141,1.15220949263502,1.77464788732394,0.847790507364975
