virus,realm,locus_tag,host,type,shape,AAA,AAC,AAG,AAT,ACA,ACC,ACG,ACT,AGA,AGC,AGG,AGT,ATA,ATC,ATG,ATT,CAA,CAC,CAG,CAT,CCA,CCC,CCG,CCT,CGA,CGC,CGG,CGT,CTA,CTC,CTG,CTT,GAA,GAC,GAG,GAT,GCA,GCC,GCG,GCT,GGA,GGC,GGG,GGT,GTA,GTC,GTG,GTT,TAA,TAC,TAG,TAT,TCA,TCC,TCG,TCT,TGA,TGC,TGG,TGT,TTA,TTC,TTG,TTT
Rhodococcus phage ReqiPine5,Duplodnaviria,CL88,bacteria,DNA,linear,0.0714285714285714,1.87550200803213,1.92857142857143,0.124497991967871,0.0776699029126214,2.73935772964899,1.09036594473488,0.0926064227035101,0.0408510638297872,0.48024948024948,0.153191489361702,0.130977130977131,0.0165016501650165,2.91749174917492,1,0.066006600660066,0.192156862745098,1.71428571428571,1.8078431372549,0.285714285714286,0.0963391136801541,1.42967244701349,2.3121387283237,0.161849710982659,0.505531914893617,2.23659574468085,2.50212765957447,0.561702127659575,0.058292852185982,2.79805690492713,2.59819569743234,0.166551006245663,0.382978723404255,1.77959183673469,1.61702127659574,0.220408163265306,0.170254403131115,1.92954990215264,1.70254403131115,0.197651663405088,0.554079696394687,1.78621125869703,1.0752688172043,0.584440227703985,0.0852162685603615,2.82246610716591,0.97869593285991,0.113621691413815,0.285714285714286,1.87583148558758,0.714285714285714,0.124168514412417,0.0561330561330561,2.68814968814969,2.5010395010395,0.143451143451143,2,1.3125,1,0.6875,0.0124913254684247,1.95238095238095,0.366412213740458,0.0476190476190476
