virus,realm,locus_tag,host,type,shape,AAA,AAC,AAG,AAT,ACA,ACC,ACG,ACT,AGA,AGC,AGG,AGT,ATA,ATC,ATG,ATT,CAA,CAC,CAG,CAT,CCA,CCC,CCG,CCT,CGA,CGC,CGG,CGT,CTA,CTC,CTG,CTT,GAA,GAC,GAG,GAT,GCA,GCC,GCG,GCT,GGA,GGC,GGG,GGT,GTA,GTC,GTG,GTT,TAA,TAC,TAG,TAT,TCA,TCC,TCG,TCT,TGA,TGC,TGG,TGT,TTA,TTC,TTG,TTT
Rhodococcus phage RGL3,Duplodnaviria,RoPhRGL3,bacteria,DNA,linear,0.0874524714828897,1.84199584199584,1.91254752851711,0.158004158004158,0.289855072463768,2.03790412486065,1.33779264214047,0.334448160535117,0.155056179775281,0.998776009791922,0.431460674157303,0.24235006119951,0.028125,2.5734375,1,0.3984375,0.177966101694915,1.82295081967213,1.82203389830508,0.177049180327869,0.194117647058824,1.47647058823529,1.92352941176471,0.405882352941176,1.0314606741573,1.59101123595506,1.78651685393258,1.00449438202247,0.135906040268456,2.44127516778523,2.67785234899329,0.296979865771812,0.449207828518173,1.65113759479957,1.55079217148183,0.348862405200433,0.779856115107914,1.32661870503597,1.22014388489209,0.673381294964029,0.574750830564784,1.82392026578073,0.621262458471761,0.980066445182724,0.17036379769299,1.86335403726708,1.54747116237799,0.418811002661934,0.409090909090909,1.8868778280543,0.545454545454545,0.113122171945701,0.24969400244798,1.94614443084455,2.19583843329253,0.367197062423501,2.04545454545455,1.66129032258065,1,0.338709677419355,0.0201342281879195,1.89803921568627,0.427852348993289,0.101960784313725
