virus,realm,locus_tag,host,type,shape,AAA,AAC,AAG,AAT,ACA,ACC,ACG,ACT,AGA,AGC,AGG,AGT,ATA,ATC,ATG,ATT,CAA,CAC,CAG,CAT,CCA,CCC,CCG,CCT,CGA,CGC,CGG,CGT,CTA,CTC,CTG,CTT,GAA,GAC,GAG,GAT,GCA,GCC,GCG,GCT,GGA,GGC,GGG,GGT,GTA,GTC,GTG,GTT,TAA,TAC,TAG,TAT,TCA,TCC,TCG,TCT,TGA,TGC,TGG,TGT,TTA,TTC,TTG,TTT
Rhynchosia yellow mosaic India virus,Monodnaviria,RhYMIV,land plants,DNA,circular,1.19642857142857,0.679245283018868,0.803571428571429,1.32075471698113,1.24444444444444,0.844444444444444,0.8,1.11111111111111,0.939130434782609,0.486486486486487,0.991304347826087,0.891891891891892,0.525773195876289,0.618556701030928,1,1.85567010309278,1.46268656716418,0.533333333333333,0.537313432835821,1.46666666666667,1.44578313253012,0.626506024096386,0.91566265060241,1.01204819277108,1.30434782608696,0.782608695652174,0.573913043478261,1.40869565217391,0.65,0.55,0.5,0.95,1.48235294117647,0.767441860465116,0.517647058823529,1.23255813953488,1.55294117647059,0.752941176470588,0.705882352941177,0.988235294117647,1.31578947368421,0.894736842105263,0.315789473684211,1.47368421052632,0.719101123595506,0.719101123595506,0.853932584269663,1.70786516853933,1.875,0.491803278688525,0,1.50819672131148,1.82432432432432,1.05405405405405,0.608108108108108,1.13513513513514,1.125,1.17948717948718,1,0.82051282051282,1.8,0.91358024691358,1.55,1.08641975308642
