virus,realm,locus_tag,host,type,shape,AAA,AAC,AAG,AAT,ACA,ACC,ACG,ACT,AGA,AGC,AGG,AGT,ATA,ATC,ATG,ATT,CAA,CAC,CAG,CAT,CCA,CCC,CCG,CCT,CGA,CGC,CGG,CGT,CTA,CTC,CTG,CTT,GAA,GAC,GAG,GAT,GCA,GCC,GCG,GCT,GGA,GGC,GGG,GGT,GTA,GTC,GTG,GTT,TAA,TAC,TAG,TAT,TCA,TCC,TCG,TCT,TGA,TGC,TGG,TGT,TTA,TTC,TTG,TTT
Rhynchosia rugose golden mosaic virus-[Cuba:Camaguey:171:2009],Monodnaviria,D1S72,land plants,DNA,circular,0.837209302325581,0.987951807228916,1.16279069767442,1.01204819277108,1.35,0.7,1.1,0.85,1.37614678899083,0.71830985915493,1.81651376146789,0.71830985915493,0.892857142857143,1,1,1.10714285714286,0.967741935483871,0.838709677419355,1.03225806451613,1.16129032258065,1.69230769230769,0.769230769230769,0.461538461538462,1.07692307692308,0.440366972477064,0.605504587155963,0.330275229357798,1.43119266055046,0.807692307692308,0.923076923076923,1.15384615384615,0.692307692307692,0.961038961038961,0.891891891891892,1.03896103896104,1.10810810810811,1.33333333333333,1,0.761904761904762,0.904761904761905,1.25301204819277,0.819277108433735,0.91566265060241,1.01204819277108,0.747252747252747,1.14285714285714,0.923076923076923,1.18681318681319,2.14285714285714,0.920634920634921,0.428571428571429,1.07936507936508,1.6056338028169,1.01408450704225,0.76056338028169,1.1830985915493,0.428571428571429,1.04347826086957,1,0.956521739130435,1.32692307692308,1.2,1.09615384615385,0.8
