virus,realm,host,locus_tag,AAA,AAC,AAG,AAT,ACA,ACC,ACG,ACT,AGA,AGC,AGG,AGT,ATA,ATC,ATG,ATT,CAA,CAC,CAG,CAT,CCA,CCC,CCG,CCT,CGA,CGC,CGG,CGT,CTA,CTC,CTG,CTT,GAA,GAC,GAG,GAT,GCA,GCC,GCG,GCT,GGA,GGC,GGG,GGT,GTA,GTC,GTG,GTT,TAA,TAC,TAG,TAT,TCA,TCC,TCG,TCT,TGA,TGC,TGG,TGT,TTA,TTC,TTG,TTT
Riptortus pedestris virus-1,Riboviria,invertebrates,BMR78,1.13592233009709,0.948051948051948,0.864077669902913,1.05194805194805,1.17241379310345,1.22758620689655,0.248275862068966,1.35172413793103,1.91304347826087,0.520754716981132,1.39130434782609,1.08679245283019,1.07575757575758,0.909090909090909,1,1.01515151515152,1.17857142857143,1.11111111111111,0.821428571428571,0.888888888888889,1.56756756756757,1.00900900900901,0.27027027027027,1.15315315315315,0.652173913043478,0.739130434782609,0.347826086956522,0.956521739130435,0.932551319648094,0.967741935483871,0.703812316715543,1.51319648093842,1.1980198019802,0.838235294117647,0.801980198019802,1.16176470588235,0.966542750929368,1.38289962825279,0.193308550185874,1.45724907063197,1.56989247311828,0.688172043010753,0.817204301075269,0.924731182795699,0.938053097345133,0.884955752212389,0.902654867256637,1.27433628318584,0,0.810810810810811,3,1.18918918918919,1.13207547169811,1.49433962264151,0.249056603773585,1.51698113207547,0,1.07692307692308,1,0.923076923076923,1.02052785923754,0.823529411764706,0.86217008797654,1.17647058823529
