virus,realm,locus_tag,host,type,shape,AAA,AAC,AAG,AAT,ACA,ACC,ACG,ACT,AGA,AGC,AGG,AGT,ATA,ATC,ATG,ATT,CAA,CAC,CAG,CAT,CCA,CCC,CCG,CCT,CGA,CGC,CGG,CGT,CTA,CTC,CTG,CTT,GAA,GAC,GAG,GAT,GCA,GCC,GCG,GCT,GGA,GGC,GGG,GGT,GTA,GTC,GTG,GTT,TAA,TAC,TAG,TAT,TCA,TCC,TCG,TCT,TGA,TGC,TGG,TGT,TTA,TTC,TTG,TTT
Rockport virus,Riboviria,D1S24,vertebrates,ss-RNA,linear,1.29501915708812,0.622754491017964,0.704980842911877,1.37724550898204,2.52360515021459,0.257510729613734,0.188841201716738,1.03004291845494,2.72368421052632,0.477508650519031,1.5,1.39100346020761,1.23461538461538,0.438461538461538,1,1.32692307692308,1.31210191082803,0.423529411764706,0.687898089171974,1.57647058823529,2.3125,0.28125,0.15625,1.25,0.355263157894737,0.236842105263158,0.394736842105263,0.789473684210526,0.970350404312669,0.323450134770889,0.436657681940701,0.776280323450135,1.51376146788991,0.52,0.486238532110092,1.48,2.47120418848168,0.293193717277487,0.104712041884817,1.13089005235602,1.48292682926829,0.507317073170732,0.507317073170732,1.50243902439024,1.31707317073171,0.504065040650406,0.845528455284553,1.33333333333333,1,0.458333333333333,1,1.54166666666667,2.47058823529412,0.269896193771626,0.228373702422145,1.16262975778547,1,0.428571428571429,1,1.57142857142857,2.37735849056604,0.519337016574586,1.11590296495957,1.48066298342541
