virus,realm,locus_tag,host,type,shape,AAA,AAC,AAG,AAT,ACA,ACC,ACG,ACT,AGA,AGC,AGG,AGT,ATA,ATC,ATG,ATT,CAA,CAC,CAG,CAT,CCA,CCC,CCG,CCT,CGA,CGC,CGG,CGT,CTA,CTC,CTG,CTT,GAA,GAC,GAG,GAT,GCA,GCC,GCG,GCT,GGA,GGC,GGG,GGT,GTA,GTC,GTG,GTT,TAA,TAC,TAG,TAT,TCA,TCC,TCG,TCT,TGA,TGC,TGG,TGT,TTA,TTC,TTG,TTT
Rodent hepatovirus CIV459Lopsik2004,Riboviria,D1P40,vertebrates,RNA,linear,1.15555555555556,0.323809523809524,0.844444444444444,1.67619047619048,1.4488188976378,0.566929133858268,0.125984251968504,1.85826771653543,3.24,0.481283422459893,1.56,0.802139037433155,0.921259842519685,0.448818897637795,1,1.62992125984252,1.1,0.666666666666667,0.9,1.33333333333333,1.44186046511628,0.651162790697674,0.325581395348837,1.58139534883721,0.42,0.3,0.12,0.36,0.633165829145729,0.241206030150754,0.753768844221106,0.78391959798995,1.26829268292683,0.437956204379562,0.731707317073171,1.56204379562044,1.62068965517241,0.620689655172414,0.275862068965517,1.48275862068966,1.48571428571429,0.285714285714286,0.657142857142857,1.57142857142857,0.514619883040936,0.514619883040936,1.6140350877193,1.35672514619883,0,0.8,3,1.2,1.98930481283422,0.385026737967914,0.352941176470588,1.98930481283422,0,0.490566037735849,1,1.50943396226415,0.904522613065327,0.556521739130435,2.68341708542714,1.44347826086957
