virus,realm,locus_tag,host,type,shape,AAA,AAC,AAG,AAT,ACA,ACC,ACG,ACT,AGA,AGC,AGG,AGT,ATA,ATC,ATG,ATT,CAA,CAC,CAG,CAT,CCA,CCC,CCG,CCT,CGA,CGC,CGG,CGT,CTA,CTC,CTG,CTT,GAA,GAC,GAG,GAT,GCA,GCC,GCG,GCT,GGA,GGC,GGG,GGT,GTA,GTC,GTG,GTT,TAA,TAC,TAG,TAT,TCA,TCC,TCG,TCT,TGA,TGC,TGG,TGT,TTA,TTC,TTG,TTT
Rosavirus M-7,Riboviria,D1P46,human:vertebrates,RNA,linear,0.673684210526316,0.719101123595506,1.32631578947368,1.28089887640449,0.5,1.83333333333333,0.527777777777778,1.13888888888889,1.01612903225806,0.596858638743455,0.725806451612903,0.659685863874346,0.419354838709677,0.967741935483871,1,1.61290322580645,0.395833333333333,0.666666666666667,1.60416666666667,1.33333333333333,0.630434782608696,1.82608695652174,0.434782608695652,1.10869565217391,0.435483870967742,1.64516129032258,0.919354838709677,1.25806451612903,0.298507462686567,1.1044776119403,0.985074626865672,1.73134328358209,0.763636363636364,0.782608695652174,1.23636363636364,1.21739130434783,0.547169811320755,1.52830188679245,0.60377358490566,1.32075471698113,0.5,1.275,0.725,1.5,0.179372197309417,0.717488789237668,1.75784753363229,1.34529147982063,3,0.896551724137931,0,1.10344827586207,0.345549738219895,1.91623036649215,0.785340314136126,1.69633507853403,0,1.01754385964912,1,0.982456140350877,0.507462686567164,0.617886178861789,1.37313432835821,1.38211382113821
