virus,realm,locus_tag,host,type,shape,AAA,AAC,AAG,AAT,ACA,ACC,ACG,ACT,AGA,AGC,AGG,AGT,ATA,ATC,ATG,ATT,CAA,CAC,CAG,CAT,CCA,CCC,CCG,CCT,CGA,CGC,CGG,CGT,CTA,CTC,CTG,CTT,GAA,GAC,GAG,GAT,GCA,GCC,GCG,GCT,GGA,GGC,GGG,GGT,GTA,GTC,GTG,GTT,TAA,TAC,TAG,TAT,TCA,TCC,TCG,TCT,TGA,TGC,TGG,TGT,TTA,TTC,TTG,TTT
Rose leaf rosette-associated virus,Riboviria,LO87,land plants,RNA,linear,1.0032154340836,1,0.996784565916399,1,0.700296735905044,1.06824925816024,0.700296735905044,1.53115727002967,0.818991097922849,0.757396449704142,1.79821958456973,1.19526627218935,1.02352941176471,0.705882352941177,1,1.27058823529412,0.963636363636364,1.07142857142857,1.03636363636364,0.928571428571429,0.813278008298755,0.946058091286307,0.829875518672199,1.41078838174274,0.640949554896142,1.06824925816024,0.783382789317507,0.890207715133531,0.448598130841121,0.829906542056075,0.852336448598131,1.11028037383178,0.785046728971963,0.79375,1.21495327102804,1.20625,0.497560975609756,0.907317073170732,0.780487804878049,1.81463414634146,0.765217391304348,0.463768115942029,1.04347826086957,1.72753623188406,0.273764258555133,0.638783269961977,1.77946768060836,1.30798479087452,0.692307692307692,1.05309734513274,0,0.946902654867257,0.769230769230769,0.875739644970414,1.23076923076923,1.17159763313609,2.30769230769231,0.832116788321168,1,1.16788321167883,1.07663551401869,0.741214057507987,1.68224299065421,1.25878594249201
