virus,realm,locus_tag,host,type,shape,AAA,AAC,AAG,AAT,ACA,ACC,ACG,ACT,AGA,AGC,AGG,AGT,ATA,ATC,ATG,ATT,CAA,CAC,CAG,CAT,CCA,CCC,CCG,CCT,CGA,CGC,CGG,CGT,CTA,CTC,CTG,CTT,GAA,GAC,GAG,GAT,GCA,GCC,GCG,GCT,GGA,GGC,GGG,GGT,GTA,GTC,GTG,GTT,TAA,TAC,TAG,TAT,TCA,TCC,TCG,TCT,TGA,TGC,TGG,TGT,TTA,TTC,TTG,TTT
Rosellinia necatrix victorivirus 1,Riboviria,M696,fungi,RNA,linear,0.740740740740741,1.60714285714286,1.25925925925926,0.392857142857143,0.523364485981308,1.38317757009346,1.1214953271028,0.97196261682243,0.201680672268908,0.981818181818182,0.302521008403361,0.709090909090909,0.442622950819672,1.62295081967213,1,0.934426229508197,0.941176470588235,1.71428571428571,1.05882352941176,0.285714285714286,0.44,1.64,1.16,0.76,0.403361344537815,2.67226890756303,1.00840336134454,1.41176470588235,0.528301886792453,2.11320754716981,1.28301886792453,0.716981132075472,0.557377049180328,1.62222222222222,1.44262295081967,0.377777777777778,0.504504504504504,1.87387387387387,0.972972972972973,0.648648648648649,0.391608391608392,1.81818181818182,0.895104895104895,0.895104895104895,0.144144144144144,1.94594594594595,1.04504504504505,0.864864864864865,1.5,1.62162162162162,1.5,0.378378378378378,0.709090909090909,1.09090909090909,1.47272727272727,1.03636363636364,0,1,1,1,0.339622641509434,1.26315789473684,1.0188679245283,0.736842105263158
