virus,realm,locus_tag,host,type,shape,AAA,AAC,AAG,AAT,ACA,ACC,ACG,ACT,AGA,AGC,AGG,AGT,ATA,ATC,ATG,ATT,CAA,CAC,CAG,CAT,CCA,CCC,CCG,CCT,CGA,CGC,CGG,CGT,CTA,CTC,CTG,CTT,GAA,GAC,GAG,GAT,GCA,GCC,GCG,GCT,GGA,GGC,GGG,GGT,GTA,GTC,GTG,GTT,TAA,TAC,TAG,TAT,TCA,TCC,TCG,TCT,TGA,TGC,TGG,TGT,TTA,TTC,TTG,TTT
Rose cryptic virus 1,Riboviria,RoCV1,land plants,RNA,linear,0.893617021276596,1.14893617021277,1.1063829787234,0.851063829787234,0.736842105263158,1.10526315789474,0.526315789473684,1.63157894736842,1.04,1.04347826086957,0.72,0.608695652173913,0.552631578947368,1.38157894736842,1,1.06578947368421,1.32,0.903225806451613,0.68,1.09677419354839,1.375,1,0.75,0.875,1.04,1.84,0.16,1.2,1.48623853211009,1.15596330275229,0.495412844036697,1.65137614678899,1.22077922077922,1.01694915254237,0.779220779220779,0.983050847457627,0.792452830188679,1.28301886792453,0.264150943396226,1.66037735849057,1.92857142857143,0.928571428571429,0,1.14285714285714,0.823529411764706,1.58823529411765,0.588235294117647,1,3,1.38461538461538,0,0.615384615384615,1.39130434782609,1.39130434782609,0.347826086956522,1.21739130434783,0,1.23076923076923,1,0.769230769230769,0.715596330275229,1.03448275862069,0.495412844036697,0.96551724137931
