virus,realm,locus_tag,host,type,shape,AAA,AAC,AAG,AAT,ACA,ACC,ACG,ACT,AGA,AGC,AGG,AGT,ATA,ATC,ATG,ATT,CAA,CAC,CAG,CAT,CCA,CCC,CCG,CCT,CGA,CGC,CGG,CGT,CTA,CTC,CTG,CTT,GAA,GAC,GAG,GAT,GCA,GCC,GCG,GCT,GGA,GGC,GGG,GGT,GTA,GTC,GTG,GTT,TAA,TAC,TAG,TAT,TCA,TCC,TCG,TCT,TGA,TGC,TGG,TGT,TTA,TTC,TTG,TTT
Rosellinia necatrix quadrivirus 1,Riboviria,RnQV1,fungi,RNA,linear,0.640394088669951,1.29126213592233,1.35960591133005,0.70873786407767,1.14893617021277,0.840425531914894,0.904255319148936,1.1063829787234,1.69879518072289,1.35211267605634,1.31927710843373,1.23380281690141,0.534412955465587,1.78542510121457,1,0.680161943319838,0.810526315789474,1.48936170212766,1.18947368421053,0.51063829787234,1.89473684210526,0.39766081871345,1.00584795321637,0.701754385964912,0.704819277108434,1.19277108433735,0.36144578313253,0.72289156626506,0.997690531177829,0.706697459584296,2.28637413394919,0.360277136258661,0.875399361022364,1.39184952978056,1.12460063897764,0.608150470219436,1.47368421052632,0.794567062818336,0.821731748726655,0.910016977928693,0.734491315136476,1.64764267990074,0.60545905707196,1.01240694789082,0.640826873385013,0.847545219638243,1.91214470284238,0.599483204134367,2.25,1.40697674418605,0,0.593023255813954,1.30140845070423,0.557746478873239,0.912676056338028,0.642253521126761,0.75,1.16455696202532,1,0.835443037974684,0.457274826789838,1.48091603053435,1.19168591224018,0.519083969465649
