virus,realm,locus_tag,host,type,shape,AAA,AAC,AAG,AAT,ACA,ACC,ACG,ACT,AGA,AGC,AGG,AGT,ATA,ATC,ATG,ATT,CAA,CAC,CAG,CAT,CCA,CCC,CCG,CCT,CGA,CGC,CGG,CGT,CTA,CTC,CTG,CTT,GAA,GAC,GAG,GAT,GCA,GCC,GCG,GCT,GGA,GGC,GGG,GGT,GTA,GTC,GTG,GTT,TAA,TAC,TAG,TAT,TCA,TCC,TCG,TCT,TGA,TGC,TGG,TGT,TTA,TTC,TTG,TTT
Ross River virus,Riboviria,RRVgp,human:invertebrates:vertebrates,ss-RNA,linear,0.858131487889273,1.19727891156463,1.14186851211073,0.802721088435374,1.10714285714286,1.19047619047619,0.94047619047619,0.761904761904762,1.67441860465116,1.13207547169811,1.58139534883721,0.928301886792453,0.984126984126984,1.38095238095238,1,0.634920634920635,0.678787878787879,1.13846153846154,1.32121212121212,0.861538461538462,1.4061433447099,0.696245733788396,1.22866894197952,0.668941979522184,0.511627906976744,1.04651162790698,0.604651162790698,0.581395348837209,0.869565217391304,0.504347826086956,2.12173913043478,0.539130434782609,0.940711462450593,1.24890829694323,1.05928853754941,0.751091703056769,1.16751269035533,1.23857868020305,0.852791878172589,0.741116751269036,1.072,1.312,0.928,0.688,0.766197183098592,1.00281690140845,1.47605633802817,0.754929577464789,0.75,1.33333333333333,0.75,0.666666666666667,1.13207547169811,1.10943396226415,0.633962264150943,1.06415094339623,1.5,1.48571428571429,1,0.514285714285714,0.747826086956522,1.09090909090909,1.21739130434783,0.909090909090909
