virus,realm,locus_tag,host,type,shape,AAA,AAC,AAG,AAT,ACA,ACC,ACG,ACT,AGA,AGC,AGG,AGT,ATA,ATC,ATG,ATT,CAA,CAC,CAG,CAT,CCA,CCC,CCG,CCT,CGA,CGC,CGG,CGT,CTA,CTC,CTG,CTT,GAA,GAC,GAG,GAT,GCA,GCC,GCG,GCT,GGA,GGC,GGG,GGT,GTA,GTC,GTG,GTT,TAA,TAC,TAG,TAT,TCA,TCC,TCG,TCT,TGA,TGC,TGG,TGT,TTA,TTC,TTG,TTT
Rotavirus J,Riboviria,KM554,vertebrates,RNA,linear,1.35251798561151,0.794666666666667,0.647482014388489,1.20533333333333,1.59151193633952,0.46684350132626,0.838196286472148,1.10344827586207,3.42105263157895,0.347222222222222,0.947368421052632,0.541666666666667,1.11764705882353,0.686274509803922,1,1.19607843137255,1.17293233082707,0.893203883495146,0.827067669172932,1.10679611650485,2.55172413793103,0.172413793103448,0.603448275862069,0.672413793103448,0.491228070175439,0.43859649122807,0.385964912280702,0.315789473684211,0.792660550458716,0.836697247706422,0.957798165137615,0.968807339449541,1.38181818181818,0.685082872928177,0.618181818181818,1.31491712707182,1.65374677002584,0.351421188630491,0.981912144702842,1.01291989664083,1.8,0.9,0.366666666666667,0.933333333333333,0.877492877492878,0.9002849002849,0.672364672364672,1.54985754985755,1.15384615384615,0.777292576419214,0.461538461538462,1.22270742358079,2.56944444444444,0.541666666666667,0.958333333333333,1.04166666666667,1.38461538461538,0.7,1,1.3,1.32110091743119,0.896825396825397,1.12293577981651,1.1031746031746
