virus,realm,locus_tag,host,type,shape,AAA,AAC,AAG,AAT,ACA,ACC,ACG,ACT,AGA,AGC,AGG,AGT,ATA,ATC,ATG,ATT,CAA,CAC,CAG,CAT,CCA,CCC,CCG,CCT,CGA,CGC,CGG,CGT,CTA,CTC,CTG,CTT,GAA,GAC,GAG,GAT,GCA,GCC,GCG,GCT,GGA,GGC,GGG,GGT,GTA,GTC,GTG,GTT,TAA,TAC,TAG,TAT,TCA,TCC,TCG,TCT,TGA,TGC,TGG,TGT,TTA,TTC,TTG,TTT
Rousettus bat coronavirus HKU9,Riboviria,BatCoVHKU9,vertebrates,RNA,linear,0.772435897435897,0.427710843373494,1.2275641025641,1.57228915662651,1.13033953997809,0.56078860898138,0.51697699890471,1.79189485213582,1.11794871794872,0.441640378548896,1.15897435897436,1.83596214511041,1.22368421052632,0.296052631578947,1,1.48026315789474,0.874704491725768,0.473895582329317,1.12529550827423,1.52610441767068,1.02643856920684,0.485225505443235,0.447900466562986,2.04043545878694,0.225641025641026,0.78974358974359,0.276923076923077,2.43076923076923,0.469719350073855,0.350073855243722,0.500738552437223,1.16100443131462,0.966202783300199,0.568306010928962,1.0337972166998,1.43169398907104,1.00963391136802,0.589595375722543,0.51252408477842,1.88824662813102,0.300448430493274,0.704035874439462,0.286995515695067,2.7085201793722,0.822402358142962,0.403831982313928,0.884303610906411,1.8894620486367,1.33333333333333,0.506666666666667,1,1.49333333333333,0.984227129337539,0.504731861198738,0.454258675078864,1.77917981072555,0.666666666666667,0.548009367681499,1,1.4519906323185,1.64401772525849,0.30114566284779,1.87444608567208,1.69885433715221
