virus,realm,locus_tag,host,type,shape,AAA,AAC,AAG,AAT,ACA,ACC,ACG,ACT,AGA,AGC,AGG,AGT,ATA,ATC,ATG,ATT,CAA,CAC,CAG,CAT,CCA,CCC,CCG,CCT,CGA,CGC,CGG,CGT,CTA,CTC,CTG,CTT,GAA,GAC,GAG,GAT,GCA,GCC,GCG,GCT,GGA,GGC,GGG,GGT,GTA,GTC,GTG,GTT,TAA,TAC,TAG,TAT,TCA,TCC,TCG,TCT,TGA,TGC,TGG,TGT,TTA,TTC,TTG,TTT
Rousettus bat coronavirus HKU10,Riboviria,D425,vertebrates,RNA,linear,1.21951219512195,0.770949720670391,0.780487804878049,1.22905027932961,1.61602671118531,0.454090150250417,0.327212020033389,1.60267111853088,1.84177215189873,0.433734939759036,0.854430379746835,1.56325301204819,0.768052516411379,0.334792122538293,1,1.89715536105033,1.3905325443787,0.644067796610169,0.609467455621302,1.35593220338983,1.25356125356125,0.364672364672365,0.227920227920228,2.15384615384615,0.322784810126582,0.79746835443038,0.132911392405063,2.0506329113924,0.334519572953737,0.341637010676157,0.362989323843416,1.87900355871886,1.28912466843501,0.759336099585062,0.710875331564987,1.24066390041494,1.07979626485569,0.570458404074703,0.217317487266553,2.13242784380306,0.351945854483926,0.642978003384095,0.0812182741116751,2.9238578680203,0.547413793103448,0.443965517241379,0.801724137931034,2.20689655172414,2.33333333333333,0.700228832951945,0,1.29977116704805,1.10240963855422,0.478915662650602,0.280120481927711,2.14156626506024,0.666666666666667,0.439344262295082,1,1.56065573770492,1.17437722419929,0.430232558139535,1.90747330960854,1.56976744186047
