virus,realm,locus_tag,host,type,shape,AAA,AAC,AAG,AAT,ACA,ACC,ACG,ACT,AGA,AGC,AGG,AGT,ATA,ATC,ATG,ATT,CAA,CAC,CAG,CAT,CCA,CCC,CCG,CCT,CGA,CGC,CGG,CGT,CTA,CTC,CTG,CTT,GAA,GAC,GAG,GAT,GCA,GCC,GCG,GCT,GGA,GGC,GGG,GGT,GTA,GTC,GTG,GTT,TAA,TAC,TAG,TAT,TCA,TCC,TCG,TCT,TGA,TGC,TGG,TGT,TTA,TTC,TTG,TTT
ROUT virus,Riboviria,CO48,vertebrates,RNA,linear,1.14406779661017,0.833333333333333,0.855932203389831,1.16666666666667,2.31707317073171,0.560975609756098,0.146341463414634,0.975609756097561,3.51592356687898,0.646840148698885,1.87261146496815,0.847583643122677,1.02369668246445,0.909952606635071,1,1.06635071090047,1.22352941176471,0.741935483870968,0.776470588235294,1.25806451612903,1.95620437956204,0.671532846715328,0.0583941605839416,1.31386861313869,0.267515923566879,0.0382165605095541,0.114649681528662,0.191082802547771,0.835654596100279,0.701949860724234,0.969359331476323,1.2033426183844,1.14782608695652,0.673575129533679,0.852173913043478,1.32642487046632,1.57377049180328,0.786885245901639,0.360655737704918,1.27868852459016,1.02325581395349,0.581395348837209,0.86046511627907,1.53488372093023,0.556701030927835,1.05154639175258,1.11340206185567,1.27835051546392,0.75,0.578313253012048,2.25,1.42168674698795,2.00743494423792,0.736059479553903,0.468401486988848,1.29368029739777,0,0.746666666666667,1,1.25333333333333,1.01949860724234,0.973333333333333,1.27019498607242,1.02666666666667
