virus,realm,locus_tag,host,type,shape,AAA,AAC,AAG,AAT,ACA,ACC,ACG,ACT,AGA,AGC,AGG,AGT,ATA,ATC,ATG,ATT,CAA,CAC,CAG,CAT,CCA,CCC,CCG,CCT,CGA,CGC,CGG,CGT,CTA,CTC,CTG,CTT,GAA,GAC,GAG,GAT,GCA,GCC,GCG,GCT,GGA,GGC,GGG,GGT,GTA,GTC,GTG,GTT,TAA,TAC,TAG,TAT,TCA,TCC,TCG,TCT,TGA,TGC,TGG,TGT,TTA,TTC,TTG,TTT
Rupicapra rupicapra papillomavirus 1,Monodnaviria,DK22,vertebrates,DNA,circular,0.990476190476191,0.957746478873239,1.00952380952381,1.04225352112676,1.632,0.736,0.32,1.312,1.62162162162162,1.35260115606936,1.54054054054054,1.45664739884393,1.17073170731707,0.365853658536585,1,1.46341463414634,0.774774774774775,0.888888888888889,1.22522522522523,1.11111111111111,1.46762589928058,0.920863309352518,0.316546762589928,1.29496402877698,0.810810810810811,0.527027027027027,0.689189189189189,0.810810810810811,0.805970149253731,0.746268656716418,1.34328358208955,1.07462686567164,0.853146853146853,1.21739130434783,1.14685314685315,0.782608695652174,1.41538461538462,0.984615384615385,0.523076923076923,1.07692307692308,0.896969696969697,1.01818181818182,1.28484848484848,0.8,0.987654320987654,0.814814814814815,1.38271604938272,0.814814814814815,1.5,0.895522388059702,1,1.1044776119403,0.658959537572254,0.728323699421965,0.346820809248555,1.45664739884393,0.5,0.857142857142857,1,1.14285714285714,0.925373134328358,0.543478260869565,1.1044776119403,1.45652173913043
