virus,realm,locus_tag,host,type,shape,AAA,AAC,AAG,AAT,ACA,ACC,ACG,ACT,AGA,AGC,AGG,AGT,ATA,ATC,ATG,ATT,CAA,CAC,CAG,CAT,CCA,CCC,CCG,CCT,CGA,CGC,CGG,CGT,CTA,CTC,CTG,CTT,GAA,GAC,GAG,GAT,GCA,GCC,GCG,GCT,GGA,GGC,GGG,GGT,GTA,GTC,GTG,GTT,TAA,TAC,TAG,TAT,TCA,TCC,TCG,TCT,TGA,TGC,TGG,TGT,TTA,TTC,TTG,TTT
Sabia virus,Riboviria,SabV,human,RNA,linear,1.10084033613445,0.71875,0.899159663865546,1.28125,1.7877094972067,0.893854748603352,0.111731843575419,1.20670391061453,3.23076923076923,0.659574468085106,2,1.08510638297872,1,0.75,1,1.25,1.20661157024793,0.894117647058824,0.793388429752066,1.10588235294118,1.52727272727273,0.690909090909091,0.4,1.38181818181818,0.230769230769231,0.153846153846154,0.115384615384615,0.269230769230769,0.613953488372093,0.544186046511628,0.851162790697674,1.14418604651163,1.2073732718894,0.722513089005236,0.792626728110599,1.27748691099476,2.15384615384615,0.615384615384615,0.123076923076923,1.10769230769231,1.04651162790698,0.604651162790698,0.86046511627907,1.48837209302326,0.78,0.56,1.3,1.36,1.5,0.818181818181818,1.5,1.18181818181818,1.80851063829787,0.702127659574468,0.170212765957447,1.57446808510638,0,0.463414634146341,1,1.53658536585366,1.21395348837209,0.740740740740741,1.63255813953488,1.25925925925926
Sabia virus,Riboviria,SabV,human,ss-RNA,linear,1.10084033613445,0.71875,0.899159663865546,1.28125,1.7877094972067,0.893854748603352,0.111731843575419,1.20670391061453,3.23076923076923,0.659574468085106,2,1.08510638297872,1,0.75,1,1.25,1.20661157024793,0.894117647058824,0.793388429752066,1.10588235294118,1.52727272727273,0.690909090909091,0.4,1.38181818181818,0.230769230769231,0.153846153846154,0.115384615384615,0.269230769230769,0.613953488372093,0.544186046511628,0.851162790697674,1.14418604651163,1.2073732718894,0.722513089005236,0.792626728110599,1.27748691099476,2.15384615384615,0.615384615384615,0.123076923076923,1.10769230769231,1.04651162790698,0.604651162790698,0.86046511627907,1.48837209302326,0.78,0.56,1.3,1.36,1.5,0.818181818181818,1.5,1.18181818181818,1.80851063829787,0.702127659574468,0.170212765957447,1.57446808510638,0,0.463414634146341,1,1.53658536585366,1.21395348837209,0.740740740740741,1.63255813953488,1.25925925925926
