virus,realm,locus_tag,host,type,shape,AAA,AAC,AAG,AAT,ACA,ACC,ACG,ACT,AGA,AGC,AGG,AGT,ATA,ATC,ATG,ATT,CAA,CAC,CAG,CAT,CCA,CCC,CCG,CCT,CGA,CGC,CGG,CGT,CTA,CTC,CTG,CTT,GAA,GAC,GAG,GAT,GCA,GCC,GCG,GCT,GGA,GGC,GGG,GGT,GTA,GTC,GTG,GTT,TAA,TAC,TAG,TAT,TCA,TCC,TCG,TCT,TGA,TGC,TGG,TGT,TTA,TTC,TTG,TTT
Saboya virus,NA,B1T93,NA,RNA,linear,1.08629441624365,0.844444444444444,0.913705583756345,1.15555555555556,1.60730593607306,0.986301369863014,0.237442922374429,1.1689497716895,2.54838709677419,1.13513513513514,1.51612903225806,1.35135135135135,0.627906976744186,1.08139534883721,1,1.2906976744186,1.07142857142857,1.06849315068493,0.928571428571429,0.931506849315068,2.05970149253731,0.686567164179104,0.26865671641791,0.985074626865672,0.612903225806452,0.419354838709677,0.451612903225806,0.451612903225806,0.823529411764706,1.09803921568627,1.33333333333333,1,1.19,0.926174496644295,0.81,1.0738255033557,0.935849056603774,1.37358490566038,0.226415094339623,1.46415094339623,1.91724137931034,0.855172413793103,0.744827586206897,0.482758620689655,0.433566433566434,0.783216783216783,1.69230769230769,1.09090909090909,3,1.03529411764706,0,0.964705882352941,1.62162162162162,0.756756756756757,0.27027027027027,0.864864864864865,0,0.9,1,1.1,0.509803921568627,1.00869565217391,1.23529411764706,0.991304347826087
