virus,realm,host,locus_tag,AAA,AAC,AAG,AAT,ACA,ACC,ACG,ACT,AGA,AGC,AGG,AGT,ATA,ATC,ATG,ATT,CAA,CAC,CAG,CAT,CCA,CCC,CCG,CCT,CGA,CGC,CGG,CGT,CTA,CTC,CTG,CTT,GAA,GAC,GAG,GAT,GCA,GCC,GCG,GCT,GGA,GGC,GGG,GGT,GTA,GTC,GTG,GTT,TAA,TAC,TAG,TAT,TCA,TCC,TCG,TCT,TGA,TGC,TGG,TGT,TTA,TTC,TTG,TTT
Sal Vieja virus,NA,NA,FK863,1,0.727272727272727,1,1.27272727272727,0.8,1.2,0.2,1.8,3.33333333333333,1.66666666666667,1.55555555555556,1,1.09090909090909,1.09090909090909,1,0.818181818181818,1.14285714285714,1.14285714285714,0.857142857142857,0.857142857142857,2,0.8,0.4,0.8,0.222222222222222,0.666666666666667,0.222222222222222,0,1.42105263157895,0.315789473684211,1.10526315789474,1.57894736842105,1.36,1,0.64,1,1.2,1,0.2,1.6,1.76470588235294,0.588235294117647,0.588235294117647,1.05882352941176,0.296296296296296,1.18518518518519,1.33333333333333,1.18518518518519,NA,0.5,NA,1.5,0.666666666666667,0.666666666666667,0.333333333333333,1.66666666666667,NA,0.5,1,1.5,0.631578947368421,0.2,0.947368421052632,1.8
