virus,realm,locus_tag,host,type,shape,AAA,AAC,AAG,AAT,ACA,ACC,ACG,ACT,AGA,AGC,AGG,AGT,ATA,ATC,ATG,ATT,CAA,CAC,CAG,CAT,CCA,CCC,CCG,CCT,CGA,CGC,CGG,CGT,CTA,CTC,CTG,CTT,GAA,GAC,GAG,GAT,GCA,GCC,GCG,GCT,GGA,GGC,GGG,GGT,GTA,GTC,GTG,GTT,TAA,TAC,TAG,TAT,TCA,TCC,TCG,TCT,TGA,TGC,TGG,TGT,TTA,TTC,TTG,TTT
Salicola phage CGphi29,Duplodnaviria,SLPG,bacteria,DNA,linear,0.82,1.39368421052632,1.18,0.606315789473684,0.869325997248968,1.32599724896836,1.19944979367263,0.605226960110041,0.331695331695332,2.19948186528497,0.515970515970516,0.49740932642487,0.368770764119601,1.64451827242525,1,0.98671096345515,0.789189189189189,1.3,1.21081081081081,0.7,0.614285714285714,0.785714285714286,1.85714285714286,0.742857142857143,0.486486486486487,2.67567567567568,1.20884520884521,0.781326781326781,0.441379310344828,1.00689655172414,2.26206896551724,1.24827586206897,0.780876494023904,1.15062287655719,1.2191235059761,0.849377123442809,0.809135399673736,1.21044045676998,1.18433931484502,0.796084828711256,0.492781520692974,2.10587102983638,0.800769971126083,0.600577478344562,0.66497461928934,1.03045685279188,1.19796954314721,1.10659898477157,1,1.29700272479564,0.0952380952380952,0.70299727520436,0.753886010362694,1.00259067357513,0.769430051813471,0.77720207253886,1.9047619047619,1.50769230769231,1,0.492307692307692,0.23448275862069,0.887573964497041,0.806896551724138,1.11242603550296
