virus,realm,host,locus_tag,AAA,AAC,AAG,AAT,ACA,ACC,ACG,ACT,AGA,AGC,AGG,AGT,ATA,ATC,ATG,ATT,CAA,CAC,CAG,CAT,CCA,CCC,CCG,CCT,CGA,CGC,CGG,CGT,CTA,CTC,CTG,CTT,GAA,GAC,GAG,GAT,GCA,GCC,GCG,GCT,GGA,GGC,GGG,GGT,GTA,GTC,GTG,GTT,TAA,TAC,TAG,TAT,TCA,TCC,TCG,TCT,TGA,TGC,TGG,TGT,TTA,TTC,TTG,TTT
Salisaeta icosahedral phage 1,unclassified viruses,bacteria,A322,0.897033158813264,1.31619537275064,1.10296684118674,0.683804627249357,0.831432192648923,1.27756653992395,1.58681875792142,0.304182509505703,0.176991150442478,1.90355329949239,0.206489675516224,0.624365482233503,0.342857142857143,1.53214285714286,1,1.125,0.853242320819113,1.21276595744681,1.14675767918089,0.787234042553192,0.700636942675159,1,1.60509554140127,0.694267515923567,0.625368731563422,2.8023598820059,1.07374631268437,1.11504424778761,0.410958904109589,1.26575342465753,1.78082191780822,1.14520547945205,0.841140529531568,1.2194046306505,1.15885947046843,0.780595369349504,0.952081696779262,1.16575019638649,1.35428122545169,0.527886881382561,0.621739130434783,1.9695652173913,0.778260869565217,0.630434782608696,0.511891279728199,1.01925254813137,1.7440543601359,0.72480181200453,1.26315789473684,1.44470588235294,0.578947368421053,0.555294117647059,0.601522842639594,0.99746192893401,1.37817258883249,0.49492385786802,1.15789473684211,1.40909090909091,1,0.590909090909091,0.213698630136986,1.10024449877751,1.18356164383562,0.899755501222494
