virus,realm,locus_tag,host,type,shape,AAA,AAC,AAG,AAT,ACA,ACC,ACG,ACT,AGA,AGC,AGG,AGT,ATA,ATC,ATG,ATT,CAA,CAC,CAG,CAT,CCA,CCC,CCG,CCT,CGA,CGC,CGG,CGT,CTA,CTC,CTG,CTT,GAA,GAC,GAG,GAT,GCA,GCC,GCG,GCT,GGA,GGC,GGG,GGT,GTA,GTC,GTG,GTT,TAA,TAC,TAG,TAT,TCA,TCC,TCG,TCT,TGA,TGC,TGG,TGT,TTA,TTC,TTG,TTT
Salmonella phage vB SenS-Ent3,NA,FP71,NA,NA,NA,1.14285714285714,1.25305410122164,0.857142857142857,0.746945898778359,0.928909952606635,1.23222748815166,0.976303317535545,0.862559241706161,0.516823687752355,1.18158567774936,0.44414535666218,0.767263427109974,0.70926517571885,1.0591054313099,1,1.23162939297125,0.733606557377049,1.1563981042654,1.26639344262295,0.843601895734597,0.803212851405622,0.473895582329317,1.79919678714859,0.923694779116466,0.58950201884253,1.80888290713324,0.855989232839839,1.78465679676985,0.548104956268222,0.594752186588921,1.66180758017493,1.32944606413994,1.16818181818182,1.07017543859649,0.831818181818182,0.929824561403509,0.768,1.104,1.1872,0.9408,0.489634748272458,1.1609081934847,0.860809476801579,1.48864758144126,1.28834355828221,0.593047034764826,0.887525562372188,1.23108384458078,1.45,1.10267857142857,0.4,0.897321428571429,0.974424552429668,1.08951406649616,0.928388746803069,1.05882352941176,1.15,1.10791366906475,1,0.892086330935252,0.956268221574344,1.2210953346856,0.909620991253644,0.778904665314402
