virus,realm,locus_tag,host,type,shape,AAA,AAC,AAG,AAT,ACA,ACC,ACG,ACT,AGA,AGC,AGG,AGT,ATA,ATC,ATG,ATT,CAA,CAC,CAG,CAT,CCA,CCC,CCG,CCT,CGA,CGC,CGG,CGT,CTA,CTC,CTG,CTT,GAA,GAC,GAG,GAT,GCA,GCC,GCG,GCT,GGA,GGC,GGG,GGT,GTA,GTC,GTG,GTT,TAA,TAC,TAG,TAT,TCA,TCC,TCG,TCT,TGA,TGC,TGG,TGT,TTA,TTC,TTG,TTT
Salmonella phage L6jm,Duplodnaviria,HWD08,bacteria,DNA,linear,1.37319587628866,0.744031093836757,0.62680412371134,1.25596890616324,0.982493368700265,0.672679045092838,0.405305039787798,1.9395225464191,1.32467532467532,0.66888045540797,0.401913875598086,1.20683111954459,0.51219512195122,0.723867595818815,1,1.76393728222997,1.04505928853755,0.600953895071542,0.954940711462451,1.39904610492846,1.47424511545293,0.351687388987567,0.603907637655417,1.57015985790409,0.516746411483254,0.832535885167464,0.172248803827751,2.75187969924812,1.21609862218999,0.354604786076867,0.987672226250906,1.0507614213198,1.38414634146341,0.447394296951819,0.615853658536585,1.55260570304818,1.22021116138763,0.469079939668175,0.485671191553544,1.82503770739065,0.825070159027128,0.667913938260056,0.482694106641721,2.02432179607109,1.49174311926606,0.277064220183486,0.438532110091743,1.79266055045872,2.2752808988764,0.613981762917933,0.151685393258427,1.38601823708207,0.80550284629981,0.751423149905123,0.298861480075901,2.2685009487666,0.573033707865168,0.760806916426513,1,1.23919308357349,1.63596809282088,0.784561403508772,0.754894851341552,1.21543859649123
