virus,realm,locus_tag,host,type,shape,AAA,AAC,AAG,AAT,ACA,ACC,ACG,ACT,AGA,AGC,AGG,AGT,ATA,ATC,ATG,ATT,CAA,CAC,CAG,CAT,CCA,CCC,CCG,CCT,CGA,CGC,CGG,CGT,CTA,CTC,CTG,CTT,GAA,GAC,GAG,GAT,GCA,GCC,GCG,GCT,GGA,GGC,GGG,GGT,GTA,GTC,GTG,GTT,TAA,TAC,TAG,TAT,TCA,TCC,TCG,TCT,TGA,TGC,TGG,TGT,TTA,TTC,TTG,TTT
Salmonella phage vB SenS BPS1,NA,JT336,NA,NA,NA,1.09186906019007,1.46410256410256,0.908130939809926,0.535897435897436,0.331877729257642,1.53362445414847,1.64541484716157,0.489082969432314,0.158759124087591,1.4025974025974,0.180656934306569,0.35964035964036,0.103244837758112,2.11209439528024,1,0.784660766961652,0.566995768688293,1.43708609271523,1.43300423131171,0.562913907284768,0.509174311926605,0.279816513761468,2.70642201834862,0.504587155963303,0.498175182481752,2.81386861313869,0.947080291970803,1.4014598540146,0.225663716814159,0.880530973451327,3.0929203539823,0.668141592920354,1.29515418502203,1.37207425343019,0.704845814977974,0.627925746569814,0.563318777292576,1.37772925764192,1.65938864628821,0.399563318777293,0.349660889223813,2.13413715146948,0.813865862848531,0.702336096458176,0.531320754716981,1.24679245283019,1.42792452830189,0.793962264150943,1.66666666666667,1.43302180685358,0.375,0.566978193146417,0.653346653346653,1.38461538461538,1.57642357642358,0.623376623376623,0.958333333333333,1.39285714285714,1,0.607142857142857,0.495575221238938,1.47551342812006,0.63716814159292,0.524486571879937
