virus,realm,locus_tag,host,type,shape,AAA,AAC,AAG,AAT,ACA,ACC,ACG,ACT,AGA,AGC,AGG,AGT,ATA,ATC,ATG,ATT,CAA,CAC,CAG,CAT,CCA,CCC,CCG,CCT,CGA,CGC,CGG,CGT,CTA,CTC,CTG,CTT,GAA,GAC,GAG,GAT,GCA,GCC,GCG,GCT,GGA,GGC,GGG,GGT,GTA,GTC,GTG,GTT,TAA,TAC,TAG,TAT,TCA,TCC,TCG,TCT,TGA,TGC,TGG,TGT,TTA,TTC,TTG,TTT
Salmonella phage FSL SP-088,Duplodnaviria,N269,bacteria,DNA,linear,1.09489051094891,1.41611624834875,0.905109489051095,0.583883751651255,0.326602282704126,1.56628621597893,1.64705882352941,0.460052677787533,0.111940298507463,1.37003058103976,0.184701492537313,0.36697247706422,0.105846774193548,2.14717741935484,1,0.746975806451613,0.541076487252125,1.35117056856187,1.45892351274788,0.648829431438127,0.49645390070922,0.288416075650118,2.78959810874704,0.425531914893617,0.475746268656716,2.87126865671642,0.990671641791045,1.36567164179104,0.243243243243243,0.905405405405405,3.03153153153153,0.644144144144144,1.2841918294849,1.35967741935484,0.715808170515098,0.640322580645161,0.536612632755729,1.37954164337619,1.67467859139184,0.409167132476244,0.337236533957845,2.10460577673692,0.802498048399688,0.755659640905542,0.499614494988435,1.24286815728604,1.4988434849653,0.758673862760216,1.88571428571429,1.39482200647249,0.214285714285714,0.605177993527508,0.758409785932722,1.35779816513761,1.57798165137615,0.568807339449541,0.9,1.30120481927711,1,0.698795180722892,0.54954954954955,1.488,0.626126126126126,0.512
