virus,realm,host,locus_tag,AAA,AAC,AAG,AAT,ACA,ACC,ACG,ACT,AGA,AGC,AGG,AGT,ATA,ATC,ATG,ATT,CAA,CAC,CAG,CAT,CCA,CCC,CCG,CCT,CGA,CGC,CGG,CGT,CTA,CTC,CTG,CTT,GAA,GAC,GAG,GAT,GCA,GCC,GCG,GCT,GGA,GGC,GGG,GGT,GTA,GTC,GTG,GTT,TAA,TAC,TAG,TAT,TCA,TCC,TCG,TCT,TGA,TGC,TGG,TGT,TTA,TTC,TTG,TTT
Salmonella phage Akira,Duplodnaviria,bacteria,KGB47,1.05518763796909,0.961360123647604,0.944812362030905,1.0386398763524,1.25551232166018,0.90272373540856,0.767833981841764,1.07392996108949,1.0687237026648,1.39100346020761,0.807854137447405,0.809688581314879,0.554704595185996,0.99781181619256,1,1.44748358862144,0.744939271255061,0.796992481203007,1.25506072874494,1.20300751879699,1.72025052192067,0.100208768267223,1.26931106471816,0.910229645093946,0.807854137447405,1.91865357643759,0.286115007012623,1.11079943899018,0.489296636085627,0.489296636085627,1.98776758409786,1.5045871559633,1.12513368983957,0.777903043968433,0.874866310160428,1.22209695603157,1.40460526315789,0.601973684210526,0.848684210526316,1.14473684210526,0.895874263261297,1.3516699410609,0.479371316306483,1.27308447937132,0.735326688815061,0.558139534883721,1.11184939091916,1.59468438538206,1.34117647058824,0.927102803738318,0.211764705882353,1.07289719626168,1.7923875432526,0.491349480968858,0.477508650519031,1.03806228373702,1.44705882352941,1.32631578947368,1,0.673684210526316,0.73394495412844,0.951612903225806,0.795107033639144,1.04838709677419
