virus,realm,locus_tag,host,type,shape,AAA,AAC,AAG,AAT,ACA,ACC,ACG,ACT,AGA,AGC,AGG,AGT,ATA,ATC,ATG,ATT,CAA,CAC,CAG,CAT,CCA,CCC,CCG,CCT,CGA,CGC,CGG,CGT,CTA,CTC,CTG,CTT,GAA,GAC,GAG,GAT,GCA,GCC,GCG,GCT,GGA,GGC,GGG,GGT,GTA,GTC,GTG,GTT,TAA,TAC,TAG,TAT,TCA,TCC,TCG,TCT,TGA,TGC,TGG,TGT,TTA,TTC,TTG,TTT
Salmonella phage epsilon34,Duplodnaviria,epsilon34,bacteria,DNA,linear,1.1942789034565,1.02469135802469,0.805721096543504,0.975308641975309,1.29496402877698,0.972661870503597,0.776978417266187,0.955395683453237,1.09765142150803,1.18484500574053,0.682323856613103,0.70264064293915,0.609988109393579,1.04518430439952,1,1.3448275862069,0.783825816485226,1.04942965779468,1.21617418351477,0.950570342205323,1.55719557195572,0.339483394833948,1.04059040590406,1.06273062730627,0.771322620519159,1.71322620519159,0.430160692212608,1.3053152039555,0.695402298850575,0.666666666666667,1.66091954022989,1.41379310344828,1.10857142857143,0.886977886977887,0.891428571428571,1.11302211302211,1.32807570977918,0.807570977917981,0.763406940063092,1.10094637223975,0.99001996007984,1.0938123752495,0.6187624750499,1.29740518962076,0.958637469586375,0.690997566909976,0.856447688564477,1.49391727493917,1.68493150684932,1,0.123287671232877,1,1.75660160734788,0.70264064293915,0.633754305396096,1.0195177956372,1.19178082191781,1.20238095238095,1,0.797619047619048,0.902298850574713,1.06037735849057,0.660919540229885,0.939622641509434
