virus,realm,host,locus_tag,AAA,AAC,AAG,AAT,ACA,ACC,ACG,ACT,AGA,AGC,AGG,AGT,ATA,ATC,ATG,ATT,CAA,CAC,CAG,CAT,CCA,CCC,CCG,CCT,CGA,CGC,CGG,CGT,CTA,CTC,CTG,CTT,GAA,GAC,GAG,GAT,GCA,GCC,GCG,GCT,GGA,GGC,GGG,GGT,GTA,GTC,GTG,GTT,TAA,TAC,TAG,TAT,TCA,TCC,TCG,TCT,TGA,TGC,TGG,TGT,TTA,TTC,TTG,TTT
Salmonella phage 118970 sal1,NA,NA,BOW74,1.03301384451544,1.44631306597671,0.966986155484558,0.553686934023286,0.322307039864292,1.53350296861747,1.65224766751484,0.491942324003393,0.160220994475138,1.44400785854617,0.176795580110497,0.371316306483301,0.114035087719298,2.1374269005848,1,0.748538011695906,0.560773480662983,1.48172757475083,1.43922651933702,0.518272425249169,0.534246575342466,0.296803652968037,2.73059360730594,0.438356164383562,0.425414364640884,2.86187845303867,0.933701657458563,1.44198895027624,0.249271137026239,0.900874635568513,2.96938775510204,0.660349854227405,1.30511463844797,1.36909527622098,0.694885361552028,0.630904723779023,0.588810429114612,1.36013036393265,1.66865833785986,0.382400869092884,0.35474006116208,2.05504587155963,0.831804281345566,0.758409785932722,0.467692307692308,1.26769230769231,1.46153846153846,0.803076923076923,1.73239436619718,1.33643410852713,0.338028169014085,0.663565891472868,0.819253438113949,1.27897838899804,1.52652259332024,0.55992141453831,0.929577464788732,1.37647058823529,1,0.623529411764706,0.572886297376093,1.4740157480315,0.647230320699708,0.525984251968504
