virus,realm,locus_tag,host,type,shape,AAA,AAC,AAG,AAT,ACA,ACC,ACG,ACT,AGA,AGC,AGG,AGT,ATA,ATC,ATG,ATT,CAA,CAC,CAG,CAT,CCA,CCC,CCG,CCT,CGA,CGC,CGG,CGT,CTA,CTC,CTG,CTT,GAA,GAC,GAG,GAT,GCA,GCC,GCG,GCT,GGA,GGC,GGG,GGT,GTA,GTC,GTG,GTT,TAA,TAC,TAG,TAT,TCA,TCC,TCG,TCT,TGA,TGC,TGG,TGT,TTA,TTC,TTG,TTT
Salmonella phage P22,Duplodnaviria,NA,bacteria,DNA,linear,1.14320388349515,0.99837925445705,0.856796116504854,1.00162074554295,1.06146926536732,1.18740629685157,0.743628185907046,1.00749625187406,1.05039787798408,1.38227848101266,0.564986737400531,0.713924050632911,0.598583234946871,1.03069657615112,1,1.37072018890201,0.652705061082024,0.822429906542056,1.34729493891798,1.17757009345794,1.38996138996139,0.324324324324324,1.11196911196911,1.17374517374517,0.795755968169761,1.71883289124668,0.541114058355438,1.3289124668435,0.526315789473684,0.654970760233918,1.7719298245614,1.38011695906433,1.16355140186916,0.899608865710561,0.836448598130841,1.10039113428944,1.34208367514356,0.797374897456932,0.803937653814602,1.05660377358491,0.977477477477477,1.1981981981982,0.671171171171171,1.15315315315315,0.920261437908497,0.711111111111111,0.815686274509804,1.55294117647059,1.66666666666667,1.02449888641425,0.208333333333333,0.975501113585746,1.45822784810127,0.713924050632911,0.645569620253165,1.08607594936709,1.125,1.32544378698225,1,0.674556213017751,0.95906432748538,1.02417582417582,0.707602339181287,0.975824175824176
