virus,realm,locus_tag,host,type,shape,AAA,AAC,AAG,AAT,ACA,ACC,ACG,ACT,AGA,AGC,AGG,AGT,ATA,ATC,ATG,ATT,CAA,CAC,CAG,CAT,CCA,CCC,CCG,CCT,CGA,CGC,CGG,CGT,CTA,CTC,CTG,CTT,GAA,GAC,GAG,GAT,GCA,GCC,GCG,GCT,GGA,GGC,GGG,GGT,GTA,GTC,GTG,GTT,TAA,TAC,TAG,TAT,TCA,TCC,TCG,TCT,TGA,TGC,TGG,TGT,TTA,TTC,TTG,TTT
Salmonella phage Sw2,Duplodnaviria,HOU17,bacteria,DNA,linear,1.21901528013582,0.846723646723647,0.780984719864177,1.15327635327635,0.934020618556701,0.560824742268041,0.391752577319588,2.11340206185567,1.17169069462647,0.668596237337192,0.393184796854522,1.17221418234443,0.429524232992441,0.923076923076923,1,1.64739884393064,1.01757066462949,0.707037643207856,0.982429335370512,1.29296235679214,1.44273504273504,0.304273504273504,0.639316239316239,1.61367521367521,0.522935779816514,0.64089121887287,0.157273918741809,3.11402359108781,1.11379800853485,0.416073968705548,1.25889046941679,1.18421052631579,1.40033783783784,0.480703468490474,0.599662162162162,1.51929653150953,1.25906142693628,0.401373521556658,0.386112170927127,1.95345288057993,0.89134438305709,0.607734806629834,0.348066298342541,2.15285451197053,1.34415877311682,0.319350473612991,0.508795669824087,1.8276950834461,2.18181818181818,0.689230769230769,0.255681818181818,1.31076923076923,0.868306801736614,0.758321273516643,0.272069464544139,2.26049204052098,0.5625,0.647887323943662,1,1.35211267605634,1.425320056899,0.973998594518623,0.601706970128023,1.02600140548138
