virus,realm,locus_tag,host,type,shape,AAA,AAC,AAG,AAT,ACA,ACC,ACG,ACT,AGA,AGC,AGG,AGT,ATA,ATC,ATG,ATT,CAA,CAC,CAG,CAT,CCA,CCC,CCG,CCT,CGA,CGC,CGG,CGT,CTA,CTC,CTG,CTT,GAA,GAC,GAG,GAT,GCA,GCC,GCG,GCT,GGA,GGC,GGG,GGT,GTA,GTC,GTG,GTT,TAA,TAC,TAG,TAT,TCA,TCC,TCG,TCT,TGA,TGC,TGG,TGT,TTA,TTC,TTG,TTT
Salmonella phage ST160,Duplodnaviria,SaPhST160,bacteria,DNA,linear,1.10649350649351,1.01623376623377,0.893506493506493,0.983766233766234,1.12868217054264,1.12868217054264,0.768992248062015,0.973643410852713,1.02599179206566,1.36670838548185,0.656634746922025,0.72090112640801,0.657963446475196,1.04960835509138,1,1.29242819843342,0.644808743169399,0.981481481481482,1.3551912568306,1.01851851851852,1.3801652892562,0.330578512396694,1.20661157024793,1.08264462809917,0.853625170998632,1.85499316005472,0.443228454172367,1.16552667578659,0.566497461928934,0.609137055837564,1.79695431472081,1.35837563451777,1.17707006369427,0.851351351351351,0.822929936305733,1.14864864864865,1.23243243243243,0.836036036036036,0.745945945945946,1.18558558558559,0.892052194543298,1.19572953736655,0.626334519572954,1.2858837485172,1.03496503496504,0.665734265734266,0.74965034965035,1.54965034965035,1.52380952380952,0.960199004975124,0.333333333333333,1.03980099502488,1.55444305381727,0.713391739674593,0.593241551939925,1.05131414267835,1.14285714285714,1.31612903225806,1,0.683870967741935,0.944162436548223,1.04824561403509,0.724873096446701,0.951754385964912
