virus,realm,host,locus_tag,AAA,AAC,AAG,AAT,ACA,ACC,ACG,ACT,AGA,AGC,AGG,AGT,ATA,ATC,ATG,ATT,CAA,CAC,CAG,CAT,CCA,CCC,CCG,CCT,CGA,CGC,CGG,CGT,CTA,CTC,CTG,CTT,GAA,GAC,GAG,GAT,GCA,GCC,GCG,GCT,GGA,GGC,GGG,GGT,GTA,GTC,GTG,GTT,TAA,TAC,TAG,TAT,TCA,TCC,TCG,TCT,TGA,TGC,TGG,TGT,TTA,TTC,TTG,TTT
Salmonella phage IME207,Duplodnaviria,bacteria,BOW75,1.1024811218986,1.03713892709766,0.897518878101402,0.962861072902338,1.15698393077874,0.934487021013597,0.899876390605686,1.00865265760198,1.07169811320755,1.39893048128342,0.769811320754717,0.872727272727273,0.488888888888889,1.02857142857143,1,1.48253968253968,0.68904593639576,0.840579710144927,1.31095406360424,1.15942028985507,1.78867924528302,0.158490566037736,1.09433962264151,0.958490566037736,0.573584905660377,2.12075471698113,0.279245283018868,1.18490566037736,0.51063829787234,0.481624758220503,2.0889748549323,1.47388781431335,1.13742071881607,0.770764119601329,0.862579281183932,1.22923588039867,1.44155844155844,0.590909090909091,0.847402597402597,1.12012987012987,0.837029893924783,1.40790742526519,0.489874638379942,1.26518804243009,0.677685950413223,0.574380165289256,1.14462809917355,1.60330578512397,1.43617021276596,0.88659793814433,0.159574468085106,1.11340206185567,1.62994652406417,0.551871657754011,0.564705882352941,0.981818181818182,1.40425531914894,1.38144329896907,1,0.618556701030928,0.731141199226306,1.04198473282443,0.713733075435203,0.958015267175573
