virus,realm,locus_tag,host,type,shape,AAA,AAC,AAG,AAT,ACA,ACC,ACG,ACT,AGA,AGC,AGG,AGT,ATA,ATC,ATG,ATT,CAA,CAC,CAG,CAT,CCA,CCC,CCG,CCT,CGA,CGC,CGG,CGT,CTA,CTC,CTG,CTT,GAA,GAC,GAG,GAT,GCA,GCC,GCG,GCT,GGA,GGC,GGG,GGT,GTA,GTC,GTG,GTT,TAA,TAC,TAG,TAT,TCA,TCC,TCG,TCT,TGA,TGC,TGG,TGT,TTA,TTC,TTG,TTT
Salmonella phage SEN1,Duplodnaviria,SEN1,bacteria,DNA,circular,1.29320388349515,1.15730337078652,0.706796116504854,0.842696629213483,0.600337268128162,1.71332209106239,1.04553119730186,0.640809443507589,0.249566724436742,1.68849557522124,0.436741767764298,0.934513274336283,0.275449101796407,1.19760479041916,1,1.52694610778443,0.420168067226891,1.01098901098901,1.57983193277311,0.989010989010989,0.631578947368421,0.610526315789474,1.95789473684211,0.8,0.499133448873484,2.47487001733102,0.592720970537262,1.74696707105719,0.253623188405797,1.07246376811594,2.55797101449275,1.08695652173913,1.02527075812274,1.08243727598566,0.974729241877256,0.917562724014337,0.916578669482577,1.17001055966209,1.09820485744456,0.815205913410771,0.42443729903537,1.67202572347267,0.572347266881029,1.33118971061093,0.582191780821918,1.21917808219178,1.15753424657534,1.04109589041096,1.81395348837209,0.929824561403509,0.13953488372093,1.07017543859649,1.05132743362832,0.817699115044248,0.807079646017699,0.700884955752212,1.04651162790698,1.34831460674157,1,0.651685393258427,0.5,0.782918149466192,0.528985507246377,1.21708185053381
