virus,realm,locus_tag,host,type,shape,AAA,AAC,AAG,AAT,ACA,ACC,ACG,ACT,AGA,AGC,AGG,AGT,ATA,ATC,ATG,ATT,CAA,CAC,CAG,CAT,CCA,CCC,CCG,CCT,CGA,CGC,CGG,CGT,CTA,CTC,CTG,CTT,GAA,GAC,GAG,GAT,GCA,GCC,GCG,GCT,GGA,GGC,GGG,GGT,GTA,GTC,GTG,GTT,TAA,TAC,TAG,TAT,TCA,TCC,TCG,TCT,TGA,TGC,TGG,TGT,TTA,TTC,TTG,TTT
Salmonella phage oldekolle,Duplodnaviria,HWD21,bacteria,DNA,linear,1.35460992907801,0.732889158086009,0.645390070921986,1.26711084191399,0.99149177538287,0.644356211003971,0.401588201928531,1.96256381168463,1.35483870967742,0.626639757820384,0.417888563049853,1.19273461150353,0.528564570331253,0.691310609697552,1,1.7801248199712,1.0541215653622,0.599659284497445,0.945878434637802,1.40034071550256,1.5032080659945,0.322639780018332,0.58295142071494,1.59120073327223,0.51466275659824,0.76099706744868,0.118768328445748,2.83284457478006,1.25850340136054,0.340136054421769,0.938775510204082,1.12698412698413,1.36578581363004,0.458246346555324,0.634214186369958,1.54175365344468,1.18174409127954,0.43520782396088,0.41401792991035,1.96903015484923,0.861900097943193,0.611165523996082,0.481880509304603,2.04505386875612,1.51770984958758,0.263949539058709,0.4463852498787,1.77195536147501,2.38853503184713,0.626938775510204,0.191082802547771,1.3730612244898,0.850655903128153,0.72351160443996,0.236125126135217,2.37033299697275,0.420382165605096,0.708708708708709,1,1.29129129129129,1.68934240362812,0.81974921630094,0.646258503401361,1.18025078369906
