virus,realm,host,locus_tag,AAA,AAC,AAG,AAT,ACA,ACC,ACG,ACT,AGA,AGC,AGG,AGT,ATA,ATC,ATG,ATT,CAA,CAC,CAG,CAT,CCA,CCC,CCG,CCT,CGA,CGC,CGG,CGT,CTA,CTC,CTG,CTT,GAA,GAC,GAG,GAT,GCA,GCC,GCG,GCT,GGA,GGC,GGG,GGT,GTA,GTC,GTG,GTT,TAA,TAC,TAG,TAT,TCA,TCC,TCG,TCT,TGA,TGC,TGG,TGT,TTA,TTC,TTG,TTT
Salmonella phage SS3e,Duplodnaviria,bacteria,BPKS7gp,1.17948717948718,1.29387755102041,0.82051282051282,0.706122448979592,0.974212034383954,1.32951289398281,0.92836676217765,0.767908309455587,0.425339366515837,1.05671641791045,0.552036199095023,0.841791044776119,0.760714285714286,1.09821428571429,1,1.14107142857143,0.757647058823529,1.16571428571429,1.24235294117647,0.834285714285714,0.820276497695853,0.56221198156682,1.64976958525346,0.967741935483871,0.65158371040724,1.710407239819,0.769230769230769,1.89140271493213,0.572727272727273,0.6,1.77954545454545,1.275,1.16391359593393,1.09915014164306,0.836086404066074,0.900849858356941,0.780575539568345,1.14748201438849,1.14388489208633,0.928057553956835,0.555808656036446,1.18451025056948,0.824601366742597,1.43507972665148,1.24253285543608,0.573476702508961,0.893667861409797,1.29032258064516,1.44827586206897,1.11640211640212,0.310344827586207,0.883597883597884,0.922388059701493,1.02985074626866,0.949253731343284,1.2,1.24137931034483,1.18965517241379,1,0.810344827586207,0.947727272727273,1.23188405797101,0.825,0.768115942028985
