virus,realm,host,locus_tag,AAA,AAC,AAG,AAT,ACA,ACC,ACG,ACT,AGA,AGC,AGG,AGT,ATA,ATC,ATG,ATT,CAA,CAC,CAG,CAT,CCA,CCC,CCG,CCT,CGA,CGC,CGG,CGT,CTA,CTC,CTG,CTT,GAA,GAC,GAG,GAT,GCA,GCC,GCG,GCT,GGA,GGC,GGG,GGT,GTA,GTC,GTG,GTT,TAA,TAC,TAG,TAT,TCA,TCC,TCG,TCT,TGA,TGC,TGG,TGT,TTA,TTC,TTG,TTT
Salmonella phage 1-23,Duplodnaviria,bacteria,HOV06,1.23657345761207,0.869565217391304,0.763426542387927,1.1304347826087,0.933108487914559,0.550871275997752,0.373243395165823,2.14277684092187,1.20405405405405,0.659509202453988,0.425675675675676,1.12883435582822,0.420317766008666,0.924410207029369,1,1.65527202696196,1.03684210526316,0.728476821192053,0.963157894736842,1.27152317880795,1.52117863720074,0.276243093922652,0.640883977900553,1.56169429097606,0.527027027027027,0.745945945945946,0.125675675675676,2.97162162162162,1.14746543778802,0.412442396313364,1.25345622119816,1.21658986175115,1.391771019678,0.500519210799585,0.608228980322004,1.49948078920042,1.31484502446982,0.396411092985318,0.355628058727569,1.93311582381729,0.906155398587286,0.647830474268416,0.330978809283552,2.11503531786075,1.37049495434887,0.305622296972609,0.461316674675637,1.86256607400288,2.18518518518519,0.698282910874898,0.148148148148148,1.3017170891251,0.861963190184049,0.748466257668712,0.242331288343558,2.35889570552147,0.666666666666667,0.681528662420382,1,1.31847133757962,1.3963133640553,0.95952023988006,0.573732718894009,1.04047976011994
