virus,realm,locus_tag,host,type,shape,AAA,AAC,AAG,AAT,ACA,ACC,ACG,ACT,AGA,AGC,AGG,AGT,ATA,ATC,ATG,ATT,CAA,CAC,CAG,CAT,CCA,CCC,CCG,CCT,CGA,CGC,CGG,CGT,CTA,CTC,CTG,CTT,GAA,GAC,GAG,GAT,GCA,GCC,GCG,GCT,GGA,GGC,GGG,GGT,GTA,GTC,GTG,GTT,TAA,TAC,TAG,TAT,TCA,TCC,TCG,TCT,TGA,TGC,TGG,TGT,TTA,TTC,TTG,TTT
Salmonella virus VSt472,Duplodnaviria,KGB44,bacteria,DNA,linear,1.13313313313313,0.956521739130435,0.866866866866867,1.04347826086957,1.14140127388535,0.978343949044586,0.8,1.08025477707006,1.27296248382924,1.34591194968553,0.846054333764554,0.779874213836478,0.589341692789969,0.862068965517241,1,1.54858934169279,0.736263736263736,0.756183745583039,1.26373626373626,1.24381625441696,1.74207188160677,0.152219873150106,1.04016913319239,1.06553911205074,0.597671410090556,1.85510996119017,0.28719275549806,1.14100905562743,0.496062992125984,0.631889763779528,2.03740157480315,1.44094488188976,1.12092534174553,0.727272727272727,0.879074658254469,1.27272727272727,1.31587561374795,0.62847790507365,0.88379705400982,1.17184942716858,0.813819577735125,1.42034548944338,0.460652591170825,1.30518234165067,0.671023965141612,0.557734204793028,1.11111111111111,1.66013071895425,1.28048780487805,0.911439114391144,0.219512195121951,1.08856088560886,1.84276729559748,0.515723270440252,0.452830188679245,1.06289308176101,1.5,1.38396624472574,1,0.616033755274262,0.631889763779528,0.969939879759519,0.761811023622047,1.03006012024048
