virus,realm,locus_tag,host,type,shape,AAA,AAC,AAG,AAT,ACA,ACC,ACG,ACT,AGA,AGC,AGG,AGT,ATA,ATC,ATG,ATT,CAA,CAC,CAG,CAT,CCA,CCC,CCG,CCT,CGA,CGC,CGG,CGT,CTA,CTC,CTG,CTT,GAA,GAC,GAG,GAT,GCA,GCC,GCG,GCT,GGA,GGC,GGG,GGT,GTA,GTC,GTG,GTT,TAA,TAC,TAG,TAT,TCA,TCC,TCG,TCT,TGA,TGC,TGG,TGT,TTA,TTC,TTG,TTT
Salmonella phage SE14,Duplodnaviria,HYP87,bacteria,DNA,linear,1.23245463882232,1.02503182011031,0.767545361177679,0.97496817988969,1.0617915904936,1.06764168190128,0.704936014625228,1.16563071297989,0.479241877256318,0.794871794871795,0.249097472924188,0.782051282051282,0.482855143456963,1.38558432470259,1,1.13156053184045,1.05437893531769,0.75544794188862,0.945621064682313,1.24455205811138,1.22491349480969,0.405997693194925,1.00576701268743,1.36332179930796,0.563176895306859,1.82490974729242,0.34927797833935,2.53429602888087,0.311753264795777,0.688524590163934,1.82050569602667,0.878577382606279,1.51441677588467,0.81029810298103,0.485583224115334,1.18970189701897,0.978552278820375,0.939678284182306,0.863270777479893,1.21849865951743,0.638354346383543,1.02587923025879,0.687458526874585,1.64830789648308,0.567358315267885,0.910498606379684,0.997212759368226,1.52493031898421,1.79081632653061,0.623717217787913,0.153061224489796,1.37628278221209,0.955128205128205,1.03632478632479,0.461538461538462,1.97008547008547,1.05612244897959,0.772073921971253,1,1.22792607802875,0.816893581550431,1.16709511568123,1.4837454848569,0.832904884318766
