virus,realm,locus_tag,host,type,shape,AAA,AAC,AAG,AAT,ACA,ACC,ACG,ACT,AGA,AGC,AGG,AGT,ATA,ATC,ATG,ATT,CAA,CAC,CAG,CAT,CCA,CCC,CCG,CCT,CGA,CGC,CGG,CGT,CTA,CTC,CTG,CTT,GAA,GAC,GAG,GAT,GCA,GCC,GCG,GCT,GGA,GGC,GGG,GGT,GTA,GTC,GTG,GTT,TAA,TAC,TAG,TAT,TCA,TCC,TCG,TCT,TGA,TGC,TGG,TGT,TTA,TTC,TTG,TTT
Salmonella phage vB SenS BPS2,NA,JT337,NA,NA,NA,1.08482142857143,1.4557463672391,0.915178571428571,0.544253632760898,0.359154929577465,1.47535211267606,1.66549295774648,0.5,0.150557620817844,1.36670071501532,0.189591078066914,0.373850868232891,0.108135942327497,2.11328527291452,1,0.778578784757981,0.553008595988539,1.35526315789474,1.44699140401146,0.644736842105263,0.532699167657551,0.313912009512485,2.64922711058264,0.504161712247325,0.507434944237918,2.79368029739777,0.981412639405205,1.37732342007435,0.206896551724138,0.910344827586207,2.99770114942529,0.740229885057471,1.28171641791045,1.3421926910299,0.718283582089552,0.6578073089701,0.552031163049527,1.38230383973289,1.65164162493044,0.414023372287145,0.35548686244204,2.06491499227202,0.812982998454405,0.76661514683153,0.53030303030303,1.27575757575758,1.41212121212121,0.781818181818182,1.875,1.39935064935065,0.291666666666667,0.600649350649351,0.692543411644535,1.33605720122574,1.59346271705822,0.637385086823289,0.833333333333333,1.41772151898734,1,0.582278481012658,0.501149425287356,1.46688206785137,0.64367816091954,0.533117932148627
