virus,realm,host,locus_tag,AAA,AAC,AAG,AAT,ACA,ACC,ACG,ACT,AGA,AGC,AGG,AGT,ATA,ATC,ATG,ATT,CAA,CAC,CAG,CAT,CCA,CCC,CCG,CCT,CGA,CGC,CGG,CGT,CTA,CTC,CTG,CTT,GAA,GAC,GAG,GAT,GCA,GCC,GCG,GCT,GGA,GGC,GGG,GGT,GTA,GTC,GTG,GTT,TAA,TAC,TAG,TAT,TCA,TCC,TCG,TCT,TGA,TGC,TGG,TGT,TTA,TTC,TTG,TTT
Salmonella phage SH9,Duplodnaviria,bacteria,HOT53,1.25192918747163,0.890137328339575,0.74807081252837,1.10986267166042,0.929814710836609,0.574957888826502,0.415496911847277,2.07973048848961,1.04874651810585,0.695292291774444,0.442896935933148,1.16399379203311,0.372453928225024,0.939864209505335,1,1.68768186226964,1.04279475982533,0.722033898305085,0.957205240174672,1.27796610169492,1.51241950321987,0.24655013799448,0.695492180312787,1.54553817847286,0.522284122562674,0.697771587743733,0.116991643454039,3.17130919220056,1.13137557959815,0.41499227202473,1.29366306027821,1.20556414219474,1.41474245115453,0.494093477144325,0.585257548845471,1.50590652285568,1.28513403736799,0.389926888708367,0.380178716490658,1.94476035743298,0.861224489795918,0.638775510204082,0.351020408163265,2.14897959183673,1.35016998542982,0.326372025254978,0.464303059737737,1.85915492957746,2.34375,0.708094848732625,0.13125,1.29190515126738,0.893947232281428,0.710812209001552,0.235902741852043,2.30005173305742,0.525,0.64,1,1.36,1.35857805255023,0.966666666666667,0.595826893353941,1.03333333333333
