virus,realm,locus_tag,host,type,shape,AAA,AAC,AAG,AAT,ACA,ACC,ACG,ACT,AGA,AGC,AGG,AGT,ATA,ATC,ATG,ATT,CAA,CAC,CAG,CAT,CCA,CCC,CCG,CCT,CGA,CGC,CGG,CGT,CTA,CTC,CTG,CTT,GAA,GAC,GAG,GAT,GCA,GCC,GCG,GCT,GGA,GGC,GGG,GGT,GTA,GTC,GTG,GTT,TAA,TAC,TAG,TAT,TCA,TCC,TCG,TCT,TGA,TGC,TGG,TGT,TTA,TTC,TTG,TTT
Salmonella phage ST-374,Duplodnaviria,JT340,bacteria,DNA,linear,1.08223350253807,1.45273631840796,0.917766497461929,0.54726368159204,0.33616298811545,1.56536502546689,1.65704584040747,0.441426146010187,0.15,1.39440694310511,0.198214285714286,0.352941176470588,0.118840579710145,2.12173913043478,1,0.759420289855072,0.552845528455285,1.36507936507937,1.44715447154472,0.634920634920635,0.505073280721533,0.279594137542277,2.7869222096956,0.428410372040586,0.460714285714286,2.90357142857143,0.975,1.3125,0.262773722627737,0.871532846715328,3.03503649635037,0.700729927007299,1.28571428571429,1.33647058823529,0.714285714285714,0.663529411764706,0.519282998370451,1.39923954372624,1.6860401955459,0.395437262357414,0.367917586460633,2.09860191317145,0.812362030905077,0.72111846946284,0.519402985074627,1.23880597014925,1.44477611940299,0.797014925373134,1.81578947368421,1.39847328244275,0.236842105263158,0.601526717557252,0.729026036644166,1.35969141755063,1.54484088717454,0.619093539054966,0.947368421052632,1.34806629834254,1,0.651933701657459,0.512408759124088,1.4601226993865,0.617518248175183,0.539877300613497
