virus,realm,locus_tag,host,type,shape,AAA,AAC,AAG,AAT,ACA,ACC,ACG,ACT,AGA,AGC,AGG,AGT,ATA,ATC,ATG,ATT,CAA,CAC,CAG,CAT,CCA,CCC,CCG,CCT,CGA,CGC,CGG,CGT,CTA,CTC,CTG,CTT,GAA,GAC,GAG,GAT,GCA,GCC,GCG,GCT,GGA,GGC,GGG,GGT,GTA,GTC,GTG,GTT,TAA,TAC,TAG,TAT,TCA,TCC,TCG,TCT,TGA,TGC,TGG,TGT,TTA,TTC,TTG,TTT
Salmonella phage SG1,Duplodnaviria,KMC28,bacteria,DNA,linear,1.57600189708323,0.49867374005305,0.423998102916765,1.50132625994695,1.21061471279812,0.421901242861942,0.350688612697346,2.01679543164259,1.28337874659401,0.47713717693837,0.231607629427793,1.04799772791821,0.438260869565217,0.470310559006211,1,2.09142857142857,1.33106189664963,0.4696802646086,0.668938103350369,1.5303197353914,1.6155162578437,0.12093553907587,0.563605248146035,1.6999429549344,0.776566757493188,0.833787465940054,0.17983651226158,2.69482288828338,0.512400920480696,0.322168243416006,0.493991306571209,1.53873689593454,1.70510494946877,0.452273411623005,0.294895050531226,1.54772658837699,1.31771771771772,0.345945945945946,0.365165165165165,1.97117117117117,1.34603174603175,0.506666666666667,0.265396825396825,1.88190476190476,1.27004716981132,0.330188679245283,0.366745283018868,2.03301886792453,1.9589552238806,0.429501084598698,0.134328358208955,1.5704989154013,1.66827605793809,0.337404146549276,0.339108207895484,2.13007668276058,0.906716417910448,0.719869706840391,1,1.28013029315961,2.25517770391204,0.504044274159217,0.877524929685502,1.49595572584078
