virus,realm,host,locus_tag,AAA,AAC,AAG,AAT,ACA,ACC,ACG,ACT,AGA,AGC,AGG,AGT,ATA,ATC,ATG,ATT,CAA,CAC,CAG,CAT,CCA,CCC,CCG,CCT,CGA,CGC,CGG,CGT,CTA,CTC,CTG,CTT,GAA,GAC,GAG,GAT,GCA,GCC,GCG,GCT,GGA,GGC,GGG,GGT,GTA,GTC,GTG,GTT,TAA,TAC,TAG,TAT,TCA,TCC,TCG,TCT,TGA,TGC,TGG,TGT,TTA,TTC,TTG,TTT
Salmonella phage SE2,Duplodnaviria,bacteria,SaPhSE2,1.17443408788282,1.29557522123894,0.825565912117177,0.704424778761062,0.932844932844933,1.25518925518926,0.927960927960928,0.884004884004884,0.436974789915966,1.06208718626156,0.436974789915966,0.752972258916777,0.75,1.08870967741935,1,1.16129032258065,0.69327731092437,1.25,1.30672268907563,0.75,0.89065606361829,0.493041749502982,1.60636182902585,1.00994035785288,0.571428571428571,1.76470588235294,0.857142857142857,1.9327731092437,0.531958762886598,0.575257731958763,1.75670103092784,1.32989690721649,1.17814726840855,1.0911528150134,0.821852731591449,0.908847184986595,0.706666666666667,1.07,1.25666666666667,0.966666666666667,0.513457556935818,1.19668737060041,0.815734989648033,1.47412008281574,1.2691466083151,0.590809628008753,0.910284463894967,1.22975929978118,1.32786885245902,1.15207373271889,0.39344262295082,0.847926267281106,1.03038309114927,1.06208718626156,0.966974900924703,1.12549537648613,1.27868852459016,1.07086614173228,1,0.929133858267717,0.909278350515464,1.19834710743802,0.896907216494845,0.801652892561983
