virus,realm,locus_tag,host,type,shape,AAA,AAC,AAG,AAT,ACA,ACC,ACG,ACT,AGA,AGC,AGG,AGT,ATA,ATC,ATG,ATT,CAA,CAC,CAG,CAT,CCA,CCC,CCG,CCT,CGA,CGC,CGG,CGT,CTA,CTC,CTG,CTT,GAA,GAC,GAG,GAT,GCA,GCC,GCG,GCT,GGA,GGC,GGG,GGT,GTA,GTC,GTG,GTT,TAA,TAC,TAG,TAT,TCA,TCC,TCG,TCT,TGA,TGC,TGG,TGT,TTA,TTC,TTG,TTT
San Miguel sea lion virus 8,Riboviria,QH82,vertebrates,RNA,linear,1.01986754966887,1.41891891891892,0.980132450331126,0.581081081081081,1.08888888888889,1.28888888888889,0.466666666666667,1.15555555555556,1.36585365853659,0.872727272727273,0.634146341463415,0.245454545454545,0.222857142857143,1.95428571428571,1,0.822857142857143,1.21276595744681,1.40740740740741,0.787234042553192,0.592592592592593,1.14649681528662,1.22292993630573,0.407643312101911,1.22292993630573,0.878048780487805,1.90243902439024,0.536585365853659,0.682926829268293,0.266666666666667,2.72,1.06666666666667,1.38666666666667,1.2089552238806,1.29192546583851,0.791044776119403,0.708074534161491,1.23348017621145,1.30396475770925,0.299559471365639,1.16299559471366,0.857142857142857,1.97959183673469,0.26530612244898,0.897959183673469,0.314606741573034,1.64044943820225,0.921348314606742,1.12359550561798,1,1.74545454545455,1,0.254545454545455,1.11818181818182,1.85454545454545,0.490909090909091,1.41818181818182,1,1.62790697674419,1,0.372093023255814,0.133333333333333,1.53398058252427,0.426666666666667,0.466019417475728
