virus,realm,host,locus_tag,AAA,AAC,AAG,AAT,ACA,ACC,ACG,ACT,AGA,AGC,AGG,AGT,ATA,ATC,ATG,ATT,CAA,CAC,CAG,CAT,CCA,CCC,CCG,CCT,CGA,CGC,CGG,CGT,CTA,CTC,CTG,CTT,GAA,GAC,GAG,GAT,GCA,GCC,GCG,GCT,GGA,GGC,GGG,GGT,GTA,GTC,GTG,GTT,TAA,TAC,TAG,TAT,TCA,TCC,TCG,TCT,TGA,TGC,TGG,TGT,TTA,TTC,TTG,TTT
Sangassou orthohantavirus,Riboviria,vertebrates,CA769,0.956521739130435,0.528571428571429,1.04347826086957,1.47142857142857,1.96153846153846,0.423076923076923,0.192307692307692,1.42307692307692,2.44585987261146,0.538205980066445,1.87261146496815,1.3156146179402,0.881679389312977,0.698473282442748,1,1.41984732824427,1.0718954248366,0.6,0.928104575163399,1.4,1.68115942028985,0.318840579710145,0.173913043478261,1.82608695652174,0.535031847133758,0.191082802547771,0.611464968152866,0.343949044585987,0.9,0.383333333333333,0.566666666666667,1.33333333333333,1.19469026548673,0.730964467005076,0.805309734513274,1.26903553299492,1.99095022624434,0.506787330316742,0.0723981900452489,1.42986425339367,0.9064039408867,0.512315270935961,0.926108374384236,1.6551724137931,0.793103448275862,0.793103448275862,0.931034482758621,1.48275862068966,2,0.575757575757576,1,1.42424242424242,2.01328903654485,0.418604651162791,0.239202657807309,1.47508305647841,0,0.7,1,1.3,1.55,0.597826086956522,1.26666666666667,1.40217391304348
