virus,realm,locus_tag,host,type,shape,AAA,AAC,AAG,AAT,ACA,ACC,ACG,ACT,AGA,AGC,AGG,AGT,ATA,ATC,ATG,ATT,CAA,CAC,CAG,CAT,CCA,CCC,CCG,CCT,CGA,CGC,CGG,CGT,CTA,CTC,CTG,CTT,GAA,GAC,GAG,GAT,GCA,GCC,GCG,GCT,GGA,GGC,GGG,GGT,GTA,GTC,GTG,GTT,TAA,TAC,TAG,TAT,TCA,TCC,TCG,TCT,TGA,TGC,TGG,TGT,TTA,TTC,TTG,TTT
Sango virus,Riboviria,FLA86,vertebrates,RNA,linear,1.43653250773994,0.424242424242424,0.563467492260062,1.57575757575758,2.11255411255411,0.536796536796537,0.225108225108225,1.12554112554113,2.43636363636364,0.45360824742268,1.41818181818182,0.989690721649485,1.4957507082153,0.552407932011331,1,0.951841359773371,1.25490196078431,0.469387755102041,0.745098039215686,1.53061224489796,1.78787878787879,0.363636363636364,0.363636363636364,1.48484848484848,0.763636363636364,0.327272727272727,0.4,0.654545454545455,1.26233766233766,0.374025974025974,0.545454545454545,0.623376623376623,1.43801652892562,0.453703703703704,0.56198347107438,1.5462962962963,2.32804232804233,0.444444444444444,0.105820105820106,1.12169312169312,1.10843373493976,0.771084337349398,0.795180722891566,1.32530120481928,1.41935483870968,0.473118279569892,0.580645161290323,1.52688172043011,2.25,0.532544378698225,0.75,1.46745562130178,2.22680412371134,0.268041237113402,0.164948453608247,1.89690721649485,0,0.912280701754386,1,1.08771929824561,2.01038961038961,0.641304347826087,1.18441558441558,1.35869565217391
