virus,realm,host,locus_tag,AAA,AAC,AAG,AAT,ACA,ACC,ACG,ACT,AGA,AGC,AGG,AGT,ATA,ATC,ATG,ATT,CAA,CAC,CAG,CAT,CCA,CCC,CCG,CCT,CGA,CGC,CGG,CGT,CTA,CTC,CTG,CTT,GAA,GAC,GAG,GAT,GCA,GCC,GCG,GCT,GGA,GGC,GGG,GGT,GTA,GTC,GTG,GTT,TAA,TAC,TAG,TAT,TCA,TCC,TCG,TCT,TGA,TGC,TGG,TGT,TTA,TTC,TTG,TTT
Sanxia sobemo-like virus 1,Riboviria,invertebrates,BWU25,0.953846153846154,0.974358974358974,1.04615384615385,1.02564102564103,1.1,0.85,0.9,1.15,1.78125,0.947368421052632,0.5625,0.505263157894737,0.919354838709677,1.16129032258065,1,0.919354838709677,0.897959183673469,0.916666666666667,1.10204081632653,1.08333333333333,0.962962962962963,1.25925925925926,0.888888888888889,0.888888888888889,0.65625,1.21875,0.84375,0.9375,0.796875,1.265625,0.9375,1.171875,1.41666666666667,0.96969696969697,0.583333333333333,1.03030303030303,0.888888888888889,1.11111111111111,0.611111111111111,1.38888888888889,1.66666666666667,1.08333333333333,0.333333333333333,0.916666666666667,0.666666666666667,1.09090909090909,0.96969696969697,1.27272727272727,2,1.3125,1,0.6875,1.76842105263158,0.821052631578947,0.884210526315789,1.07368421052632,0,1.2,1,0.8,0.65625,0.979591836734694,1.171875,1.02040816326531
