virus,realm,locus_tag,host,type,shape,AAA,AAC,AAG,AAT,ACA,ACC,ACG,ACT,AGA,AGC,AGG,AGT,ATA,ATC,ATG,ATT,CAA,CAC,CAG,CAT,CCA,CCC,CCG,CCT,CGA,CGC,CGG,CGT,CTA,CTC,CTG,CTT,GAA,GAC,GAG,GAT,GCA,GCC,GCG,GCT,GGA,GGC,GGG,GGT,GTA,GTC,GTG,GTT,TAA,TAC,TAG,TAT,TCA,TCC,TCG,TCT,TGA,TGC,TGG,TGT,TTA,TTC,TTG,TTT
Satellite maize white line mosaic virus,Riboviria,Smwlmvgp1,land plants,ss-RNA,linear,0.2,1.33333333333333,1.8,0.666666666666667,0.727272727272727,1.09090909090909,0.909090909090909,1.27272727272727,1.5,0.666666666666667,0.75,0.333333333333333,0.857142857142857,0.428571428571429,1,1.71428571428571,0.5,2,1.5,0,0,0.8,0.8,2.4,0,1.875,1.125,0.75,0.72,0.72,2.16,1.2,0.571428571428571,1.2,1.42857142857143,0.8,1.11111111111111,1.33333333333333,0.222222222222222,1.33333333333333,0.923076923076923,1.23076923076923,1.23076923076923,0.615384615384615,0.421052631578947,0.421052631578947,1.68421052631579,1.47368421052632,0,0.8,3,1.2,1.33333333333333,2,0,1.66666666666667,0,1,NA,1,0,1.55555555555556,1.2,0.444444444444444
