virus,realm,locus_tag,host,type,shape,AAA,AAC,AAG,AAT,ACA,ACC,ACG,ACT,AGA,AGC,AGG,AGT,ATA,ATC,ATG,ATT,CAA,CAC,CAG,CAT,CCA,CCC,CCG,CCT,CGA,CGC,CGG,CGT,CTA,CTC,CTG,CTT,GAA,GAC,GAG,GAT,GCA,GCC,GCG,GCT,GGA,GGC,GGG,GGT,GTA,GTC,GTG,GTT,TAA,TAC,TAG,TAT,TCA,TCC,TCG,TCT,TGA,TGC,TGG,TGT,TTA,TTC,TTG,TTT
Sawgrass virus,Riboviria,KM628,invertebrates,RNA,linear,1.0939226519337,1.16176470588235,0.906077348066298,0.838235294117647,1.09243697478992,1.63025210084034,0.336134453781513,0.941176470588235,1.35746606334842,1.05737704918033,1.08597285067873,0.688524590163934,0.576271186440678,1.74576271186441,1,0.677966101694915,1.08771929824561,1.21495327102804,0.912280701754386,0.785046728971963,1.00884955752212,1.32743362831858,0.619469026548673,1.04424778761062,1.22171945701357,0.787330316742081,1.08597285067873,0.461538461538462,0.72972972972973,1.15135135135135,1.32972972972973,0.762162162162162,1.16062176165803,1.04390243902439,0.839378238341969,0.95609756097561,1.3,1.2,0.316666666666667,1.18333333333333,0.904347826086957,0.834782608695652,1.32173913043478,0.939130434782609,0.429184549356223,1.49356223175966,1.33905579399142,0.738197424892704,2.4,1.296875,0,0.703125,1.10655737704918,1.30327868852459,0.614754098360656,1.22950819672131,0.6,0.96969696969697,1,1.03030303030303,0.616216216216216,1.33333333333333,1.41081081081081,0.666666666666667
