virus,realm,locus_tag,host,type,shape,AAA,AAC,AAG,AAT,ACA,ACC,ACG,ACT,AGA,AGC,AGG,AGT,ATA,ATC,ATG,ATT,CAA,CAC,CAG,CAT,CCA,CCC,CCG,CCT,CGA,CGC,CGG,CGT,CTA,CTC,CTG,CTT,GAA,GAC,GAG,GAT,GCA,GCC,GCG,GCT,GGA,GGC,GGG,GGT,GTA,GTC,GTG,GTT,TAA,TAC,TAG,TAT,TCA,TCC,TCG,TCT,TGA,TGC,TGG,TGT,TTA,TTC,TTG,TTT
Sclerotinia sclerotiorum negative-stranded RNA virus 1,NA,OI22,NA,RNA,linear,1.2,0.433566433566434,0.8,1.56643356643357,1.17073170731707,0.585365853658537,0.624390243902439,1.61951219512195,1.79310344827586,0.528169014084507,0.413793103448276,0.676056338028169,0.872246696035242,0.832599118942731,1,1.29515418502203,1.4954954954955,0.769230769230769,0.504504504504504,1.23076923076923,1.22077922077922,0.441558441558442,0.701298701298701,1.63636363636364,1.82758620689655,0.413793103448276,0.344827586206897,1.20689655172414,0.867469879518072,0.77710843373494,0.41566265060241,1.06626506024096,1.32608695652174,0.518072289156627,0.673913043478261,1.48192771084337,1.64705882352941,0.588235294117647,0.447058823529412,1.31764705882353,2.12903225806452,0.354838709677419,0.451612903225806,1.06451612903226,1.26896551724138,0.744827586206897,0.524137931034483,1.46206896551724,1,0.594594594594595,1,1.40540540540541,1.09859154929577,0.73943661971831,0.78169014084507,2.17605633802817,1,0.80952380952381,1,1.19047619047619,1.68072289156627,0.909090909090909,1.19277108433735,1.09090909090909
