virus,realm,host,locus_tag,AAA,AAC,AAG,AAT,ACA,ACC,ACG,ACT,AGA,AGC,AGG,AGT,ATA,ATC,ATG,ATT,CAA,CAC,CAG,CAT,CCA,CCC,CCG,CCT,CGA,CGC,CGG,CGT,CTA,CTC,CTG,CTT,GAA,GAC,GAG,GAT,GCA,GCC,GCG,GCT,GGA,GGC,GGG,GGT,GTA,GTC,GTG,GTT,TAA,TAC,TAG,TAT,TCA,TCC,TCG,TCT,TGA,TGC,TGG,TGT,TTA,TTC,TTG,TTT
Sclerotinia sclerotiorum mycoreovirus 4,Riboviria,fungi,A7328,0.739336492890995,1.01360544217687,1.260663507109,0.986394557823129,1,0.900826446280992,1.05785123966942,1.04132231404959,0.755555555555556,0.457943925233645,0.588888888888889,0.588785046728972,0.696296296296296,1.17037037037037,1,1.13333333333333,1,1.07142857142857,1,0.928571428571429,1.30073349633252,0.684596577017115,1.00733496332518,1.00733496332518,1.28888888888889,1.27777777777778,0.522222222222222,1.56666666666667,0.6158357771261,1.26686217008798,0.879765395894428,1.2316715542522,1.04597701149425,0.846960167714885,0.954022988505747,1.15303983228512,1.07663551401869,0.882242990654206,0.829906542056075,1.21121495327103,1.09704641350211,0.843881856540084,0.455696202531646,1.60337552742616,0.407079646017699,1.07374631268437,0.772861356932153,1.74631268436578,0.25,1.08896797153025,1.5,0.911032028469751,1.1588785046729,0.953271028037383,1.19626168224299,1.64485981308411,1.25,0.766666666666667,1,1.23333333333333,0.67741935483871,0.982456140350877,1.32844574780059,1.01754385964912
