virus,realm,host,locus_tag,AAA,AAC,AAG,AAT,ACA,ACC,ACG,ACT,AGA,AGC,AGG,AGT,ATA,ATC,ATG,ATT,CAA,CAC,CAG,CAT,CCA,CCC,CCG,CCT,CGA,CGC,CGG,CGT,CTA,CTC,CTG,CTT,GAA,GAC,GAG,GAT,GCA,GCC,GCG,GCT,GGA,GGC,GGG,GGT,GTA,GTC,GTG,GTT,TAA,TAC,TAG,TAT,TCA,TCC,TCG,TCT,TGA,TGC,TGG,TGT,TTA,TTC,TTG,TTT
Sclerotinia sclerotiorum mitovirus 1 HC025,Riboviria,fungi,UG57,0.78125,0.666666666666667,1.21875,1.33333333333333,1.42222222222222,0.711111111111111,0.266666666666667,1.6,1.82608695652174,0.315789473684211,1.43478260869565,1.05263157894737,1.47272727272727,0.654545454545455,1,0.872727272727273,1.33333333333333,1.04761904761905,0.666666666666667,0.952380952380952,1.69230769230769,0.615384615384615,0.307692307692308,1.38461538461538,0.652173913043478,0.260869565217391,0.260869565217391,1.56521739130435,1.1566265060241,0.433734939759036,0.506024096385542,1.51807228915663,0.888888888888889,0.634146341463415,1.11111111111111,1.36585365853659,1.27272727272727,1.27272727272727,0.181818181818182,1.27272727272727,0.878048780487805,0.195121951219512,0.975609756097561,1.95121951219512,1.04347826086957,0.434782608695652,0.521739130434783,2,0,0.538461538461538,0.272727272727273,1.46153846153846,1.47368421052632,1.15789473684211,0.421052631578947,1.57894736842105,2.72727272727273,1,1,1,1.59036144578313,1,0.795180722891566,1
