virus,realm,locus_tag,host,type,shape,AAA,AAC,AAG,AAT,ACA,ACC,ACG,ACT,AGA,AGC,AGG,AGT,ATA,ATC,ATG,ATT,CAA,CAC,CAG,CAT,CCA,CCC,CCG,CCT,CGA,CGC,CGG,CGT,CTA,CTC,CTG,CTT,GAA,GAC,GAG,GAT,GCA,GCC,GCG,GCT,GGA,GGC,GGG,GGT,GTA,GTC,GTG,GTT,TAA,TAC,TAG,TAT,TCA,TCC,TCG,TCT,TGA,TGC,TGG,TGT,TTA,TTC,TTG,TTT
Serratia phage Eta,Duplodnaviria,Eta,bacteria,DNA,linear,0.853403141361257,1.11774461028192,1.14659685863874,0.882255389718076,0.926208651399491,1.29262086513995,0.865139949109415,0.916030534351145,0.613259668508287,1.66927374301676,0.488950276243094,0.663687150837989,0.52338811630847,1.18331226295828,1,1.29329962073325,0.721915285451197,0.947826086956522,1.2780847145488,1.05217391304348,1.56846473029046,0.24896265560166,1.26141078838174,0.921161825726141,0.671270718232044,2.43646408839779,0.538674033149171,1.25138121546961,0.700507614213198,0.365482233502538,2.05888324873096,1.20609137055838,0.958429561200924,0.912988650693569,1.04157043879908,1.08701134930643,1.2369701181376,0.883947185545518,0.870048644892286,1.0090340514246,0.597322348094748,1.7178166838311,0.552008238928939,1.13285272914521,0.751592356687898,0.543524416135881,1.12101910828025,1.58386411889597,1.26086956521739,0.947115384615385,0.347826086956522,1.05288461538462,1.27374301675978,0.583240223463687,0.791061452513967,1.01899441340782,1.39130434782609,1.38095238095238,1,0.619047619047619,0.706598984771574,1.11368909512761,0.96243654822335,0.88631090487239
