virus,realm,locus_tag,host,type,shape,AAA,AAC,AAG,AAT,ACA,ACC,ACG,ACT,AGA,AGC,AGG,AGT,ATA,ATC,ATG,ATT,CAA,CAC,CAG,CAT,CCA,CCC,CCG,CCT,CGA,CGC,CGG,CGT,CTA,CTC,CTG,CTT,GAA,GAC,GAG,GAT,GCA,GCC,GCG,GCT,GGA,GGC,GGG,GGT,GTA,GTC,GTG,GTT,TAA,TAC,TAG,TAT,TCA,TCC,TCG,TCT,TGA,TGC,TGG,TGT,TTA,TTC,TTG,TTT
Serratia phage vB SmaM  2050HW,NA,HWB23,NA,NA,NA,1.12344925767745,1.432162982228,0.876550742322554,0.567837017771998,0.48264214674423,1.25426909363858,0.756614749483956,1.50647401013323,0.360104757747708,0.901946647440519,0.257965953731995,1.08579668348955,0.172754379426016,1.77897875512486,1,1.04826686544912,0.902036112178256,1.1628242074928,1.09796388782174,0.837175792507205,1.05871833084948,0.236065573770492,1.20298062593145,1.50223546944858,0.442601484068093,1.23876036665212,0.468790920995199,3.23177651680489,0.279770444763271,0.825538020086083,2.15810616929699,0.78077474892396,1.25550989914083,0.884873323397914,0.744490100859171,1.11512667660209,1.05547125273984,0.757376496374979,0.732422862923622,1.45472938796156,0.396839332748025,1.04723441615452,0.497980684811238,2.05794556628622,1.18327344005227,0.875530872263966,0.520091473374714,1.42110421430905,1.92265193370166,1.26353574633563,0.265193370165746,0.736464253664373,0.681326604181687,0.960346070656092,0.696467195385725,1.67411679884643,0.812154696132597,0.919191919191919,1,1.08080808080808,0.834146341463415,1.47619047619048,1.12166427546628,0.523809523809524
