virus,realm,locus_tag,host,type,shape,AAA,AAC,AAG,AAT,ACA,ACC,ACG,ACT,AGA,AGC,AGG,AGT,ATA,ATC,ATG,ATT,CAA,CAC,CAG,CAT,CCA,CCC,CCG,CCT,CGA,CGC,CGG,CGT,CTA,CTC,CTG,CTT,GAA,GAC,GAG,GAT,GCA,GCC,GCG,GCT,GGA,GGC,GGG,GGT,GTA,GTC,GTG,GTT,TAA,TAC,TAG,TAT,TCA,TCC,TCG,TCT,TGA,TGC,TGG,TGT,TTA,TTC,TTG,TTT
Serratia phage vB-Sru-IME250,Duplodnaviria,FDI76,bacteria,DNA,linear,1.07433380084151,1.16107097322567,0.925666199158485,0.838929026774331,0.714179658500371,1.2724573125464,0.795842613214551,1.21752041573868,0.396918894426824,0.97153024911032,0.209333937471681,0.721708185053381,0.291084854994629,1.75187969924812,1,0.95703544575725,0.782300884955752,0.762589928057554,1.21769911504425,1.23741007194245,0.915492957746479,0.448356807511737,1.50704225352113,1.12910798122066,0.386044404168555,1.98459447213412,0.557317625736294,2.46579066606253,0.237016574585635,0.701104972375691,2.52596685082873,0.817127071823204,1.39393939393939,0.904525933267261,0.606060606060606,1.09547406673274,0.856416772554003,1.09148665819568,0.894536213468869,1.15756035578145,0.47363184079602,1.28689883913765,0.672636815920398,1.56683250414594,0.59537750385208,1.18828967642527,0.922033898305085,1.29429892141757,1.9119170984456,0.794167134043747,0.248704663212435,1.20583286595625,0.875444839857651,1.24270462633452,0.535943060498221,1.65266903914591,0.839378238341969,0.910204081632653,1,1.08979591836735,0.550276243093923,1.36659877800407,1.16850828729282,0.633401221995927
