virus,realm,host,locus_tag,AAA,AAC,AAG,AAT,ACA,ACC,ACG,ACT,AGA,AGC,AGG,AGT,ATA,ATC,ATG,ATT,CAA,CAC,CAG,CAT,CCA,CCC,CCG,CCT,CGA,CGC,CGG,CGT,CTA,CTC,CTG,CTT,GAA,GAC,GAG,GAT,GCA,GCC,GCG,GCT,GGA,GGC,GGG,GGT,GTA,GTC,GTG,GTT,TAA,TAC,TAG,TAT,TCA,TCC,TCG,TCT,TGA,TGC,TGG,TGT,TTA,TTC,TTG,TTT
Sewage-associated circular DNA virus-26,NA,NA,TP15,1.21311475409836,0.926829268292683,0.786885245901639,1.07317073170732,1.5609756097561,0.780487804878049,0,1.65853658536585,3.25714285714286,0.13953488372093,0.857142857142857,1.11627906976744,0.387096774193548,1.45161290322581,1,1.16129032258065,1.71428571428571,0.5,0.285714285714286,1.5,1.84615384615385,0.615384615384615,0.307692307692308,1.23076923076923,0.171428571428571,0.342857142857143,0,1.37142857142857,0,1.52727272727273,0.327272727272727,2.4,1.12820512820513,1.06976744186047,0.871794871794872,0.930232558139535,1.89473684210526,0.736842105263158,0.210526315789474,1.15789473684211,1.2972972972973,1.08108108108108,0.756756756756757,0.864864864864865,0.761904761904762,1.33333333333333,0.857142857142857,1.04761904761905,3,1.2,0,0.8,2.23255813953488,0.976744186046512,0,1.53488372093023,0,0.833333333333333,1,1.16666666666667,0.436363636363636,0.666666666666667,1.30909090909091,1.33333333333333
