virus,realm,locus_tag,host,type,shape,AAA,AAC,AAG,AAT,ACA,ACC,ACG,ACT,AGA,AGC,AGG,AGT,ATA,ATC,ATG,ATT,CAA,CAC,CAG,CAT,CCA,CCC,CCG,CCT,CGA,CGC,CGG,CGT,CTA,CTC,CTG,CTT,GAA,GAC,GAG,GAT,GCA,GCC,GCG,GCT,GGA,GGC,GGG,GGT,GTA,GTC,GTG,GTT,TAA,TAC,TAG,TAT,TCA,TCC,TCG,TCT,TGA,TGC,TGG,TGT,TTA,TTC,TTG,TTT
Sewage-associated circular DNA virus-30,NA,TO81,NA,ss-DNA,circular,0.829268292682927,1.33333333333333,1.17073170731707,0.666666666666667,0.545454545454545,1.45454545454545,0.727272727272727,1.27272727272727,1.2,0.571428571428571,1.08,0.714285714285714,0.162162162162162,1.86486486486486,1,0.972972972972973,1.11111111111111,0.933333333333333,0.888888888888889,1.06666666666667,0.695652173913043,0.521739130434783,1.21739130434783,1.56521739130435,1.56,1.2,0.24,0.72,0.631578947368421,1.89473684210526,1.47368421052632,0.631578947368421,1.23076923076923,1,0.769230769230769,1,1.4468085106383,0.680851063829787,0.51063829787234,1.36170212765957,2,0.363636363636364,0.545454545454545,1.09090909090909,0.96969696969697,0.96969696969697,1.33333333333333,0.727272727272727,1.5,0.928571428571429,0,1.07142857142857,1.71428571428571,1.28571428571429,0.571428571428571,1.14285714285714,1.5,1.25,1,0.75,0.421052631578947,1.26315789473684,0.947368421052632,0.736842105263158
