virus,realm,host,locus_tag,AAA,AAC,AAG,AAT,ACA,ACC,ACG,ACT,AGA,AGC,AGG,AGT,ATA,ATC,ATG,ATT,CAA,CAC,CAG,CAT,CCA,CCC,CCG,CCT,CGA,CGC,CGG,CGT,CTA,CTC,CTG,CTT,GAA,GAC,GAG,GAT,GCA,GCC,GCG,GCT,GGA,GGC,GGG,GGT,GTA,GTC,GTG,GTT,TAA,TAC,TAG,TAT,TCA,TCC,TCG,TCT,TGA,TGC,TGG,TGT,TTA,TTC,TTG,TTT
Sewage-associated circular DNA virus-16,NA,NA,TP25,1.11111111111111,0.923076923076923,0.888888888888889,1.07692307692308,1.43589743589744,0.717948717948718,0.41025641025641,1.43589743589744,1.10526315789474,1.11627906976744,0,0.976744186046512,0.363636363636364,1,1,1.63636363636364,1.41176470588235,0.888888888888889,0.588235294117647,1.11111111111111,1.66666666666667,0.666666666666667,0.666666666666667,1,2.05263157894737,0.631578947368421,0.473684210526316,1.73684210526316,0.3,0.9,0.9,0.75,1.29411764705882,1.10344827586207,0.705882352941177,0.896551724137931,1.75,0.75,0.375,1.125,2.61538461538462,0.307692307692308,0.615384615384615,0.461538461538462,0.714285714285714,0.428571428571429,0.857142857142857,2,3,0.818181818181818,0,1.18181818181818,1.53488372093023,0.418604651162791,0.418604651162791,1.53488372093023,0,0.666666666666667,1,1.33333333333333,0.9,0.823529411764706,2.25,1.17647058823529
