virus,realm,host,locus_tag,AAA,AAC,AAG,AAT,ACA,ACC,ACG,ACT,AGA,AGC,AGG,AGT,ATA,ATC,ATG,ATT,CAA,CAC,CAG,CAT,CCA,CCC,CCG,CCT,CGA,CGC,CGG,CGT,CTA,CTC,CTG,CTT,GAA,GAC,GAG,GAT,GCA,GCC,GCG,GCT,GGA,GGC,GGG,GGT,GTA,GTC,GTG,GTT,TAA,TAC,TAG,TAT,TCA,TCC,TCG,TCT,TGA,TGC,TGG,TGT,TTA,TTC,TTG,TTT
Shahe picorna-like virus 11,Riboviria,invertebrates,BWT88,1.40740740740741,0.590604026845638,0.592592592592593,1.40939597315436,1.44303797468354,0.481012658227848,0.354430379746835,1.72151898734177,3.55555555555556,0.224299065420561,1.16666666666667,1.37383177570093,0.824561403508772,0.456140350877193,1,1.71929824561404,1.50724637681159,0.75,0.492753623188406,1.25,1.09401709401709,0.478632478632479,0.136752136752137,2.29059829059829,0.555555555555556,0.111111111111111,0.0555555555555556,0.555555555555556,0.448598130841121,0.644859813084112,0.168224299065421,1.28971962616822,1.38345864661654,0.546762589928058,0.616541353383459,1.45323741007194,0.972972972972973,0.72972972972973,0.297297297297297,2,1.65,0.3,0.175,1.875,0.984293193717278,0.460732984293194,0.544502617801047,2.01047120418848,1.5,0.747252747252747,1.5,1.25274725274725,1.17757009345794,0.588785046728972,0.420560747663551,2.21495327102804,0,0.473684210526316,1,1.52631578947368,2.1588785046729,0.727272727272727,1.28971962616822,1.27272727272727
