virus,realm,host,locus_tag,AAA,AAC,AAG,AAT,ACA,ACC,ACG,ACT,AGA,AGC,AGG,AGT,ATA,ATC,ATG,ATT,CAA,CAC,CAG,CAT,CCA,CCC,CCG,CCT,CGA,CGC,CGG,CGT,CTA,CTC,CTG,CTT,GAA,GAC,GAG,GAT,GCA,GCC,GCG,GCT,GGA,GGC,GGG,GGT,GTA,GTC,GTG,GTT,TAA,TAC,TAG,TAT,TCA,TCC,TCG,TCT,TGA,TGC,TGG,TGT,TTA,TTC,TTG,TTT
Shahe isopoda virus 3,Riboviria,invertebrates,BWT96,0.5,0.909090909090909,1.5,1.09090909090909,0.943396226415094,0.867924528301887,1.05660377358491,1.13207547169811,0.475247524752475,1,1.42574257425743,0.5,0.6,0.7,1,1.7,0.380952380952381,1.10344827586207,1.61904761904762,0.896551724137931,0.806451612903226,0.935483870967742,0.935483870967742,1.32258064516129,0.534653465346535,0.891089108910891,1.24752475247525,1.42574257425743,0.44,0.84,0.96,1.2,0.607594936708861,0.8,1.39240506329114,1.2,0.683544303797468,1.31645569620253,0.658227848101266,1.34177215189873,0.457142857142857,1.2952380952381,1.06666666666667,1.18095238095238,0.520325203252033,1.04065040650407,1.30081300813008,1.13821138211382,0,0.586206896551724,3,1.41379310344828,0.75,1.125,1.3125,1.3125,0,0.974358974358974,1,1.02564102564103,0.36,0.7,2.2,1.3
