virus,realm,locus_tag,host,type,shape,AAA,AAC,AAG,AAT,ACA,ACC,ACG,ACT,AGA,AGC,AGG,AGT,ATA,ATC,ATG,ATT,CAA,CAC,CAG,CAT,CCA,CCC,CCG,CCT,CGA,CGC,CGG,CGT,CTA,CTC,CTG,CTT,GAA,GAC,GAG,GAT,GCA,GCC,GCG,GCT,GGA,GGC,GGG,GGT,GTA,GTC,GTG,GTT,TAA,TAC,TAG,TAT,TCA,TCC,TCG,TCT,TGA,TGC,TGG,TGT,TTA,TTC,TTG,TTT
Shayang Fly Virus 3,Riboviria,BI174,invertebrates,RNA,linear,1.46953405017921,0.48,0.530465949820789,1.52,1.52558139534884,0.855813953488372,0.297674418604651,1.32093023255814,3.61490683229814,0.257142857142857,0.708074534161491,0.471428571428571,1.05309734513274,0.707964601769911,1,1.23893805309735,1.59440559440559,0.421052631578947,0.405594405594406,1.57894736842105,1.07103825136612,0.655737704918033,0.349726775956284,1.92349726775956,0.559006211180124,0.559006211180124,0.149068322981366,0.409937888198758,0.936651583710407,0.638009049773756,0.434389140271493,1.26244343891403,1.44339622641509,0.715686274509804,0.556603773584906,1.2843137254902,1.72972972972973,0.778378378378378,0.216216216216216,1.27567567567568,2.18579234972678,0.568306010928962,0.655737704918033,0.590163934426229,0.92972972972973,0.886486486486487,0.432432432432432,1.75135135135135,2.4,0.56551724137931,0,1.43448275862069,1.48571428571429,1.18571428571429,0.314285714285714,2.28571428571429,0.6,0.63013698630137,1,1.36986301369863,1.60180995475113,0.61864406779661,1.12669683257919,1.38135593220339
