virus,realm,locus_tag,host,type,shape,AAA,AAC,AAG,AAT,ACA,ACC,ACG,ACT,AGA,AGC,AGG,AGT,ATA,ATC,ATG,ATT,CAA,CAC,CAG,CAT,CCA,CCC,CCG,CCT,CGA,CGC,CGG,CGT,CTA,CTC,CTG,CTT,GAA,GAC,GAG,GAT,GCA,GCC,GCG,GCT,GGA,GGC,GGG,GGT,GTA,GTC,GTG,GTT,TAA,TAC,TAG,TAT,TCA,TCC,TCG,TCT,TGA,TGC,TGG,TGT,TTA,TTC,TTG,TTT
Sheep polyomavirus 1,Monodnaviria,AAU65,vertebrates,DNA,circular,0.927835051546392,0.564705882352941,1.07216494845361,1.43529411764706,1.11304347826087,0.973913043478261,0.104347826086957,1.80869565217391,2.765625,1.04545454545455,1.734375,1.59090909090909,1.28,0.44,1,1.28,0.901960784313726,1.08695652173913,1.09803921568627,0.91304347826087,1.29411764705882,1.32352941176471,0.117647058823529,1.26470588235294,0.234375,0.609375,0.421875,0.234375,1.13592233009709,0.786407766990291,1.22330097087379,0.786407766990291,0.796992481203007,0.795698924731183,1.20300751879699,1.20430107526882,1.28947368421053,1.36842105263158,0.236842105263158,1.10526315789474,1.088,0.896,1.088,0.928,1.1864406779661,0.440677966101695,1.49152542372881,0.88135593220339,1.71428571428571,0.710526315789474,0,1.28947368421053,1.36363636363636,0.727272727272727,0.0454545454545455,1.22727272727273,1.28571428571429,1.2,1,0.8,0.87378640776699,0.648648648648649,1.19417475728155,1.35135135135135
