virus,realm,locus_tag,host,type,shape,AAA,AAC,AAG,AAT,ACA,ACC,ACG,ACT,AGA,AGC,AGG,AGT,ATA,ATC,ATG,ATT,CAA,CAC,CAG,CAT,CCA,CCC,CCG,CCT,CGA,CGC,CGG,CGT,CTA,CTC,CTG,CTT,GAA,GAC,GAG,GAT,GCA,GCC,GCG,GCT,GGA,GGC,GGG,GGT,GTA,GTC,GTG,GTT,TAA,TAC,TAG,TAT,TCA,TCC,TCG,TCT,TGA,TGC,TGG,TGT,TTA,TTC,TTG,TTT
Shigella phage vB SsoS 008,NA,HOV07,NA,NA,NA,1.01115241635688,1.11688311688312,0.988847583643123,0.883116883116883,0.9125,0.70625,1.08125,1.3,0.86090775988287,1.13220338983051,0.650073206442167,0.684745762711864,0.4575,1.26,1,1.2825,0.85360824742268,1.10483870967742,1.14639175257732,0.895161290322581,1.01647058823529,0.272941176470588,1.42117647058824,1.28941176470588,1.35285505124451,1.42313323572474,0.404099560761347,1.30893118594436,0.732558139534884,0.572093023255814,1.23488372093023,1.49302325581395,1.04973821989529,0.776203966005666,0.950261780104712,1.22379603399433,1.23606889564336,0.620060790273556,0.919959473150962,1.22391084093212,0.946979038224414,1.1442663378545,0.50308261405672,1.40567200986436,0.918032786885246,0.549810844892812,0.802017654476671,1.73013871374527,1.44578313253012,1.10539845758355,0.36144578313253,0.894601542416452,1.6135593220339,0.650847457627119,0.745762711864407,1.1728813559322,1.19277108433735,1.4,1,0.6,0.927906976744186,1.09387755102041,1.03953488372093,0.906122448979592
