virus,realm,locus_tag,host,type,shape,AAA,AAC,AAG,AAT,ACA,ACC,ACG,ACT,AGA,AGC,AGG,AGT,ATA,ATC,ATG,ATT,CAA,CAC,CAG,CAT,CCA,CCC,CCG,CCT,CGA,CGC,CGG,CGT,CTA,CTC,CTG,CTT,GAA,GAC,GAG,GAT,GCA,GCC,GCG,GCT,GGA,GGC,GGG,GGT,GTA,GTC,GTG,GTT,TAA,TAC,TAG,TAT,TCA,TCC,TCG,TCT,TGA,TGC,TGG,TGT,TTA,TTC,TTG,TTT
Shigella phage Sf14,Duplodnaviria,FDI99,bacteria,DNA,linear,1.14383897889053,0.990305741983594,0.856161021109475,1.00969425801641,1.56900726392252,0.430992736077482,0.24455205811138,1.75544794188862,2.1332027424094,0.725118483412322,0.476003917727718,1.09123222748815,0.19795003203075,0.970531710442024,1,1.83151825752723,1.04628632938644,1.01219512195122,0.953713670613563,0.98780487804878,1.91809775429326,0.121532364597094,0.285336856010568,1.67503302509908,0.481880509304603,0.417238001958864,0.0646425073457395,2.42703232125367,0.63568215892054,0.341829085457271,0.950524737631184,1.65817091454273,1.27137970353478,0.687810945273632,0.728620296465222,1.31218905472637,1.7325261419923,0.242157402311502,0.167308750687947,1.85800770500826,0.638272345530894,0.395920815836833,0.331133773245351,2.63467306538692,1.28091168091168,0.407977207977208,0.455840455840456,1.85527065527066,1.96946564885496,0.866127583108715,0.274809160305344,1.13387241689128,1.59952606635071,0.380331753554502,0.124407582938389,2.07938388625592,0.755725190839695,0.674698795180723,1,1.32530120481928,1.48725637181409,0.880503144654088,0.926536731634183,1.11949685534591
