virus,realm,host,locus_tag,AAA,AAC,AAG,AAT,ACA,ACC,ACG,ACT,AGA,AGC,AGG,AGT,ATA,ATC,ATG,ATT,CAA,CAC,CAG,CAT,CCA,CCC,CCG,CCT,CGA,CGC,CGG,CGT,CTA,CTC,CTG,CTT,GAA,GAC,GAG,GAT,GCA,GCC,GCG,GCT,GGA,GGC,GGG,GGT,GTA,GTC,GTG,GTT,TAA,TAC,TAG,TAT,TCA,TCC,TCG,TCT,TGA,TGC,TGG,TGT,TTA,TTC,TTG,TTT
Shigella phage vB SflS-ISF001,NA,NA,HOS16,0.961727183513248,1.20221606648199,1.03827281648675,0.797783933518006,0.813559322033898,0.760290556900726,0.944309927360775,1.4818401937046,0.879888268156425,1.26923076923077,0.519553072625698,0.704453441295547,0.472168905950096,1.28406909788868,1,1.24376199616123,0.736842105263158,1.12977099236641,1.26315789473684,0.870229007633588,0.949152542372881,0.361581920903955,1.40112994350282,1.28813559322034,1.37430167597765,1.64245810055866,0.35195530726257,1.23184357541899,0.712809917355372,0.508264462809917,1.28925619834711,1.60537190082645,1.04860392967942,0.781456953642384,0.951396070320579,1.21854304635762,1.20716112531969,0.569479965899403,1.00255754475703,1.22080136402387,0.916666666666667,1.07575757575758,0.590909090909091,1.41666666666667,1.01569713758079,0.539242843951985,0.801477377654663,1.64358264081256,1.84615384615385,1.08015267175573,0.423076923076923,0.919847328244275,1.53643724696356,0.728744939271255,0.680161943319838,1.08097165991903,0.730769230769231,1.45631067961165,1,0.543689320388349,0.954545454545455,1.06830122591944,0.929752066115702,0.93169877408056
