virus,realm,locus_tag,host,type,shape,AAA,AAC,AAG,AAT,ACA,ACC,ACG,ACT,AGA,AGC,AGG,AGT,ATA,ATC,ATG,ATT,CAA,CAC,CAG,CAT,CCA,CCC,CCG,CCT,CGA,CGC,CGG,CGT,CTA,CTC,CTG,CTT,GAA,GAC,GAG,GAT,GCA,GCC,GCG,GCT,GGA,GGC,GGG,GGT,GTA,GTC,GTG,GTT,TAA,TAC,TAG,TAT,TCA,TCC,TCG,TCT,TGA,TGC,TGG,TGT,TTA,TTC,TTG,TTT
Shigella phage MK-13,Duplodnaviria,HYP84,bacteria,DNA,circular,0.806176084099869,1.43567753001715,1.19382391590013,0.564322469982847,0.679168087282646,1.50017047391749,0.821002386634845,0.999659052165019,0.351023819473464,1.06744666207846,0.25825323861262,0.621472814865795,0.197192742211571,1.97808969530983,1,0.824717562478603,0.539890710382514,1.08705357142857,1.46010928961749,0.912946428571429,1.11451187335092,0.407387862796834,1.19894459102902,1.27915567282322,0.353531132469703,2.55495194316757,0.366067697450898,2.11617216882574,0.237382703525235,0.818665990362668,3.07684504184631,0.655845802688308,1.17594936708861,1.12555205047319,0.824050632911392,0.874447949526814,0.758244909664468,1.14482363062805,0.90966446802409,1.1872669916834,0.386240193120097,1.41339770669885,0.634882317441159,1.56547978273989,0.517897091722595,1.06152125279642,1.33333333333333,1.08724832214765,1.60869565217391,1.05234460196292,0.202898550724638,0.947655398037077,0.817618719889883,1.32966276668961,0.553337921541638,1.61046111493462,1.18840579710145,1.00556586270872,1,0.99443413729128,0.287598275424803,1.49203283437953,0.923662186152676,0.507967165620473
