virus,realm,locus_tag,host,type,shape,AAA,AAC,AAG,AAT,ACA,ACC,ACG,ACT,AGA,AGC,AGG,AGT,ATA,ATC,ATG,ATT,CAA,CAC,CAG,CAT,CCA,CCC,CCG,CCT,CGA,CGC,CGG,CGT,CTA,CTC,CTG,CTT,GAA,GAC,GAG,GAT,GCA,GCC,GCG,GCT,GGA,GGC,GGG,GGT,GTA,GTC,GTG,GTT,TAA,TAC,TAG,TAT,TCA,TCC,TCG,TCT,TGA,TGC,TGG,TGT,TTA,TTC,TTG,TTT
Shigella phage Sf12,Duplodnaviria,HOR99,bacteria,DNA,linear,0.877573131094258,1.09236947791165,1.12242686890574,0.907630522088353,1.22429906542056,0.691588785046729,0.635514018691589,1.44859813084112,1.04761904761905,1.34384858044164,1.64502164502165,0.782334384858044,0.492688413948256,0.863892013498313,1,1.64341957255343,0.701818181818182,1.0462962962963,1.29818181818182,0.953703703703704,1.67770419426049,0.185430463576159,0.830022075055188,1.30684326710817,0.874458874458874,1.09090909090909,0.173160173160173,1.16883116883117,0.725663716814159,0.342182890855457,1.15634218289086,1.74631268436578,0.931071049840933,0.696864111498258,1.06892895015907,1.30313588850174,1.41512605042017,0.457142857142857,0.591596638655462,1.53613445378151,0.865148861646235,1.20490367775832,0.371278458844133,1.55866900175131,1.03718199608611,0.403131115459883,0.622309197651663,1.93737769080235,1.78378378378378,1.12849162011173,0.364864864864865,0.871508379888268,1.97476340694006,0.347003154574132,0.365930599369085,1.18611987381703,0.851351351351351,1.16981132075472,1,0.830188679245283,1.16814159292035,1.01663585951941,0.861356932153392,0.983364140480592
