virus,realm,locus_tag,host,type,shape,AAA,AAC,AAG,AAT,ACA,ACC,ACG,ACT,AGA,AGC,AGG,AGT,ATA,ATC,ATG,ATT,CAA,CAC,CAG,CAT,CCA,CCC,CCG,CCT,CGA,CGC,CGG,CGT,CTA,CTC,CTG,CTT,GAA,GAC,GAG,GAT,GCA,GCC,GCG,GCT,GGA,GGC,GGG,GGT,GTA,GTC,GTG,GTT,TAA,TAC,TAG,TAT,TCA,TCC,TCG,TCT,TGA,TGC,TGG,TGT,TTA,TTC,TTG,TTT
Shigella phage SH7,Duplodnaviria,KMC34,bacteria,DNA,linear,1.5677692116389,0.505644885391721,0.432230788361104,1.49435511460828,1.20394960844399,0.394960844399047,0.367722165474974,2.03336738168199,1.32115121059845,0.519836639439907,0.224760164458657,0.992415402567094,0.438185062452205,0.468009176650523,1,2.09380576089727,1.33032185206098,0.464692482915718,0.669678147939017,1.53530751708428,1.61200923787529,0.108545034642032,0.584295612009238,1.69515011547344,0.756509821836455,0.800365463682047,0.139789858382823,2.75742348104157,0.564341085271318,0.29922480620155,0.477519379844961,1.54573643410853,1.70540184453228,0.457560085184058,0.294598155467721,1.54243991481594,1.28433734939759,0.320481927710843,0.379518072289157,2.01566265060241,1.3393665158371,0.558500323206206,0.241758241758242,1.86037491919845,1.26184092940125,0.332439678284182,0.357462019660411,2.04825737265416,1.89056603773585,0.426986240568131,0.181132075471698,1.57301375943187,1.68028004667445,0.323803967327888,0.316802800466744,2.16686114352392,0.928301886792453,0.724077328646749,1,1.27592267135325,2.2093023255814,0.512353706111834,0.903875968992248,1.48764629388817
