virus,realm,host,locus_tag,AAA,AAC,AAG,AAT,ACA,ACC,ACG,ACT,AGA,AGC,AGG,AGT,ATA,ATC,ATG,ATT,CAA,CAC,CAG,CAT,CCA,CCC,CCG,CCT,CGA,CGC,CGG,CGT,CTA,CTC,CTG,CTT,GAA,GAC,GAG,GAT,GCA,GCC,GCG,GCT,GGA,GGC,GGG,GGT,GTA,GTC,GTG,GTT,TAA,TAC,TAG,TAT,TCA,TCC,TCG,TCT,TGA,TGC,TGG,TGT,TTA,TTC,TTG,TTT
Shuangao insect virus 9,Riboviria,invertebrates,BWT66,1,1.5,1,0.5,0.979591836734694,0.73469387755102,1.63265306122449,0.653061224489796,1.29411764705882,1.27868852459016,1.29411764705882,0.885245901639344,1.03125,0.9375,1,1.03125,0.857142857142857,0.923076923076923,1.14285714285714,1.07692307692308,1.55102040816327,0.653061224489796,0.653061224489796,1.14285714285714,1.41176470588235,0.588235294117647,0.941176470588235,0.470588235294118,1.14285714285714,0.857142857142857,1.07142857142857,0.785714285714286,0.844444444444444,0.974358974358974,1.15555555555556,1.02564102564103,0.777777777777778,0.722222222222222,1.44444444444444,1.05555555555556,0.955223880597015,1.67164179104478,0.537313432835821,0.835820895522388,0.242424242424242,1.09090909090909,1.51515151515152,1.15151515151515,3,1.10344827586207,0,0.896551724137931,0.491803278688525,1.57377049180328,0.786885245901639,0.983606557377049,0,1.2,1,0.8,0.642857142857143,0.971428571428571,1.5,1.02857142857143
