virus,realm,host,locus_tag,AAA,AAC,AAG,AAT,ACA,ACC,ACG,ACT,AGA,AGC,AGG,AGT,ATA,ATC,ATG,ATT,CAA,CAC,CAG,CAT,CCA,CCC,CCG,CCT,CGA,CGC,CGG,CGT,CTA,CTC,CTG,CTT,GAA,GAC,GAG,GAT,GCA,GCC,GCG,GCT,GGA,GGC,GGG,GGT,GTA,GTC,GTG,GTT,TAA,TAC,TAG,TAT,TCA,TCC,TCG,TCT,TGA,TGC,TGG,TGT,TTA,TTC,TTG,TTT
Shuangao sobemo-like virus 3,Riboviria,invertebrates,BWT63,1.44444444444444,0.285714285714286,0.555555555555556,1.71428571428571,1.33333333333333,0.888888888888889,0.666666666666667,1.11111111111111,1.65957446808511,0.157894736842105,0.638297872340426,0.947368421052632,1.14285714285714,0.142857142857143,1,1.71428571428571,1.42857142857143,0.454545454545455,0.571428571428571,1.54545454545455,1.30232558139535,0.465116279069767,0.372093023255814,1.86046511627907,1.02127659574468,0.25531914893617,1.02127659574468,1.40425531914894,0.380952380952381,0.285714285714286,0.666666666666667,1.52380952380952,1.23809523809524,0.391304347826087,0.761904761904762,1.60869565217391,0.666666666666667,0.416666666666667,0.5,2.41666666666667,0.912280701754386,0.631578947368421,0.350877192982456,2.10526315789474,0.754716981132076,0.377358490566038,0.452830188679245,2.41509433962264,1.5,0.571428571428571,1.5,1.42857142857143,1.65789473684211,0.394736842105263,0.552631578947368,2.28947368421053,0,0.210526315789474,1,1.78947368421053,0.857142857142857,0.340425531914894,2.28571428571429,1.65957446808511
