virus,realm,locus_tag,host,type,shape,AAA,AAC,AAG,AAT,ACA,ACC,ACG,ACT,AGA,AGC,AGG,AGT,ATA,ATC,ATG,ATT,CAA,CAC,CAG,CAT,CCA,CCC,CCG,CCT,CGA,CGC,CGG,CGT,CTA,CTC,CTG,CTT,GAA,GAC,GAG,GAT,GCA,GCC,GCG,GCT,GGA,GGC,GGG,GGT,GTA,GTC,GTG,GTT,TAA,TAC,TAG,TAT,TCA,TCC,TCG,TCT,TGA,TGC,TGG,TGT,TTA,TTC,TTG,TTT
Sibine fusca densovirus,NA,B718,NA,DNA,linear,1.53333333333333,0.646153846153846,0.466666666666667,1.35384615384615,1.88059701492537,0.447761194029851,0.626865671641791,1.04477611940298,2.50909090909091,0.805970149253731,0.545454545454545,1.61194029850746,1.19444444444444,0.555555555555556,1,1.25,1.49450549450549,0.755555555555556,0.505494505494505,1.24444444444444,1.64948453608247,0.494845360824742,0.494845360824742,1.36082474226804,1.25454545454545,0.327272727272727,0.327272727272727,1.03636363636364,1.07142857142857,0.6,0.428571428571429,0.985714285714286,1.62264150943396,0.694736842105263,0.377358490566038,1.30526315789474,1.44329896907216,0.494845360824742,0.247422680412371,1.81443298969072,2.32,0.6,0.16,0.92,1.39759036144578,0.481927710843373,0.674698795180723,1.44578313253012,2,0.95,1,1.05,1.43283582089552,0.805970149253731,0.537313432835821,0.805970149253731,0,0.555555555555556,1,1.44444444444444,1.67142857142857,0.753246753246753,1.24285714285714,1.24675324675325
