virus,realm,locus_tag,host,type,shape,AAA,AAC,AAG,AAT,ACA,ACC,ACG,ACT,AGA,AGC,AGG,AGT,ATA,ATC,ATG,ATT,CAA,CAC,CAG,CAT,CCA,CCC,CCG,CCT,CGA,CGC,CGG,CGT,CTA,CTC,CTG,CTT,GAA,GAC,GAG,GAT,GCA,GCC,GCG,GCT,GGA,GGC,GGG,GGT,GTA,GTC,GTG,GTT,TAA,TAC,TAG,TAT,TCA,TCC,TCG,TCT,TGA,TGC,TGG,TGT,TTA,TTC,TTG,TTT
sicinivirus A1,Riboviria,AS011,vertebrates,RNA,linear,0.763157894736842,1.02083333333333,1.23684210526316,0.979166666666667,0.301507537688442,1.98994974874372,0.241206030150754,1.46733668341709,0,0.592274678111588,0.196078431372549,0.489270386266094,0.432,1.392,1,1.176,0.830188679245283,1.26436781609195,1.16981132075472,0.735632183908046,0.596363636363636,1.81818181818182,0.32,1.26545454545455,0.549019607843137,2.74509803921569,0.941176470588235,1.56862745098039,0.593406593406593,1.84615384615385,0.857142857142857,1.49450549450549,0.620689655172414,1.04827586206897,1.37931034482759,0.951724137931034,0.464,1.856,0.32,1.36,0.603351955307263,1.58659217877095,0.64804469273743,1.16201117318436,0.306122448979592,1.42857142857143,1.28571428571429,0.979591836734694,0,1.19587628865979,3,0.804123711340206,0.824034334763948,1.90557939914163,0.412017167381974,1.77682403433476,0,1.01694915254237,1,0.983050847457627,0.175824175824176,1.26605504587156,1.03296703296703,0.73394495412844
