virus,realm,locus_tag,host,type,shape,AAA,AAC,AAG,AAT,ACA,ACC,ACG,ACT,AGA,AGC,AGG,AGT,ATA,ATC,ATG,ATT,CAA,CAC,CAG,CAT,CCA,CCC,CCG,CCT,CGA,CGC,CGG,CGT,CTA,CTC,CTG,CTT,GAA,GAC,GAG,GAT,GCA,GCC,GCG,GCT,GGA,GGC,GGG,GGT,GTA,GTC,GTG,GTT,TAA,TAC,TAG,TAT,TCA,TCC,TCG,TCT,TGA,TGC,TGG,TGT,TTA,TTC,TTG,TTT
Sida golden mosaic Lara virus,NA,D1Q81,NA,DNA,circular,0.838709677419355,0.847457627118644,1.16129032258065,1.15254237288136,1.26984126984127,0.761904761904762,0.888888888888889,1.07936507936508,1.97142857142857,0.6,1.62857142857143,0.9,0.666666666666667,1.38888888888889,1,0.944444444444444,1.0952380952381,1.1,0.904761904761905,0.9,1.6551724137931,0.827586206896552,0.689655172413793,0.827586206896552,0.6,0.342857142857143,0.342857142857143,1.11428571428571,0.782608695652174,1.21739130434783,0.782608695652174,0.782608695652174,0.92,1.08695652173913,1.08,0.91304347826087,1.22448979591837,1.38775510204082,0.408163265306122,0.979591836734694,0.962962962962963,1.25925925925926,0.740740740740741,1.03703703703704,0.444444444444444,1.46031746031746,0.952380952380952,1.14285714285714,1.2,0.619047619047619,0.6,1.38095238095238,2.025,0.825,0.675,0.975,1.2,1,1,1,1.47826086956522,1.21052631578947,0.956521739130435,0.789473684210526
