virus,realm,host,locus_tag,AAA,AAC,AAG,AAT,ACA,ACC,ACG,ACT,AGA,AGC,AGG,AGT,ATA,ATC,ATG,ATT,CAA,CAC,CAG,CAT,CCA,CCC,CCG,CCT,CGA,CGC,CGG,CGT,CTA,CTC,CTG,CTT,GAA,GAC,GAG,GAT,GCA,GCC,GCG,GCT,GGA,GGC,GGG,GGT,GTA,GTC,GTG,GTT,TAA,TAC,TAG,TAT,TCA,TCC,TCG,TCT,TGA,TGC,TGG,TGT,TTA,TTC,TTG,TTT
Sida golden mosaic Honduras virus,Monodnaviria,land plants,SiGMHV,0.772727272727273,1.22352941176471,1.22727272727273,0.776470588235294,1.13636363636364,0.772727272727273,1.27272727272727,0.818181818181818,1.59633027522936,0.81203007518797,1.81651376146789,0.676691729323308,0.837209302325581,1.32558139534884,1,0.837209302325581,0.952380952380952,0.949152542372881,1.04761904761905,1.05084745762712,1.45,0.7,0.8,1.05,0.660550458715596,0.330275229357798,0.495412844036697,1.10091743119266,1.04081632653061,1.22448979591837,1.10204081632653,0.673469387755102,0.957746478873239,0.835443037974684,1.04225352112676,1.16455696202532,0.926829268292683,0.975609756097561,0.878048780487805,1.21951219512195,0.904761904761905,0.904761904761905,1.04761904761905,1.14285714285714,0.49438202247191,1.12359550561798,1.25842696629213,1.12359550561798,1.71428571428571,0.866666666666667,0.428571428571429,1.13333333333333,1.21804511278195,1.26315789473684,1.03759398496241,0.992481203007519,0.857142857142857,1,1,1,0.979591836734694,1.49253731343284,0.979591836734694,0.507462686567164
