virus,realm,locus_tag,host,type,shape,AAA,AAC,AAG,AAT,ACA,ACC,ACG,ACT,AGA,AGC,AGG,AGT,ATA,ATC,ATG,ATT,CAA,CAC,CAG,CAT,CCA,CCC,CCG,CCT,CGA,CGC,CGG,CGT,CTA,CTC,CTG,CTT,GAA,GAC,GAG,GAT,GCA,GCC,GCG,GCT,GGA,GGC,GGG,GGT,GTA,GTC,GTG,GTT,TAA,TAC,TAG,TAT,TCA,TCC,TCG,TCT,TGA,TGC,TGG,TGT,TTA,TTC,TTG,TTT
Sida leaf curl alphasatellite,Alphasatellitidae,D1Y55,land plants,DNA,circular,0.842105263157895,0.6,1.15789473684211,1.4,0.533333333333333,1.33333333333333,0.8,1.33333333333333,1.15384615384615,0,0.923076923076923,2.1,0.882352941176471,0.176470588235294,1,1.94117647058824,0.8,1.25,1.2,0.75,0.941176470588235,1.17647058823529,0.235294117647059,1.64705882352941,1.61538461538462,1.15384615384615,0.461538461538462,0.692307692307692,0.24,1.44,1.2,0.96,1.25,0.705882352941177,0.75,1.29411764705882,0.8,0.8,1.33333333333333,1.06666666666667,1.25,0.25,1.25,1.25,1.05263157894737,0.631578947368421,1.26315789473684,1.05263157894737,3,0.615384615384615,0,1.38461538461538,0.3,0.9,0.3,2.4,0,0.666666666666667,1,1.33333333333333,0.72,1.125,1.44,0.875
