virus,realm,locus_tag,host,type,shape,AAA,AAC,AAG,AAT,ACA,ACC,ACG,ACT,AGA,AGC,AGG,AGT,ATA,ATC,ATG,ATT,CAA,CAC,CAG,CAT,CCA,CCC,CCG,CCT,CGA,CGC,CGG,CGT,CTA,CTC,CTG,CTT,GAA,GAC,GAG,GAT,GCA,GCC,GCG,GCT,GGA,GGC,GGG,GGT,GTA,GTC,GTG,GTT,TAA,TAC,TAG,TAT,TCA,TCC,TCG,TCT,TGA,TGC,TGG,TGT,TTA,TTC,TTG,TTT
Sida yellow vein Vietnam virus,Monodnaviria,SYVVV,land plants,ss-DNA,circular,0.851851851851852,0.793650793650794,1.14814814814815,1.20634920634921,0.914285714285714,0.857142857142857,1.31428571428571,0.914285714285714,0.867469879518072,0.827586206896552,1.59036144578313,1.17241379310345,0.962264150943396,1.30188679245283,1,0.735849056603774,0.905660377358491,0.857142857142857,1.09433962264151,1.14285714285714,1.33333333333333,1.10144927536232,0.695652173913043,0.869565217391304,1.2289156626506,0.433734939759036,0.578313253012048,1.30120481927711,0.759493670886076,0.759493670886076,0.987341772151899,1.21518987341772,0.851851851851852,0.892857142857143,1.14814814814815,1.10714285714286,1.29411764705882,0.941176470588235,0.882352941176471,0.882352941176471,1.14285714285714,0.73469387755102,0.979591836734694,1.14285714285714,1,1.1875,0.8125,1,2,0.933333333333333,0,1.06666666666667,0.96551724137931,0.896551724137931,1.17241379310345,0.96551724137931,1,1.07142857142857,1,0.928571428571429,1.13924050632911,0.936170212765957,1.13924050632911,1.06382978723404
