virus,realm,locus_tag,host,type,shape,AAA,AAC,AAG,AAT,ACA,ACC,ACG,ACT,AGA,AGC,AGG,AGT,ATA,ATC,ATG,ATT,CAA,CAC,CAG,CAT,CCA,CCC,CCG,CCT,CGA,CGC,CGG,CGT,CTA,CTC,CTG,CTT,GAA,GAC,GAG,GAT,GCA,GCC,GCG,GCT,GGA,GGC,GGG,GGT,GTA,GTC,GTG,GTT,TAA,TAC,TAG,TAT,TCA,TCC,TCG,TCT,TGA,TGC,TGG,TGT,TTA,TTC,TTG,TTT
Sida mottle Alagoas virus,Monodnaviria,H660,land plants,DNA,circular,0.766666666666667,1.01694915254237,1.23333333333333,0.983050847457627,1.37931034482759,0.620689655172414,1.37931034482759,0.620689655172414,1.63636363636364,0.683544303797468,1.72727272727273,0.759493670886076,0.78,1.26,1,0.96,0.926829268292683,1.02857142857143,1.07317073170732,0.971428571428571,1.35849056603774,0.981132075471698,0.60377358490566,1.05660377358491,0.818181818181818,0.363636363636364,0.454545454545455,1,1,1.72727272727273,1,0.818181818181818,0.893617021276596,1.10204081632653,1.1063829787234,0.897959183673469,1.25925925925926,0.592592592592593,0.444444444444444,1.7037037037037,1.16363636363636,0.727272727272727,0.872727272727273,1.23636363636364,0.48,1.52,0.88,1.12,1.8,0.888888888888889,0.6,1.11111111111111,1.36708860759494,1.36708860759494,0.607594936708861,1.21518987341772,0.6,1.26315789473684,1,0.736842105263158,1.27272727272727,1.36585365853659,0.181818181818182,0.634146341463415
