virus,realm,host,locus_tag,AAA,AAC,AAG,AAT,ACA,ACC,ACG,ACT,AGA,AGC,AGG,AGT,ATA,ATC,ATG,ATT,CAA,CAC,CAG,CAT,CCA,CCC,CCG,CCT,CGA,CGC,CGG,CGT,CTA,CTC,CTG,CTT,GAA,GAC,GAG,GAT,GCA,GCC,GCG,GCT,GGA,GGC,GGG,GGT,GTA,GTC,GTG,GTT,TAA,TAC,TAG,TAT,TCA,TCC,TCG,TCT,TGA,TGC,TGG,TGT,TTA,TTC,TTG,TTT
Simian immunodeficiency virus SIV-mnd 2,Riboviria,human:vertebrates,Siv2gp,1.23076923076923,0.666666666666667,0.769230769230769,1.33333333333333,2.22222222222222,0.783068783068783,0.232804232804233,0.761904761904762,3.70700636942675,1.20779220779221,1.4140127388535,0.896103896103896,1.39887640449438,0.808988764044944,1,0.792134831460674,1.04651162790698,0.933333333333333,0.953488372093023,1.06666666666667,1.82222222222222,0.911111111111111,0.333333333333333,0.933333333333333,0.267515923566879,0.267515923566879,0.229299363057325,0.114649681528662,1.03846153846154,0.761538461538461,1.06153846153846,0.692307692307692,1.26724137931034,0.945736434108527,0.732758620689655,1.05426356589147,1.98830409356725,0.795321637426901,0.327485380116959,0.888888888888889,1.875,0.767857142857143,0.982142857142857,0.375,2.03208556149733,0.427807486631016,1.06951871657754,0.470588235294118,0.375,0.774774774774775,0.75,1.22522522522523,1.51948051948052,1.16883116883117,0.233766233766234,0.974025974025974,1.875,0.789473684210526,1,1.21052631578947,1.43076923076923,0.867469879518072,1.01538461538462,1.13253012048193
