virus,realm,host,locus_tag,AAA,AAC,AAG,AAT,ACA,ACC,ACG,ACT,AGA,AGC,AGG,AGT,ATA,ATC,ATG,ATT,CAA,CAC,CAG,CAT,CCA,CCC,CCG,CCT,CGA,CGC,CGG,CGT,CTA,CTC,CTG,CTT,GAA,GAC,GAG,GAT,GCA,GCC,GCG,GCT,GGA,GGC,GGG,GGT,GTA,GTC,GTG,GTT,TAA,TAC,TAG,TAT,TCA,TCC,TCG,TCT,TGA,TGC,TGG,TGT,TTA,TTC,TTG,TTT
Simian foamy virus,Riboviria,human:vertebrates,SFoVgp,1.37272727272727,0.430939226519337,0.627272727272727,1.56906077348066,1.11711711711712,0.648648648648649,0.198198198198198,2.03603603603604,2.88888888888889,0.704453441295547,1.33333333333333,1.21457489878543,1.11627906976744,0.390697674418605,1,1.49302325581395,1.40096618357488,0.43010752688172,0.599033816425121,1.56989247311828,1.52592592592593,0.503703703703704,0.133333333333333,1.83703703703704,0.761904761904762,0.412698412698413,0.126984126984127,0.476190476190476,0.828828828828829,0.288288288288288,0.648648648648649,1.06306306306306,1.48148148148148,0.65,0.518518518518518,1.35,1.16,0.76,0.16,1.92,2.08928571428571,0.571428571428571,0.535714285714286,0.803571428571429,1.57798165137615,0.422018348623853,0.770642201834862,1.22935779816514,2,0.384105960264901,0.5,1.6158940397351,1.36032388663968,0.850202429149798,0.121457489878543,1.74898785425101,0.5,0.631578947368421,1,1.36842105263158,1.96396396396396,0.651685393258427,1.20720720720721,1.34831460674157
