virus,realm,locus_tag,host,type,shape,AAA,AAC,AAG,AAT,ACA,ACC,ACG,ACT,AGA,AGC,AGG,AGT,ATA,ATC,ATG,ATT,CAA,CAC,CAG,CAT,CCA,CCC,CCG,CCT,CGA,CGC,CGG,CGT,CTA,CTC,CTG,CTT,GAA,GAC,GAG,GAT,GCA,GCC,GCG,GCT,GGA,GGC,GGG,GGT,GTA,GTC,GTG,GTT,TAA,TAC,TAG,TAT,TCA,TCC,TCG,TCT,TGA,TGC,TGG,TGT,TTA,TTC,TTG,TTT
Simian adenovirus 21,NA,NA,NA,DNA,linear,1.03056768558952,1.18631178707224,0.96943231441048,0.813688212927757,0.737864077669903,1.79195561719834,0.294036061026352,1.17614424410541,1.24285714285714,1.47761194029851,0.821428571428571,0.940298507462687,0.657844990548204,1.2930056710775,1,1.04914933837429,0.733606557377049,1.01831501831502,1.26639344262295,0.981684981684982,0.967490247074122,1.40962288686606,0.572171651495449,1.05071521456437,0.678571428571429,2.01428571428571,0.614285714285714,0.628571428571429,0.690114068441065,1.12927756653992,1.76235741444867,0.963878326996198,0.885906040268456,1.04244482173175,1.11409395973154,0.957555178268251,0.734597156398104,1.53080568720379,0.563981042654028,1.17061611374408,1.18918918918919,1.11522048364154,0.768136557610242,0.927453769559033,0.62874251497006,0.88622754491018,1.82035928143713,0.664670658682635,1.21621621621622,1.15816326530612,0.567567567567568,0.841836734693878,0.701492537313433,1.2089552238806,0.5,1.17164179104478,1.21621621621622,1.01754385964912,1,0.982456140350877,0.427756653992395,0.92271662763466,1.02661596958175,1.07728337236534
