virus,realm,locus_tag,host,type,shape,AAA,AAC,AAG,AAT,ACA,ACC,ACG,ACT,AGA,AGC,AGG,AGT,ATA,ATC,ATG,ATT,CAA,CAC,CAG,CAT,CCA,CCC,CCG,CCT,CGA,CGC,CGG,CGT,CTA,CTC,CTG,CTT,GAA,GAC,GAG,GAT,GCA,GCC,GCG,GCT,GGA,GGC,GGG,GGT,GTA,GTC,GTG,GTT,TAA,TAC,TAG,TAT,TCA,TCC,TCG,TCT,TGA,TGC,TGG,TGT,TTA,TTC,TTG,TTT
Sinapis alba cryptic virus 1,Riboviria,A9K98,land plants,RNA,linear,0.971428571428571,1.41935483870968,1.02857142857143,0.580645161290323,1.16666666666667,1.44444444444444,0.222222222222222,1.16666666666667,1.11864406779661,1.13793103448276,1.01694915254237,0.620689655172414,0.566037735849057,1.18867924528302,1,1.24528301886792,1.2258064516129,1.29411764705882,0.774193548387097,0.705882352941177,1.6,1.28,0.32,0.8,0.711864406779661,1.32203389830508,0.203389830508475,1.6271186440678,0.486486486486487,2.02702702702703,0.162162162162162,1.21621621621622,1.12820512820513,0.896551724137931,0.871794871794872,1.10344827586207,0.787878787878788,0.96969696969697,0.424242424242424,1.81818181818182,1.51111111111111,0.888888888888889,0.355555555555556,1.24444444444444,0.872727272727273,1.30909090909091,0.290909090909091,1.52727272727273,1.5,1.31914893617021,0,0.680851063829787,1.96551724137931,0.517241379310345,0.827586206896552,0.931034482758621,1.5,1.4,1,0.6,1.13513513513514,0.864864864864865,0.972972972972973,1.13513513513514
