virus,realm,locus_tag,host,type,shape,AAA,AAC,AAG,AAT,ACA,ACC,ACG,ACT,AGA,AGC,AGG,AGT,ATA,ATC,ATG,ATT,CAA,CAC,CAG,CAT,CCA,CCC,CCG,CCT,CGA,CGC,CGG,CGT,CTA,CTC,CTG,CTT,GAA,GAC,GAG,GAT,GCA,GCC,GCG,GCT,GGA,GGC,GGG,GGT,GTA,GTC,GTG,GTT,TAA,TAC,TAG,TAT,TCA,TCC,TCG,TCT,TGA,TGC,TGG,TGT,TTA,TTC,TTG,TTT
Sinorhizobium phage ort11,Duplodnaviria,HYP99,bacteria,DNA,linear,0.680564895763282,0.778501628664495,1.31943510423672,1.2214983713355,1.06542056074766,1.08144192256342,0.419225634178905,1.43391188251001,1.66189111747851,0.540697674418605,0.613180515759312,0.880813953488372,0.247983870967742,1.40524193548387,1,1.34677419354839,1.01893939393939,0.658986175115207,0.981060606060606,1.34101382488479,1.33052631578947,0.623157894736842,0.366315789473684,1.68,0.699140401146132,0.487106017191977,0.435530085959885,2.10315186246418,0.53582554517134,1.32398753894081,1.27725856697819,1.8785046728972,1.23254401942927,0.484298674110258,0.767455980570735,1.51570132588974,1.07608695652174,0.46304347826087,0.191304347826087,2.2695652173913,0.932370321733421,0.42284963887065,0.454366382140512,2.19041365725542,0.745276872964169,1.04495114006515,0.747882736156352,1.46188925081433,1.54368932038835,0.661782661782662,0.349514563106796,1.33821733821734,0.863372093023256,1.15116279069767,0.449127906976744,2.11482558139535,1.10679611650485,0.91578947368421,1,1.08421052631579,0.155763239875389,1.30131004366812,0.828660436137072,0.698689956331878
