virus,realm,locus_tag,host,type,shape,AAA,AAC,AAG,AAT,ACA,ACC,ACG,ACT,AGA,AGC,AGG,AGT,ATA,ATC,ATG,ATT,CAA,CAC,CAG,CAT,CCA,CCC,CCG,CCT,CGA,CGC,CGG,CGT,CTA,CTC,CTG,CTT,GAA,GAC,GAG,GAT,GCA,GCC,GCG,GCT,GGA,GGC,GGG,GGT,GTA,GTC,GTG,GTT,TAA,TAC,TAG,TAT,TCA,TCC,TCG,TCT,TGA,TGC,TGG,TGT,TTA,TTC,TTG,TTT
Sinorhizobium phage phiM7,Duplodnaviria,FDH46,bacteria,DNA,linear,0.656101426307448,1.16391184573003,1.34389857369255,0.836088154269972,0.731864588930682,1.60666308436325,1.10263299301451,0.558839333691564,0.39622641509434,0.834708392603129,0.329863370201692,0.464295874822191,0.167637711864407,1.77568855932203,1,1.05667372881356,1.07608034083993,1.01067615658363,0.923919659160073,0.98932384341637,0.550023707918445,0.743480322427691,2.25320056899004,0.453295400663822,0.607026675341575,2.27391021470397,1.07351984385166,1.31945348080677,0.269738313576381,1.13665846566764,1.52985909192574,1.80899127711921,1.63407688656858,1.09957627118644,0.365923113431419,0.900423728813559,0.830827067669173,1.21898496240601,1.06954887218045,0.880639097744361,0.54708276797829,1.71071913161465,0.30067842605156,1.4415196743555,0.350715746421268,1.66155419222904,0.756646216768916,1.23108384458078,1.28808864265928,0.856066945606695,0.240997229916898,1.14393305439331,0.551351351351351,1.49871977240398,1.77183499288762,0.879089615931721,1.47091412742382,0.853526220614828,1,1.14647377938517,0.163721762469246,1.41940189642597,1.09103108924178,0.580598103574034
