virus,realm,locus_tag,host,type,shape,AAA,AAC,AAG,AAT,ACA,ACC,ACG,ACT,AGA,AGC,AGG,AGT,ATA,ATC,ATG,ATT,CAA,CAC,CAG,CAT,CCA,CCC,CCG,CCT,CGA,CGC,CGG,CGT,CTA,CTC,CTG,CTT,GAA,GAC,GAG,GAT,GCA,GCC,GCG,GCT,GGA,GGC,GGG,GGT,GTA,GTC,GTG,GTT,TAA,TAC,TAG,TAT,TCA,TCC,TCG,TCT,TGA,TGC,TGG,TGT,TTA,TTC,TTG,TTT
Sinorhizobium phage phiN3,Duplodnaviria,AVT40,bacteria,DNA,linear,0.651461154668567,1.16874003189793,1.34853884533143,0.831259968102073,0.716447531629869,1.61647233936988,1.10444058546266,0.562639543537584,0.376435935198822,0.887949260042283,0.341089837997055,0.466173361522199,0.167924069116573,1.77853492333901,1,1.05354100754441,1.04892798240792,1.0031007751938,0.951072017592084,0.996899224806202,0.52989247311828,0.729462365591398,2.27956989247312,0.461075268817204,0.62739322533137,2.28865979381443,1.03210603829161,1.33431516936672,0.277628589134476,1.15637265027887,1.51456310679612,1.8070646560628,1.64532871972318,1.11036629159684,0.354671280276817,0.88963370840316,0.820058997050148,1.26506531816266,1.02149178255373,0.89338390223346,0.570859277708593,1.68069738480697,0.300871731008717,1.44757160647572,0.335651367640241,1.67454798331015,0.762169680111266,1.22763096893834,1.30597014925373,0.882685778951339,0.208955223880597,1.11731422104866,0.539112050739958,1.48255813953488,1.74101479915433,0.883192389006342,1.48507462686567,0.877022653721683,1,1.12297734627832,0.151208428010742,1.42082644628099,1.093162569717,0.579173553719008
