virus,realm,locus_tag,host,type,shape,AAA,AAC,AAG,AAT,ACA,ACC,ACG,ACT,AGA,AGC,AGG,AGT,ATA,ATC,ATG,ATT,CAA,CAC,CAG,CAT,CCA,CCC,CCG,CCT,CGA,CGC,CGG,CGT,CTA,CTC,CTG,CTT,GAA,GAC,GAG,GAT,GCA,GCC,GCG,GCT,GGA,GGC,GGG,GGT,GTA,GTC,GTG,GTT,TAA,TAC,TAG,TAT,TCA,TCC,TCG,TCT,TGA,TGC,TGG,TGT,TTA,TTC,TTG,TTT
Slow bee paralysis virus,Riboviria,HBSPV,invertebrates,RNA,linear,1.0738255033557,0.254545454545455,0.926174496644295,1.74545454545455,1.3125,0.28125,0.4375,1.96875,1.90243902439024,0.767772511848341,0.804878048780488,2.21800947867299,1.44927536231884,0.159420289855072,1,1.39130434782609,1.17777777777778,0.358208955223881,0.822222222222222,1.64179104477612,1.58139534883721,0.395348837209302,0.325581395348837,1.69767441860465,1.02439024390244,0.439024390243902,0.329268292682927,1.5,0.325,0.275,0.325,0.75,1.2316384180791,0.325,0.768361581920904,1.675,1.17277486910995,0.335078534031414,0.397905759162304,2.09424083769634,1.09941520467836,0.608187134502924,0.421052631578947,1.87134502923977,0.990291262135922,0.29126213592233,0.563106796116505,2.15533980582524,0,0.257575757575758,3,1.74242424242424,1.27962085308057,0.255924170616114,0.398104265402844,1.08056872037915,0,0.405405405405405,1,1.59459459459459,2.3,0.295081967213115,2.025,1.70491803278689
