virus,realm,locus_tag,host,type,shape,AAA,AAC,AAG,AAT,ACA,ACC,ACG,ACT,AGA,AGC,AGG,AGT,ATA,ATC,ATG,ATT,CAA,CAC,CAG,CAT,CCA,CCC,CCG,CCT,CGA,CGC,CGG,CGT,CTA,CTC,CTG,CTT,GAA,GAC,GAG,GAT,GCA,GCC,GCG,GCT,GGA,GGC,GGG,GGT,GTA,GTC,GTG,GTT,TAA,TAC,TAG,TAT,TCA,TCC,TCG,TCT,TGA,TGC,TGG,TGT,TTA,TTC,TTG,TTT
Sodalis phage phiSG1,Duplodnaviria,SGPHI,bacteria,DNA,circular,1.32625189681335,0.851926977687627,0.673748103186646,1.14807302231237,0.644776119402985,1.7910447761194,1.05671641791045,0.507462686567164,0.546854942233633,1.27140783744557,0.477535301668806,0.835994194484761,0.488262910798122,1.27230046948357,1,1.23943661971831,0.764900662251656,0.809338521400778,1.23509933774834,1.19066147859922,0.830957230142566,1.15682281059063,1.43380855397149,0.578411405295316,0.693196405648267,2.10269576379974,1.03209242618742,1.14762516046213,0.373887240356083,1.05637982195846,1.8813056379822,0.908011869436202,1.14355231143552,0.832402234636871,0.856447688564477,1.16759776536313,0.738955823293173,1.4136546184739,1.19518072289157,0.652208835341365,0.706697459584296,1.51501154734411,0.831408775981524,0.946882217090069,0.543275632490013,1.01198402130493,1.42743009320905,1.01731025299601,1.34042553191489,0.808864265927978,0.446808510638298,1.19113573407202,1.10595065312046,1.06240928882438,0.896952104499274,0.827285921625544,1.21276595744681,0.870748299319728,1,1.12925170068027,0.795252225519288,0.639821029082774,0.985163204747775,1.36017897091723
