virus,realm,locus_tag,host,type,shape,AAA,AAC,AAG,AAT,ACA,ACC,ACG,ACT,AGA,AGC,AGG,AGT,ATA,ATC,ATG,ATT,CAA,CAC,CAG,CAT,CCA,CCC,CCG,CCT,CGA,CGC,CGG,CGT,CTA,CTC,CTG,CTT,GAA,GAC,GAG,GAT,GCA,GCC,GCG,GCT,GGA,GGC,GGG,GGT,GTA,GTC,GTG,GTT,TAA,TAC,TAG,TAT,TCA,TCC,TCG,TCT,TGA,TGC,TGG,TGT,TTA,TTC,TTG,TTT
Sogatella furcifera totivirus 2,Riboviria,EXK58,invertebrates,RNA,linear,1.05960264900662,0.967320261437909,0.940397350993378,1.03267973856209,1.32057416267943,0.976076555023923,0.669856459330144,1.03349282296651,1.30232558139535,0.84375,2.09302325581395,0.9609375,1.08074534161491,1.00621118012422,1,0.91304347826087,0.920863309352518,0.862068965517241,1.07913669064748,1.13793103448276,1.08641975308642,1.08641975308642,0.641975308641975,1.18518518518519,0.790697674418605,0.325581395348837,0.837209302325581,0.651162790697674,0.834224598930481,0.705882352941177,0.834224598930481,0.67379679144385,0.905660377358491,0.923913043478261,1.09433962264151,1.07608695652174,1.16279069767442,0.953488372093023,0.720930232558139,1.16279069767442,1.43712574850299,0.934131736526946,0.550898203592814,1.07784431137725,0.910714285714286,0.910714285714286,0.714285714285714,1.46428571428571,3,1.14074074074074,0,0.859259259259259,1.1484375,0.6328125,0.7734375,1.640625,0,0.538461538461538,1,1.46153846153846,0.994652406417112,0.735042735042735,1.9572192513369,1.26495726495726
