virus,realm,locus_tag,host,type,shape,AAA,AAC,AAG,AAT,ACA,ACC,ACG,ACT,AGA,AGC,AGG,AGT,ATA,ATC,ATG,ATT,CAA,CAC,CAG,CAT,CCA,CCC,CCG,CCT,CGA,CGC,CGG,CGT,CTA,CTC,CTG,CTT,GAA,GAC,GAG,GAT,GCA,GCC,GCG,GCT,GGA,GGC,GGG,GGT,GTA,GTC,GTG,GTT,TAA,TAC,TAG,TAT,TCA,TCC,TCG,TCT,TGA,TGC,TGG,TGT,TTA,TTC,TTG,TTT
Solenopsis invicta virus 2,Riboviria,SoIV2,invertebrates,RNA,linear,0.822085889570552,0.482758620689655,1.17791411042945,1.51724137931034,1.22916666666667,0.770833333333333,0.604166666666667,1.39583333333333,1.40963855421687,0.252336448598131,0.650602409638554,0.953271028037383,0.994475138121547,0.646408839779006,1,1.35911602209945,1.10077519379845,0.597402597402597,0.89922480620155,1.4025974025974,1.44186046511628,0.534883720930233,0.697674418604651,1.32558139534884,0.759036144578313,1.1566265060241,0.506024096385542,1.51807228915663,0.593155893536122,0.570342205323194,0.889733840304182,1.09505703422053,1.13966480446927,0.634146341463415,0.860335195530726,1.36585365853659,1.67597765363128,0.603351955307263,0.379888268156425,1.34078212290503,1.70760233918129,0.725146198830409,0.374269005847953,1.19298245614035,0.628571428571429,0.552380952380952,0.971428571428571,1.84761904761905,0.75,0.633093525179856,0.75,1.36690647482014,1.8785046728972,0.925233644859813,0.532710280373832,1.45794392523364,1.5,0.628571428571429,1,1.37142857142857,0.889733840304182,0.72258064516129,1.96197718631179,1.27741935483871
