virus,realm,locus_tag,host,type,shape,AAA,AAC,AAG,AAT,ACA,ACC,ACG,ACT,AGA,AGC,AGG,AGT,ATA,ATC,ATG,ATT,CAA,CAC,CAG,CAT,CCA,CCC,CCG,CCT,CGA,CGC,CGG,CGT,CTA,CTC,CTG,CTT,GAA,GAC,GAG,GAT,GCA,GCC,GCG,GCT,GGA,GGC,GGG,GGT,GTA,GTC,GTG,GTT,TAA,TAC,TAG,TAT,TCA,TCC,TCG,TCT,TGA,TGC,TGG,TGT,TTA,TTC,TTG,TTT
Sophora alopecuroides yellow stunt alphasatellite 1a,Alphasatellitidae,D1U00,land plants,ss-DNA,circular,0.88,1.2,1.12,0.8,1.66666666666667,0.666666666666667,0.333333333333333,1.33333333333333,1.66666666666667,0,1.66666666666667,0.75,0.666666666666667,0.5,1,1.83333333333333,1.07692307692308,0,0.923076923076923,2,2,1.33333333333333,0,0.666666666666667,0.333333333333333,0.666666666666667,0,1.66666666666667,0.285714285714286,1.14285714285714,0.857142857142857,1.14285714285714,1.3,1.2,0.7,0.8,1.66666666666667,1,0.333333333333333,1,1.64705882352941,0.941176470588235,0.470588235294118,0.941176470588235,0.8,0.8,1.06666666666667,1.33333333333333,0,0.25,0,1.75,1.5,0.75,0.375,2.625,3,0.222222222222222,1,1.77777777777778,1.14285714285714,1.2,1.42857142857143,0.8
