virus,realm,host,locus_tag,AAA,AAC,AAG,AAT,ACA,ACC,ACG,ACT,AGA,AGC,AGG,AGT,ATA,ATC,ATG,ATT,CAA,CAC,CAG,CAT,CCA,CCC,CCG,CCT,CGA,CGC,CGG,CGT,CTA,CTC,CTG,CTT,GAA,GAC,GAG,GAT,GCA,GCC,GCG,GCT,GGA,GGC,GGG,GGT,GTA,GTC,GTG,GTT,TAA,TAC,TAG,TAT,TCA,TCC,TCG,TCT,TGA,TGC,TGG,TGT,TTA,TTC,TTG,TTT
Southern rice black-streaked dwarf virus,Riboviria,land plants,SRBSDVs1,1.57460317460317,0.764705882352941,0.425396825396825,1.23529411764706,0.954792043399638,0.679927667269439,0.397830018083183,1.96745027124774,2.38095238095238,0.567870485678705,0.349206349206349,1.36737235367372,0.490990990990991,0.608108108108108,1,1.9009009009009,1.64827586206897,0.537190082644628,0.351724137931034,1.46280991735537,1.21794871794872,0.615384615384615,0.217948717948718,1.94871794871795,0.968253968253968,0.349206349206349,0.142857142857143,1.80952380952381,0.501547987616099,0.365325077399381,0.334365325077399,1.06501547987616,1.65464895635674,0.640275387263339,0.345351043643264,1.35972461273666,0.975609756097561,0.390243902439024,0.531165311653117,2.1029810298103,1.52278820375335,0.632707774798928,0.171581769436997,1.67292225201072,0.840989399293286,0.621908127208481,0.579505300353357,1.95759717314488,1.61538461538462,0.607142857142857,0,1.39285714285714,1.22540473225405,0.552926525529265,0.321295143212951,1.96513075965131,1.38461538461538,0.551724137931034,1,1.44827586206897,2.06811145510836,0.617200674536256,1.6656346749226,1.38279932546374
