virus,realm,locus_tag,host,type,shape,AAA,AAC,AAG,AAT,ACA,ACC,ACG,ACT,AGA,AGC,AGG,AGT,ATA,ATC,ATG,ATT,CAA,CAC,CAG,CAT,CCA,CCC,CCG,CCT,CGA,CGC,CGG,CGT,CTA,CTC,CTG,CTT,GAA,GAC,GAG,GAT,GCA,GCC,GCG,GCT,GGA,GGC,GGG,GGT,GTA,GTC,GTG,GTT,TAA,TAC,TAG,TAT,TCA,TCC,TCG,TCT,TGA,TGC,TGG,TGT,TTA,TTC,TTG,TTT
Sphaeropsis sapinea RNA virus 2,NA,SsRv2gp,NA,RNA,linear,0.518518518518518,1.58333333333333,1.48148148148148,0.416666666666667,0.425531914893617,1.1063829787234,1.4468085106383,1.02127659574468,0.13953488372093,1.05555555555556,0.372093023255814,0.388888888888889,0.306122448979592,2.26530612244898,1,0.428571428571429,0.631578947368421,1.5,1.36842105263158,0.5,0.508474576271186,1.32203389830508,1.49152542372881,0.677966101694915,0.558139534883721,2.27906976744186,1.2093023255814,1.44186046511628,0.596026490066225,2.3841059602649,0.913907284768212,0.834437086092715,0.617647058823529,1.55,1.38235294117647,0.45,0.5,1.67241379310345,0.931034482758621,0.896551724137931,0.352,1.376,1.088,1.184,0.626086956521739,1.84347826086957,1.14782608695652,0.382608695652174,3,1.64705882352941,0,0.352941176470588,0.833333333333333,1.72222222222222,1.33333333333333,0.666666666666667,0,1.29411764705882,1,0.705882352941177,0.596026490066225,1.79591836734694,0.675496688741722,0.204081632653061
