virus,realm,locus_tag,host,type,shape,AAA,AAC,AAG,AAT,ACA,ACC,ACG,ACT,AGA,AGC,AGG,AGT,ATA,ATC,ATG,ATT,CAA,CAC,CAG,CAT,CCA,CCC,CCG,CCT,CGA,CGC,CGG,CGT,CTA,CTC,CTG,CTT,GAA,GAC,GAG,GAT,GCA,GCC,GCG,GCT,GGA,GGC,GGG,GGT,GTA,GTC,GTG,GTT,TAA,TAC,TAG,TAT,TCA,TCC,TCG,TCT,TGA,TGC,TGG,TGT,TTA,TTC,TTG,TTT
Spinybacked orbweaver circular virus 1,unclassified viruses,EXI15,invertebrates,DNA,circular,1.27586206896552,0.5,0.724137931034483,1.5,1.14285714285714,0.571428571428571,0.571428571428571,1.71428571428571,1.91489361702128,0.130434782608696,0.638297872340426,0.652173913043478,0.964285714285714,0.428571428571429,1,1.60714285714286,1.42857142857143,0.25,0.571428571428571,1.75,1.44,0.32,0.8,1.44,1.02127659574468,0.382978723404255,0.25531914893617,1.78723404255319,0.13953488372093,0.27906976744186,0.13953488372093,1.11627906976744,1.31578947368421,0.153846153846154,0.684210526315789,1.84615384615385,1.6,0.533333333333333,0.4,1.46666666666667,1.375,0.25,0,2.375,0.432432432432432,0,1.08108108108108,2.48648648648649,1.5,0.387096774193548,0,1.61290322580645,2.08695652173913,0.391304347826087,1.17391304347826,1.56521739130435,1.5,0.666666666666667,1,1.33333333333333,1.81395348837209,0.578947368421053,2.51162790697674,1.42105263157895
