virus,realm,host,locus_tag,AAA,AAC,AAG,AAT,ACA,ACC,ACG,ACT,AGA,AGC,AGG,AGT,ATA,ATC,ATG,ATT,CAA,CAC,CAG,CAT,CCA,CCC,CCG,CCT,CGA,CGC,CGG,CGT,CTA,CTC,CTG,CTT,GAA,GAC,GAG,GAT,GCA,GCC,GCG,GCT,GGA,GGC,GGG,GGT,GTA,GTC,GTG,GTT,TAA,TAC,TAG,TAT,TCA,TCC,TCG,TCT,TGA,TGC,TGG,TGT,TTA,TTC,TTG,TTT
Spodoptera exempta nucleopolyhedrovirus,Naldaviricetes,invertebrates,KM622,1.3643013899049,1.14800261951539,0.635698610095099,0.85199738048461,0.749003984063745,1.02700309871625,1.37405931828243,0.849933598937583,1.19444444444444,1.32413793103448,0.348765432098765,0.977011494252874,0.744820065430752,1.09705561613959,1,1.15812431842966,1.38608458390177,1.03771428571429,0.613915416098226,0.962285714285714,0.660714285714286,0.916666666666667,1.69940476190476,0.723214285714286,1.3858024691358,1.29320987654321,0.391975308641975,1.3858024691358,0.620689655172414,0.766344827586207,0.946758620689655,0.50648275862069,1.4868540344515,1.10194552529183,0.513145965548504,0.898054474708171,0.814460393407762,1.32482721956406,1.09516214779373,0.76555023923445,1.06152705707932,1.64566345441067,0.160118606375093,1.13269088213491,0.686416184971098,1.13728323699422,1.35260115606936,0.823699421965318,2.07194244604317,1.17888262429523,0.280575539568345,0.821117375704767,0.547126436781609,0.71264367816092,1.67586206896552,0.763218390804598,0.647482014388489,0.88586387434555,1,1.11413612565445,0.968275862068966,0.80238924838228,2.19144827586207,1.19761075161772
