virus,realm,locus_tag,host,type,shape,AAA,AAC,AAG,AAT,ACA,ACC,ACG,ACT,AGA,AGC,AGG,AGT,ATA,ATC,ATG,ATT,CAA,CAC,CAG,CAT,CCA,CCC,CCG,CCT,CGA,CGC,CGG,CGT,CTA,CTC,CTG,CTT,GAA,GAC,GAG,GAT,GCA,GCC,GCG,GCT,GGA,GGC,GGG,GGT,GTA,GTC,GTG,GTT,TAA,TAC,TAG,TAT,TCA,TCC,TCG,TCT,TGA,TGC,TGG,TGT,TTA,TTC,TTG,TTT
Spodoptera exigua multiple nucleopolyhedrovirus,Naldaviricetes,SenVgp,invertebrates,DNA,circular,1.27756939234809,1.15510471204188,0.722430607651913,0.844895287958115,0.683566433566434,1.07517482517483,1.55769230769231,0.683566433566434,1.0303605313093,1.45461337317893,0.426944971537002,0.788942846469929,0.771986970684039,1.12812160694897,1,1.09989142236699,1.28907922912206,1.11702127659574,0.710920770877944,0.882978723404255,0.671348314606742,1.45224719101124,1.32303370786517,0.553370786516854,1.2865275142315,1.74762808349146,0.444022770398482,1.06451612903226,0.768707482993197,1.34353741496599,1.03401360544218,0.416666666666667,1.32461240310078,1.2671186440678,0.675387596899225,0.732881355932203,0.580240963855422,1.64626506024096,1.23180722891566,0.541686746987952,0.814658210007047,2.13953488372093,0.171952078928823,0.873854827343199,0.53880960668291,1.56909154194222,1.21266968325792,0.679429168116951,1.79136690647482,1.2008175779254,0.388489208633094,0.799182422074604,0.607396339185656,0.564811355995517,1.91184161374673,0.672394471423235,0.820143884892086,1.13169642857143,1,0.868303571428571,0.704081632653061,0.777096114519427,1.73299319727891,1.22290388548057
