virus,realm,locus_tag,host,type,shape,AAA,AAC,AAG,AAT,ACA,ACC,ACG,ACT,AGA,AGC,AGG,AGT,ATA,ATC,ATG,ATT,CAA,CAC,CAG,CAT,CCA,CCC,CCG,CCT,CGA,CGC,CGG,CGT,CTA,CTC,CTG,CTT,GAA,GAC,GAG,GAT,GCA,GCC,GCG,GCT,GGA,GGC,GGG,GGT,GTA,GTC,GTG,GTT,TAA,TAC,TAG,TAT,TCA,TCC,TCG,TCT,TGA,TGC,TGG,TGT,TTA,TTC,TTG,TTT
Squash mosaic virus,Riboviria,SqMV,land plants,RNA,linear,0.894409937888199,0.658064516129032,1.1055900621118,1.34193548387097,1.17127071823204,0.839779005524862,0.552486187845304,1.43646408839779,1.5,0.918032786885246,1.06451612903226,1.77049180327869,0.884393063583815,0.520231213872832,1,1.59537572254335,1.01754385964912,0.65625,0.982456140350877,1.34375,1.19685039370079,0.976377952755906,0.251968503937008,1.5748031496063,0.532258064516129,0.82258064516129,0.387096774193548,1.69354838709677,0.394463667820069,0.519031141868512,0.747404844290657,1.16262975778547,0.941176470588235,0.641221374045801,1.05882352941176,1.3587786259542,0.819047619047619,1.1047619047619,0.4,1.67619047619048,1.03370786516854,0.696629213483146,0.764044943820225,1.50561797752809,0.259459459459459,0.713513513513514,1.08108108108108,1.94594594594595,1.5,0.703296703296703,1.5,1.2967032967033,0.786885245901639,0.688524590163934,0.19672131147541,1.63934426229508,0,0.492307692307692,1,1.50769230769231,0.788927335640138,0.532374100719424,2.38754325259516,1.46762589928058
