virus,realm,locus_tag,host,type,shape,AAA,AAC,AAG,AAT,ACA,ACC,ACG,ACT,AGA,AGC,AGG,AGT,ATA,ATC,ATG,ATT,CAA,CAC,CAG,CAT,CCA,CCC,CCG,CCT,CGA,CGC,CGG,CGT,CTA,CTC,CTG,CTT,GAA,GAC,GAG,GAT,GCA,GCC,GCG,GCT,GGA,GGC,GGG,GGT,GTA,GTC,GTG,GTT,TAA,TAC,TAG,TAT,TCA,TCC,TCG,TCT,TGA,TGC,TGG,TGT,TTA,TTC,TTG,TTT
Staphylococcus phage SA12,Duplodnaviria,SA12,bacteria,DNA,circular,1.5344262295082,0.791889007470651,0.465573770491803,1.20811099252935,1.81988304093567,0.173099415204678,0.580116959064327,1.42690058479532,2.75138121546961,0.828947368421053,0.552486187845304,1.57105263157895,1,0.661490683229814,1,1.33850931677019,1.75276752767528,0.754716981132076,0.247232472324723,1.24528301886792,1.5013698630137,0.208219178082192,0.591780821917808,1.6986301369863,0.795580110497238,0.50828729281768,0.121546961325967,1.2707182320442,0.685203574975174,0.178748758689176,0.148957298907646,0.744786494538232,1.55383123181377,0.615757575757576,0.446168768186227,1.38424242424242,1.64089121887287,0.162516382699869,0.634338138925295,1.56225425950197,1.08474576271186,0.785310734463277,0.350282485875706,1.77966101694915,1.44934445768772,0.381406436233611,0.486293206197855,1.68295589988081,1.91379310344828,0.672694394213382,0.413793103448276,1.32730560578662,1.63421052631579,0.118421052631579,0.418421052631579,1.42894736842105,0.672413793103448,0.537313432835821,1,1.46268656716418,3.12214498510427,0.724954462659381,1.1201588877855,1.27504553734062
