virus,realm,locus_tag,host,type,shape,AAA,AAC,AAG,AAT,ACA,ACC,ACG,ACT,AGA,AGC,AGG,AGT,ATA,ATC,ATG,ATT,CAA,CAC,CAG,CAT,CCA,CCC,CCG,CCT,CGA,CGC,CGG,CGT,CTA,CTC,CTG,CTT,GAA,GAC,GAG,GAT,GCA,GCC,GCG,GCT,GGA,GGC,GGG,GGT,GTA,GTC,GTG,GTT,TAA,TAC,TAG,TAT,TCA,TCC,TCG,TCT,TGA,TGC,TGG,TGT,TTA,TTC,TTG,TTT
Staphylococcus phage SPbeta-like,Duplodnaviria,AXJ01,bacteria,DNA,circular,1.57758377921712,0.604848018468642,0.422416220782878,1.39515198153136,1.58041958041958,0.223776223776224,0.244755244755245,1.95104895104895,3.49309392265193,0.480704697986577,0.236187845303867,1.73657718120805,0.663891779396462,0.571279916753382,1,1.76482830385016,1.78861788617886,0.42089552238806,0.211382113821138,1.57910447761194,1.82814445828144,0.159402241594022,0.273972602739726,1.73848069738481,0.580110497237569,0.227900552486188,0.0290055248618785,1.43370165745856,0.573417721518987,0.132911392405063,0.112025316455696,0.873417721518987,1.54476670870113,0.523887973640857,0.455233291298865,1.47611202635914,1.42650103519669,0.227743271221532,0.244306418219462,2.10144927536232,1.28969957081545,0.412017167381974,0.13519313304721,2.16309012875536,1.53163361661945,0.226628895184136,0.345609065155807,1.8961284230406,2.13461538461538,0.493297587131367,0.653846153846154,1.50670241286863,1.78187919463087,0.118288590604027,0.178691275167785,1.70385906040268,0.211538461538462,0.440944881889764,1,1.55905511811024,3.61518987341772,0.698717948717949,0.693037974683544,1.30128205128205
