virus,realm,locus_tag,host,type,shape,AAA,AAC,AAG,AAT,ACA,ACC,ACG,ACT,AGA,AGC,AGG,AGT,ATA,ATC,ATG,ATT,CAA,CAC,CAG,CAT,CCA,CCC,CCG,CCT,CGA,CGC,CGG,CGT,CTA,CTC,CTG,CTT,GAA,GAC,GAG,GAT,GCA,GCC,GCG,GCT,GGA,GGC,GGG,GGT,GTA,GTC,GTG,GTT,TAA,TAC,TAG,TAT,TCA,TCC,TCG,TCT,TGA,TGC,TGG,TGT,TTA,TTC,TTG,TTT
Staphylococcus phage SA345ruMSSAST8,Duplodnaviria,HWB68,bacteria,DNA,linear,1.52727272727273,0.694935217903416,0.472727272727273,1.30506478209658,1.78362573099415,0.280701754385965,0.60233918128655,1.33333333333333,2.93525179856115,0.715287517531557,0.517985611510791,1.70827489481066,0.985207100591716,0.550295857988166,1,1.46449704142012,1.73584905660377,0.601941747572815,0.264150943396226,1.39805825242718,1.58490566037736,0.276729559748428,0.616352201257862,1.52201257861635,0.701438848920863,0.356115107913669,0.118705035971223,1.3705035971223,0.625250501002004,0.162324649298597,0.210420841683367,0.811623246492986,1.54651162790698,0.568152866242038,0.453488372093023,1.43184713375796,1.71098265895954,0.173410404624277,0.699421965317919,1.41618497109827,1.14862914862915,0.634920634920635,0.3001443001443,1.91630591630592,1.32203389830508,0.418079096045198,0.502824858757062,1.75706214689266,1.59375,0.578754578754579,0.328125,1.42124542124542,1.69985974754558,0.269284712482468,0.420757363253857,1.18653576437588,1.078125,0.521739130434783,1,1.47826086956522,3.26452905811623,0.6,0.925851703406814,1.4
