virus,realm,locus_tag,host,type,shape,AAA,AAC,AAG,AAT,ACA,ACC,ACG,ACT,AGA,AGC,AGG,AGT,ATA,ATC,ATG,ATT,CAA,CAC,CAG,CAT,CCA,CCC,CCG,CCT,CGA,CGC,CGG,CGT,CTA,CTC,CTG,CTT,GAA,GAC,GAG,GAT,GCA,GCC,GCG,GCT,GGA,GGC,GGG,GGT,GTA,GTC,GTG,GTT,TAA,TAC,TAG,TAT,TCA,TCC,TCG,TCT,TGA,TGC,TGG,TGT,TTA,TTC,TTG,TTT
Staphylococcus phage S24-1,Duplodnaviria,StPhS24,bacteria,DNA,linear,1.80508474576271,0.710204081632653,0.194915254237288,1.28979591836735,2.31884057971015,0.173913043478261,0.556521739130435,0.950724637681159,2.65263157894737,0.26158038147139,0.0947368421052632,1.76566757493188,0.751708428246014,0.430523917995444,1,1.81776765375854,1.79185520361991,0.403846153846154,0.208144796380091,1.59615384615385,2.08333333333333,0.166666666666667,0.527777777777778,1.22222222222222,0.410526315789474,0.189473684210526,0.0631578947368421,2.58947368421053,0.392156862745098,0.104575163398693,0.0522875816993464,0.57516339869281,1.68044077134986,0.663551401869159,0.319559228650138,1.33644859813084,2,0.238532110091743,0.330275229357798,1.43119266055046,0.481203007518797,0.270676691729323,0.225563909774436,3.02255639097744,1.59183673469388,0.299319727891156,0.557823129251701,1.55102040816327,2.28571428571429,0.431034482758621,0.714285714285714,1.56896551724138,2.73024523160763,0.0817438692098093,0.26158038147139,0.899182561307902,0,0.303030303030303,1,1.6969696969697,4.47058823529412,0.413114754098361,0.405228758169935,1.58688524590164
