virus,realm,host,locus_tag,AAA,AAC,AAG,AAT,ACA,ACC,ACG,ACT,AGA,AGC,AGG,AGT,ATA,ATC,ATG,ATT,CAA,CAC,CAG,CAT,CCA,CCC,CCG,CCT,CGA,CGC,CGG,CGT,CTA,CTC,CTG,CTT,GAA,GAC,GAG,GAT,GCA,GCC,GCG,GCT,GGA,GGC,GGG,GGT,GTA,GTC,GTG,GTT,TAA,TAC,TAG,TAT,TCA,TCC,TCG,TCT,TGA,TGC,TGG,TGT,TTA,TTC,TTG,TTT
Staphylococcus virus 11,Duplodnaviria,bacteria,phi11,1.53288846520496,0.813471502590674,0.467111534795043,1.18652849740933,1.76912378303199,0.216968011126565,0.634214186369958,1.37969401947149,3.02429149797571,0.824074074074074,0.582995951417004,1.65740740740741,1.01841196777906,0.66283084004603,1,1.31875719217491,1.76576576576577,0.746113989637306,0.234234234234234,1.25388601036269,1.36904761904762,0.261904761904762,0.714285714285714,1.6547619047619,0.680161943319838,0.40080971659919,0.0607287449392713,1.25101214574899,0.734831460674157,0.182022471910112,0.202247191011236,0.674157303370786,1.58469945355191,0.607142857142857,0.415300546448087,1.39285714285714,1.64210526315789,0.198496240601504,0.601503759398496,1.55789473684211,1.13343328335832,0.725637181409295,0.359820089955023,1.78110944527736,1.51724137931034,0.386206896551724,0.47448275862069,1.62206896551724,1.64150943396226,0.655038759689923,0.679245283018868,1.34496124031008,1.49074074074074,0.12962962962963,0.509259259259259,1.38888888888889,0.679245283018868,0.607142857142857,1,1.39285714285714,3.08089887640449,0.723577235772358,1.12584269662921,1.27642276422764
