virus,realm,locus_tag,host,type,shape,AAA,AAC,AAG,AAT,ACA,ACC,ACG,ACT,AGA,AGC,AGG,AGT,ATA,ATC,ATG,ATT,CAA,CAC,CAG,CAT,CCA,CCC,CCG,CCT,CGA,CGC,CGG,CGT,CTA,CTC,CTG,CTT,GAA,GAC,GAG,GAT,GCA,GCC,GCG,GCT,GGA,GGC,GGG,GGT,GTA,GTC,GTG,GTT,TAA,TAC,TAG,TAT,TCA,TCC,TCG,TCT,TGA,TGC,TGG,TGT,TTA,TTC,TTG,TTT
Staphylococcus virus 108PVL,Duplodnaviria,SABPV108,bacteria,DNA,linear,1.53370340999207,0.696871628910464,0.46629659000793,1.30312837108954,1.83120204603581,0.250639386189258,0.475703324808184,1.44245524296675,2.78230088495575,0.716525934861279,0.573451327433628,1.5416164053076,0.892292490118577,0.492094861660079,1,1.61561264822134,1.74418604651163,0.666666666666667,0.255813953488372,1.33333333333333,1.66016713091922,0.211699164345404,0.690807799442897,1.43732590529248,0.807079646017699,0.435398230088496,0.063716814159292,1.33805309734513,0.686217008797654,0.187683284457478,0.205278592375367,0.826979472140763,1.58577405857741,0.520345252774353,0.414225941422594,1.47965474722565,1.62335766423358,0.216058394160584,0.58978102189781,1.57080291970803,1.12483574244415,0.725361366622865,0.388961892247043,1.76084099868594,1.33333333333333,0.453333333333333,0.581333333333333,1.632,1.72881355932203,0.633273703041145,0.661016949152542,1.36672629695886,1.66465621230398,0.209891435464415,0.542822677925211,1.32448733413752,0.610169491525424,0.421052631578947,1,1.57894736842105,3.06744868035191,0.579150579150579,1.02639296187683,1.42084942084942
