virus,realm,locus_tag,host,type,shape,AAA,AAC,AAG,AAT,ACA,ACC,ACG,ACT,AGA,AGC,AGG,AGT,ATA,ATC,ATG,ATT,CAA,CAC,CAG,CAT,CCA,CCC,CCG,CCT,CGA,CGC,CGG,CGT,CTA,CTC,CTG,CTT,GAA,GAC,GAG,GAT,GCA,GCC,GCG,GCT,GGA,GGC,GGG,GGT,GTA,GTC,GTG,GTT,TAA,TAC,TAG,TAT,TCA,TCC,TCG,TCT,TGA,TGC,TGG,TGT,TTA,TTC,TTG,TTT
Staphylococcus phage phiSa2wa st78,NA,KMD47,NA,NA,NA,1.55140186915888,0.563829787234043,0.448598130841121,1.43617021276596,1.96848484848485,0.247272727272727,0.368484848484848,1.41575757575758,3.28378378378378,0.638977635782748,0.577702702702703,1.7444089456869,1.048828125,0.45703125,1,1.494140625,1.65377532228361,0.484615384615385,0.34622467771639,1.51538461538462,1.90078328981723,0.219321148825065,0.365535248041775,1.51436031331593,0.628378378378378,0.293918918918919,0.101351351351351,1.11486486486486,0.619127516778524,0.161073825503356,0.216442953020134,0.875838926174497,1.63458110516934,0.470588235294118,0.36541889483066,1.52941176470588,1.80940892641737,0.241254523522316,0.453558504221954,1.49577804583836,1.21388577827548,0.658454647256439,0.326987681970885,1.8006718924972,1.31386861313869,0.340632603406326,0.583941605839416,1.76155717761557,1.88059701492537,0.451104100946372,0.716417910447761,1.54889589905363,1.64217252396166,0.172523961661342,0.364217252396166,1.43769968051118,0.402985074626866,0.473684210526316,1,1.52631578947368,3.04026845637584,0.480286738351254,1.08724832214765,1.51971326164875
