virus,realm,locus_tag,host,type,shape,AAA,AAC,AAG,AAT,ACA,ACC,ACG,ACT,AGA,AGC,AGG,AGT,ATA,ATC,ATG,ATT,CAA,CAC,CAG,CAT,CCA,CCC,CCG,CCT,CGA,CGC,CGG,CGT,CTA,CTC,CTG,CTT,GAA,GAC,GAG,GAT,GCA,GCC,GCG,GCT,GGA,GGC,GGG,GGT,GTA,GTC,GTG,GTT,TAA,TAC,TAG,TAT,TCA,TCC,TCG,TCT,TGA,TGC,TGG,TGT,TTA,TTC,TTG,TTT
Staphylococcus phage LSA2366,NA,KNV74,NA,DNA,linear,1.77232142857143,0.666666666666667,0.227678571428571,1.33333333333333,2.37349397590361,0.216867469879518,0.530120481927711,0.879518072289157,2.13114754098361,0.263929618768328,0.0983606557377049,1.75953079178886,0.789099526066351,0.462085308056872,1,1.74881516587678,1.76958525345622,0.448979591836735,0.230414746543779,1.55102040816327,2.08571428571429,0.171428571428571,0.571428571428571,1.17142857142857,0.39344262295082,0.39344262295082,0.0327868852459016,2.95081967213115,0.366197183098592,0.169014084507042,0.0563380281690141,0.535211267605634,1.66769230769231,0.685,0.332307692307692,1.315,2.05504587155963,0.311926605504587,0.385321100917431,1.24770642201835,0.689138576779026,0.254681647940075,0.224719101123595,2.8314606741573,1.64864864864865,0.243243243243243,0.648648648648649,1.45945945945946,2.14285714285714,0.423312883435583,0.714285714285714,1.57668711656442,2.55131964809384,0.140762463343109,0.299120234604106,0.98533724340176,0.142857142857143,0.193548387096774,1,1.80645161290323,4.43661971830986,0.454545454545455,0.436619718309859,1.54545454545455
