virus,realm,host,locus_tag,AAA,AAC,AAG,AAT,ACA,ACC,ACG,ACT,AGA,AGC,AGG,AGT,ATA,ATC,ATG,ATT,CAA,CAC,CAG,CAT,CCA,CCC,CCG,CCT,CGA,CGC,CGG,CGT,CTA,CTC,CTG,CTT,GAA,GAC,GAG,GAT,GCA,GCC,GCG,GCT,GGA,GGC,GGG,GGT,GTA,GTC,GTG,GTT,TAA,TAC,TAG,TAT,TCA,TCC,TCG,TCT,TGA,TGC,TGG,TGT,TTA,TTC,TTG,TTT
Staphylococcus phage St 134,Duplodnaviria,bacteria,HOR65,1.77777777777778,0.445328031809145,0.222222222222222,1.55467196819085,2.40883977900552,0.287292817679558,0.552486187845304,0.751381215469613,1.84186046511628,0.240641711229947,0.306976744186047,2.11764705882353,0.652173913043478,0.430434782608696,1,1.91739130434783,1.82727272727273,0.551181102362205,0.172727272727273,1.4488188976378,1.4496644295302,0.51006711409396,0.268456375838926,1.77181208053691,0.474418604651163,0.27906976744186,0.0837209302325581,3.01395348837209,0.484560570071259,0.213776722090261,0.128266033254157,0.69833729216152,1.78590078328982,0.556900726392252,0.214099216710183,1.44309927360775,2.29508196721311,0.344262295081967,0.377049180327869,0.983606557377049,0.856269113149847,0.269113149847095,0.305810397553517,2.56880733944954,1.09210526315789,0.526315789473684,0.723684210526316,1.65789473684211,1.85714285714286,0.352601156069364,0.714285714285714,1.64739884393064,2.58288770053476,0.0962566844919786,0.0641711229946524,0.898395721925134,0.428571428571429,0.272727272727273,1,1.72727272727273,3.91923990498812,0.278145695364238,0.555819477434679,1.72185430463576
