virus,realm,locus_tag,host,type,shape,AAA,AAC,AAG,AAT,ACA,ACC,ACG,ACT,AGA,AGC,AGG,AGT,ATA,ATC,ATG,ATT,CAA,CAC,CAG,CAT,CCA,CCC,CCG,CCT,CGA,CGC,CGG,CGT,CTA,CTC,CTG,CTT,GAA,GAC,GAG,GAT,GCA,GCC,GCG,GCT,GGA,GGC,GGG,GGT,GTA,GTC,GTG,GTT,TAA,TAC,TAG,TAT,TCA,TCC,TCG,TCT,TGA,TGC,TGG,TGT,TTA,TTC,TTG,TTT
Staphylococcus prophage phiPV83,Duplodnaviria,phiPV83p,bacteria,DNA,linear,1.54833468724614,0.681867535287731,0.451665312753859,1.31813246471227,1.8086500655308,0.293577981651376,0.53997378768021,1.35779816513761,2.8792270531401,0.670012547051443,0.599033816425121,1.66373902132999,0.983463035019455,0.490272373540856,1,1.52626459143969,1.74812030075188,0.651785714285714,0.25187969924812,1.34821428571429,1.58404558404558,0.239316239316239,0.64957264957265,1.52706552706553,0.792270531400966,0.328502415458937,0.0676328502415459,1.33333333333333,0.649398704902868,0.177613320999075,0.249768732654949,0.838112858464385,1.55102040816327,0.565583634175692,0.448979591836735,1.43441636582431,1.65294117647059,0.217647058823529,0.635294117647059,1.49411764705882,1.08169014084507,0.676056338028169,0.405633802816901,1.83661971830986,1.31764705882353,0.418300653594771,0.616993464052288,1.64705882352941,1.81818181818182,0.594594594594595,0.590909090909091,1.40540540540541,1.51317440401506,0.225846925972397,0.579673776662484,1.34755332496863,0.590909090909091,0.578947368421053,1,1.42105263157895,3.05827937095282,0.58273381294964,1.0268270120259,1.41726618705036
