virus,realm,locus_tag,host,type,shape,AAA,AAC,AAG,AAT,ACA,ACC,ACG,ACT,AGA,AGC,AGG,AGT,ATA,ATC,ATG,ATT,CAA,CAC,CAG,CAT,CCA,CCC,CCG,CCT,CGA,CGC,CGG,CGT,CTA,CTC,CTG,CTT,GAA,GAC,GAG,GAT,GCA,GCC,GCG,GCT,GGA,GGC,GGG,GGT,GTA,GTC,GTG,GTT,TAA,TAC,TAG,TAT,TCA,TCC,TCG,TCT,TGA,TGC,TGG,TGT,TTA,TTC,TTG,TTT
Staphylococcus phage tp310-2,Duplodnaviria,SPTP3102,bacteria,DNA,linear,1.54670528602462,0.640909090909091,0.45329471397538,1.35909090909091,1.93241551939925,0.270337922403004,0.385481852315394,1.41176470588235,3.15508021390374,0.679501698754247,0.588235294117647,1.78029445073613,1.00795228628231,0.47117296222664,1,1.52087475149105,1.66932270916335,0.510121457489879,0.330677290836653,1.48987854251012,1.83957219251337,0.203208556149733,0.427807486631016,1.52941176470588,0.716577540106952,0.267379679144385,0.106951871657754,1.16577540106952,0.664412510566357,0.152155536770921,0.233305156382079,0.887573964497041,1.62399283795882,0.482285714285714,0.376007162041182,1.51771428571429,1.71084337349398,0.260240963855422,0.510843373493976,1.51807228915663,1.21985815602837,0.685579196217494,0.321513002364066,1.77304964539007,1.33167082294264,0.379052369077307,0.543640897755611,1.74563591022444,1.83582089552239,0.471358428805237,0.582089552238806,1.52864157119476,1.5356738391846,0.176670441676104,0.400906002265006,1.42695356738392,0.582089552238806,0.5,1,1.5,3.08368554522401,0.515426497277677,0.978867286559594,1.48457350272232
