virus,realm,locus_tag,host,type,shape,AAA,AAC,AAG,AAT,ACA,ACC,ACG,ACT,AGA,AGC,AGG,AGT,ATA,ATC,ATG,ATT,CAA,CAC,CAG,CAT,CCA,CCC,CCG,CCT,CGA,CGC,CGG,CGT,CTA,CTC,CTG,CTT,GAA,GAC,GAG,GAT,GCA,GCC,GCG,GCT,GGA,GGC,GGG,GGT,GTA,GTC,GTG,GTT,TAA,TAC,TAG,TAT,TCA,TCC,TCG,TCT,TGA,TGC,TGG,TGT,TTA,TTC,TTG,TTT
Staphylococcus phage IME-SA119,Duplodnaviria,HOQ81,bacteria,DNA,linear,1.55218414857442,0.480117820324006,0.447815851425582,1.51988217967599,2.00894672631151,0.167547783651891,0.161041073607157,1.66246441642944,4.13002680965147,0.389347336834209,0.478552278820375,1.85221305326332,1.11029900332226,0.286046511627907,1,1.60365448504983,1.64593301435407,0.44311377245509,0.354066985645933,1.55688622754491,0.894409937888199,0.0993788819875776,0.237799467613132,2.76841171251109,0.333780160857909,0.0764075067024129,0.032171581769437,0.949061662198391,0.942857142857143,0.0765957446808511,0.0638297872340425,0.866261398176292,1.49626221966647,0.450207468879668,0.503737780333525,1.54979253112033,1.79988297249854,0.241076653013458,0.117027501462844,1.84201287302516,1.37568826768319,0.186361711139348,0.301567132570945,2.13638288860652,2.09671179883946,0.156286266924565,0.182591876208897,1.56441005802708,2.19617224880383,0.549976536837166,0.631578947368421,1.45002346316283,1.71267816954239,0.184546136534134,0.0742685671417855,1.78694673668417,0.172248803827751,0.263157894736842,1,1.73684210526316,3.69300911854103,0.533333333333333,0.357446808510638,1.46666666666667
