virus,realm,locus_tag,host,type,shape,AAA,AAC,AAG,AAT,ACA,ACC,ACG,ACT,AGA,AGC,AGG,AGT,ATA,ATC,ATG,ATT,CAA,CAC,CAG,CAT,CCA,CCC,CCG,CCT,CGA,CGC,CGG,CGT,CTA,CTC,CTG,CTT,GAA,GAC,GAG,GAT,GCA,GCC,GCG,GCT,GGA,GGC,GGG,GGT,GTA,GTC,GTG,GTT,TAA,TAC,TAG,TAT,TCA,TCC,TCG,TCT,TGA,TGC,TGG,TGT,TTA,TTC,TTG,TTT
Staphylococcus phage IME-SA118,Duplodnaviria,HOQ80,bacteria,DNA,linear,1.55351521511018,0.475735294117647,0.446484784889822,1.52426470588235,2.05,0.166666666666667,0.171666666666667,1.61166666666667,4.12726054922974,0.387678437265214,0.474212993971869,1.83245679939895,1.11737245748583,0.291097032344115,1,1.59153051017006,1.64334705075446,0.442105263157895,0.356652949245542,1.55789473684211,0.899911426040744,0.095659875996457,0.237378210806023,2.76705048715678,0.333556597454789,0.0763563295378433,0.0361687876758205,0.95244474212994,0.928483353884094,0.0721331689272503,0.06288532675709,0.860049321824908,1.49625360230548,0.44683808200139,0.503746397694524,1.55316191799861,1.78898007033998,0.241500586166471,0.117233294255569,1.85228604923798,1.37065309584394,0.18490245971162,0.300254452926209,2.14418999151824,2.08776699029126,0.156893203883495,0.189514563106796,1.56582524271845,2.20588235294118,0.54113171659534,0.632352941176471,1.45886828340466,1.71975957926371,0.189331329827198,0.0721262208865515,1.79864763335838,0.161764705882353,0.263636363636364,1,1.73636363636364,3.71393341553638,0.536828963795256,0.362515413070284,1.46317103620474
