virus,realm,locus_tag,host,type,shape,AAA,AAC,AAG,AAT,ACA,ACC,ACG,ACT,AGA,AGC,AGG,AGT,ATA,ATC,ATG,ATT,CAA,CAC,CAG,CAT,CCA,CCC,CCG,CCT,CGA,CGC,CGG,CGT,CTA,CTC,CTG,CTT,GAA,GAC,GAG,GAT,GCA,GCC,GCG,GCT,GGA,GGC,GGG,GGT,GTA,GTC,GTG,GTT,TAA,TAC,TAG,TAT,TCA,TCC,TCG,TCT,TGA,TGC,TGG,TGT,TTA,TTC,TTG,TTT
Staphylococcus phage GRCS,Duplodnaviria,GRCS,bacteria,DNA,linear,1.80357142857143,0.644628099173554,0.196428571428571,1.35537190082645,2.54117647058824,0.141176470588235,0.517647058823529,0.8,2.09677419354839,0.26865671641791,0.161290322580645,1.70149253731343,0.714622641509434,0.481132075471698,1,1.80424528301887,1.82775119617225,0.457142857142857,0.172248803827751,1.54285714285714,1.87234042553191,0.170212765957447,0.539007092198582,1.41843971631206,0.419354838709677,0.290322580645161,0,3.03225806451613,0.404494382022472,0.0943820224719101,0.0943820224719101,0.512359550561798,1.65994236311239,0.648780487804878,0.340057636887608,1.35121951219512,1.97333333333333,0.213333333333333,0.266666666666667,1.54666666666667,0.622222222222222,0.251851851851852,0.296296296296296,2.82962962962963,1.66089965397924,0.249134948096886,0.55363321799308,1.5363321799308,2.28571428571429,0.385321100917431,0.571428571428571,1.61467889908257,2.48955223880597,0.143283582089552,0.17910447761194,1.21791044776119,0.142857142857143,0.333333333333333,1,1.66666666666667,4.51685393258427,0.394648829431438,0.37752808988764,1.60535117056856
