virus,realm,locus_tag,host,type,shape,AAA,AAC,AAG,AAT,ACA,ACC,ACG,ACT,AGA,AGC,AGG,AGT,ATA,ATC,ATG,ATT,CAA,CAC,CAG,CAT,CCA,CCC,CCG,CCT,CGA,CGC,CGG,CGT,CTA,CTC,CTG,CTT,GAA,GAC,GAG,GAT,GCA,GCC,GCG,GCT,GGA,GGC,GGG,GGT,GTA,GTC,GTG,GTT,TAA,TAC,TAG,TAT,TCA,TCC,TCG,TCT,TGA,TGC,TGG,TGT,TTA,TTC,TTG,TTT
Staphylococcus phage phiSA BS2,NA,HOT02,NA,NA,NA,1.57293868921776,0.611245256985167,0.427061310782241,1.38875474301483,2.28663967611336,0.17004048582996,0.20080971659919,1.34251012145749,4.11557788944724,0.300480769230769,0.633165829145729,2.14423076923077,1.16176956091119,0.31000330141961,1,1.5282271376692,1.79026217228464,0.540284360189573,0.209737827715356,1.45971563981043,1.35567970204842,0.0670391061452514,0.100558659217877,2.47672253258845,0.327889447236181,0.0489949748743719,0.0113065326633166,0.863065326633166,0.88834505965127,0.115631691648822,0.0789232181095136,0.781890486387274,1.60272180057577,0.411130434782609,0.397278199424234,1.58886956521739,1.84935064935065,0.122077922077922,0.137662337662338,1.89090909090909,1.49915397631134,0.133671742808799,0.27072758037225,2.09644670050761,2.06148867313916,0.177993527508091,0.288025889967638,1.47249190938511,2.11004784688995,0.503597122302158,0.588516746411483,1.49640287769784,1.52163461538462,0.120192307692308,0.105769230769231,1.80769230769231,0.301435406698565,0.245059288537549,1,1.75494071146245,3.663505659223,0.533253445176753,0.471703884980116,1.46674655482325
