virus,realm,locus_tag,host,type,shape,AAA,AAC,AAG,AAT,ACA,ACC,ACG,ACT,AGA,AGC,AGG,AGT,ATA,ATC,ATG,ATT,CAA,CAC,CAG,CAT,CCA,CCC,CCG,CCT,CGA,CGC,CGG,CGT,CTA,CTC,CTG,CTT,GAA,GAC,GAG,GAT,GCA,GCC,GCG,GCT,GGA,GGC,GGG,GGT,GTA,GTC,GTG,GTT,TAA,TAC,TAG,TAT,TCA,TCC,TCG,TCT,TGA,TGC,TGG,TGT,TTA,TTC,TTG,TTT
Staphylococcus phage phiNM3,Duplodnaviria,NM3,bacteria,DNA,linear,1.54340836012862,0.679545454545455,0.456591639871383,1.32045454545455,1.82022471910112,0.258426966292135,0.617977528089888,1.30337078651685,2.86764705882353,0.689189189189189,0.551470588235294,1.66216216216216,0.957957957957958,0.564564564564565,1,1.47747747747748,1.72156862745098,0.58008658008658,0.27843137254902,1.41991341991342,1.58308157099698,0.277945619335347,0.56797583081571,1.57099697885196,0.716911764705882,0.330882352941176,0.0882352941176471,1.44485294117647,0.660869565217391,0.133333333333333,0.208695652173913,0.852173913043478,1.53769841269841,0.568944099378882,0.462301587301587,1.43105590062112,1.69832402234637,0.206703910614525,0.614525139664804,1.4804469273743,1.10402219140083,0.599167822468793,0.294036061026352,2.00277392510402,1.28894806924101,0.458055925432756,0.532623169107856,1.72037283621838,1.75384615384615,0.574040219378428,0.323076923076923,1.42595978062157,1.7027027027027,0.227027027027027,0.42972972972973,1.28918918918919,0.923076923076923,0.474576271186441,1,1.52542372881356,3.25797101449275,0.568665377176016,0.88695652173913,1.43133462282398
