virus,realm,locus_tag,host,type,shape,AAA,AAC,AAG,AAT,ACA,ACC,ACG,ACT,AGA,AGC,AGG,AGT,ATA,ATC,ATG,ATT,CAA,CAC,CAG,CAT,CCA,CCC,CCG,CCT,CGA,CGC,CGG,CGT,CTA,CTC,CTG,CTT,GAA,GAC,GAG,GAT,GCA,GCC,GCG,GCT,GGA,GGC,GGG,GGT,GTA,GTC,GTG,GTT,TAA,TAC,TAG,TAT,TCA,TCC,TCG,TCT,TGA,TGC,TGG,TGT,TTA,TTC,TTG,TTT
Staphylococcus phage SH-St 15644,Duplodnaviria,KMD27,bacteria,DNA,linear,1.5650289017341,0.593505039193729,0.434971098265896,1.40649496080627,1.96969696969697,0.267676767676768,0.368686868686869,1.39393939393939,3.23875432525952,0.661363636363636,0.508650519031142,1.70454545454545,1.02121212121212,0.445454545454545,1,1.53333333333333,1.65557729941292,0.453781512605042,0.344422700587084,1.54621848739496,1.96286472148541,0.180371352785146,0.392572944297082,1.46419098143236,0.737024221453287,0.311418685121107,0.0311418685121107,1.17301038062284,0.667817083692839,0.139775668679896,0.212251941328732,0.895599654874892,1.61510128913444,0.461187214611872,0.384898710865562,1.53881278538813,1.78806333739342,0.238733252131547,0.496954933008526,1.4762484774665,1.26415094339623,0.632075471698113,0.334905660377358,1.7688679245283,1.32650448143406,0.394366197183099,0.512163892445583,1.76696542893726,1.78125,0.467796610169492,0.703125,1.53220338983051,1.70454545454545,0.204545454545455,0.320454545454545,1.40454545454545,0.515625,0.422535211267606,1,1.57746478873239,3.0595340811044,0.482632541133455,1.02502157031924,1.51736745886654
