virus,realm,locus_tag,host,type,shape,AAA,AAC,AAG,AAT,ACA,ACC,ACG,ACT,AGA,AGC,AGG,AGT,ATA,ATC,ATG,ATT,CAA,CAC,CAG,CAT,CCA,CCC,CCG,CCT,CGA,CGC,CGG,CGT,CTA,CTC,CTG,CTT,GAA,GAC,GAG,GAT,GCA,GCC,GCG,GCT,GGA,GGC,GGG,GGT,GTA,GTC,GTG,GTT,TAA,TAC,TAG,TAT,TCA,TCC,TCG,TCT,TGA,TGC,TGG,TGT,TTA,TTC,TTG,TTT
Staphylococcus phage EW,NA,EWORF03,NA,NA,NA,1.50449713818479,0.837662337662338,0.495502861815209,1.16233766233766,1.73483146067416,0.287640449438202,0.61123595505618,1.36629213483146,2.09661835748792,0.776223776223776,0.51207729468599,1.81118881118881,0.820781696854147,0.717826501429933,1,1.46139180171592,1.69666666666667,0.868217054263566,0.303333333333333,1.13178294573643,1.41906873614191,0.239467849223947,0.46119733924612,1.88026607538803,0.63768115942029,0.608695652173913,0.106280193236715,2.03864734299517,0.774021352313167,0.192170818505338,0.288256227758007,0.832740213523132,1.46611053180396,0.720441988950276,0.533889468196038,1.27955801104972,1.45088161209068,0.36272040302267,0.720403022670025,1.46599496221662,0.903518728717367,0.749148694665153,0.449489216799092,1.89784335981839,1.4122621564482,0.405919661733615,0.718816067653277,1.4630021141649,1.67532467532468,0.8352,0.428571428571429,1.1648,1.48951048951049,0.20979020979021,0.48951048951049,1.22377622377622,0.896103896103896,0.7,1,1.3,2.91992882562278,0.65195246179966,0.99288256227758,1.34804753820034
