virus,realm,locus_tag,host,type,shape,AAA,AAC,AAG,AAT,ACA,ACC,ACG,ACT,AGA,AGC,AGG,AGT,ATA,ATC,ATG,ATT,CAA,CAC,CAG,CAT,CCA,CCC,CCG,CCT,CGA,CGC,CGG,CGT,CTA,CTC,CTG,CTT,GAA,GAC,GAG,GAT,GCA,GCC,GCG,GCT,GGA,GGC,GGG,GGT,GTA,GTC,GTG,GTT,TAA,TAC,TAG,TAT,TCA,TCC,TCG,TCT,TGA,TGC,TGG,TGT,TTA,TTC,TTG,TTT
Stenotrophomonas phage SMA7,Monodnaviria,M694,bacteria,DNA,circular,0.309859154929577,1.58823529411765,1.69014084507042,0.411764705882353,0.481481481481481,1.44444444444444,1.77777777777778,0.296296296296296,0.25,1.39805825242718,0.666666666666667,0.640776699029126,0.148148148148148,2.11111111111111,1,0.740740740740741,0.32258064516129,0.9375,1.67741935483871,1.0625,0.826086956521739,0.739130434782609,1.82608695652174,0.608695652173913,0.708333333333333,2.625,1.125,0.625,0.467532467532468,1.09090909090909,2.88311688311688,0.545454545454545,0.693877551020408,1.23404255319149,1.30612244897959,0.765957446808511,0.840336134453782,1.09243697478992,1.54621848739496,0.521008403361345,0.303448275862069,1.98620689655172,1.10344827586207,0.606896551724138,0.563758389261745,0.939597315436242,1.98657718120805,0.51006711409396,0.9,1.27777777777778,0.3,0.722222222222222,0.524271844660194,1.10679611650485,1.57281553398058,0.757281553398058,1.8,1.46666666666667,1,0.533333333333333,0.0779220779220779,1.73333333333333,0.935064935064935,0.266666666666667
