virus,realm,host,locus_tag,AAA,AAC,AAG,AAT,ACA,ACC,ACG,ACT,AGA,AGC,AGG,AGT,ATA,ATC,ATG,ATT,CAA,CAC,CAG,CAT,CCA,CCC,CCG,CCT,CGA,CGC,CGG,CGT,CTA,CTC,CTG,CTT,GAA,GAC,GAG,GAT,GCA,GCC,GCG,GCT,GGA,GGC,GGG,GGT,GTA,GTC,GTG,GTT,TAA,TAC,TAG,TAT,TCA,TCC,TCG,TCT,TGA,TGC,TGG,TGT,TTA,TTC,TTG,TTT
Stenotrophomonas phage Pokken,Duplodnaviria,bacteria,HYP93,0.157664233576642,1.40255319148936,1.84233576642336,0.597446808510638,0.135947712418301,1.98954248366013,0.773856209150327,1.10065359477124,0.0549084858569052,1.3541518807665,0.174708818635607,0.826117814052519,0.0209627329192547,2.41304347826087,1,0.565993788819876,0.514285714285714,1.10548523206751,1.48571428571429,0.894514767932489,0.758817921830315,0.724499523355577,1.92945662535748,0.587225929456625,0.898502495840266,1.29783693843594,0.708818635607321,2.86522462562396,0.100558659217877,1.07262569832402,3.71457592686643,0.441848654139157,1.0260989010989,0.957475994513032,0.973901098901099,1.04252400548697,0.962365591397849,1.32795698924731,0.340501792114695,1.36917562724014,0.324582338902148,1.66587112171838,0.260143198090692,1.74940334128878,0.248888888888889,1.50095238095238,1.4984126984127,0.751746031746032,0.967741935483871,1.38802083333333,0.161290322580645,0.611979166666667,0.242725337118524,1.51171043293116,1.37118523775727,0.694109297374024,1.87096774193548,1.41379310344828,1,0.586206896551724,0.02133062468258,1.8628841607565,0.649060436769934,0.137115839243499
