virus,realm,locus_tag,host,type,shape,AAA,AAC,AAG,AAT,ACA,ACC,ACG,ACT,AGA,AGC,AGG,AGT,ATA,ATC,ATG,ATT,CAA,CAC,CAG,CAT,CCA,CCC,CCG,CCT,CGA,CGC,CGG,CGT,CTA,CTC,CTG,CTT,GAA,GAC,GAG,GAT,GCA,GCC,GCG,GCT,GGA,GGC,GGG,GGT,GTA,GTC,GTG,GTT,TAA,TAC,TAG,TAT,TCA,TCC,TCG,TCT,TGA,TGC,TGG,TGT,TTA,TTC,TTG,TTT
Streptococcus phage 5093,Duplodnaviria,st5093phage,bacteria,DNA,linear,1.37938596491228,0.862681744749596,0.620614035087719,1.1373182552504,1.62258543833581,0.528974739970282,0.50520059435364,1.34323922734027,2.25339366515837,1.06594885598923,0.420814479638009,1.2436069986541,0.542713567839196,0.964824120603015,1,1.49246231155779,1.52066115702479,0.835616438356164,0.479338842975207,1.16438356164384,1.71228070175439,0.308771929824561,0.589473684210526,1.38947368421053,0.909502262443439,0.48868778280543,0.257918552036199,1.66968325791855,1.08466819221968,0.487414187643021,0.288329519450801,1.25629290617849,1.3953488372093,0.798136645962733,0.604651162790698,1.20186335403727,1.35748792270531,0.36231884057971,0.376811594202899,1.90338164251208,1.44732824427481,0.598473282442748,0.415267175572519,1.53893129770992,0.988691437802908,0.781906300484653,0.607431340872375,1.62197092084006,1.625,0.710706150341686,0.4375,1.28929384965831,1.80888290713324,0.234185733512786,0.452220726783311,1.19515477792732,0.9375,0.981132075471698,1,1.0188679245283,1.60640732265446,0.8,1.27688787185355,1.2
