virus,realm,locus_tag,host,type,shape,AAA,AAC,AAG,AAT,ACA,ACC,ACG,ACT,AGA,AGC,AGG,AGT,ATA,ATC,ATG,ATT,CAA,CAC,CAG,CAT,CCA,CCC,CCG,CCT,CGA,CGC,CGG,CGT,CTA,CTC,CTG,CTT,GAA,GAC,GAG,GAT,GCA,GCC,GCG,GCT,GGA,GGC,GGG,GGT,GTA,GTC,GTG,GTT,TAA,TAC,TAG,TAT,TCA,TCC,TCG,TCT,TGA,TGC,TGG,TGT,TTA,TTC,TTG,TTT
Streptomyces phage Comrade,Duplodnaviria,HWB84,bacteria,DNA,linear,0.0909492273730684,0.824181919023849,1.90905077262693,1.17581808097615,1.07651245551601,0.724199288256228,0.665480427046263,1.53380782918149,1.10083620265617,0.807162534435262,0.773241515002459,0.977961432506887,0.0286864620030196,0.893809763462506,1,2.07750377453447,0.372735116479724,1.08605341246291,1.62726488352028,0.913946587537092,1.15107913669065,0.454676258992806,0.897841726618705,1.49640287769784,0.917855386128874,0.720118052139695,0.525332021642892,1.96261682242991,0.941221374045802,0.597709923664122,0.975572519083969,2.43206106870229,0.856917619235317,1.00210526315789,1.14308238076468,0.997894736842105,1.08512752567075,0.608148393507784,0.567075190460417,1.73964889036105,1.20949432404541,0.612315101479188,0.317853457172343,1.86033711730306,0.926238532110092,0.603302752293578,0.585688073394495,1.88477064220183,1.23144104803493,0.977717758271438,0.2882096069869,1.02228224172856,1.0771349862259,0.710743801652893,0.465564738292011,1.96143250688705,1.48034934497817,0.811827956989247,1,1.18817204301075,0.00916030534351145,1.0963687150838,1.04427480916031,0.903631284916201
