virus,realm,locus_tag,host,type,shape,AAA,AAC,AAG,AAT,ACA,ACC,ACG,ACT,AGA,AGC,AGG,AGT,ATA,ATC,ATG,ATT,CAA,CAC,CAG,CAT,CCA,CCC,CCG,CCT,CGA,CGC,CGG,CGT,CTA,CTC,CTG,CTT,GAA,GAC,GAG,GAT,GCA,GCC,GCG,GCT,GGA,GGC,GGG,GGT,GTA,GTC,GTG,GTT,TAA,TAC,TAG,TAT,TCA,TCC,TCG,TCT,TGA,TGC,TGG,TGT,TTA,TTC,TTG,TTT
Streptococcus phage 858,Duplodnaviria,SP858,bacteria,DNA,linear,1.40540540540541,0.906200317965024,0.594594594594595,1.09379968203498,1.44125326370757,0.574412532637076,0.485639686684073,1.49869451697128,1.66597077244259,1.14498141263941,0.651356993736952,1.21189591078067,0.487248322147651,1.01879194630872,1,1.49395973154362,1.53588516746411,0.949640287769784,0.464114832535885,1.05035971223022,1.78913738019169,0.332268370607029,0.498402555910543,1.38019169329073,1.05219206680585,0.651356993736952,0.325678496868476,1.65344467640919,0.986601705237515,0.482338611449452,0.350791717417783,1.33008526187576,1.42816901408451,0.795107033639144,0.571830985915493,1.20489296636086,1.3271676300578,0.448554913294798,0.485549132947977,1.73872832369942,1.04435994930291,0.740177439797212,0.47148288973384,1.74397972116603,1.17204301075269,0.725806451612903,0.586021505376344,1.51612903225806,1.89130434782609,0.738255033557047,0.456521739130435,1.26174496644295,1.79925650557621,0.178438661710037,0.423791821561338,1.24163568773234,0.652173913043478,0.818181818181818,1,1.18181818181818,1.46894031668697,0.831460674157303,1.38124238733252,1.1685393258427
