virus,realm,host,locus_tag,AAA,AAC,AAG,AAT,ACA,ACC,ACG,ACT,AGA,AGC,AGG,AGT,ATA,ATC,ATG,ATT,CAA,CAC,CAG,CAT,CCA,CCC,CCG,CCT,CGA,CGC,CGG,CGT,CTA,CTC,CTG,CTT,GAA,GAC,GAG,GAT,GCA,GCC,GCG,GCT,GGA,GGC,GGG,GGT,GTA,GTC,GTG,GTT,TAA,TAC,TAG,TAT,TCA,TCC,TCG,TCT,TGA,TGC,TGG,TGT,TTA,TTC,TTG,TTT
Streptomyces phage Tefunt,Duplodnaviria,bacteria,KGG85,0.0193370165745856,1.91121495327103,1.98066298342541,0.088785046728972,0.102354145342886,2.21494370522006,1.47389969293756,0.208802456499488,0.0585365853658537,1.58199356913183,0.485853658536585,0.218649517684887,0.022354694485842,2.91952309985097,1,0.0581222056631893,0.139963167587477,1.7888198757764,1.86003683241252,0.211180124223602,0.118438761776581,1.55585464333782,2.01884253028264,0.306864064602961,0.591219512195122,2.97951219512195,1.47512195121951,0.409756097560976,0.0138461538461538,2.39076923076923,3.26769230769231,0.230769230769231,0.240427426536064,1.88164493480441,1.75957257346394,0.118355065195587,0.292404340376927,1.99428897772701,1.33637921187893,0.376927470017133,0.346094946401225,2.64931087289433,0.588055130168453,0.416539050535988,0.127696289905091,2.15703192407248,1.50819672131148,0.207075064710958,0.518518518518518,1.94520547945205,0.111111111111111,0.0547945205479452,0.141479099678457,1.91639871382637,2,0.141479099678457,2.37037037037037,1.74789915966387,1,0.252100840336134,0,1.99570815450644,0.0969230769230769,0.00429184549356223
