virus,realm,host,locus_tag,AAA,AAC,AAG,AAT,ACA,ACC,ACG,ACT,AGA,AGC,AGG,AGT,ATA,ATC,ATG,ATT,CAA,CAC,CAG,CAT,CCA,CCC,CCG,CCT,CGA,CGC,CGG,CGT,CTA,CTC,CTG,CTT,GAA,GAC,GAG,GAT,GCA,GCC,GCG,GCT,GGA,GGC,GGG,GGT,GTA,GTC,GTG,GTT,TAA,TAC,TAG,TAT,TCA,TCC,TCG,TCT,TGA,TGC,TGG,TGT,TTA,TTC,TTG,TTT
Streptococcus phage phiARI0131-1,Duplodnaviria,bacteria,BOX02,1.20887245841035,0.760606060606061,0.791127541589649,1.23939393939394,1.35859269282815,0.660351826792963,0.546684709066306,1.43437077131258,1.66535433070866,1.20647773279352,0.696850393700787,1.21457489878543,0.465116279069767,1.15891472868217,1,1.37596899224806,1.26612903225806,0.732919254658385,0.733870967741935,1.26708074534161,1.68996960486322,0.243161094224924,0.534954407294833,1.53191489361702,0.992125984251969,0.625984251968504,0.507874015748031,1.51181102362205,0.794208893485005,0.459152016546019,0.707342295760083,1.25956566701138,1.31969860064586,0.761154855643045,0.680301399354144,1.23884514435696,1.31294117647059,0.545882352941176,0.418823529411765,1.72235294117647,1.12765957446809,0.835106382978723,0.468085106382979,1.56914893617021,1.0427807486631,0.893048128342246,0.732620320855615,1.33155080213904,1.30188679245283,0.702586206896552,0.735849056603774,1.29741379310345,1.48987854251012,0.291497975708502,0.42914979757085,1.36842105263158,0.962264150943396,0.806451612903226,1,1.19354838709677,1.23474663908997,0.643006263048017,1.54498448810755,1.35699373695198
