virus,realm,locus_tag,host,type,shape,AAA,AAC,AAG,AAT,ACA,ACC,ACG,ACT,AGA,AGC,AGG,AGT,ATA,ATC,ATG,ATT,CAA,CAC,CAG,CAT,CCA,CCC,CCG,CCT,CGA,CGC,CGG,CGT,CTA,CTC,CTG,CTT,GAA,GAC,GAG,GAT,GCA,GCC,GCG,GCT,GGA,GGC,GGG,GGT,GTA,GTC,GTG,GTT,TAA,TAC,TAG,TAT,TCA,TCC,TCG,TCT,TGA,TGC,TGG,TGT,TTA,TTC,TTG,TTT
Streptomyces phage phiSASD1,Duplodnaviria,phiSA1p,bacteria,DNA,linear,0.0661577608142494,1.86666666666667,1.93384223918575,0.133333333333333,0.135977337110482,1.42209631728045,1.97733711048159,0.464589235127479,0.0308483290488432,0.909952606635071,0.370179948586118,0.37914691943128,0.0578313253012048,2.60240963855422,1,0.339759036144578,0.15041782729805,1.66480446927374,1.84958217270195,0.335195530726257,0.0817717206132879,1.06984667802385,2.09199318568995,0.756388415672913,0.254498714652956,2.93830334190231,1.27249357326478,1.13367609254499,0.056782334384858,1.22397476340694,4.01261829652997,0.49211356466877,0.560271646859083,1.81870503597122,1.43972835314092,0.181294964028777,0.237471087124133,1.87818041634541,1.30454895913647,0.579799537393986,0.335911602209945,2.46629834254144,0.521546961325967,0.676243093922652,0.167053364269142,2.0046403712297,1.39211136890951,0.436194895591647,0.348837209302326,1.86080586080586,0.558139534883721,0.139194139194139,0.227488151658768,2.739336492891,1.23222748815166,0.511848341232227,2.09302325581395,1.68292682926829,1,0.317073170731707,0,1.85897435897436,0.214511041009464,0.141025641025641
