virus,realm,locus_tag,host,type,shape,AAA,AAC,AAG,AAT,ACA,ACC,ACG,ACT,AGA,AGC,AGG,AGT,ATA,ATC,ATG,ATT,CAA,CAC,CAG,CAT,CCA,CCC,CCG,CCT,CGA,CGC,CGG,CGT,CTA,CTC,CTG,CTT,GAA,GAC,GAG,GAT,GCA,GCC,GCG,GCT,GGA,GGC,GGG,GGT,GTA,GTC,GTG,GTT,TAA,TAC,TAG,TAT,TCA,TCC,TCG,TCT,TGA,TGC,TGG,TGT,TTA,TTC,TTG,TTT
Streptomyces phage Annadreamy,Duplodnaviria,HWB75,bacteria,DNA,linear,0.123479044614691,0.916058394160584,1.87652095538531,1.08394160583942,1.17700729927007,0.848540145985402,0.62956204379562,1.34489051094891,1.04658077304262,0.824299065420561,0.793855302279485,0.925233644859813,0.0365079365079365,1.07142857142857,1,1.89206349206349,0.38646482635797,1.08571428571429,1.61353517364203,0.914285714285714,1.25018559762435,0.519673348181143,0.775055679287305,1.4550853749072,0.975222993062438,0.814667988107037,0.502477700693756,1.86719524281467,0.963419329996149,0.824797843665768,1.00962649210628,2.27339237581825,0.922356613343738,1.03480475382003,1.07764338665626,0.965195246179966,1.26097822206355,0.696893966440557,0.55837200999643,1.48375580149946,1.27964205816555,0.732289336316182,0.31469052945563,1.67337807606264,1.05133153222694,0.724044770358935,0.612890775762254,1.61173292165187,1.19213973799127,1.06882591093117,0.510917030567686,0.931174089068826,1.20841121495327,0.838317757009346,0.451401869158878,1.75233644859813,1.29694323144105,0.924281984334204,1,1.0757180156658,0.0184828648440508,1.21914008321775,0.910281093569503,0.780859916782247
