virus,realm,host,locus_tag,AAA,AAC,AAG,AAT,ACA,ACC,ACG,ACT,AGA,AGC,AGG,AGT,ATA,ATC,ATG,ATT,CAA,CAC,CAG,CAT,CCA,CCC,CCG,CCT,CGA,CGC,CGG,CGT,CTA,CTC,CTG,CTT,GAA,GAC,GAG,GAT,GCA,GCC,GCG,GCT,GGA,GGC,GGG,GGT,GTA,GTC,GTG,GTT,TAA,TAC,TAG,TAT,TCA,TCC,TCG,TCT,TGA,TGC,TGG,TGT,TTA,TTC,TTG,TTT
Streptococcus phage phiARI0460-1,Duplodnaviria,bacteria,BOX00,1.21937842778793,0.760059612518629,0.780621572212066,1.23994038748137,1.44148936170213,0.643617021276596,0.563829787234043,1.35106382978723,1.61759082217973,1.07057256990679,0.630975143403442,1.27829560585885,0.486075949367089,1.10506329113924,1,1.40886075949367,1.21325051759834,0.646706586826347,0.786749482401656,1.35329341317365,1.82991202346041,0.19941348973607,0.480938416422287,1.48973607038123,0.986615678776291,0.630975143403442,0.424474187380497,1.7093690248566,0.764408493427705,0.461071789686552,0.606673407482305,1.37108190091001,1.35084033613445,0.762913907284768,0.649159663865546,1.23708609271523,1.30552147239264,0.593865030674847,0.500613496932515,1.6,1.13770913770914,0.813384813384813,0.468468468468468,1.58043758043758,1.01515151515152,0.853535353535353,0.696969696969697,1.43434343434343,1.29411764705882,0.723044397463002,0.705882352941177,1.276955602537,1.42210386151798,0.303595206391478,0.431424766977364,1.49400798934754,1,0.622950819672131,1,1.37704918032787,1.20728008088979,0.720321931589537,1.58948432760364,1.27967806841046
