virus,realm,locus_tag,host,type,shape,AAA,AAC,AAG,AAT,ACA,ACC,ACG,ACT,AGA,AGC,AGG,AGT,ATA,ATC,ATG,ATT,CAA,CAC,CAG,CAT,CCA,CCC,CCG,CCT,CGA,CGC,CGG,CGT,CTA,CTC,CTG,CTT,GAA,GAC,GAG,GAT,GCA,GCC,GCG,GCT,GGA,GGC,GGG,GGT,GTA,GTC,GTG,GTT,TAA,TAC,TAG,TAT,TCA,TCC,TCG,TCT,TGA,TGC,TGG,TGT,TTA,TTC,TTG,TTT
Streptococcus phage phiARI0468-1,Duplodnaviria,BOW98,bacteria,DNA,linear,1.21297297297297,0.790619765494137,0.787027027027027,1.20938023450586,1.28467153284672,0.624817518248175,0.607299270072993,1.48321167883212,1.80694980694981,1.19287833827893,0.66023166023166,1.25519287833828,0.56767955801105,1.16850828729282,1,1.26381215469613,1.21669980119284,0.700729927007299,0.783300198807157,1.2992700729927,1.68488745980707,0.218649517684887,0.42443729903537,1.67202572347267,0.857142857142857,0.683397683397683,0.498069498069498,1.49420849420849,0.945295404814004,0.439824945295405,0.728665207877462,1.18818380743982,1.20217391304348,0.87448275862069,0.797826086956522,1.12551724137931,1.15394566623545,0.605433376455369,0.465717981888745,1.77490297542044,1.21066666666667,0.88,0.496,1.41333333333333,1.00277008310249,0.96398891966759,0.736842105263158,1.29639889196676,1.4375,0.744186046511628,0.625,1.25581395348837,1.41543026706231,0.302670623145401,0.427299703264095,1.40652818991098,0.9375,0.619718309859155,1,1.38028169014085,1.25382932166302,0.705882352941177,1.44420131291028,1.29411764705882
