virus,realm,locus_tag,host,type,shape,AAA,AAC,AAG,AAT,ACA,ACC,ACG,ACT,AGA,AGC,AGG,AGT,ATA,ATC,ATG,ATT,CAA,CAC,CAG,CAT,CCA,CCC,CCG,CCT,CGA,CGC,CGG,CGT,CTA,CTC,CTG,CTT,GAA,GAC,GAG,GAT,GCA,GCC,GCG,GCT,GGA,GGC,GGG,GGT,GTA,GTC,GTG,GTT,TAA,TAC,TAG,TAT,TCA,TCC,TCG,TCT,TGA,TGC,TGG,TGT,TTA,TTC,TTG,TTT
Streptomyces phage Attoomi,Duplodnaviria,HOS58,bacteria,DNA,linear,0.0753880266075388,1.84313725490196,1.92461197339246,0.156862745098039,0.0802005012531328,1.7593984962406,2.04511278195489,0.115288220551378,0.0486815415821501,0.824742268041237,0.286004056795132,0.360824742268041,0.154054054054054,2.33513513513514,1,0.510810810810811,0.241286863270777,1.66829268292683,1.75871313672922,0.331707317073171,0.103225806451613,1.39870967741935,2.37935483870968,0.118709677419355,0.200811359026369,1.78296146044625,3.01825557809331,0.663286004056795,0.0942698706099815,1.31977818853974,4.02587800369686,0.205175600739372,0.299479166666667,1.82025316455696,1.70052083333333,0.179746835443038,0.129496402877698,2.24700239808153,1.49640287769784,0.127098321342926,0.392592592592593,1.94814814814815,1.12222222222222,0.537037037037037,0.0819234194122885,1.3606411398041,2.3900267141585,0.167408726625111,0.735849056603774,1.75555555555556,0.452830188679245,0.244444444444444,0.164948453608247,3.38144329896907,1,0.268041237113402,1.81132075471698,1.36,1,0.64,0,1.78305084745763,0.354898336414048,0.216949152542373
