virus,realm,locus_tag,host,type,shape,AAA,AAC,AAG,AAT,ACA,ACC,ACG,ACT,AGA,AGC,AGG,AGT,ATA,ATC,ATG,ATT,CAA,CAC,CAG,CAT,CCA,CCC,CCG,CCT,CGA,CGC,CGG,CGT,CTA,CTC,CTG,CTT,GAA,GAC,GAG,GAT,GCA,GCC,GCG,GCT,GGA,GGC,GGG,GGT,GTA,GTC,GTG,GTT,TAA,TAC,TAG,TAT,TCA,TCC,TCG,TCT,TGA,TGC,TGG,TGT,TTA,TTC,TTG,TTT
Streptomyces phage Celia,Duplodnaviria,KGG70,bacteria,DNA,linear,0.0171232876712329,1.98581560283688,1.98287671232877,0.0141843971631206,0.0906282183316169,2.38928939237899,1.41709577754892,0.102986611740474,0.0449017773620206,1.98,0.314312441534144,0.08,0.00950871632329636,2.95721077654517,1,0.0332805071315372,0.0498960498960499,1.98717948717949,1.95010395010395,0.0128205128205128,0.0901856763925729,1.40583554376658,2.3236074270557,0.180371352785146,0.381665107577175,2.68288119738073,2.27315247895229,0.303086997193639,0.0187646598905395,2.47224394057858,3.2556684910086,0.131352619233776,0.115421002838221,1.94301994301994,1.88457899716178,0.056980056980057,0.227758007117438,1.81020166073547,1.68208778173191,0.279952550415184,0.319754035357417,2.51806302843966,0.842428900845503,0.319754035357417,0.0282935455349248,2.25287356321839,1.61626878868258,0.102564102564103,0.0779220779220779,1.99524940617577,0.272727272727273,0.00475059382422803,0.0733333333333333,1.86,1.88,0.126666666666667,2.64935064935065,1.90990990990991,1,0.0900900900900901,0,1.98620689655172,0.121970289288507,0.0137931034482759
