virus,realm,locus_tag,host,type,shape,AAA,AAC,AAG,AAT,ACA,ACC,ACG,ACT,AGA,AGC,AGG,AGT,ATA,ATC,ATG,ATT,CAA,CAC,CAG,CAT,CCA,CCC,CCG,CCT,CGA,CGC,CGG,CGT,CTA,CTC,CTG,CTT,GAA,GAC,GAG,GAT,GCA,GCC,GCG,GCT,GGA,GGC,GGG,GGT,GTA,GTC,GTG,GTT,TAA,TAC,TAG,TAT,TCA,TCC,TCG,TCT,TGA,TGC,TGG,TGT,TTA,TTC,TTG,TTT
Streptomyces phage Bmoc,Duplodnaviria,KNV00,bacteria,DNA,linear,0.173512154233026,1.08114558472554,1.82648784576697,0.918854415274463,0.942767012167643,1.11041009463722,0.686795853988283,1.26002703920685,1.00639853747715,1.22898032200358,0.858318098720293,0.802325581395349,0.203571428571429,1.30561224489796,1,1.49081632653061,0.314878892733564,1.22408963585434,1.68512110726644,0.775910364145658,1.46369518332135,0.494608195542775,0.612508986340762,1.42918763479511,1.09963436928702,0.781535648994516,0.359232175502742,1.89488117001828,0.88864388092613,0.904079382579934,1.67364939360529,1.80154355016538,0.92026825633383,1.3089263677499,1.07973174366617,0.691073632250103,1.2947748931975,0.897798225435426,0.529740387775222,1.27768649359185,1.13458755426918,1.03617945007236,0.211287988422576,1.61794500723589,0.916728076639646,1.03610906411201,0.782608695652174,1.26455416359617,1.02127659574468,1.1430625449317,0.434042553191489,0.856937455068296,1.24239713774598,0.872093023255814,0.284436493738819,1.56976744186047,1.54468085106383,0.91,1,1.09,0.0154355016538037,1.41275402943238,0.71664829106946,0.587245970567624
