virus,realm,locus_tag,host,type,shape,AAA,AAC,AAG,AAT,ACA,ACC,ACG,ACT,AGA,AGC,AGG,AGT,ATA,ATC,ATG,ATT,CAA,CAC,CAG,CAT,CCA,CCC,CCG,CCT,CGA,CGC,CGG,CGT,CTA,CTC,CTG,CTT,GAA,GAC,GAG,GAT,GCA,GCC,GCG,GCT,GGA,GGC,GGG,GGT,GTA,GTC,GTG,GTT,TAA,TAC,TAG,TAT,TCA,TCC,TCG,TCT,TGA,TGC,TGG,TGT,TTA,TTC,TTG,TTT
Streptomyces phage Werner,NA,KGG99,NA,DNA,linear,0.00579710144927536,1.98343685300207,1.99420289855072,0.0165631469979296,0.127363184079602,2.19701492537313,1.36915422885572,0.306467661691542,0.0523255813953488,1.34561213434453,0.36046511627907,0.208017334777898,0.00855920114122682,2.94008559201141,1,0.0513552068473609,0.078125,1.88349514563107,1.921875,0.116504854368932,0.103225806451613,1.42451612903226,1.95612903225806,0.516129032258065,0.726744186046512,2.59883720930233,1.4593023255814,0.802325581395349,0.0399703923019985,2.40710584752036,3.09548482605477,0.248704663212435,0.21307072515667,1.83365949119374,1.78692927484333,0.166340508806262,0.306382978723404,1.65106382978723,1.38601823708207,0.656534954407295,0.35092936802974,2.33754646840149,0.508550185873606,0.802973977695167,0.099009900990099,2.07920792079208,1.58415841584158,0.237623762376238,0.287671232876712,1.97854077253219,0.246575342465753,0.0214592274678112,0.0650054171180932,2.00216684723727,2.03466955579632,0.344528710725894,2.46575342465753,1.65765765765766,1,0.342342342342342,0.00888230940044412,1.98409542743539,0.199851961509993,0.0159045725646123
