virus,realm,locus_tag,host,type,shape,AAA,AAC,AAG,AAT,ACA,ACC,ACG,ACT,AGA,AGC,AGG,AGT,ATA,ATC,ATG,ATT,CAA,CAC,CAG,CAT,CCA,CCC,CCG,CCT,CGA,CGC,CGG,CGT,CTA,CTC,CTG,CTT,GAA,GAC,GAG,GAT,GCA,GCC,GCG,GCT,GGA,GGC,GGG,GGT,GTA,GTC,GTG,GTT,TAA,TAC,TAG,TAT,TCA,TCC,TCG,TCT,TGA,TGC,TGG,TGT,TTA,TTC,TTG,TTT
Striped jack nervous necrosis virus,Riboviria,SJNNVsRNA,vertebrates,RNA,linear,0.836363636363636,1.10204081632653,1.16363636363636,0.897959183673469,0.932038834951456,1.04854368932039,0.660194174757282,1.35922330097087,0.256410256410256,1.03225806451613,0.205128205128205,1.09677419354839,0.327272727272727,1.41818181818182,1,1.25454545454545,0.892307692307692,1.4375,1.10769230769231,0.5625,0.962025316455696,0.962025316455696,1.16455696202532,0.911392405063291,0.717948717948718,2,0.974358974358974,1.84615384615385,0.368421052631579,1.89473684210526,1.15789473684211,1.10526315789474,0.78125,1.18279569892473,1.21875,0.817204301075269,1.07936507936508,0.857142857142857,0.603174603174603,1.46031746031746,0.977777777777778,1.37777777777778,0.577777777777778,1.06666666666667,0.264150943396226,1.35849056603774,1.09433962264151,1.28301886792453,1,1.32075471698113,1,0.679245283018868,1.03225806451613,1.29032258064516,0.645161290322581,0.903225806451613,1,0.823529411764706,1,1.17647058823529,0.210526315789474,1.34883720930233,1.26315789473684,0.651162790697674
