virus,realm,locus_tag,host,type,shape,AAA,AAC,AAG,AAT,ACA,ACC,ACG,ACT,AGA,AGC,AGG,AGT,ATA,ATC,ATG,ATT,CAA,CAC,CAG,CAT,CCA,CCC,CCG,CCT,CGA,CGC,CGG,CGT,CTA,CTC,CTG,CTT,GAA,GAC,GAG,GAT,GCA,GCC,GCG,GCT,GGA,GGC,GGG,GGT,GTA,GTC,GTG,GTT,TAA,TAC,TAG,TAT,TCA,TCC,TCG,TCT,TGA,TGC,TGG,TGT,TTA,TTC,TTG,TTT
Stx1 converting phage AU6Stx1,NA,H3H26,NA,DNA,linear,1.34002006018054,0.895287958115183,0.659979939819458,1.10471204188482,1.1214953271028,1.03426791277259,1.04257528556594,0.801661474558671,0.883597883597884,1.04421448730009,0.560846560846561,1.15710253998119,0.630508474576271,1.04406779661017,1,1.32542372881356,0.39741935483871,0.716723549488055,1.60258064516129,1.28327645051195,0.846153846153846,0.510989010989011,1.82967032967033,0.813186813186813,0.603174603174603,1.31216931216931,0.788359788359788,1.85185185185185,0.268996960486322,0.606382978723404,2.60790273556231,1.15349544072948,1.19672131147541,0.767656090071648,0.80327868852459,1.23234390992835,1.19771137952956,0.902733630006357,1.0425937698665,0.856961220597584,0.92805173807599,0.979789814066289,0.876313662085691,1.21584478577203,0.695977549111319,0.565014031805426,1.41066417212348,1.32834424695978,0.92,0.821643286573146,0.4,1.17835671342685,1.37158984007526,0.745061147695202,0.722483537158984,0.959548447789276,1.68,0.969072164948454,1,1.03092783505155,0.825227963525836,0.750915750915751,0.537993920972644,1.24908424908425
