virus,realm,locus_tag,host,type,shape,AAA,AAC,AAG,AAT,ACA,ACC,ACG,ACT,AGA,AGC,AGG,AGT,ATA,ATC,ATG,ATT,CAA,CAC,CAG,CAT,CCA,CCC,CCG,CCT,CGA,CGC,CGG,CGT,CTA,CTC,CTG,CTT,GAA,GAC,GAG,GAT,GCA,GCC,GCG,GCT,GGA,GGC,GGG,GGT,GTA,GTC,GTG,GTT,TAA,TAC,TAG,TAT,TCA,TCC,TCG,TCT,TGA,TGC,TGG,TGT,TTA,TTC,TTG,TTT
Stx converting phage vB EcoS ST2-8624,NA,H3H27,NA,NA,NA,1.29508196721311,0.985074626865672,0.704918032786885,1.01492537313433,1.11645813282002,1.07025986525505,1.06641000962464,0.746871992300289,0.828266228430567,1.17915904936015,0.483155299917831,1.17367458866545,0.496815286624204,1.12420382165605,1,1.37898089171975,0.411494252873563,0.838095238095238,1.58850574712644,1.16190476190476,0.812105926860025,0.509457755359395,1.85119798234552,0.827238335435057,0.621199671322925,1.43960558751027,0.828266228430567,1.79950698438784,0.24446032880629,0.677626876340243,2.67190850607577,1.1879914224446,1.19276160503541,0.777163904235727,0.807238394964595,1.22283609576427,1.20297312750143,0.92166952544311,1.04059462550029,0.834762721555174,0.890881913303438,1.00149476831091,0.840059790732436,1.26756352765321,0.675235646958012,0.637532133676093,1.42245072836332,1.26478149100257,1.13793103448276,0.857677902621723,0.241379310344828,1.14232209737828,1.38208409506399,0.762340036563071,0.680073126142596,0.822669104204753,1.62068965517241,0.995073891625616,1,1.00492610837438,0.686204431736955,0.808724832214765,0.53180843459614,1.19127516778523
