virus,realm,host,locus_tag,AAA,AAC,AAG,AAT,ACA,ACC,ACG,ACT,AGA,AGC,AGG,AGT,ATA,ATC,ATG,ATT,CAA,CAC,CAG,CAT,CCA,CCC,CCG,CCT,CGA,CGC,CGG,CGT,CTA,CTC,CTG,CTT,GAA,GAC,GAG,GAT,GCA,GCC,GCG,GCT,GGA,GGC,GGG,GGT,GTA,GTC,GTG,GTT,TAA,TAC,TAG,TAT,TCA,TCC,TCG,TCT,TGA,TGC,TGG,TGT,TTA,TTC,TTG,TTT
Subterranean clover stunt C2 alphasatellite,Alphasatellitidae,land plants,SCSVs2gp1,0.727272727272727,1.09090909090909,1.27272727272727,0.909090909090909,1.14285714285714,0.571428571428571,0.857142857142857,1.42857142857143,1.57894736842105,0.8,1.89473684210526,1.2,0.352941176470588,0.705882352941177,1,1.94117647058824,0.8,1.5,1.2,0.5,1.6,1.2,0.4,0.8,0.631578947368421,0.631578947368421,0.631578947368421,0.631578947368421,0.285714285714286,1.14285714285714,0,1.42857142857143,1.1304347826087,0.823529411764706,0.869565217391304,1.17647058823529,0.666666666666667,0.444444444444444,1.55555555555556,1.33333333333333,2,0.5,0.5,1,1.23076923076923,0.923076923076923,0.615384615384615,1.23076923076923,0,0.285714285714286,0,1.71428571428571,0.4,0.8,1.2,1.6,3,0.222222222222222,1,1.77777777777778,2,0.769230769230769,1.14285714285714,1.23076923076923
