virus,realm,locus_tag,host,type,shape,AAA,AAC,AAG,AAT,ACA,ACC,ACG,ACT,AGA,AGC,AGG,AGT,ATA,ATC,ATG,ATT,CAA,CAC,CAG,CAT,CCA,CCC,CCG,CCT,CGA,CGC,CGG,CGT,CTA,CTC,CTG,CTT,GAA,GAC,GAG,GAT,GCA,GCC,GCG,GCT,GGA,GGC,GGG,GGT,GTA,GTC,GTG,GTT,TAA,TAC,TAG,TAT,TCA,TCC,TCG,TCT,TGA,TGC,TGG,TGT,TTA,TTC,TTG,TTT
Sudan ebolavirus,Riboviria,SEVgp,human:vertebrates,cRNA,linear,1.11913357400722,0.689138576779026,0.88086642599278,1.31086142322097,1.56345177664975,0.83248730964467,0.416243654822335,1.18781725888325,1.80204778156997,1.03738317757009,1.35153583617747,1.31775700934579,0.670588235294118,0.926470588235294,1,1.40294117647059,1.26771653543307,0.8,0.732283464566929,1.2,1.6,0.726153846153846,0.541538461538462,1.13230769230769,0.9419795221843,0.389078498293515,0.614334470989761,0.901023890784983,0.914383561643836,0.873287671232877,0.678082191780822,1.30479452054795,1.13804713804714,0.720848056537102,0.861952861952862,1.2791519434629,1.42690058479532,0.95906432748538,0.152046783625731,1.46198830409357,1.21630094043887,0.614420062695925,1.06583072100313,1.10344827586207,0.878378378378378,1.08108108108108,0.716216216216216,1.32432432432432,0.666666666666667,0.777142857142857,0.666666666666667,1.22285714285714,1.51401869158878,0.742990654205608,0.266355140186916,1.1214953271028,1.66666666666667,0.977272727272727,1,1.02272727272727,1.15068493150685,0.986666666666667,1.07876712328767,1.01333333333333
