virus,realm,host,locus_tag,AAA,AAC,AAG,AAT,ACA,ACC,ACG,ACT,AGA,AGC,AGG,AGT,ATA,ATC,ATG,ATT,CAA,CAC,CAG,CAT,CCA,CCC,CCG,CCT,CGA,CGC,CGG,CGT,CTA,CTC,CTG,CTT,GAA,GAC,GAG,GAT,GCA,GCC,GCG,GCT,GGA,GGC,GGG,GGT,GTA,GTC,GTG,GTT,TAA,TAC,TAG,TAT,TCA,TCC,TCG,TCT,TGA,TGC,TGG,TGT,TTA,TTC,TTG,TTT
Sulfolobus virus Kamchatka 1,Fuselloviridae,archaea,SSVK1p,1.00255754475703,1.0185873605948,0.997442455242967,0.981412639405205,1.20579710144928,0.382608695652174,1.13623188405797,1.27536231884058,2.25688073394495,1.04651162790698,2.09174311926605,1.44767441860465,1.44117647058824,0.573529411764706,1,0.985294117647059,1.46153846153846,0.557377049180328,0.538461538461538,1.44262295081967,0.672727272727273,0.945454545454545,1.18181818181818,1.2,0.357798165137615,0.302752293577982,0.137614678899083,0.853211009174312,0.968067226890756,0.433613445378151,0.453781512605042,1.13949579831933,1.17220543806647,0.640883977900553,0.827794561933535,1.35911602209945,1.29616724738676,0.641114982578397,1.04529616724739,1.01742160278746,0.771929824561403,0.701754385964912,1.13450292397661,1.39181286549708,1.53233830845771,0.388059701492537,0.676616915422886,1.40298507462687,0.967741935483871,0.849056603773585,0.67741935483871,1.15094339622642,1.30813953488372,0.488372093023256,0.627906976744186,1.08139534883721,1.35483870967742,0.864864864864865,1,1.13513513513514,2.07731092436975,0.956521739130435,0.927731092436975,1.04347826086957
