virus,realm,host,locus_tag,AAA,AAC,AAG,AAT,ACA,ACC,ACG,ACT,AGA,AGC,AGG,AGT,ATA,ATC,ATG,ATT,CAA,CAC,CAG,CAT,CCA,CCC,CCG,CCT,CGA,CGC,CGG,CGT,CTA,CTC,CTG,CTT,GAA,GAC,GAG,GAT,GCA,GCC,GCG,GCT,GGA,GGC,GGG,GGT,GTA,GTC,GTG,GTT,TAA,TAC,TAG,TAT,TCA,TCC,TCG,TCT,TGA,TGC,TGG,TGT,TTA,TTC,TTG,TTT
Sunflower leaf curl Karnataka alphasatellite,Alphasatellitidae,land plants,F426,0.857142857142857,0.363636363636364,1.14285714285714,1.63636363636364,0.666666666666667,0.666666666666667,1,1.66666666666667,1.68,0.545454545454545,0.72,1.90909090909091,0.6,0.2,1,2.2,0.923076923076923,1,1.07692307692308,1,0.5,0.75,1,1.75,0.48,1.2,0.48,1.44,0.461538461538462,0.692307692307692,1.84615384615385,0.692307692307692,1.04761904761905,0.315789473684211,0.952380952380952,1.68421052631579,1.33333333333333,0.8,0.533333333333333,1.33333333333333,0.888888888888889,0.222222222222222,0.888888888888889,2,1.6,0.2,0.4,1.8,3,0.8,0,1.2,0.272727272727273,0.818181818181818,0.272727272727273,2.18181818181818,0,0.363636363636364,1,1.63636363636364,0.923076923076923,0.8,1.38461538461538,1.2
