virus,realm,host,locus_tag,AAA,AAC,AAG,AAT,ACA,ACC,ACG,ACT,AGA,AGC,AGG,AGT,ATA,ATC,ATG,ATT,CAA,CAC,CAG,CAT,CCA,CCC,CCG,CCT,CGA,CGC,CGG,CGT,CTA,CTC,CTG,CTT,GAA,GAC,GAG,GAT,GCA,GCC,GCG,GCT,GGA,GGC,GGG,GGT,GTA,GTC,GTG,GTT,TAA,TAC,TAG,TAT,TCA,TCC,TCG,TCT,TGA,TGC,TGG,TGT,TTA,TTC,TTG,TTT
Sunn-hemp mosaic virus,NA,NA,FK963,1.02752293577982,1.21518987341772,0.972477064220184,0.784810126582278,1.26126126126126,0.828828828828829,0.792792792792793,1.11711711711712,1.93548387096774,0.358208955223881,1.93548387096774,1.43283582089552,0.741176470588235,1.09411764705882,1,1.16470588235294,1.07692307692308,0.888888888888889,0.923076923076923,1.11111111111111,0.825396825396825,1.01587301587302,0.952380952380952,1.20634920634921,0.129032258064516,0.580645161290323,0.451612903225806,0.967741935483871,0.335403726708075,1.00621118012422,1.15527950310559,0.819875776397516,1.05154639175258,0.981132075471698,0.948453608247423,1.0188679245283,1.09090909090909,1.09090909090909,0.565656565656566,1.25252525252525,0.974358974358974,0.512820512820513,0.769230769230769,1.74358974358974,0.602739726027397,0.904109589041096,0.986301369863014,1.50684931506849,0,1.1044776119403,2.25,0.895522388059702,0.716417910447761,0.761194029850746,1.07462686567164,1.65671641791045,0.75,0.540540540540541,1,1.45945945945946,1.11801242236025,0.85,1.56521739130435,1.15
