virus,realm,locus_tag,host,type,shape,AAA,AAC,AAG,AAT,ACA,ACC,ACG,ACT,AGA,AGC,AGG,AGT,ATA,ATC,ATG,ATT,CAA,CAC,CAG,CAT,CCA,CCC,CCG,CCT,CGA,CGC,CGG,CGT,CTA,CTC,CTG,CTT,GAA,GAC,GAG,GAT,GCA,GCC,GCG,GCT,GGA,GGC,GGG,GGT,GTA,GTC,GTG,GTT,TAA,TAC,TAG,TAT,TCA,TCC,TCG,TCT,TGA,TGC,TGG,TGT,TTA,TTC,TTG,TTT
Swagivirus HG,unclassified viruses,CBM01,invertebrates,RNA,linear,0.787878787878788,0.0754716981132075,1.21212121212121,1.92452830188679,1.77777777777778,0.0888888888888889,0.355555555555556,1.77777777777778,2.32258064516129,0.164383561643836,1.16129032258065,2.3013698630137,0.9375,0.09375,1,1.96875,0.916666666666667,0.2,1.08333333333333,1.8,1.2972972972973,0.648648648648649,0.216216216216216,1.83783783783784,0.67741935483871,0.0967741935483871,0.387096774193548,1.35483870967742,0.0666666666666667,0.0666666666666667,0.133333333333333,0.666666666666667,0.955223880597015,0.112676056338028,1.04477611940298,1.88732394366197,1.28571428571429,0.357142857142857,0.285714285714286,2.07142857142857,1.25,0.333333333333333,0.333333333333333,2.08333333333333,0.390243902439024,0.146341463414634,0.731707317073171,2.73170731707317,3,0.24390243902439,0,1.75609756097561,1.72602739726027,0.0821917808219178,0.246575342465753,1.47945205479452,0,0.1,1,1.9,2.86666666666667,0.338983050847458,2.2,1.66101694915254
