virus,realm,locus_tag,host,type,shape,AAA,AAC,AAG,AAT,ACA,ACC,ACG,ACT,AGA,AGC,AGG,AGT,ATA,ATC,ATG,ATT,CAA,CAC,CAG,CAT,CCA,CCC,CCG,CCT,CGA,CGC,CGG,CGT,CTA,CTC,CTG,CTT,GAA,GAC,GAG,GAT,GCA,GCC,GCG,GCT,GGA,GGC,GGG,GGT,GTA,GTC,GTG,GTT,TAA,TAC,TAG,TAT,TCA,TCC,TCG,TCT,TGA,TGC,TGG,TGT,TTA,TTC,TTG,TTT
Sweet potato virus 2,Riboviria,A329,land plants,RNA,linear,1.09489051094891,0.71264367816092,0.905109489051095,1.28735632183908,2.06222222222222,0.426666666666667,0.533333333333333,0.977777777777778,2.23783783783784,0.821917808219178,1.58918918918919,1.64383561643836,0.9,0.627272727272727,1,1.47272727272727,1.3037037037037,0.629213483146067,0.696296296296296,1.37078651685393,2.21897810218978,0.408759124087591,0.35036496350365,1.02189781021898,0.681081081081081,0.454054054054054,0.324324324324324,0.713513513513514,0.662460567823344,0.719242902208202,0.965299684542587,1.30599369085174,1.17460317460317,0.593406593406593,0.825396825396825,1.40659340659341,1.6283185840708,0.513274336283186,0.513274336283186,1.34513274336283,1.61951219512195,0.604878048780488,0.741463414634146,1.03414634146341,0.715596330275229,0.73394495412844,1.08256880733945,1.46788990825688,3,0.666666666666667,0,1.33333333333333,1.89041095890411,0.520547945205479,0.246575342465753,0.876712328767123,0,0.833333333333333,1,1.16666666666667,0.851735015772871,0.762589928057554,1.49526813880126,1.23741007194245
