virus,realm,host,locus_tag,AAA,AAC,AAG,AAT,ACA,ACC,ACG,ACT,AGA,AGC,AGG,AGT,ATA,ATC,ATG,ATT,CAA,CAC,CAG,CAT,CCA,CCC,CCG,CCT,CGA,CGC,CGG,CGT,CTA,CTC,CTG,CTT,GAA,GAC,GAG,GAT,GCA,GCC,GCG,GCT,GGA,GGC,GGG,GGT,GTA,GTC,GTG,GTT,TAA,TAC,TAG,TAT,TCA,TCC,TCG,TCT,TGA,TGC,TGG,TGT,TTA,TTC,TTG,TTT
Sweet potato mild speckling virus,NA,NA,D1R82,1.5,1,0.5,1,2.93333333333333,0.266666666666667,0.266666666666667,0.533333333333333,2.14285714285714,1.63636363636364,2.14285714285714,1.09090909090909,1,0,1,2,1.09090909090909,1.14285714285714,0.909090909090909,0.857142857142857,3.27272727272727,0,0,0.727272727272727,1.28571428571429,0,0.428571428571429,0,0.75,0,0.75,1.125,1.4,0.25,0.6,1.75,2,1,0.5,0.5,2.54545454545455,0.363636363636364,0.363636363636364,0.727272727272727,1,0.666666666666667,0.333333333333333,2,0,0.444444444444444,3,1.55555555555556,2.18181818181818,0,0.545454545454545,0.545454545454545,0,2,1,0,1.125,0.666666666666667,2.25,1.33333333333333
