virus,realm,host,locus_tag,AAA,AAC,AAG,AAT,ACA,ACC,ACG,ACT,AGA,AGC,AGG,AGT,ATA,ATC,ATG,ATT,CAA,CAC,CAG,CAT,CCA,CCC,CCG,CCT,CGA,CGC,CGG,CGT,CTA,CTC,CTG,CTT,GAA,GAC,GAG,GAT,GCA,GCC,GCG,GCT,GGA,GGC,GGG,GGT,GTA,GTC,GTG,GTT,TAA,TAC,TAG,TAT,TCA,TCC,TCG,TCT,TGA,TGC,TGG,TGT,TTA,TTC,TTG,TTT
Sweet potato symptomless virus 1,Monodnaviria,land plants,CCL37,0.978723404255319,0.765957446808511,1.02127659574468,1.23404255319149,0.926829268292683,0.975609756097561,1.17073170731707,0.926829268292683,1.68,0.263736263736264,1.12,0.593406593406593,0.863636363636364,1.36363636363636,1,0.772727272727273,1.03333333333333,0.538461538461538,0.966666666666667,1.46153846153846,1.02857142857143,0.914285714285714,0.342857142857143,1.71428571428571,0.96,0.32,0.56,1.36,0.54,1.86,1.2,1.02,1.31578947368421,0.727272727272727,0.684210526315789,1.27272727272727,1.28571428571429,0.642857142857143,0.5,1.57142857142857,0.714285714285714,0.714285714285714,1,1.57142857142857,0.579710144927536,0.869565217391304,1.21739130434783,1.33333333333333,1.2,1.21739130434783,0,0.782608695652174,1.64835164835165,1.05494505494505,0.923076923076923,1.51648351648352,1.8,0.5,1,1.5,0.72,1.14754098360656,0.66,0.852459016393443
