virus,realm,locus_tag,host,type,shape,AAA,AAC,AAG,AAT,ACA,ACC,ACG,ACT,AGA,AGC,AGG,AGT,ATA,ATC,ATG,ATT,CAA,CAC,CAG,CAT,CCA,CCC,CCG,CCT,CGA,CGC,CGG,CGT,CTA,CTC,CTG,CTT,GAA,GAC,GAG,GAT,GCA,GCC,GCG,GCT,GGA,GGC,GGG,GGT,GTA,GTC,GTG,GTT,TAA,TAC,TAG,TAT,TCA,TCC,TCG,TCT,TGA,TGC,TGG,TGT,TTA,TTC,TTG,TTT
Sweet potato chlorotic stunt virus,Riboviria,SPCSV,land plants,ss-RNA,linear,0.936274509803922,0.675,1.06372549019608,1.325,0.928571428571429,0.985714285714286,0.614285714285714,1.47142857142857,2.59285714285714,0.171428571428571,1.65,1.62197802197802,1.0133779264214,0.612040133779264,1,1.37458193979933,1.40157480314961,0.6,0.598425196850394,1.4,1.07975460122699,0.613496932515337,0.957055214723926,1.34969325153374,0.514285714285714,0.128571428571429,0.278571428571429,0.835714285714286,0.526717557251908,0.549618320610687,0.480916030534351,1.19083969465649,1.12056737588652,0.745205479452055,0.879432624113475,1.25479452054795,1.1551724137931,0.724137931034483,0.655172413793103,1.46551724137931,1.31147540983607,0.278688524590164,0.508196721311475,1.90163934426229,0.655737704918033,0.843091334894614,0.927400468384075,1.57377049180328,1.09090909090909,0.56221198156682,0,1.43778801843318,1.10769230769231,0.685714285714286,0.764835164835165,1.64835164835165,1.90909090909091,0.423076923076923,1,1.57692307692308,1.31679389312977,0.850152905198777,1.93511450381679,1.14984709480122
