virus,realm,locus_tag,host,type,shape,AAA,AAC,AAG,AAT,ACA,ACC,ACG,ACT,AGA,AGC,AGG,AGT,ATA,ATC,ATG,ATT,CAA,CAC,CAG,CAT,CCA,CCC,CCG,CCT,CGA,CGC,CGG,CGT,CTA,CTC,CTG,CTT,GAA,GAC,GAG,GAT,GCA,GCC,GCG,GCT,GGA,GGC,GGG,GGT,GTA,GTC,GTG,GTT,TAA,TAC,TAG,TAT,TCA,TCC,TCG,TCT,TGA,TGC,TGG,TGT,TTA,TTC,TTG,TTT
Sweet potato leaf curl virus,Monodnaviria,Splcvgp,land plants,DNA,circular,0.698412698412698,0.666666666666667,1.3015873015873,1.33333333333333,1.03225806451613,0.967741935483871,0.903225806451613,1.09677419354839,1.68292682926829,0.923076923076923,2.04878048780488,0.857142857142857,0.879310344827586,0.931034482758621,1,1.18965517241379,0.837209302325581,1.2,1.16279069767442,0.8,1.35211267605634,0.901408450704225,0.788732394366197,0.957746478873239,0.731707317073171,0.51219512195122,0.365853658536585,0.658536585365854,1.06329113924051,1.06329113924051,0.987341772151899,0.607594936708861,0.9,0.821428571428571,1.1,1.17857142857143,1.16129032258065,0.967741935483871,0.32258064516129,1.54838709677419,0.985507246376812,0.63768115942029,1.33333333333333,1.04347826086957,0.786885245901639,1.37704918032787,0.786885245901639,1.04918032786885,2,0.769230769230769,0,1.23076923076923,0.989010989010989,1.18681318681319,0.791208791208791,1.25274725274725,1,0.848484848484849,1,1.15151515151515,1.13924050632911,1.125,1.13924050632911,0.875
