virus,realm,locus_tag,host,type,shape,AAA,AAC,AAG,AAT,ACA,ACC,ACG,ACT,AGA,AGC,AGG,AGT,ATA,ATC,ATG,ATT,CAA,CAC,CAG,CAT,CCA,CCC,CCG,CCT,CGA,CGC,CGG,CGT,CTA,CTC,CTG,CTT,GAA,GAC,GAG,GAT,GCA,GCC,GCG,GCT,GGA,GGC,GGG,GGT,GTA,GTC,GTG,GTT,TAA,TAC,TAG,TAT,TCA,TCC,TCG,TCT,TGA,TGC,TGG,TGT,TTA,TTC,TTG,TTT
Synechococcus phage S-RIP1,Duplodnaviria,SWVG,bacteria,DNA,linear,1.28644939965695,1.08704061895551,0.713550600343053,0.912959381044487,1.09919571045576,0.739946380697051,0.332439678284182,1.828418230563,0.73015873015873,0.733870967741935,0.465608465608466,1.26612903225806,0.226130653266332,1.12060301507538,1,1.65326633165829,1.47794117647059,0.868131868131868,0.522058823529412,1.13186813186813,1.05179282868526,0.541832669322709,0.430278884462151,1.97609561752988,0.751322751322751,0.793650793650794,0.338624338624339,2.92063492063492,0.918435754189944,0.683798882681564,0.583240223463687,1.97094972067039,1.33972602739726,0.701601164483261,0.66027397260274,1.29839883551674,1.29657794676806,0.448669201520913,0.231939163498099,2.02281368821293,0.758793969849246,0.5678391959799,0.28643216080402,2.38693467336683,1.05547226386807,0.671664167916042,0.551724137931034,1.72113943028486,1.27777777777778,0.84688995215311,0.333333333333333,1.15311004784689,0.959677419354839,0.540322580645161,0.338709677419355,2.16129032258065,1.38888888888889,0.677685950413223,1,1.32231404958678,0.95195530726257,0.782178217821782,0.891620111731844,1.21782178217822
