virus,realm,locus_tag,host,type,shape,AAA,AAC,AAG,AAT,ACA,ACC,ACG,ACT,AGA,AGC,AGG,AGT,ATA,ATC,ATG,ATT,CAA,CAC,CAG,CAT,CCA,CCC,CCG,CCT,CGA,CGC,CGG,CGT,CTA,CTC,CTG,CTT,GAA,GAC,GAG,GAT,GCA,GCC,GCG,GCT,GGA,GGC,GGG,GGT,GTA,GTC,GTG,GTT,TAA,TAC,TAG,TAT,TCA,TCC,TCG,TCT,TGA,TGC,TGG,TGT,TTA,TTC,TTG,TTT
Synechococcus phage Bellamy,Duplodnaviria,HOR89,bacteria,DNA,linear,1.09240048250905,0.824537164962697,0.907599517490953,1.1754628350373,1.20705032915693,0.819706944149501,0.329581652155447,1.64366107453812,2.98629093678599,0.420441865654988,0.58035034272658,1.20241017629993,0.237551615253826,1.10031576390576,1,1.66213262084042,1.20671955202986,0.798898071625344,0.793280447970135,1.20110192837466,1.50220913107511,0.525773195876289,0.19440353460972,1.77761413843888,0.381568926123382,0.543792840822544,0.102817974105103,1.40517897943641,0.504807692307692,0.753933566433566,0.972902097902098,1.99300699300699,1.1436978911231,0.598920441210983,0.8563021088769,1.40107955878902,2.02640722724114,0.327078990039379,0.306694463747973,1.33981931897151,1.35774929249209,0.407524554686199,0.176460795738305,2.0582653570834,0.956101843722564,0.721685689201054,0.517998244073749,1.80421422300263,0.881040892193309,0.655211912943872,0.245353159851301,1.34478808705613,1.35773264896229,0.526221825485383,0.297255076991743,2.19593840660567,1.87360594795539,0.709784411276949,1,1.29021558872305,0.980769230769231,0.782578397212544,0.79458041958042,1.21742160278746
