virus,realm,host,locus_tag,AAA,AAC,AAG,AAT,ACA,ACC,ACG,ACT,AGA,AGC,AGG,AGT,ATA,ATC,ATG,ATT,CAA,CAC,CAG,CAT,CCA,CCC,CCG,CCT,CGA,CGC,CGG,CGT,CTA,CTC,CTG,CTT,GAA,GAC,GAG,GAT,GCA,GCC,GCG,GCT,GGA,GGC,GGG,GGT,GTA,GTC,GTG,GTT,TAA,TAC,TAG,TAT,TCA,TCC,TCG,TCT,TGA,TGC,TGG,TGT,TTA,TTC,TTG,TTT
Synechococcus virus S-PRM1,Duplodnaviria,bacteria,KNU05,1.1774861878453,0.822475570032573,0.822513812154696,1.17752442996743,1.16688567674113,0.725361366622865,0.346911957950066,1.76084099868594,2.28101644245142,0.209643605870021,0.547085201793722,1.60587002096436,0.203629764065336,1.13684210526316,1,1.65952813067151,1.28474366893144,0.763590391908976,0.715256331068561,1.23640960809102,1.52391546162403,0.593993325917686,0.189098998887653,1.69299221357063,0.621823617339312,0.505231689088191,0.191330343796712,1.85351270553064,0.479713603818616,0.789379474940334,1.05429594272076,1.9063245823389,1.34019249917026,0.584459459459459,0.659807500829738,1.41554054054054,1.52360515021459,0.582260371959943,0.351931330472103,1.54220314735336,1.07017020005972,0.361899074350552,0.247237981487011,2.32069274410272,0.959381044487427,0.729851708575113,0.500322372662798,1.81044487427466,1.07368421052632,0.65818759936407,0.268421052631579,1.34181240063593,0.884696016771488,0.643605870020964,0.364779874213836,2.29140461215933,1.65789473684211,0.436285097192225,1,1.56371490280778,0.801909307875895,0.853874154966199,0.968377088305489,1.1461258450338
