virus,realm,locus_tag,host,type,shape,AAA,AAC,AAG,AAT,ACA,ACC,ACG,ACT,AGA,AGC,AGG,AGT,ATA,ATC,ATG,ATT,CAA,CAC,CAG,CAT,CCA,CCC,CCG,CCT,CGA,CGC,CGG,CGT,CTA,CTC,CTG,CTT,GAA,GAC,GAG,GAT,GCA,GCC,GCG,GCT,GGA,GGC,GGG,GGT,GTA,GTC,GTG,GTT,TAA,TAC,TAG,TAT,TCA,TCC,TCG,TCT,TGA,TGC,TGG,TGT,TTA,TTC,TTG,TTT
Synechococcus phage S-WAM2,Duplodnaviria,BOW91,bacteria,DNA,linear,0.983094098883573,0.885514018691589,1.01690590111643,1.11448598130841,1.24937937260212,0.696005416384563,0.25818099751749,1.79643421349582,2.68175765645806,0.687034277198212,0.415446071904128,1.1892697466468,0.163208076275939,1.16937745372967,1,1.66741446999439,1.19150943396226,0.920634920634921,0.808490566037736,1.07936507936508,1.81576616474756,0.45881310894597,0.0974313551815766,1.62798937112489,0.338215712383489,0.772303595206391,0.0798934753661784,1.71238348868176,1.22428083861531,0.955143832276938,0.703559239395417,1.55631399317406,1.25890333521764,0.597320724980299,0.741096664782363,1.4026792750197,1.65126250595522,0.276322058122916,0.267746545974273,1.80466888994759,1.29813664596273,0.547471162377995,0.152617568766637,2.00177462289264,1.0176245210728,0.641634738186462,0.378033205619413,1.96270753512133,1.03493449781659,0.659582841401023,0.393013100436681,1.34041715859898,1.1043219076006,0.487332339791356,0.326378539493294,2.20566318926975,1.57205240174672,0.746987951807229,1,1.25301204819277,0.807411019015115,0.954582319545823,0.753291077523159,1.04541768045418
