virus,realm,locus_tag,host,type,shape,AAA,AAC,AAG,AAT,ACA,ACC,ACG,ACT,AGA,AGC,AGG,AGT,ATA,ATC,ATG,ATT,CAA,CAC,CAG,CAT,CCA,CCC,CCG,CCT,CGA,CGC,CGG,CGT,CTA,CTC,CTG,CTT,GAA,GAC,GAG,GAT,GCA,GCC,GCG,GCT,GGA,GGC,GGG,GGT,GTA,GTC,GTG,GTT,TAA,TAC,TAG,TAT,TCA,TCC,TCG,TCT,TGA,TGC,TGG,TGT,TTA,TTC,TTG,TTT
Synechococcus phage S-B64,Duplodnaviria,KNT88,bacteria,DNA,linear,1.02631578947368,0.748286888990407,0.973684210526316,1.25171311100959,1.08411214953271,0.798504672897196,0.318504672897196,1.7988785046729,2.25136612021858,0.575342465753425,0.622950819672131,1.05640612409347,0.182519280205656,1.09383033419023,1,1.72365038560411,1.22198731501057,0.906976744186046,0.778012684989429,1.09302325581395,1.23157894736842,0.776315789473684,0.115789473684211,1.87631578947368,0.517304189435337,0.721311475409836,0.145719489981785,1.74134790528233,0.852575488454707,0.920781527531083,0.807815275310835,1.69662522202487,1.14827995255042,0.605776736924278,0.851720047449585,1.39422326307572,1.97242380261248,0.310595065312046,0.25544267053701,1.46153846153846,0.829008176324209,0.757909704941344,0.23746889441877,2.17561322431568,0.919629057187017,0.879443585780526,0.590417310664606,1.61051004636785,0.942307692307692,0.650306748466258,0.269230769230769,1.34969325153374,0.720386784850927,0.679290894439968,0.495568090249799,2.47300564061241,1.78846153846154,0.82122905027933,1,1.17877094972067,0.750266429840142,0.856637168141593,0.971936056838366,1.14336283185841
