virus,realm,locus_tag,host,type,shape,AAA,AAC,AAG,AAT,ACA,ACC,ACG,ACT,AGA,AGC,AGG,AGT,ATA,ATC,ATG,ATT,CAA,CAC,CAG,CAT,CCA,CCC,CCG,CCT,CGA,CGC,CGG,CGT,CTA,CTC,CTG,CTT,GAA,GAC,GAG,GAT,GCA,GCC,GCG,GCT,GGA,GGC,GGG,GGT,GTA,GTC,GTG,GTT,TAA,TAC,TAG,TAT,TCA,TCC,TCG,TCT,TGA,TGC,TGG,TGT,TTA,TTC,TTG,TTT
T'Ho virus,Riboviria,B4921,invertebrates,RNA,linear,0.920792079207921,1.056,1.07920792079208,0.944,1.87096774193548,0.983870967741935,0.580645161290323,0.564516129032258,2.09569377990431,1.01492537313433,1.63636363636364,1.25373134328358,1.06329113924051,1.10126582278481,1,0.835443037974684,0.857142857142857,1.04477611940298,1.14285714285714,0.955223880597015,1.82068965517241,0.882758620689655,0.551724137931034,0.744827586206897,0.545454545454545,0.717703349282297,0.660287081339713,0.344497607655502,0.829581993569132,0.92604501607717,1.60128617363344,0.713826366559486,1.09615384615385,1.14110429447853,0.903846153846154,0.858895705521472,1.27935222672065,1.27935222672065,0.356275303643725,1.08502024291498,1.93856655290102,0.587030716723549,0.928327645051195,0.546075085324232,0.486111111111111,0.861111111111111,1.94444444444444,0.708333333333333,3,0.952380952380952,0,1.04761904761905,1.7910447761194,0.686567164179104,0.507462686567164,0.746268656716418,0,1.08474576271186,1,0.915254237288136,0.520900321543408,1.1047619047619,1.40836012861736,0.895238095238095
