virus,realm,locus_tag,host,type,shape,AAA,AAC,AAG,AAT,ACA,ACC,ACG,ACT,AGA,AGC,AGG,AGT,ATA,ATC,ATG,ATT,CAA,CAC,CAG,CAT,CCA,CCC,CCG,CCT,CGA,CGC,CGG,CGT,CTA,CTC,CTG,CTT,GAA,GAC,GAG,GAT,GCA,GCC,GCG,GCT,GGA,GGC,GGG,GGT,GTA,GTC,GTG,GTT,TAA,TAC,TAG,TAT,TCA,TCC,TCG,TCT,TGA,TGC,TGG,TGT,TTA,TTC,TTG,TTT
Tacheng Tick Virus 3,Riboviria,BJD41,invertebrates,RNA,linear,0.864864864864865,1.1219512195122,1.13513513513514,0.878048780487805,1.43448275862069,1.18620689655172,0.248275862068966,1.13103448275862,1.3112582781457,0.6875,0.913907284768212,1.09375,0.244444444444444,1.51111111111111,1,1.24444444444444,1.175,0.849315068493151,0.825,1.15068493150685,0.955223880597015,0.985074626865672,0.507462686567164,1.55223880597015,1.78807947019868,0.516556291390728,0.913907284768212,0.556291390728477,0.821292775665399,1.18631178707224,1.39163498098859,0.730038022813688,0.938775510204082,0.981818181818182,1.06122448979592,1.01818181818182,1.37062937062937,1.00699300699301,0.475524475524476,1.14685314685315,1.64885496183206,0.641221374045801,0.67175572519084,1.0381679389313,0.825806451612903,1.29032258064516,0.903225806451613,0.980645161290323,0,0.918918918918919,0,1.08108108108108,1.125,0.875,0.59375,1.625,3,0.941176470588235,1,1.05882352941176,0.593155893536122,1.04761904761905,1.27756653992395,0.952380952380952
