virus,realm,locus_tag,host,type,shape,AAA,AAC,AAG,AAT,ACA,ACC,ACG,ACT,AGA,AGC,AGG,AGT,ATA,ATC,ATG,ATT,CAA,CAC,CAG,CAT,CCA,CCC,CCG,CCT,CGA,CGC,CGG,CGT,CTA,CTC,CTG,CTT,GAA,GAC,GAG,GAT,GCA,GCC,GCG,GCT,GGA,GGC,GGG,GGT,GTA,GTC,GTG,GTT,TAA,TAC,TAG,TAT,TCA,TCC,TCG,TCT,TGA,TGC,TGG,TGT,TTA,TTC,TTG,TTT
Tacheng Tick Virus 5,Riboviria,ASQ58,invertebrates,RNA,circular,1.01388888888889,1.18072289156627,0.986111111111111,0.819277108433735,1.40845070422535,0.76056338028169,0.704225352112676,1.12676056338028,1.69811320754717,0.814814814814815,0.716981132075472,0.888888888888889,0.825503355704698,1.24832214765101,1,0.926174496644295,0.92,1.05,1.08,0.95,0.985507246376812,0.753623188405797,0.753623188405797,1.50724637681159,1.05660377358491,0.60377358490566,0.830188679245283,1.09433962264151,0.926470588235294,1.21323529411765,1.34558823529412,0.75,0.870588235294118,0.811188811188811,1.12941176470588,1.18881118881119,1.0547263681592,1.15422885572139,0.616915422885572,1.17412935323383,1.32330827067669,0.661654135338346,0.962406015037594,1.05263157894737,0.92817679558011,0.906077348066298,1.37016574585635,0.795580110497238,0,0.907563025210084,1.5,1.09243697478992,1.18518518518519,1,0.777777777777778,1.33333333333333,1.5,0.553191489361702,1,1.4468085106383,0.838235294117647,1.05050505050505,0.926470588235294,0.94949494949495
