virus,realm,locus_tag,host,type,shape,AAA,AAC,AAG,AAT,ACA,ACC,ACG,ACT,AGA,AGC,AGG,AGT,ATA,ATC,ATG,ATT,CAA,CAC,CAG,CAT,CCA,CCC,CCG,CCT,CGA,CGC,CGG,CGT,CTA,CTC,CTG,CTT,GAA,GAC,GAG,GAT,GCA,GCC,GCG,GCT,GGA,GGC,GGG,GGT,GTA,GTC,GTG,GTT,TAA,TAC,TAG,TAT,TCA,TCC,TCG,TCT,TGA,TGC,TGG,TGT,TTA,TTC,TTG,TTT
Taipeivirus 0507KN21,NA,P748,NA,NA,NA,1.24188998589563,1.09205020920502,0.758110014104372,0.907949790794979,0.774240761068423,1.32016099524332,0.749359678009513,1.15623856567874,0.42896174863388,0.994180075316672,0.297814207650273,0.692228688805204,0.334977104614301,1.63156040859458,1,1.03346248679112,0.825433526011561,0.791314837153197,1.17456647398844,1.2086851628468,0.889385474860335,0.531843575418994,1.51061452513966,1.06815642458101,0.404371584699454,1.78688524590164,0.669398907103825,2.41256830601093,0.249861188228762,0.709605774569684,2.47862298722932,0.852859522487507,1.45112781954887,0.862275449101796,0.548872180451128,1.1377245508982,0.872985170857511,1.02901353965184,0.938749194068343,1.15925209542231,0.431663974151858,1.19418416801292,0.749596122778675,1.62455573505654,0.628536285362854,1.10947109471095,0.859778597785978,1.40221402214022,1.77272727272727,0.793736501079914,0.194805194805195,1.20626349892009,0.903800068469702,1.09688462855187,0.595686408764122,1.71722013009243,1.03246753246753,0.927125506072874,1,1.07287449392713,0.581343697945586,1.22937625754527,1.12770682953915,0.770623742454728
