virus,realm,locus_tag,host,type,shape,AAA,AAC,AAG,AAT,ACA,ACC,ACG,ACT,AGA,AGC,AGG,AGT,ATA,ATC,ATG,ATT,CAA,CAC,CAG,CAT,CCA,CCC,CCG,CCT,CGA,CGC,CGG,CGT,CTA,CTC,CTG,CTT,GAA,GAC,GAG,GAT,GCA,GCC,GCG,GCT,GGA,GGC,GGG,GGT,GTA,GTC,GTG,GTT,TAA,TAC,TAG,TAT,TCA,TCC,TCG,TCT,TGA,TGC,TGG,TGT,TTA,TTC,TTG,TTT
Tapara virus,Riboviria,B2K45,invertebrates,RNA,linear,0.736842105263158,0.915032679738562,1.26315789473684,1.08496732026144,1.68421052631579,0.669856459330144,0.172248803827751,1.47368421052632,3.26511627906977,0.983870967741935,2.23255813953488,0.758064516129032,0.905454545454545,0.883636363636364,1,1.21090909090909,0.836363636363636,0.871287128712871,1.16363636363636,1.12871287128713,1.95744680851064,0.397163120567376,0.170212765957447,1.47517730496454,0.167441860465116,0.0837209302325581,0.111627906976744,0.13953488372093,1.03384615384615,0.941538461538462,1.38461538461538,0.941538461538462,0.917491749174917,0.986666666666667,1.08250825082508,1.01333333333333,1.6530612244898,0.857142857142857,0.163265306122449,1.3265306122449,1.51785714285714,0.482142857142857,1.07142857142857,0.928571428571429,0.446351931330472,0.892703862660944,1.49356223175966,1.16738197424893,3,1.04273504273504,0,0.957264957264957,1.83870967741935,0.741935483870968,0.225806451612903,1.45161290322581,0,1.05154639175258,1,0.948453608247423,0.867692307692308,1.01554404145078,0.830769230769231,0.984455958549223
