virus,realm,locus_tag,host,type,shape,AAA,AAC,AAG,AAT,ACA,ACC,ACG,ACT,AGA,AGC,AGG,AGT,ATA,ATC,ATG,ATT,CAA,CAC,CAG,CAT,CCA,CCC,CCG,CCT,CGA,CGC,CGG,CGT,CTA,CTC,CTG,CTT,GAA,GAC,GAG,GAT,GCA,GCC,GCG,GCT,GGA,GGC,GGG,GGT,GTA,GTC,GTG,GTT,TAA,TAC,TAG,TAT,TCA,TCC,TCG,TCT,TGA,TGC,TGG,TGT,TTA,TTC,TTG,TTT
Taura syndrome virus,Riboviria,TSVgp,invertebrates,RNA,linear,0.63448275862069,0.768292682926829,1.36551724137931,1.23170731707317,1.30693069306931,0.475247524752475,0.851485148514851,1.36633663366337,1.54716981132075,0.377777777777778,0.905660377358491,1.35555555555556,0.678947368421053,0.568421052631579,1,1.75263157894737,0.815533980582524,0.657534246575342,1.18446601941748,1.34246575342466,1.42465753424658,0.904109589041096,0.383561643835616,1.28767123287671,1.16981132075472,1.05660377358491,0.528301886792453,0.792452830188679,0.857142857142857,0.609022556390977,0.699248120300752,0.676691729323308,1.26627218934911,0.590163934426229,0.733727810650888,1.40983606557377,1.3568281938326,0.669603524229075,0.458149779735683,1.51541850220264,1.23976608187134,0.748538011695906,0.327485380116959,1.68421052631579,0.992125984251969,0.614173228346457,1.10236220472441,1.29133858267717,3,0.586206896551724,0,1.41379310344828,1.31111111111111,0.955555555555556,0.622222222222222,1.37777777777778,0,0.350877192982456,1,1.64912280701754,1.26315789473684,0.709677419354839,1.89473684210526,1.29032258064516
