virus,realm,host,locus_tag,AAA,AAC,AAG,AAT,ACA,ACC,ACG,ACT,AGA,AGC,AGG,AGT,ATA,ATC,ATG,ATT,CAA,CAC,CAG,CAT,CCA,CCC,CCG,CCT,CGA,CGC,CGG,CGT,CTA,CTC,CTG,CTT,GAA,GAC,GAG,GAT,GCA,GCC,GCG,GCT,GGA,GGC,GGG,GGT,GTA,GTC,GTG,GTT,TAA,TAC,TAG,TAT,TCA,TCC,TCG,TCT,TGA,TGC,TGG,TGT,TTA,TTC,TTG,TTT
Termite associated circular virus 4,unclassified viruses,invertebrates,EXI25,0.838709677419355,1.14285714285714,1.16129032258065,0.857142857142857,0.680851063829787,1.70212765957447,0.936170212765957,0.680851063829787,1.29411764705882,0.837209302325581,0.705882352941177,0.13953488372093,0.545454545454545,2.04545454545455,1,0.409090909090909,0.551724137931034,1.33333333333333,1.44827586206897,0.666666666666667,0.625,1.625,0.75,1,1.17647058823529,0.941176470588235,1.41176470588235,0.470588235294118,0.153846153846154,2.30769230769231,0.615384615384615,1.38461538461538,0.9375,1.5625,1.0625,0.4375,1.16129032258065,1.54838709677419,0.516129032258065,0.774193548387097,1.05263157894737,1.15789473684211,0.736842105263158,1.05263157894737,0.526315789473684,0.842105263157895,1.89473684210526,0.736842105263158,3,1.45454545454545,0,0.545454545454545,0.697674418604651,1.95348837209302,1.53488372093023,0.837209302325581,0,1.33333333333333,1,0.666666666666667,0.461538461538462,1.24137931034483,1.07692307692308,0.758620689655172
