virus,realm,locus_tag,host,type,shape,AAA,AAC,AAG,AAT,ACA,ACC,ACG,ACT,AGA,AGC,AGG,AGT,ATA,ATC,ATG,ATT,CAA,CAC,CAG,CAT,CCA,CCC,CCG,CCT,CGA,CGC,CGG,CGT,CTA,CTC,CTG,CTT,GAA,GAC,GAG,GAT,GCA,GCC,GCG,GCT,GGA,GGC,GGG,GGT,GTA,GTC,GTG,GTT,TAA,TAC,TAG,TAT,TCA,TCC,TCG,TCT,TGA,TGC,TGG,TGT,TTA,TTC,TTG,TTT
Termite associated circular virus 2,Monodnaviria,EXH77,invertebrates,DNA,circular,0.6,0.782608695652174,1.4,1.21739130434783,0.340425531914894,1.78723404255319,1.1063829787234,0.765957446808511,0.885245901639344,1.625,0.295081967213115,0.75,0.290322580645161,1.45161290322581,1,1.25806451612903,0.615384615384615,0.666666666666667,1.38461538461538,1.33333333333333,1.29411764705882,1.05882352941176,0.823529411764706,0.823529411764706,1.27868852459016,1.37704918032787,1.37704918032787,0.786885245901639,0.418604651162791,1.53488372093023,0.837209302325581,1.53488372093023,0.866666666666667,1.06976744186047,1.13333333333333,0.930232558139535,0.979591836734694,0.897959183673469,0.571428571428571,1.55102040816327,0.933333333333333,1.2,0.533333333333333,1.33333333333333,0.444444444444444,1.55555555555556,0.666666666666667,1.33333333333333,0,1.2258064516129,1.5,0.774193548387097,0.5,1.5,0.875,0.75,1.5,1.45454545454545,1,0.545454545454545,0.558139534883721,1.07692307692308,1.11627906976744,0.923076923076923
