virus,realm,host,locus_tag,AAA,AAC,AAG,AAT,ACA,ACC,ACG,ACT,AGA,AGC,AGG,AGT,ATA,ATC,ATG,ATT,CAA,CAC,CAG,CAT,CCA,CCC,CCG,CCT,CGA,CGC,CGG,CGT,CTA,CTC,CTG,CTT,GAA,GAC,GAG,GAT,GCA,GCC,GCG,GCT,GGA,GGC,GGG,GGT,GTA,GTC,GTG,GTT,TAA,TAC,TAG,TAT,TCA,TCC,TCG,TCT,TGA,TGC,TGG,TGT,TTA,TTC,TTG,TTT
Tetraselmis viridis virus S1,unclassified viruses,eukaryotic algae,TVSG,0.677966101694915,1.28899082568807,1.32203389830508,0.711009174311927,0.748148148148148,1.54814814814815,1.25925925925926,0.444444444444444,1.20739219712526,1.40531561461794,1.52772073921971,0.498338870431894,0.923076923076923,1.63516483516484,1,0.441758241758242,0.645161290322581,1.50243902439024,1.35483870967742,0.497560975609756,0.43956043956044,1.37142857142857,1.48571428571429,0.703296703296703,0.751540041067762,1.40451745379877,0.751540041067762,0.357289527720739,0.693140794223827,1.27797833935018,2.28519855595668,0.693140794223827,0.750483558994197,1.2753164556962,1.2495164410058,0.724683544303797,0.49645390070922,1.56737588652482,1.46099290780142,0.475177304964539,1.16193656093489,1.02838063439065,1.04173622704508,0.767946577629382,0.573643410852713,1.67441860465116,1.24031007751938,0.511627906976744,1.5,1.54078549848943,1.25,0.459214501510574,0.428571428571429,1.55481727574751,1.34551495016611,0.767441860465116,0.25,1.3953488372093,1,0.604651162790698,0.487364620938628,1.38566552901024,0.563176895306859,0.614334470989761
