virus,realm,locus_tag,host,type,shape,AAA,AAC,AAG,AAT,ACA,ACC,ACG,ACT,AGA,AGC,AGG,AGT,ATA,ATC,ATG,ATT,CAA,CAC,CAG,CAT,CCA,CCC,CCG,CCT,CGA,CGC,CGG,CGT,CTA,CTC,CTG,CTT,GAA,GAC,GAG,GAT,GCA,GCC,GCG,GCT,GGA,GGC,GGG,GGT,GTA,GTC,GTG,GTT,TAA,TAC,TAG,TAT,TCA,TCC,TCG,TCT,TGA,TGC,TGG,TGT,TTA,TTC,TTG,TTT
Teviot virus,Riboviria,ASN08,vertebrates,ss-RNA,linear,0.968888888888889,0.768627450980392,1.03111111111111,1.23137254901961,1.75172413793103,0.855172413793103,0.206896551724138,1.18620689655172,2.4,0.838427947598253,1.66153846153846,1.16593886462882,0.959302325581395,1.08139534883721,1,0.959302325581395,0.927272727272727,0.795918367346939,1.07272727272727,1.20408163265306,1.34865900383142,0.781609195402299,0.720306513409962,1.14942528735632,0.553846153846154,0.623076923076923,0.369230769230769,0.392307692307692,1.01328273244782,0.979127134724858,0.79696394686907,1.0246679316888,0.90272373540856,0.719367588932806,1.09727626459144,1.28063241106719,1.92542372881356,0.664406779661017,0.325423728813559,1.08474576271186,1.58649789029536,0.624472573839662,1.0126582278481,0.776371308016878,0.944649446494465,0.944649446494465,1.1070110701107,1.00369003690037,1.35,1.01219512195122,0.3,0.98780487804878,1.59825327510917,0.733624454148472,0.34061135371179,1.32314410480349,1.35,1,1,1,1.1157495256167,1.0635838150289,1.07020872865275,0.936416184971098
