virus,realm,locus_tag,host,type,shape,AAA,AAC,AAG,AAT,ACA,ACC,ACG,ACT,AGA,AGC,AGG,AGT,ATA,ATC,ATG,ATT,CAA,CAC,CAG,CAT,CCA,CCC,CCG,CCT,CGA,CGC,CGG,CGT,CTA,CTC,CTG,CTT,GAA,GAC,GAG,GAT,GCA,GCC,GCG,GCT,GGA,GGC,GGG,GGT,GTA,GTC,GTG,GTT,TAA,TAC,TAG,TAT,TCA,TCC,TCG,TCT,TGA,TGC,TGG,TGT,TTA,TTC,TTG,TTT
Thogoto thogotovirus,Riboviria,THOV,invertebrates:vertebrates,RNA,linear,0.878661087866109,1.33793103448276,1.12133891213389,0.662068965517241,1.19626168224299,1.83177570093458,0.224299065420561,0.747663551401869,2.61971830985915,1.54981549815498,2.11267605633803,0.686346863468635,1.08962264150943,1.37264150943396,1,0.537735849056604,0.920863309352518,1.24137931034483,1.07913669064748,0.758620689655172,1.34090909090909,1.13636363636364,0.318181818181818,1.20454545454545,0.338028169014085,0.28169014084507,0.507042253521127,0.140845070422535,1.23582089552239,0.985074626865672,1.66567164179104,0.93134328358209,0.996197718631179,1.39175257731959,1.00380228136882,0.608247422680412,1.59241706161137,1.06161137440758,0.398104265402844,0.947867298578199,1.32642487046632,0.932642487046632,1.22279792746114,0.518134715025907,0.896551724137931,0.913793103448276,1.75862068965517,0.431034482758621,0.857142857142857,1.29133858267717,0.857142857142857,0.708661417322835,1.01845018450184,0.863468634686347,0.33210332103321,1.54981549815498,1.28571428571429,1.50588235294118,1,0.494117647058824,0.447761194029851,1.32867132867133,0.734328358208955,0.671328671328671
