virus,realm,locus_tag,host,type,shape,AAA,AAC,AAG,AAT,ACA,ACC,ACG,ACT,AGA,AGC,AGG,AGT,ATA,ATC,ATG,ATT,CAA,CAC,CAG,CAT,CCA,CCC,CCG,CCT,CGA,CGC,CGG,CGT,CTA,CTC,CTG,CTT,GAA,GAC,GAG,GAT,GCA,GCC,GCG,GCT,GGA,GGC,GGG,GGT,GTA,GTC,GTG,GTT,TAA,TAC,TAG,TAT,TCA,TCC,TCG,TCT,TGA,TGC,TGG,TGT,TTA,TTC,TTG,TTT
Thottopalayam virus,Riboviria,TPMV,vertebrates,cRNA,linear,1.13553113553114,0.580645161290323,0.864468864468865,1.41935483870968,2.18803418803419,0.256410256410256,0.102564102564103,1.45299145299145,2.6530612244898,0.777777777777778,1.42857142857143,1.24444444444444,1.07954545454545,0.602272727272727,1,1.31818181818182,1.08,0.533333333333333,0.92,1.46666666666667,1.6231884057971,0.231884057971014,0.347826086956522,1.79710144927536,0.816326530612245,0.122448979591837,0.489795918367347,0.489795918367347,1.14929577464789,0.507042253521127,0.473239436619718,1.38591549295775,1.17903930131004,0.579710144927536,0.820960698689956,1.42028985507246,1.94974874371859,0.442211055276382,0.120603015075377,1.48743718592965,0.871287128712871,0.574257425742574,0.752475247524752,1.8019801980198,0.932735426008969,0.73542600896861,0.62780269058296,1.70403587443946,3,0.561643835616438,0,1.43835616438356,2.02222222222222,0.444444444444444,0.0888888888888889,1.42222222222222,0,0.612244897959184,1,1.38775510204082,1.48732394366197,0.582857142857143,0.997183098591549,1.41714285714286
