virus,realm,locus_tag,host,type,shape,AAA,AAC,AAG,AAT,ACA,ACC,ACG,ACT,AGA,AGC,AGG,AGT,ATA,ATC,ATG,ATT,CAA,CAC,CAG,CAT,CCA,CCC,CCG,CCT,CGA,CGC,CGG,CGT,CTA,CTC,CTG,CTT,GAA,GAC,GAG,GAT,GCA,GCC,GCG,GCT,GGA,GGC,GGG,GGT,GTA,GTC,GTG,GTT,TAA,TAC,TAG,TAT,TCA,TCC,TCG,TCT,TGA,TGC,TGG,TGT,TTA,TTC,TTG,TTT
Tibetan frog hepatitis B virus,Riboviria,BBC22,vertebrates,DNA,circular,1.17142857142857,1.12328767123288,0.828571428571429,0.876712328767123,1.30081300813008,1.23577235772358,0.32520325203252,1.13821138211382,1.97260273972603,1.08387096774194,1.64383561643836,0.580645161290323,0.980769230769231,0.865384615384615,1,1.15384615384615,1.17073170731707,1.1830985915493,0.829268292682927,0.816901408450704,0.987012987012987,1.27272727272727,0.571428571428571,1.16883116883117,0.657534246575342,0.657534246575342,0.657534246575342,0.410958904109589,1.02702702702703,0.891891891891892,1,1,1.11827956989247,1.05084745762712,0.881720430107527,0.949152542372881,1.10236220472441,0.94488188976378,0.251968503937008,1.7007874015748,1.74789915966387,0.873949579831933,1.10924369747899,0.26890756302521,0.8,0.941176470588235,1.12941176470588,1.12941176470588,2.25,0.876712328767123,0,1.12328767123288,1.58709677419355,0.851612903225806,0.348387096774194,1.54838709677419,0.75,1.44,1,0.56,1.08108108108108,0.902439024390244,1,1.09756097560976
