virus,realm,locus_tag,host,type,shape,AAA,AAC,AAG,AAT,ACA,ACC,ACG,ACT,AGA,AGC,AGG,AGT,ATA,ATC,ATG,ATT,CAA,CAC,CAG,CAT,CCA,CCC,CCG,CCT,CGA,CGC,CGG,CGT,CTA,CTC,CTG,CTT,GAA,GAC,GAG,GAT,GCA,GCC,GCG,GCT,GGA,GGC,GGG,GGT,GTA,GTC,GTG,GTT,TAA,TAC,TAG,TAT,TCA,TCC,TCG,TCT,TGA,TGC,TGG,TGT,TTA,TTC,TTG,TTT
Tlsvirus SP126,Duplodnaviria,FDI94,bacteria,NA,NA,1.27735368956743,0.950444726810673,0.72264631043257,1.04955527318933,1.13002364066194,0.633569739952719,1.00709219858156,1.22931442080378,0.918287937743191,1.73287671232877,0.599221789883268,0.684931506849315,0.39117929050815,0.920421860019175,1,1.68839884947267,1.01180438448567,0.930693069306931,0.988195615514334,1.06930693069307,1.48148148148148,0.0823045267489712,1.29218106995885,1.1440329218107,0.778210116731518,1.99221789883268,0.287937743190661,1.42412451361868,0.552706552706553,0.15954415954416,1.04273504273504,1.52706552706553,1.34113411341134,0.555675675675676,0.658865886588659,1.44432432432432,1.28923076923077,0.452307692307692,1.07076923076923,1.18769230769231,0.901960784313726,1.29768270944742,0.360071301247772,1.44028520499109,0.928709055876686,0.258188824662813,0.601156069364162,2.21194605009634,1.79268292682927,0.741818181818182,0.329268292682927,1.25818181818182,1.5958904109589,0.479452054794521,0.602739726027397,0.904109589041096,0.878048780487805,1.30666666666667,1,0.693333333333333,1.47008547008547,0.63768115942029,1.24786324786325,1.36231884057971
