virus,realm,locus_tag,host,type,shape,AAA,AAC,AAG,AAT,ACA,ACC,ACG,ACT,AGA,AGC,AGG,AGT,ATA,ATC,ATG,ATT,CAA,CAC,CAG,CAT,CCA,CCC,CCG,CCT,CGA,CGC,CGG,CGT,CTA,CTC,CTG,CTT,GAA,GAC,GAG,GAT,GCA,GCC,GCG,GCT,GGA,GGC,GGG,GGT,GTA,GTC,GTG,GTT,TAA,TAC,TAG,TAT,TCA,TCC,TCG,TCT,TGA,TGC,TGG,TGT,TTA,TTC,TTG,TTT
Tobacco leaf curl Pusa virus,Monodnaviria,NA,land plants,DNA,circular,0.776119402985075,0.774193548387097,1.22388059701493,1.2258064516129,1.03225806451613,0.838709677419355,0.967741935483871,1.16129032258065,1.80821917808219,0.618556701030928,1.56164383561644,1.29896907216495,1.05263157894737,0.894736842105263,1,1.05263157894737,1,0.904761904761905,1,1.0952380952381,1.53846153846154,1.23076923076923,0.369230769230769,0.861538461538462,0.73972602739726,0.328767123287671,0.575342465753425,0.986301369863014,0.75,0.975,0.975,1.125,0.979591836734694,0.703703703703704,1.02040816326531,1.2962962962963,1.24137931034483,1.10344827586207,0.551724137931034,1.10344827586207,0.979591836734694,0.571428571428571,1.14285714285714,1.30612244897959,1.0625,1.125,0.5625,1.25,1.5,0.711111111111111,0.5,1.28888888888889,1.23711340206186,1.11340206185567,0.618556701030928,1.11340206185567,1,0.916666666666667,1,1.08333333333333,1.65,1.1219512195122,0.525,0.878048780487805
