virus,realm,locus_tag,host,type,shape,AAA,AAC,AAG,AAT,ACA,ACC,ACG,ACT,AGA,AGC,AGG,AGT,ATA,ATC,ATG,ATT,CAA,CAC,CAG,CAT,CCA,CCC,CCG,CCT,CGA,CGC,CGG,CGT,CTA,CTC,CTG,CTT,GAA,GAC,GAG,GAT,GCA,GCC,GCG,GCT,GGA,GGC,GGG,GGT,GTA,GTC,GTG,GTT,TAA,TAC,TAG,TAT,TCA,TCC,TCG,TCT,TGA,TGC,TGG,TGT,TTA,TTC,TTG,TTT
Tobacco leaf curl Comoros virus,Monodnaviria,D1T13,land plants,DNA,linear,0.741935483870968,1,1.25806451612903,1,0.96969696969697,0.606060606060606,1.39393939393939,1.03030303030303,1.1830985915493,1,1.43661971830986,1.33333333333333,0.75,1,1,1.25,1.2280701754386,0.904761904761905,0.771929824561403,1.0952380952381,1.40540540540541,1.08108108108108,0.648648648648649,0.864864864864865,1.01408450704225,0.507042253521127,0.591549295774648,1.26760563380282,0.433734939759036,1.01204819277108,0.867469879518072,1.44578313253012,0.775510204081633,0.724137931034483,1.22448979591837,1.27586206896552,1.13333333333333,1.26666666666667,0.466666666666667,1.13333333333333,1.25925925925926,0.592592592592593,0.888888888888889,1.25925925925926,1.04918032786885,0.918032786885246,0.524590163934426,1.50819672131148,1.5,0.863636363636364,1,1.13636363636364,1.13333333333333,0.733333333333333,0.8,1,0.5,0.923076923076923,1,1.07692307692308,1.59036144578313,0.936170212765957,0.650602409638554,1.06382978723404
