virus,realm,locus_tag,host,type,shape,AAA,AAC,AAG,AAT,ACA,ACC,ACG,ACT,AGA,AGC,AGG,AGT,ATA,ATC,ATG,ATT,CAA,CAC,CAG,CAT,CCA,CCC,CCG,CCT,CGA,CGC,CGG,CGT,CTA,CTC,CTG,CTT,GAA,GAC,GAG,GAT,GCA,GCC,GCG,GCT,GGA,GGC,GGG,GGT,GTA,GTC,GTG,GTT,TAA,TAC,TAG,TAT,TCA,TCC,TCG,TCT,TGA,TGC,TGG,TGT,TTA,TTC,TTG,TTT
Tobacco vein distorting virus,Riboviria,TVDV,land plants,RNA,linear,1.14450867052023,1.140625,0.855491329479769,0.859375,1.18181818181818,1.02272727272727,0.613636363636364,1.18181818181818,1.6969696969697,1.09090909090909,0.909090909090909,0.818181818181818,0.688524590163934,1.35245901639344,1,0.959016393442623,1.20610687022901,1.18181818181818,0.793893129770992,0.818181818181818,0.912621359223301,1.33980582524272,0.601941747572815,1.14563106796116,0.787878787878788,0.939393939393939,1.03030303030303,0.636363636363636,0.686346863468635,1.54981549815498,1.1070110701107,1.23985239852399,0.989795918367347,0.774774774774775,1.01020408163265,1.22522522522523,0.866995073891626,1.10344827586207,0.768472906403941,1.26108374384236,1.40677966101695,0.949152542372881,0.677966101694915,0.966101694915254,0.721649484536082,1.09278350515464,1.19587628865979,0.989690721649485,0.75,1.04225352112676,1.875,0.957746478873239,1.32467532467532,1.26623376623377,0.409090909090909,1.09090909090909,0.375,1.14285714285714,1,0.857142857142857,0.553505535055351,1.13636363636364,0.863468634686347,0.863636363636364
