virus,realm,locus_tag,host,type,shape,AAA,AAC,AAG,AAT,ACA,ACC,ACG,ACT,AGA,AGC,AGG,AGT,ATA,ATC,ATG,ATT,CAA,CAC,CAG,CAT,CCA,CCC,CCG,CCT,CGA,CGC,CGG,CGT,CTA,CTC,CTG,CTT,GAA,GAC,GAG,GAT,GCA,GCC,GCG,GCT,GGA,GGC,GGG,GGT,GTA,GTC,GTG,GTT,TAA,TAC,TAG,TAT,TCA,TCC,TCG,TCT,TGA,TGC,TGG,TGT,TTA,TTC,TTG,TTT
Tobacco ringspot virus,Riboviria,TRSV,land plants,ss-RNA,linear,1.01086956521739,0.788990825688073,0.989130434782609,1.21100917431193,0.685082872928177,0.950276243093923,0.397790055248619,1.96685082872928,0.87378640776699,0.582278481012658,1.04854368932039,0.708860759493671,0.676829268292683,0.640243902439024,1,1.68292682926829,1.03225806451613,0.533333333333333,0.967741935483871,1.46666666666667,1.31481481481481,0.981481481481482,0.314814814814815,1.38888888888889,0.524271844660194,1.22330097087379,0.990291262135922,1.33980582524272,0.287671232876712,0.924657534246575,0.678082191780822,1.70547945205479,1.04040404040404,0.56969696969697,0.95959595959596,1.43030303030303,0.879725085910653,1.01718213058419,0.536082474226804,1.56701030927835,0.882882882882883,0.864864864864865,0.900900900900901,1.35135135135135,0.345098039215686,0.549019607843137,1.33333333333333,1.77254901960784,3,0.666666666666667,0,1.33333333333333,0.810126582278481,1.39240506329114,0.227848101265823,2.27848101265823,0,0.733333333333333,1,1.26666666666667,0.821917808219178,0.588235294117647,1.58219178082192,1.41176470588235
