virus,realm,locus_tag,host,type,shape,AAA,AAC,AAG,AAT,ACA,ACC,ACG,ACT,AGA,AGC,AGG,AGT,ATA,ATC,ATG,ATT,CAA,CAC,CAG,CAT,CCA,CCC,CCG,CCT,CGA,CGC,CGG,CGT,CTA,CTC,CTG,CTT,GAA,GAC,GAG,GAT,GCA,GCC,GCG,GCT,GGA,GGC,GGG,GGT,GTA,GTC,GTG,GTT,TAA,TAC,TAG,TAT,TCA,TCC,TCG,TCT,TGA,TGC,TGG,TGT,TTA,TTC,TTG,TTT
Tobacco mild green mosaic virus,Riboviria,TMGMVgp,land plants,RNA,linear,0.982905982905983,0.77027027027027,1.01709401709402,1.22972972972973,0.939890710382514,0.721311475409836,0.568306010928962,1.77049180327869,2.81879194630872,0.666666666666667,2.01342281879195,1.28205128205128,0.867469879518072,0.885542168674699,1,1.24698795180723,1.17021276595745,0.78125,0.829787234042553,1.21875,0.972972972972973,0.540540540540541,1.11711711711712,1.36936936936937,0.402684563758389,0.241610738255034,0.0805369127516778,0.442953020134228,0.597938144329897,0.494845360824742,1.09278350515464,1.09278350515464,1.01010101010101,0.517766497461929,0.98989898989899,1.48223350253807,1.22790697674419,0.558139534883721,0.52093023255814,1.69302325581395,1.21985815602837,0.51063829787234,0.595744680851064,1.67375886524823,1.01492537313433,0.492537313432836,1.26865671641791,1.22388059701493,0.6,0.921739130434783,2.4,1.07826086956522,0.948717948717949,0.794871794871795,0.641025641025641,1.66666666666667,0,0.862068965517241,1,1.13793103448276,1.17525773195876,0.759493670886076,1.54639175257732,1.24050632911392
