virus,realm,locus_tag,host,type,shape,AAA,AAC,AAG,AAT,ACA,ACC,ACG,ACT,AGA,AGC,AGG,AGT,ATA,ATC,ATG,ATT,CAA,CAC,CAG,CAT,CCA,CCC,CCG,CCT,CGA,CGC,CGG,CGT,CTA,CTC,CTG,CTT,GAA,GAC,GAG,GAT,GCA,GCC,GCG,GCT,GGA,GGC,GGG,GGT,GTA,GTC,GTG,GTT,TAA,TAC,TAG,TAT,TCA,TCC,TCG,TCT,TGA,TGC,TGG,TGT,TTA,TTC,TTG,TTT
Tomato leaf curl Sulawesi virus,Monodnaviria,TLCSuV,land plants,DNA,circular,1.13846153846154,0.709677419354839,0.861538461538462,1.29032258064516,1.10344827586207,1.03448275862069,0.620689655172414,1.24137931034483,1.97260273972603,0.564705882352941,1.72602739726027,1.12941176470588,0.915254237288136,0.813559322033898,1,1.27118644067797,1.01818181818182,0.571428571428571,0.981818181818182,1.42857142857143,1.30909090909091,1.01818181818182,0.581818181818182,1.09090909090909,0.493150684931507,0.410958904109589,0.328767123287671,1.06849315068493,0.951219512195122,0.804878048780488,1.09756097560976,0.878048780487805,1.06976744186047,0.72,0.930232558139535,1.28,1.55932203389831,0.542372881355932,0.271186440677966,1.6271186440678,0.862745098039216,0.784313725490196,0.705882352941177,1.64705882352941,0.823529411764706,1,0.705882352941177,1.47058823529412,2.5,0.808510638297872,0,1.19148936170213,1.34117647058824,0.776470588235294,0.847058823529412,1.34117647058824,0.5,0.866666666666667,1,1.13333333333333,1.17073170731707,0.851851851851852,1.09756097560976,1.14814814814815
