virus,realm,locus_tag,host,type,shape,AAA,AAC,AAG,AAT,ACA,ACC,ACG,ACT,AGA,AGC,AGG,AGT,ATA,ATC,ATG,ATT,CAA,CAC,CAG,CAT,CCA,CCC,CCG,CCT,CGA,CGC,CGG,CGT,CTA,CTC,CTG,CTT,GAA,GAC,GAG,GAT,GCA,GCC,GCG,GCT,GGA,GGC,GGG,GGT,GTA,GTC,GTG,GTT,TAA,TAC,TAG,TAT,TCA,TCC,TCG,TCT,TGA,TGC,TGG,TGT,TTA,TTC,TTG,TTT
Tomato yellow leaf curl Guangdong virus,Monodnaviria,TYLCGV,land plants,DNA,circular,0.953846153846154,0.8,1.04615384615385,1.2,1.44927536231884,0.927536231884058,0.463768115942029,1.15942028985507,1.72602739726027,0.741573033707865,1.31506849315068,0.943820224719101,0.919354838709677,0.967741935483871,1,1.11290322580645,1.40740740740741,0.761904761904762,0.592592592592593,1.23809523809524,1.51515151515152,0.96969696969697,0.484848484848485,1.03030303030303,0.575342465753425,0.493150684931507,0.493150684931507,1.3972602739726,0.785714285714286,1.07142857142857,0.642857142857143,0.714285714285714,1.14814814814815,0.423076923076923,0.851851851851852,1.57692307692308,1.40740740740741,0.740740740740741,0.740740740740741,1.11111111111111,1.19148936170213,0.425531914893617,0.936170212765957,1.4468085106383,0.9375,1.125,0.625,1.3125,2,0.533333333333333,0.5,1.46666666666667,1.41573033707865,1.01123595505618,1.01123595505618,0.876404494382023,0.5,0.962962962962963,1,1.03703703703704,1.78571428571429,0.897959183673469,1,1.10204081632653
