virus,realm,locus_tag,host,type,shape,AAA,AAC,AAG,AAT,ACA,ACC,ACG,ACT,AGA,AGC,AGG,AGT,ATA,ATC,ATG,ATT,CAA,CAC,CAG,CAT,CCA,CCC,CCG,CCT,CGA,CGC,CGG,CGT,CTA,CTC,CTG,CTT,GAA,GAC,GAG,GAT,GCA,GCC,GCG,GCT,GGA,GGC,GGG,GGT,GTA,GTC,GTG,GTT,TAA,TAC,TAG,TAT,TCA,TCC,TCG,TCT,TGA,TGC,TGG,TGT,TTA,TTC,TTG,TTT
Tomato yellow dwarf disease associated satellite DNA beta-[Kochi],NA,TYDDASDBK,NA,DNA,circular,0.666666666666667,0.666666666666667,1.33333333333333,1.33333333333333,1.77777777777778,0.444444444444444,0.888888888888889,0.888888888888889,2.4,0,2.4,0,0.6,1.8,1,0.6,1,1,1,1,4,0,0,0,1.2,0,0,0,0,2.25,0.75,0.75,0.571428571428571,1,1.42857142857143,1,4,0,0,0,0,1.33333333333333,1.33333333333333,1.33333333333333,1.66666666666667,2,0,0.333333333333333,3,1.33333333333333,0,0.666666666666667,4.5,0,0,1.5,0,2,1,0,0.75,1.6,1.5,0.4
