virus,realm,locus_tag,host,type,shape,AAA,AAC,AAG,AAT,ACA,ACC,ACG,ACT,AGA,AGC,AGG,AGT,ATA,ATC,ATG,ATT,CAA,CAC,CAG,CAT,CCA,CCC,CCG,CCT,CGA,CGC,CGG,CGT,CTA,CTC,CTG,CTT,GAA,GAC,GAG,GAT,GCA,GCC,GCG,GCT,GGA,GGC,GGG,GGT,GTA,GTC,GTG,GTT,TAA,TAC,TAG,TAT,TCA,TCC,TCG,TCT,TGA,TGC,TGG,TGT,TTA,TTC,TTG,TTT
Tomato yellow leaf curl Shuangbai virus - [Y4536],Monodnaviria,A6773,land plants,DNA,circular,1.06451612903226,0.782608695652174,0.935483870967742,1.21739130434783,1.11764705882353,0.823529411764706,1.05882352941176,1,1.87012987012987,0.827586206896552,1.79220779220779,1.31034482758621,0.864406779661017,1.01694915254237,1,1.11864406779661,1.2280701754386,1.02222222222222,0.771929824561403,0.977777777777778,1.7910447761194,0.835820895522388,0.358208955223881,1.01492537313433,0.623376623376623,0.467532467532468,0.38961038961039,0.857142857142857,0.575342465753425,0.657534246575342,0.657534246575342,1.31506849315068,0.905660377358491,0.518518518518518,1.09433962264151,1.48148148148148,1.24590163934426,1.04918032786885,0.590163934426229,1.11475409836066,1.36170212765957,0.425531914893617,0.936170212765957,1.27659574468085,1.10144927536232,0.753623188405797,0.869565217391304,1.27536231884058,1,0.558139534883721,1.5,1.44186046511628,1.03448275862069,0.96551724137931,0.896551724137931,0.96551724137931,0.5,0.714285714285714,1,1.28571428571429,1.97260273972603,1,0.821917808219178,1
