virus,realm,host,locus_tag,AAA,AAC,AAG,AAT,ACA,ACC,ACG,ACT,AGA,AGC,AGG,AGT,ATA,ATC,ATG,ATT,CAA,CAC,CAG,CAT,CCA,CCC,CCG,CCT,CGA,CGC,CGG,CGT,CTA,CTC,CTG,CTT,GAA,GAC,GAG,GAT,GCA,GCC,GCG,GCT,GGA,GGC,GGG,GGT,GTA,GTC,GTG,GTT,TAA,TAC,TAG,TAT,TCA,TCC,TCG,TCT,TGA,TGC,TGG,TGT,TTA,TTC,TTG,TTT
Tomato pseudo-curly top virus,Monodnaviria,land plants,TPCTVgp,1.21212121212121,0.830769230769231,0.787878787878788,1.16923076923077,1.49253731343284,0.477611940298507,0.656716417910448,1.37313432835821,1.78125,0.725274725274725,1.3125,1.31868131868132,0.84375,0.703125,1,1.453125,1.14285714285714,1.12,0.857142857142857,0.88,1.21428571428571,0.714285714285714,0.857142857142857,1.21428571428571,0.65625,0.5625,0.65625,1.03125,0.8,0.733333333333333,0.933333333333333,0.8,1.30909090909091,0.980392156862745,0.690909090909091,1.01960784313725,0.774193548387097,1.09677419354839,0.709677419354839,1.41935483870968,1.1875,0.8125,0.8125,1.1875,0.941176470588235,0.470588235294118,1.17647058823529,1.41176470588235,1.5,0.680851063829787,0.5,1.31914893617021,0.923076923076923,1.12087912087912,0.593406593406593,1.31868131868132,1,0.758620689655172,1,1.24137931034483,1.73333333333333,0.883720930232558,1,1.11627906976744
