virus,realm,locus_tag,host,type,shape,AAA,AAC,AAG,AAT,ACA,ACC,ACG,ACT,AGA,AGC,AGG,AGT,ATA,ATC,ATG,ATT,CAA,CAC,CAG,CAT,CCA,CCC,CCG,CCT,CGA,CGC,CGG,CGT,CTA,CTC,CTG,CTT,GAA,GAC,GAG,GAT,GCA,GCC,GCG,GCT,GGA,GGC,GGG,GGT,GTA,GTC,GTG,GTT,TAA,TAC,TAG,TAT,TCA,TCC,TCG,TCT,TGA,TGC,TGG,TGT,TTA,TTC,TTG,TTT
Tomato leaf curl Laos virus,Monodnaviria,ToLCLVgp,land plants,DNA,circular,0.878787878787879,0.78125,1.12121212121212,1.21875,1.18918918918919,0.864864864864865,0.756756756756757,1.18918918918919,2.16666666666667,0.96551724137931,1.33333333333333,1.17241379310345,0.666666666666667,1.16666666666667,1,1.16666666666667,0.982456140350877,0.883720930232558,1.01754385964912,1.11627906976744,1.39393939393939,1.39393939393939,0.363636363636364,0.848484848484849,0.5,0.583333333333333,0.583333333333333,0.833333333333333,0.538461538461538,0.923076923076923,0.769230769230769,1.30769230769231,0.851851851851852,0.72,1.14814814814815,1.28,1.5,1.21428571428571,0.5,0.785714285714286,1.25490196078431,0.627450980392157,1.09803921568627,1.01960784313725,1.14285714285714,0.761904761904762,0.952380952380952,1.14285714285714,2,0.723404255319149,0.5,1.27659574468085,1.17241379310345,1.03448275862069,0.689655172413793,0.96551724137931,0.5,0.740740740740741,1,1.25925925925926,1.69230769230769,1.1063829787234,0.769230769230769,0.893617021276596
