virus,realm,locus_tag,host,type,shape,AAA,AAC,AAG,AAT,ACA,ACC,ACG,ACT,AGA,AGC,AGG,AGT,ATA,ATC,ATG,ATT,CAA,CAC,CAG,CAT,CCA,CCC,CCG,CCT,CGA,CGC,CGG,CGT,CTA,CTC,CTG,CTT,GAA,GAC,GAG,GAT,GCA,GCC,GCG,GCT,GGA,GGC,GGG,GGT,GTA,GTC,GTG,GTT,TAA,TAC,TAG,TAT,TCA,TCC,TCG,TCT,TGA,TGC,TGG,TGT,TTA,TTC,TTG,TTT
Tomato leaf curl Burkina Faso virus,Monodnaviria,B1785,land plants,DNA,circular,1.04615384615385,0.8,0.953846153846154,1.2,1.3134328358209,0.716417910447761,1.01492537313433,0.955223880597015,1.26315789473684,0.943820224719101,1.57894736842105,0.674157303370786,0.619047619047619,1.0952380952381,1,1.28571428571429,0.925925925925926,0.897959183673469,1.07407407407407,1.10204081632653,1.25,1.1875,0.5625,1,1.02631578947368,0.236842105263158,0.631578947368421,1.26315789473684,0.868421052631579,1.02631578947368,0.552631578947368,1.34210526315789,1.17647058823529,0.87719298245614,0.823529411764706,1.12280701754386,1.03448275862069,0.96551724137931,0.689655172413793,1.31034482758621,1.13207547169811,1.13207547169811,0.830188679245283,0.905660377358491,0.875,1.0625,0.375,1.6875,2.5,0.842105263157895,0,1.15789473684211,1.07865168539326,0.876404494382023,1.28089887640449,1.14606741573034,0.5,1.04347826086957,1,0.956521739130435,1.34210526315789,1.12,0.868421052631579,0.88
