virus,realm,locus_tag,host,type,shape,AAA,AAC,AAG,AAT,ACA,ACC,ACG,ACT,AGA,AGC,AGG,AGT,ATA,ATC,ATG,ATT,CAA,CAC,CAG,CAT,CCA,CCC,CCG,CCT,CGA,CGC,CGG,CGT,CTA,CTC,CTG,CTT,GAA,GAC,GAG,GAT,GCA,GCC,GCG,GCT,GGA,GGC,GGG,GGT,GTA,GTC,GTG,GTT,TAA,TAC,TAG,TAT,TCA,TCC,TCG,TCT,TGA,TGC,TGG,TGT,TTA,TTC,TTG,TTT
Tomato mosaic Trujillo virus,Monodnaviria,KM500,land plants,DNA,circular,0.636363636363636,1.04761904761905,1.36363636363636,0.952380952380952,1,0.7,1.55,0.75,1.5,0.863309352517986,2.17241379310345,0.60431654676259,0.804878048780488,1.42682926829268,1,0.768292682926829,0.8125,0.962962962962963,1.1875,1.03703703703704,1.06024096385542,1.06024096385542,0.867469879518072,1.01204819277108,0.46551724137931,0.413793103448276,0.362068965517241,1.08620689655172,0.909090909090909,1.57575757575758,0.96969696969697,1.03030303030303,0.821917808219178,1.06493506493506,1.17808219178082,0.935064935064935,0.947368421052632,1,0.947368421052632,1.10526315789474,1.08695652173913,0.826086956521739,1.1304347826087,0.956521739130435,0.618556701030928,1.11340206185567,1.15463917525773,1.11340206185567,0.857142857142857,0.806451612903226,0.857142857142857,1.19354838709677,1.38129496402878,1.25179856115108,0.906474820143885,0.992805755395683,1.28571428571429,1.33333333333333,1,0.666666666666667,0.666666666666667,1.36842105263158,0.848484848484849,0.631578947368421
