virus,realm,locus_tag,host,type,shape,AAA,AAC,AAG,AAT,ACA,ACC,ACG,ACT,AGA,AGC,AGG,AGT,ATA,ATC,ATG,ATT,CAA,CAC,CAG,CAT,CCA,CCC,CCG,CCT,CGA,CGC,CGG,CGT,CTA,CTC,CTG,CTT,GAA,GAC,GAG,GAT,GCA,GCC,GCG,GCT,GGA,GGC,GGG,GGT,GTA,GTC,GTG,GTT,TAA,TAC,TAG,TAT,TCA,TCC,TCG,TCT,TGA,TGC,TGG,TGT,TTA,TTC,TTG,TTT
Tomato yellow leaf curl Mali virus,Monodnaviria,ACG05,land plants,DNA,circular,0.806451612903226,0.78125,1.19354838709677,1.21875,1.17241379310345,1.17241379310345,0.413793103448276,1.24137931034483,1.64383561643836,0.709677419354839,1.47945205479452,1.09677419354839,0.838235294117647,0.926470588235294,1,1.23529411764706,1.12903225806452,0.755555555555556,0.870967741935484,1.24444444444444,1.3125,1.25,0.4375,1,0.821917808219178,0.410958904109589,0.575342465753425,1.06849315068493,0.518518518518518,0.962962962962963,0.814814814814815,1.33333333333333,1.32075471698113,0.586206896551724,0.679245283018868,1.41379310344828,1.12,1.28,0.48,1.12,1.40740740740741,0.444444444444444,0.962962962962963,1.18518518518519,1.44827586206897,0.758620689655172,0.344827586206897,1.44827586206897,1.5,0.619047619047619,1,1.38095238095238,1.48387096774194,0.709677419354839,0.774193548387097,1.2258064516129,0.5,0.909090909090909,1,1.09090909090909,1.55555555555556,1.03846153846154,0.814814814814815,0.961538461538462
