virus,realm,host,locus_tag,AAA,AAC,AAG,AAT,ACA,ACC,ACG,ACT,AGA,AGC,AGG,AGT,ATA,ATC,ATG,ATT,CAA,CAC,CAG,CAT,CCA,CCC,CCG,CCT,CGA,CGC,CGG,CGT,CTA,CTC,CTG,CTT,GAA,GAC,GAG,GAT,GCA,GCC,GCG,GCT,GGA,GGC,GGG,GGT,GTA,GTC,GTG,GTT,TAA,TAC,TAG,TAT,TCA,TCC,TCG,TCT,TGA,TGC,TGG,TGT,TTA,TTC,TTG,TTT
Tomato leaf curl Malaysia betasatellite,Tolecusatellitidae,land plants,D1S16,0.285714285714286,1.5,1.71428571428571,0.5,0,1.6,1.6,0.8,1.5,0,4.5,0.857142857142857,0.8,1.6,1,0.6,0,1.33333333333333,2,0.666666666666667,4,0,0,0,0,0,0,0,0.666666666666667,1.33333333333333,2,0.666666666666667,0.571428571428571,0.4,1.42857142857143,1.6,2.4,0,0,1.6,0,0,4,0,1.14285714285714,1.14285714285714,1.14285714285714,0.571428571428571,3,2,0,0,1.71428571428571,2.57142857142857,0,0.857142857142857,0,NA,NA,NA,0.666666666666667,1.71428571428571,0.666666666666667,0.285714285714286
