virus,realm,host,locus_tag,AAA,AAC,AAG,AAT,ACA,ACC,ACG,ACT,AGA,AGC,AGG,AGT,ATA,ATC,ATG,ATT,CAA,CAC,CAG,CAT,CCA,CCC,CCG,CCT,CGA,CGC,CGG,CGT,CTA,CTC,CTG,CTT,GAA,GAC,GAG,GAT,GCA,GCC,GCG,GCT,GGA,GGC,GGG,GGT,GTA,GTC,GTG,GTT,TAA,TAC,TAG,TAT,TCA,TCC,TCG,TCT,TGA,TGC,TGG,TGT,TTA,TTC,TTG,TTT
Tomato mottle leaf curl virus,Monodnaviria,land plants,BTA33,0.915254237288136,1.1864406779661,1.08474576271186,0.813559322033898,1.3125,0.6875,1.375,0.625,1.23809523809524,0.56,1.71428571428571,0.48,1.03636363636364,0.927272727272727,1,1.03636363636364,1.18181818181818,1.08108108108108,0.818181818181818,0.918918918918919,1.33333333333333,1.12280701754386,0.771929824561403,0.771929824561403,0.571428571428571,0.571428571428571,0.666666666666667,1.23809523809524,0.580645161290323,2.03225806451613,0.67741935483871,0.774193548387097,0.755555555555556,0.842105263157895,1.24444444444444,1.15789473684211,1.04761904761905,1.33333333333333,0.571428571428571,1.04761904761905,1.38775510204082,0.816326530612245,0.979591836734694,0.816326530612245,0.581818181818182,1.45454545454545,0.872727272727273,1.09090909090909,2.4,0.6,0.6,1.4,1.76,1.44,0.48,1.28,0,1.25,1,0.75,1.45161290322581,1.1,0.483870967741935,0.9
