virus,realm,host,locus_tag,AAA,AAC,AAG,AAT,ACA,ACC,ACG,ACT,AGA,AGC,AGG,AGT,ATA,ATC,ATG,ATT,CAA,CAC,CAG,CAT,CCA,CCC,CCG,CCT,CGA,CGC,CGG,CGT,CTA,CTC,CTG,CTT,GAA,GAC,GAG,GAT,GCA,GCC,GCG,GCT,GGA,GGC,GGG,GGT,GTA,GTC,GTG,GTT,TAA,TAC,TAG,TAT,TCA,TCC,TCG,TCT,TGA,TGC,TGG,TGT,TTA,TTC,TTG,TTT
Tomato leaf curl Malaysia virus,NA,NA,ToLCMVgp,0.75,0.794117647058823,1.25,1.20588235294118,1.26027397260274,0.767123287671233,0.821917808219178,1.15068493150685,1.75,0.943820224719101,1.75,1.34831460674157,0.764705882352941,1.05882352941176,1,1.17647058823529,0.931034482758621,0.926829268292683,1.06896551724138,1.07317073170732,1.75757575757576,0.96969696969697,0.424242424242424,0.848484848484849,0.666666666666667,0.333333333333333,0.333333333333333,1.16666666666667,0.623376623376623,1.09090909090909,0.623376623376623,1.16883116883117,0.792452830188679,0.745098039215686,1.20754716981132,1.25490196078431,1.44262295081967,1.04918032786885,0.655737704918033,0.852459016393443,1.19148936170213,0.765957446808511,1.1063829787234,0.936170212765957,0.955223880597015,0.656716417910448,0.895522388059702,1.49253731343284,2,0.826086956521739,0,1.17391304347826,0.808988764044944,1.01123595505618,0.674157303370786,1.21348314606742,1,0.888888888888889,1,1.11111111111111,1.32467532467532,0.96,1.16883116883117,1.04
