virus,realm,locus_tag,host,type,shape,AAA,AAC,AAG,AAT,ACA,ACC,ACG,ACT,AGA,AGC,AGG,AGT,ATA,ATC,ATG,ATT,CAA,CAC,CAG,CAT,CCA,CCC,CCG,CCT,CGA,CGC,CGG,CGT,CTA,CTC,CTG,CTT,GAA,GAC,GAG,GAT,GCA,GCC,GCG,GCT,GGA,GGC,GGG,GGT,GTA,GTC,GTG,GTT,TAA,TAC,TAG,TAT,TCA,TCC,TCG,TCT,TGA,TGC,TGG,TGT,TTA,TTC,TTG,TTT
Tomato leaf curl virus,Monodnaviria,ToLCVgp,land plants,ss-DNA,circular,0.696969696969697,0.852459016393443,1.3030303030303,1.14754098360656,1.21212121212121,0.787878787878788,0.727272727272727,1.27272727272727,1.48051948051948,1.12087912087912,1.79220779220779,0.857142857142857,0.75,1.17857142857143,1,1.07142857142857,1.13725490196078,0.782608695652174,0.862745098039216,1.21739130434783,1.1875,1.25,0.625,0.9375,0.701298701298701,0.623376623376623,0.623376623376623,0.779220779220779,0.45,1.05,0.9,0.975,0.885245901639344,0.555555555555556,1.11475409836066,1.44444444444444,0.866666666666667,0.933333333333333,0.933333333333333,1.26666666666667,1.07692307692308,0.615384615384615,1.23076923076923,1.07692307692308,0.676923076923077,1.16923076923077,0.676923076923077,1.47692307692308,1.5,0.553191489361702,0.5,1.4468085106383,1.31868131868132,1.05494505494505,0.593406593406593,1.05494505494505,1,1.04347826086957,1,0.956521739130435,1.5,1.26086956521739,1.125,0.739130434782609
