virus,realm,locus_tag,host,type,shape,AAA,AAC,AAG,AAT,ACA,ACC,ACG,ACT,AGA,AGC,AGG,AGT,ATA,ATC,ATG,ATT,CAA,CAC,CAG,CAT,CCA,CCC,CCG,CCT,CGA,CGC,CGG,CGT,CTA,CTC,CTG,CTT,GAA,GAC,GAG,GAT,GCA,GCC,GCG,GCT,GGA,GGC,GGG,GGT,GTA,GTC,GTG,GTT,TAA,TAC,TAG,TAT,TCA,TCC,TCG,TCT,TGA,TGC,TGG,TGT,TTA,TTC,TTG,TTT
Tomato golden vein virus,Monodnaviria,D1S73,land plants,DNA,circular,1.17171717171717,0.813953488372093,0.828282828282828,1.18604651162791,1.31818181818182,0.681818181818182,0.863636363636364,1.13636363636364,1.58823529411765,0.507692307692308,1,0.6,1.09375,0.71875,1,1.1875,1.32307692307692,0.666666666666667,0.676923076923077,1.33333333333333,1.69230769230769,0.871794871794872,0.358974358974359,1.07692307692308,0.529411764705882,0.294117647058824,0.588235294117647,2,1.14285714285714,0.571428571428571,0.571428571428571,1.2,1.14705882352941,0.736842105263158,0.852941176470588,1.26315789473684,1.26582278481013,0.962025316455696,0.506329113924051,1.26582278481013,1.22666666666667,0.586666666666667,0.853333333333333,1.33333333333333,0.926829268292683,0.731707317073171,0.780487804878049,1.5609756097561,2.57142857142857,0.440677966101695,0.428571428571429,1.55932203389831,1.70769230769231,1.06153846153846,0.646153846153846,1.47692307692308,0,0.814814814814815,1,1.18518518518519,1.2,0.947368421052632,1.31428571428571,1.05263157894737
