virus,realm,host,locus_tag,AAA,AAC,AAG,AAT,ACA,ACC,ACG,ACT,AGA,AGC,AGG,AGT,ATA,ATC,ATG,ATT,CAA,CAC,CAG,CAT,CCA,CCC,CCG,CCT,CGA,CGC,CGG,CGT,CTA,CTC,CTG,CTT,GAA,GAC,GAG,GAT,GCA,GCC,GCG,GCT,GGA,GGC,GGG,GGT,GTA,GTC,GTG,GTT,TAA,TAC,TAG,TAT,TCA,TCC,TCG,TCT,TGA,TGC,TGG,TGT,TTA,TTC,TTG,TTT
Tomato leaf curl Joydebpur virus,Monodnaviria,land plants,ToLCJVp,0.983606557377049,0.625,1.01639344262295,1.375,0.896551724137931,1.10344827586207,0.96551724137931,1.03448275862069,1.16883116883117,0.96551724137931,2.02597402597403,0.758620689655172,0.735849056603774,1.07547169811321,1,1.18867924528302,1,0.978723404255319,1,1.02127659574468,1.31428571428571,1.25714285714286,0.628571428571429,0.8,0.935064935064935,0.545454545454545,0.545454545454545,0.779220779220779,1.01298701298701,1.32467532467532,0.701298701298701,0.779220779220779,0.961538461538462,0.730769230769231,1.03846153846154,1.26923076923077,1.02857142857143,1.2,0.628571428571429,1.14285714285714,0.923076923076923,1,0.769230769230769,1.30769230769231,0.876712328767123,0.767123287671233,0.821917808219178,1.53424657534247,1.5,0.540540540540541,1,1.45945945945946,1.31034482758621,1.31034482758621,0.620689655172414,1.03448275862069,0.5,1,1,1,1.32467532467532,0.981818181818182,0.857142857142857,1.01818181818182
