virus,realm,host,locus_tag,AAA,AAC,AAG,AAT,ACA,ACC,ACG,ACT,AGA,AGC,AGG,AGT,ATA,ATC,ATG,ATT,CAA,CAC,CAG,CAT,CCA,CCC,CCG,CCT,CGA,CGC,CGG,CGT,CTA,CTC,CTG,CTT,GAA,GAC,GAG,GAT,GCA,GCC,GCG,GCT,GGA,GGC,GGG,GGT,GTA,GTC,GTG,GTT,TAA,TAC,TAG,TAT,TCA,TCC,TCG,TCT,TGA,TGC,TGG,TGT,TTA,TTC,TTG,TTT
Tonate virus,NA,NA,D1S02,0.9,0.897959183673469,1.1,1.10204081632653,1.24187725631769,1.12635379061372,0.72202166064982,0.909747292418773,1.54455445544554,1.09090909090909,1.15841584158416,0.727272727272727,0.812154696132597,1.02762430939227,1,1.16022099447514,0.705882352941177,1.00917431192661,1.29411764705882,0.990825688073395,1.07359307359307,0.831168831168831,0.935064935064935,1.16017316017316,0.564356435643564,1.06930693069307,0.742574257425743,0.920792079207921,0.851485148514851,0.633663366336634,1.58415841584158,0.712871287128713,0.934497816593886,1.11111111111111,1.06550218340611,0.888888888888889,1.24271844660194,1.13915857605178,0.737864077669903,0.880258899676375,1.33990147783251,1.064039408867,0.847290640394089,0.748768472906404,0.930555555555556,0.861111111111111,1.48611111111111,0.722222222222222,2,1.11428571428571,0,0.885714285714286,1.34090909090909,1,0.727272727272727,1.11363636363636,1,1.04854368932039,1,0.951456310679612,0.633663366336634,0.769230769230769,1.58415841584158,1.23076923076923
