virus,realm,host,locus_tag,AAA,AAC,AAG,AAT,ACA,ACC,ACG,ACT,AGA,AGC,AGG,AGT,ATA,ATC,ATG,ATT,CAA,CAC,CAG,CAT,CCA,CCC,CCG,CCT,CGA,CGC,CGG,CGT,CTA,CTC,CTG,CTT,GAA,GAC,GAG,GAT,GCA,GCC,GCG,GCT,GGA,GGC,GGG,GGT,GTA,GTC,GTG,GTT,TAA,TAC,TAG,TAT,TCA,TCC,TCG,TCT,TGA,TGC,TGG,TGT,TTA,TTC,TTG,TTT
Toros virus,NA,NA,A6I16,0.684615384615385,0.716049382716049,1.31538461538462,1.28395061728395,1.95305164319249,0.676056338028169,0.150234741784038,1.22065727699531,3.42477876106195,1.10662824207493,1.93805309734513,0.829971181556196,1.38174273858921,0.70954356846473,1,0.908713692946058,0.896551724137931,0.902439024390244,1.10344827586207,1.09756097560976,1.69444444444444,0.583333333333333,0.138888888888889,1.58333333333333,0.345132743362832,0.0530973451327434,0.15929203539823,0.079646017699115,1.05044510385757,0.747774480712166,1.54896142433234,1.0326409495549,0.867796610169492,1,1.13220338983051,1,1.56595744680851,0.714893617021277,0.153191489361702,1.56595744680851,1.4,0.616666666666667,1.11666666666667,0.866666666666667,0.711111111111111,0.755555555555556,1.0962962962963,1.43703703703704,0.75,1.02564102564103,0.75,0.974358974358974,1.65994236311239,0.726224783861671,0.0864553314121038,1.59077809798271,1.5,0.86,1,1.14,0.783382789317507,0.931034482758621,0.836795252225519,1.06896551724138
