virus,realm,locus_tag,host,type,shape,AAA,AAC,AAG,AAT,ACA,ACC,ACG,ACT,AGA,AGC,AGG,AGT,ATA,ATC,ATG,ATT,CAA,CAC,CAG,CAT,CCA,CCC,CCG,CCT,CGA,CGC,CGG,CGT,CTA,CTC,CTG,CTT,GAA,GAC,GAG,GAT,GCA,GCC,GCG,GCT,GGA,GGC,GGG,GGT,GTA,GTC,GTG,GTT,TAA,TAC,TAG,TAT,TCA,TCC,TCG,TCT,TGA,TGC,TGG,TGT,TTA,TTC,TTG,TTT
Torque teno mini virus ALH8,Anelloviridae,QV17,human,DNA,circular,1.82142857142857,1.17948717948718,0.178571428571429,0.82051282051282,2.57142857142857,0.285714285714286,0,1.14285714285714,4.65,1.67441860465116,0,0.697674418604651,1.71428571428571,0.357142857142857,1,0.928571428571429,1.44186046511628,1.26315789473684,0.558139534883721,0.736842105263158,2.83636363636364,0.363636363636364,0.218181818181818,0.581818181818182,0.3,0.45,0.15,0.45,1.85915492957746,0.76056338028169,0.253521126760563,1.01408450704225,1.58139534883721,1.57575757575758,0.418604651162791,0.424242424242424,2.66666666666667,0.761904761904762,0,0.571428571428571,2.63157894736842,0.421052631578947,0.526315789473684,0.421052631578947,3,0,0.166666666666667,0.833333333333333,3,1.28205128205128,0,0.717948717948718,2.23255813953488,0.558139534883721,0.27906976744186,0.558139534883721,0,1.63636363636364,1,0.363636363636364,2.11267605633803,0.518518518518518,0,1.48148148148148
