virus,realm,locus_tag,host,type,shape,AAA,AAC,AAG,AAT,ACA,ACC,ACG,ACT,AGA,AGC,AGG,AGT,ATA,ATC,ATG,ATT,CAA,CAC,CAG,CAT,CCA,CCC,CCG,CCT,CGA,CGC,CGG,CGT,CTA,CTC,CTG,CTT,GAA,GAC,GAG,GAT,GCA,GCC,GCG,GCT,GGA,GGC,GGG,GGT,GTA,GTC,GTG,GTT,TAA,TAC,TAG,TAT,TCA,TCC,TCG,TCT,TGA,TGC,TGG,TGT,TTA,TTC,TTG,TTT
Torque teno mini virus 18,Anelloviridae,A9280,human,DNA,circular,1.70149253731343,1.33333333333333,0.298507462686567,0.666666666666667,2.19178082191781,0.547945205479452,0.328767123287671,0.931506849315068,3.84375,1.17857142857143,0.46875,0.857142857142857,1.83673469387755,0.306122448979592,1,0.857142857142857,1.52941176470588,1.30434782608696,0.470588235294118,0.695652173913043,2.47272727272727,0.218181818181818,0.290909090909091,1.01818181818182,0.84375,0.28125,0.28125,0.28125,1.3972602739726,0.986301369863014,0.246575342465753,0.575342465753425,1.76744186046512,1.33333333333333,0.232558139534884,0.666666666666667,3.36,0,0,0.64,1.94871794871795,0.82051282051282,0.41025641025641,0.82051282051282,2.93333333333333,0.533333333333333,0,0.533333333333333,3,1.05882352941176,0,0.941176470588235,2.03571428571429,0.964285714285714,0.107142857142857,0.857142857142857,0,1,1,1,2.79452054794521,0.357142857142857,0,1.64285714285714
