virus,realm,locus_tag,host,type,shape,AAA,AAC,AAG,AAT,ACA,ACC,ACG,ACT,AGA,AGC,AGG,AGT,ATA,ATC,ATG,ATT,CAA,CAC,CAG,CAT,CCA,CCC,CCG,CCT,CGA,CGC,CGG,CGT,CTA,CTC,CTG,CTT,GAA,GAC,GAG,GAT,GCA,GCC,GCG,GCT,GGA,GGC,GGG,GGT,GTA,GTC,GTG,GTT,TAA,TAC,TAG,TAT,TCA,TCC,TCG,TCT,TGA,TGC,TGG,TGT,TTA,TTC,TTG,TTT
Torque teno midi virus 12,Anelloviridae,D1P87,human,DNA,circular,1.54782608695652,0.981132075471698,0.452173913043478,1.0188679245283,2.47619047619048,0.647619047619048,0,0.876190476190476,4.5974025974026,1.37931034482759,0.38961038961039,0.344827586206897,1.6056338028169,0.507042253521127,1,0.887323943661972,1.49397590361446,1.2156862745098,0.506024096385542,0.784313725490196,2,0.7,0.05,1.25,0.311688311688312,0.545454545454545,0.0779220779220779,0.0779220779220779,1.76086956521739,1.30434782608696,0.456521739130435,0.978260869565217,1.6986301369863,0.885714285714286,0.301369863013699,1.11428571428571,1.61194029850746,1.07462686567164,0,1.3134328358209,1.29032258064516,1.29032258064516,0.387096774193548,1.03225806451613,2.32258064516129,0.258064516129032,0.258064516129032,1.16129032258065,1.5,1,0.75,1,2,0.96551724137931,0.0689655172413793,1.24137931034483,0.75,0.636363636363636,1,1.36363636363636,1.30434782608696,0.456140350877193,0.195652173913043,1.54385964912281
