virus,realm,locus_tag,host,type,shape,AAA,AAC,AAG,AAT,ACA,ACC,ACG,ACT,AGA,AGC,AGG,AGT,ATA,ATC,ATG,ATT,CAA,CAC,CAG,CAT,CCA,CCC,CCG,CCT,CGA,CGC,CGG,CGT,CTA,CTC,CTG,CTT,GAA,GAC,GAG,GAT,GCA,GCC,GCG,GCT,GGA,GGC,GGG,GGT,GTA,GTC,GTG,GTT,TAA,TAC,TAG,TAT,TCA,TCC,TCG,TCT,TGA,TGC,TGG,TGT,TTA,TTC,TTG,TTT
Torque teno virus 16,NA,TTV16,NA,DNA,circular,1.48,1.40425531914894,0.52,0.595744680851064,1.67741935483871,0.709677419354839,0.193548387096774,1.41935483870968,2.30232558139535,1.25,1.18604651162791,0.875,1.41176470588235,0.705882352941177,1,0.882352941176471,1.28813559322034,1.57142857142857,0.711864406779661,0.428571428571429,1,1.11111111111111,0.777777777777778,1.11111111111111,0.837209302325581,1.25581395348837,0.27906976744186,0.13953488372093,1.54285714285714,1.8,1.02857142857143,0.857142857142857,1.5,1.77777777777778,0.5,0.222222222222222,1.24444444444444,1.42222222222222,0.533333333333333,0.8,1.33333333333333,1.46031746031746,0.634920634920635,0.571428571428571,1.47368421052632,0.842105263157895,0.526315789473684,1.15789473684211,3,1.3469387755102,0,0.653061224489796,1.375,1.125,0.625,0.75,0,1.17647058823529,1,0.823529411764706,0.342857142857143,1,0.428571428571429,1
