virus,realm,locus_tag,host,type,shape,AAA,AAC,AAG,AAT,ACA,ACC,ACG,ACT,AGA,AGC,AGG,AGT,ATA,ATC,ATG,ATT,CAA,CAC,CAG,CAT,CCA,CCC,CCG,CCT,CGA,CGC,CGG,CGT,CTA,CTC,CTG,CTT,GAA,GAC,GAG,GAT,GCA,GCC,GCG,GCT,GGA,GGC,GGG,GGT,GTA,GTC,GTG,GTT,TAA,TAC,TAG,TAT,TCA,TCC,TCG,TCT,TGA,TGC,TGG,TGT,TTA,TTC,TTG,TTT
Torque teno virus 14,Anelloviridae,TTV14,vertebrates,ss-DNA,circular,1.28301886792453,1.42857142857143,0.716981132075472,0.571428571428571,1.30769230769231,0.846153846153846,0.461538461538462,1.38461538461538,1.28571428571429,2.10526315789474,1.04081632653061,0.421052631578947,1.14285714285714,1.42857142857143,1,0.428571428571429,0.967741935483871,1.4,1.03225806451613,0.6,0.676056338028169,1.57746478873239,1.1830985915493,0.563380281690141,1.04081632653061,0.979591836734694,1.04081632653061,0.612244897959184,1.06451612903226,0.967741935483871,1.64516129032258,0.870967741935484,0.962962962962963,1.72,1.03703703703704,0.28,0.928571428571429,1.57142857142857,0.714285714285714,0.785714285714286,1.20547945205479,1.26027397260274,0.821917808219178,0.712328767123288,1.36363636363636,0.545454545454545,1.18181818181818,0.909090909090909,3,1.81395348837209,0,0.186046511627907,1.05263157894737,1.68421052631579,0.421052631578947,0.315789473684211,0,1.15789473684211,1,0.842105263157895,0.967741935483871,0.736842105263158,0.483870967741935,1.26315789473684
