virus,realm,locus_tag,host,type,shape,AAA,AAC,AAG,AAT,ACA,ACC,ACG,ACT,AGA,AGC,AGG,AGT,ATA,ATC,ATG,ATT,CAA,CAC,CAG,CAT,CCA,CCC,CCG,CCT,CGA,CGC,CGG,CGT,CTA,CTC,CTG,CTT,GAA,GAC,GAG,GAT,GCA,GCC,GCG,GCT,GGA,GGC,GGG,GGT,GTA,GTC,GTG,GTT,TAA,TAC,TAG,TAT,TCA,TCC,TCG,TCT,TGA,TGC,TGG,TGT,TTA,TTC,TTG,TTT
Torque teno midi virus 9,Anelloviridae,D1P84,human,DNA,circular,1.47368421052632,1.22222222222222,0.526315789473684,0.777777777777778,2.55737704918033,0.557377049180328,0.0327868852459016,0.852459016393443,4.82926829268293,1.82022471910112,0.439024390243902,1.01123595505618,1.2,0.557142857142857,1,1.24285714285714,1.37931034482759,0.588235294117647,0.620689655172414,1.41176470588235,2.37974683544304,0.708860759493671,0,0.911392405063291,0.219512195121951,0.439024390243902,0,0.0731707317073171,1.48453608247423,1.17525773195876,0.371134020618557,1.05154639175258,1.68831168831169,1.35384615384615,0.311688311688312,0.646153846153846,1.78947368421053,0.842105263157895,0.263157894736842,1.10526315789474,1.66666666666667,0.933333333333333,0.2,1.2,2.60869565217391,0.260869565217391,0.173913043478261,0.956521739130435,0.75,1.28301886792453,1.5,0.716981132075472,1.21348314606742,0.943820224719101,0,1.01123595505618,0.75,1.2,1,0.8,1.7319587628866,0.285714285714286,0.185567010309278,1.71428571428571
