virus,realm,locus_tag,host,type,shape,AAA,AAC,AAG,AAT,ACA,ACC,ACG,ACT,AGA,AGC,AGG,AGT,ATA,ATC,ATG,ATT,CAA,CAC,CAG,CAT,CCA,CCC,CCG,CCT,CGA,CGC,CGG,CGT,CTA,CTC,CTG,CTT,GAA,GAC,GAG,GAT,GCA,GCC,GCG,GCT,GGA,GGC,GGG,GGT,GTA,GTC,GTG,GTT,TAA,TAC,TAG,TAT,TCA,TCC,TCG,TCT,TGA,TGC,TGG,TGT,TTA,TTC,TTG,TTT
Torque teno mini virus 2,Anelloviridae,TTMV2,human,DNA,circular,1.64705882352941,1.34883720930233,0.352941176470588,0.651162790697674,2.46575342465753,0.602739726027397,0.273972602739726,0.657534246575342,2.88461538461538,1.37704918032787,0.692307692307692,0.688524590163934,1.74,0.36,1,0.9,1.57446808510638,1,0.425531914893617,1,2.12903225806452,0.774193548387097,0.129032258064516,0.967741935483871,1.5,0.576923076923077,0.346153846153846,0,1.32352941176471,1.05882352941176,0.352941176470588,0.617647058823529,1.75757575757576,1.3469387755102,0.242424242424242,0.653061224489796,1.62962962962963,0.740740740740741,0.296296296296296,1.33333333333333,2.05128205128205,0.307692307692308,0.615384615384615,1.02564102564103,2,0.4,0.6,1,3,1.05,0,0.95,1.77049180327869,1.27868852459016,0.39344262295082,0.491803278688525,0,1.17647058823529,1,0.823529411764706,2.38235294117647,0.486486486486487,0.264705882352941,1.51351351351351
