virus,realm,locus_tag,host,type,shape,AAA,AAC,AAG,AAT,ACA,ACC,ACG,ACT,AGA,AGC,AGG,AGT,ATA,ATC,ATG,ATT,CAA,CAC,CAG,CAT,CCA,CCC,CCG,CCT,CGA,CGC,CGG,CGT,CTA,CTC,CTG,CTT,GAA,GAC,GAG,GAT,GCA,GCC,GCG,GCT,GGA,GGC,GGG,GGT,GTA,GTC,GTG,GTT,TAA,TAC,TAG,TAT,TCA,TCC,TCG,TCT,TGA,TGC,TGG,TGT,TTA,TTC,TTG,TTT
Torque teno virus 26,NA,TTV26,NA,DNA,circular,0.979591836734694,1.42857142857143,1.02040816326531,0.571428571428571,0.830188679245283,1.20754716981132,0.905660377358491,1.05660377358491,1.90654205607477,2.28571428571429,1.06542056074766,1.14285714285714,0.461538461538462,1.61538461538462,1,0.923076923076923,0.612244897959184,1.41176470588235,1.38775510204082,0.588235294117647,0.629213483146067,1.52808988764045,0.898876404494382,0.943820224719101,1.00934579439252,0.953271028037383,0.728971962616822,0.336448598130841,0.606741573033708,1.41573033707865,1.68539325842697,0.539325842696629,1.02222222222222,1.56521739130435,0.977777777777778,0.434782608695652,0.666666666666667,1.83333333333333,0.666666666666667,0.833333333333333,1.61111111111111,0.944444444444444,0.666666666666667,0.777777777777778,1.08108108108108,0.864864864864865,1.18918918918919,0.864864864864865,1,1.55555555555556,0,0.444444444444444,0.476190476190476,1.33333333333333,0.285714285714286,0.476190476190476,2,0.8,1,1.2,1.21348314606742,0.838709677419355,0.539325842696629,1.16129032258065
