virus,realm,host,locus_tag,AAA,AAC,AAG,AAT,ACA,ACC,ACG,ACT,AGA,AGC,AGG,AGT,ATA,ATC,ATG,ATT,CAA,CAC,CAG,CAT,CCA,CCC,CCG,CCT,CGA,CGC,CGG,CGT,CTA,CTC,CTG,CTT,GAA,GAC,GAG,GAT,GCA,GCC,GCG,GCT,GGA,GGC,GGG,GGT,GTA,GTC,GTG,GTT,TAA,TAC,TAG,TAT,TCA,TCC,TCG,TCT,TGA,TGC,TGG,TGT,TTA,TTC,TTG,TTT
Torque teno mini virus 6,Anelloviridae,human,TTMV6,1.63157894736842,1.2,0.368421052631579,0.8,2,0.368421052631579,0.105263157894737,1.52631578947368,3.17647058823529,1.11864406779661,0.470588235294118,0.711864406779661,1.71428571428571,0.375,1,0.910714285714286,1.56363636363636,1.04347826086957,0.436363636363636,0.956521739130435,2,0.5,0.285714285714286,1.21428571428571,0.823529411764706,0.588235294117647,0.235294117647059,0.705882352941177,1.24390243902439,0.951219512195122,0.365853658536585,1.17073170731707,1.69565217391304,1.4,0.304347826086957,0.6,2.43478260869565,0.695652173913043,0,0.869565217391304,2.34146341463415,0.975609756097561,0.0975609756097561,0.585365853658537,2,0.153846153846154,0.461538461538462,1.38461538461538,2,0.926829268292683,1,1.07317073170732,1.6271186440678,1.22033898305085,0.203389830508475,1.11864406779661,0,0.875,1,1.125,1.82926829268293,0.342857142857143,0.439024390243902,1.65714285714286
