virus,realm,locus_tag,host,type,shape,AAA,AAC,AAG,AAT,ACA,ACC,ACG,ACT,AGA,AGC,AGG,AGT,ATA,ATC,ATG,ATT,CAA,CAC,CAG,CAT,CCA,CCC,CCG,CCT,CGA,CGC,CGG,CGT,CTA,CTC,CTG,CTT,GAA,GAC,GAG,GAT,GCA,GCC,GCG,GCT,GGA,GGC,GGG,GGT,GTA,GTC,GTG,GTT,TAA,TAC,TAG,TAT,TCA,TCC,TCG,TCT,TGA,TGC,TGG,TGT,TTA,TTC,TTG,TTT
Trichomonas vaginalis virus 3,Riboviria,TVV3gp,protozoa,RNA,linear,0.866666666666667,1.09333333333333,1.13333333333333,0.906666666666667,1.31506849315068,0.712328767123288,0.876712328767123,1.0958904109589,0.845070422535211,0.909090909090909,0.507042253521127,0.96969696969697,0.542168674698795,1.55421686746988,1,0.903614457831325,1.23636363636364,1.05263157894737,0.763636363636364,0.947368421052632,1.67741935483871,0.731182795698925,0.387096774193548,1.20430107526882,0.253521126760563,2.61971830985915,0.338028169014085,1.43661971830986,0.549618320610687,1.51145038167939,0.412213740458015,1.09923664122137,1.36363636363636,0.72,0.636363636363636,1.28,0.494845360824742,1.23711340206186,0.618556701030928,1.64948453608247,0.722222222222222,1.5,0.111111111111111,1.66666666666667,0.559139784946237,1.80645161290323,0.301075268817204,1.33333333333333,1.5,1.29032258064516,0,0.709677419354839,2,0.909090909090909,0.545454545454545,0.666666666666667,1.5,0.882352941176471,1,1.11764705882353,1.2824427480916,1.5625,1.14503816793893,0.4375
