virus,realm,locus_tag,host,type,shape,AAA,AAC,AAG,AAT,ACA,ACC,ACG,ACT,AGA,AGC,AGG,AGT,ATA,ATC,ATG,ATT,CAA,CAC,CAG,CAT,CCA,CCC,CCG,CCT,CGA,CGC,CGG,CGT,CTA,CTC,CTG,CTT,GAA,GAC,GAG,GAT,GCA,GCC,GCG,GCT,GGA,GGC,GGG,GGT,GTA,GTC,GTG,GTT,TAA,TAC,TAG,TAT,TCA,TCC,TCG,TCT,TGA,TGC,TGG,TGT,TTA,TTC,TTG,TTT
Trichomonas vaginalis virus 2,Riboviria,TVVIIgp,protozoa,RNA,linear,1.01333333333333,0.887218045112782,0.986666666666667,1.11278195488722,1.41935483870968,0.67741935483871,0.387096774193548,1.51612903225806,1.30827067669173,0.72972972972973,0.406015037593985,0.77027027027027,0.391304347826087,1.60869565217391,1,1,1.44554455445545,1.28571428571429,0.554455445544555,0.714285714285714,2.01324503311258,0.556291390728477,0.291390728476821,1.13907284768212,0.496240601503759,1.84962406015038,0.451127819548872,1.48872180451128,0.669767441860465,2.14883720930233,0.306976744186047,1.03255813953488,1.40845070422535,0.848,0.591549295774648,1.152,0.785276073619632,1.03067484662577,0.539877300613497,1.6441717791411,1.11111111111111,1.74074074074074,0.148148148148148,1,0.556521739130435,1.77391304347826,0.243478260869565,1.42608695652174,3,1.22666666666667,0,0.773333333333333,1.5,0.851351351351351,0.567567567567568,1.58108108108108,0,1.45,1,0.55,1.28372093023256,1.44086021505376,0.558139534883721,0.559139784946237
