virus,realm,locus_tag,host,type,shape,AAA,AAC,AAG,AAT,ACA,ACC,ACG,ACT,AGA,AGC,AGG,AGT,ATA,ATC,ATG,ATT,CAA,CAC,CAG,CAT,CCA,CCC,CCG,CCT,CGA,CGC,CGG,CGT,CTA,CTC,CTG,CTT,GAA,GAC,GAG,GAT,GCA,GCC,GCG,GCT,GGA,GGC,GGG,GGT,GTA,GTC,GTG,GTT,TAA,TAC,TAG,TAT,TCA,TCC,TCG,TCT,TGA,TGC,TGG,TGT,TTA,TTC,TTG,TTT
Trichomonas vaginalis virus 1,Riboviria,AKN82,protozoa,ds-RNA,linear,1.06818181818182,0.935779816513762,0.931818181818182,1.06422018348624,1.83050847457627,0.903954802259887,0.632768361581921,0.632768361581921,1.5,0.901734104046243,0.576923076923077,0.658959537572254,0.485294117647059,1.76470588235294,1,0.75,1.40845070422535,1.12280701754386,0.591549295774648,0.87719298245614,2.31372549019608,0.352941176470588,0.470588235294118,0.862745098039216,0.346153846153846,2.01923076923077,0.403846153846154,1.15384615384615,0.383720930232558,1.74418604651163,0.313953488372093,1.2906976744186,1.43820224719101,0.907216494845361,0.561797752808989,1.09278350515464,1.01621621621622,0.821621621621622,0.497297297297297,1.66486486486486,1.1875,1.1875,0.15625,1.46875,0.651851851851852,1.95555555555556,0.177777777777778,1.21481481481481,3,1.61538461538462,0,0.384615384615385,1.83815028901734,0.589595375722543,0.69364161849711,1.31791907514451,0,1.15384615384615,1,0.846153846153846,1.74418604651163,1.40384615384615,0.523255813953488,0.596153846153846
