virus,realm,locus_tag,host,type,shape,AAA,AAC,AAG,AAT,ACA,ACC,ACG,ACT,AGA,AGC,AGG,AGT,ATA,ATC,ATG,ATT,CAA,CAC,CAG,CAT,CCA,CCC,CCG,CCT,CGA,CGC,CGG,CGT,CTA,CTC,CTG,CTT,GAA,GAC,GAG,GAT,GCA,GCC,GCG,GCT,GGA,GGC,GGG,GGT,GTA,GTC,GTG,GTT,TAA,TAC,TAG,TAT,TCA,TCC,TCG,TCT,TGA,TGC,TGG,TGT,TTA,TTC,TTG,TTT
Triumfetta yellow mosaic virus,Monodnaviria,D1T86,land plants,DNA,circular,0.989010989010989,0.843373493975904,1.01098901098901,1.1566265060241,1.21348314606742,0.49438202247191,1.30337078651685,0.98876404494382,1.5,0.514285714285714,1.27777777777778,0.942857142857143,0.857142857142857,1.05494505494505,1,1.08791208791209,0.88135593220339,0.807017543859649,1.11864406779661,1.19298245614035,1.33333333333333,1.02564102564103,0.512820512820513,1.12820512820513,0.944444444444444,0.166666666666667,0.611111111111111,1.5,1.08571428571429,1.08571428571429,0.685714285714286,0.685714285714286,0.916666666666667,0.8,1.08333333333333,1.2,1.44444444444444,0.666666666666667,0.666666666666667,1.22222222222222,1.1,0.65,0.95,1.3,0.666666666666667,1.02222222222222,0.666666666666667,1.64444444444444,2.14285714285714,0.612903225806452,0.428571428571429,1.38709677419355,1.37142857142857,1.2,0.685714285714286,1.28571428571429,0.428571428571429,0.787878787878788,1,1.21212121212121,1.65714285714286,1.14285714285714,0.8,0.857142857142857
