virus,realm,locus_tag,host,type,shape,AAA,AAC,AAG,AAT,ACA,ACC,ACG,ACT,AGA,AGC,AGG,AGT,ATA,ATC,ATG,ATT,CAA,CAC,CAG,CAT,CCA,CCC,CCG,CCT,CGA,CGC,CGG,CGT,CTA,CTC,CTG,CTT,GAA,GAC,GAG,GAT,GCA,GCC,GCG,GCT,GGA,GGC,GGG,GGT,GTA,GTC,GTG,GTT,TAA,TAC,TAG,TAT,TCA,TCC,TCG,TCT,TGA,TGC,TGG,TGT,TTA,TTC,TTG,TTT
Tuber aestivum virus 1,Riboviria,D1S26,fungi,RNA,linear,0.9375,0.927536231884058,1.0625,1.07246376811594,1.04545454545455,0.545454545454545,0.5,1.90909090909091,2.32,0.629032258064516,1.6,1.16129032258065,1.34615384615385,0.615384615384615,1,1.03846153846154,1.1304347826087,0.8125,0.869565217391304,1.1875,1.16923076923077,0.246153846153846,0.923076923076923,1.66153846153846,0.16,0.24,0.56,1.12,0.827586206896552,0.289655172413793,0.413793103448276,0.248275862068966,1.44117647058824,0.864197530864197,0.558823529411765,1.1358024691358,1.32075471698113,0.716981132075472,1.09433962264151,0.867924528301887,0.888888888888889,0.533333333333333,0.977777777777778,1.6,1.30081300813008,0.617886178861789,0.910569105691057,1.17073170731707,1.5,0.871794871794872,1.5,1.12820512820513,2.2258064516129,0.145161290322581,0.774193548387097,1.06451612903226,0,1.17647058823529,1,0.823529411764706,2.56551724137931,1.04,1.6551724137931,0.96
