virus,realm,locus_tag,host,type,shape,AAA,AAC,AAG,AAT,ACA,ACC,ACG,ACT,AGA,AGC,AGG,AGT,ATA,ATC,ATG,ATT,CAA,CAC,CAG,CAT,CCA,CCC,CCG,CCT,CGA,CGC,CGG,CGT,CTA,CTC,CTG,CTT,GAA,GAC,GAG,GAT,GCA,GCC,GCG,GCT,GGA,GGC,GGG,GGT,GTA,GTC,GTG,GTT,TAA,TAC,TAG,TAT,TCA,TCC,TCG,TCT,TGA,TGC,TGG,TGT,TTA,TTC,TTG,TTT
Tubeweb spider associated circular virus 1,Monodnaviria,EXH73,invertebrates,DNA,circular,0.756756756756757,1.2,1.24324324324324,0.8,0.977777777777778,1.15555555555556,1.06666666666667,0.8,1,0.954545454545455,0.125,0.409090909090909,0.260869565217391,1.43478260869565,1,1.30434782608696,1.42857142857143,1.45454545454545,0.571428571428571,0.545454545454545,0.689655172413793,0.96551724137931,1.10344827586207,1.24137931034483,1.125,1.25,0.875,1.625,0.136363636363636,1.90909090909091,1.77272727272727,0.818181818181818,0.714285714285714,0.975609756097561,1.28571428571429,1.02439024390244,0.727272727272727,1.09090909090909,0.636363636363636,1.54545454545455,1.52380952380952,0.888888888888889,0.698412698412698,0.888888888888889,0.258064516129032,1.03225806451613,1.67741935483871,1.03225806451613,0,1.39393939393939,3,0.606060606060606,1.09090909090909,2.04545454545455,0.545454545454545,0.954545454545455,0,1.5,1,0.5,0.136363636363636,1.09677419354839,1.22727272727273,0.903225806451613
