virus,realm,host,locus_tag,AAA,AAC,AAG,AAT,ACA,ACC,ACG,ACT,AGA,AGC,AGG,AGT,ATA,ATC,ATG,ATT,CAA,CAC,CAG,CAT,CCA,CCC,CCG,CCT,CGA,CGC,CGG,CGT,CTA,CTC,CTG,CTT,GAA,GAC,GAG,GAT,GCA,GCC,GCG,GCT,GGA,GGC,GGG,GGT,GTA,GTC,GTG,GTT,TAA,TAC,TAG,TAT,TCA,TCC,TCG,TCT,TGA,TGC,TGG,TGT,TTA,TTC,TTG,TTT
Tulip virus X,Riboviria,land plants,TVXgp,1.04255319148936,1.78082191780822,0.957446808510638,0.219178082191781,0.768361581920904,2.16949152542373,0.474576271186441,0.587570621468927,1,1.20833333333333,0.875,0.25,0.344827586206897,2.20689655172414,1,0.448275862068966,1.06493506493506,1.78666666666667,0.935064935064935,0.213333333333333,0.8,2.13333333333333,0.484848484848485,0.581818181818182,0.8125,2.125,0.6875,0.5,0.864197530864197,2.81481481481481,1.1358024691358,0.666666666666667,1.02912621359223,1.56818181818182,0.970873786407767,0.431818181818182,0.590909090909091,2.31818181818182,0.545454545454545,0.545454545454545,0.695652173913043,1.8695652173913,0.869565217391304,0.565217391304348,0.126315789473684,1.81052631578947,1.22105263157895,0.842105263157895,1.8,1.45454545454545,0.6,0.545454545454545,0.916666666666667,2.75,0.375,0.5,0.6,1.53333333333333,1,0.466666666666667,0.222222222222222,1.80722891566265,0.296296296296296,0.192771084337349
