virus,realm,locus_tag,host,type,shape,AAA,AAC,AAG,AAT,ACA,ACC,ACG,ACT,AGA,AGC,AGG,AGT,ATA,ATC,ATG,ATT,CAA,CAC,CAG,CAT,CCA,CCC,CCG,CCT,CGA,CGC,CGG,CGT,CTA,CTC,CTG,CTT,GAA,GAC,GAG,GAT,GCA,GCC,GCG,GCT,GGA,GGC,GGG,GGT,GTA,GTC,GTG,GTT,TAA,TAC,TAG,TAT,TCA,TCC,TCG,TCT,TGA,TGC,TGG,TGT,TTA,TTC,TTG,TTT
Turnip vein-clearing virus,Riboviria,TVCVgp,land plants,RNA,linear,0.692982456140351,0.906474820143885,1.30701754385965,1.09352517985612,1.15846994535519,0.721311475409836,1.09289617486339,1.02732240437158,2.40816326530612,0.497560975609756,1.79591836734694,1.11219512195122,0.74025974025974,0.798701298701299,1,1.46103896103896,1.19607843137255,0.794520547945205,0.803921568627451,1.20547945205479,0.780487804878049,0.422764227642276,1.43089430894309,1.36585365853659,0.0408163265306122,0.612244897959184,0.326530612244898,0.816326530612245,0.680851063829787,0.787234042553192,0.765957446808511,0.957446808510638,0.746268656716418,0.846560846560847,1.25373134328358,1.15343915343915,1.1551724137931,0.568965517241379,1.08620689655172,1.18965517241379,1.15107913669065,0.316546762589928,0.575539568345324,1.9568345323741,0.460431654676259,0.633093525179856,1.69784172661871,1.20863309352518,0.6,1.11111111111111,1.8,0.888888888888889,0.995121951219512,1.08292682926829,0.936585365853659,1.37560975609756,0.6,0.626865671641791,1,1.37313432835821,1.19148936170213,1.07975460122699,1.61702127659574,0.920245398773006
