virus,realm,host,locus_tag,AAA,AAC,AAG,AAT,ACA,ACC,ACG,ACT,AGA,AGC,AGG,AGT,ATA,ATC,ATG,ATT,CAA,CAC,CAG,CAT,CCA,CCC,CCG,CCT,CGA,CGC,CGG,CGT,CTA,CTC,CTG,CTT,GAA,GAC,GAG,GAT,GCA,GCC,GCG,GCT,GGA,GGC,GGG,GGT,GTA,GTC,GTG,GTT,TAA,TAC,TAG,TAT,TCA,TCC,TCG,TCT,TGA,TGC,TGG,TGT,TTA,TTC,TTG,TTT
Turnip crinkle virus,Riboviria,land plants,TCVgp,0.813186813186813,1.21311475409836,1.18681318681319,0.786885245901639,1.12941176470588,1.17647058823529,0.752941176470588,0.941176470588235,1.66666666666667,1.17757009345794,1.77777777777778,1.06542056074766,0.95,1.2,1,0.85,0.962962962962963,1.26315789473684,1.03703703703704,0.736842105263158,0.702702702702703,1.02702702702703,0.918918918918919,1.35135135135135,0.777777777777778,0.611111111111111,1,0.166666666666667,0.947368421052632,1.26315789473684,1.21804511278195,0.631578947368421,1.17333333333333,1.15294117647059,0.826666666666667,0.847058823529412,1.01639344262295,1.24590163934426,0.983606557377049,0.754098360655738,1.13333333333333,0.733333333333333,1.3,0.833333333333333,0.769230769230769,1.35384615384615,1.16923076923077,0.707692307692308,1,1.60869565217391,1.5,0.391304347826087,0.785046728971963,1.34579439252336,0.392523364485981,1.23364485981308,0.5,0.827586206896552,1,1.17241379310345,0.586466165413534,1.22222222222222,1.35338345864662,0.777777777777778
