virus,realm,locus_tag,host,type,shape,AAA,AAC,AAG,AAT,ACA,ACC,ACG,ACT,AGA,AGC,AGG,AGT,ATA,ATC,ATG,ATT,CAA,CAC,CAG,CAT,CCA,CCC,CCG,CCT,CGA,CGC,CGG,CGT,CTA,CTC,CTG,CTT,GAA,GAC,GAG,GAT,GCA,GCC,GCG,GCT,GGA,GGC,GGG,GGT,GTA,GTC,GTG,GTT,TAA,TAC,TAG,TAT,TCA,TCC,TCG,TCT,TGA,TGC,TGG,TGT,TTA,TTC,TTG,TTT
Tursiops truncatus papillomavirus 2,Monodnaviria,TTPV2,vertebrates,DNA,linear,1.056,0.824742268041237,0.944,1.17525773195876,2.02380952380952,0.785714285714286,0.238095238095238,0.952380952380952,1.78125,1.6551724137931,1.6875,1.18226600985222,1.28571428571429,0.160714285714286,1,1.55357142857143,1.08860759493671,0.986666666666667,0.911392405063291,1.01333333333333,1.22875816993464,0.784313725490196,0.261437908496732,1.72549019607843,0.328125,0.75,0.515625,0.9375,1.04,0.613333333333333,0.986666666666667,0.906666666666667,1.05714285714286,0.808823529411765,0.942857142857143,1.19117647058824,1.33333333333333,0.982456140350877,0.350877192982456,1.33333333333333,0.853932584269663,0.98876404494382,1.01123595505618,1.14606741573034,0.957055214723926,0.269938650306748,1.76687116564417,1.00613496932515,0.857142857142857,0.790123456790123,0.428571428571429,1.20987654320988,0.768472906403941,0.857142857142857,0.147783251231527,1.38916256157635,1.71428571428571,1.07936507936508,1,0.920634920634921,1.2,0.543478260869565,1.25333333333333,1.45652173913043
