virus,realm,host,locus_tag,AAA,AAC,AAG,AAT,ACA,ACC,ACG,ACT,AGA,AGC,AGG,AGT,ATA,ATC,ATG,ATT,CAA,CAC,CAG,CAT,CCA,CCC,CCG,CCT,CGA,CGC,CGG,CGT,CTA,CTC,CTG,CTT,GAA,GAC,GAG,GAT,GCA,GCC,GCG,GCT,GGA,GGC,GGG,GGT,GTA,GTC,GTG,GTT,TAA,TAC,TAG,TAT,TCA,TCC,TCG,TCT,TGA,TGC,TGG,TGT,TTA,TTC,TTG,TTT
uncultured crAssphage,Duplodnaviria,bacteria,KP06,1.65360303413401,0.119515885022693,0.346396965865992,1.88048411497731,0.668789808917197,0.0912951167728238,0.0976645435244161,3.14225053078556,3,0.252631578947368,0.123809523809524,3.4005540166205,0.630309988518944,0.0884041331802526,1,2.2812858783008,1.77661795407098,0.0843091334894614,0.223382045929019,1.91569086651054,0.740046838407494,0.154566744730679,0.0983606557377049,3.00702576112412,0.39047619047619,0.0857142857142857,0.0619047619047619,2.33809523809524,0.46242774566474,0.0780346820809249,0.0751445086705202,3.29190751445087,1.80728051391863,0.186317321688501,0.19271948608137,1.8136826783115,0.537047353760446,0.0824512534818942,0.0779944289693593,3.3025069637883,1.14498141263941,0.216675517790759,0.0892193308550186,2.54912373871482,0.813862493012856,0.0849636668529905,0.0894354387926216,3.01173840134153,2.07954545454545,0.0917544947303162,0.306818181818182,1.90824550526968,0.349030470914127,0.0831024930747922,0.0365650969529086,1.8781163434903,0.613636363636364,0.162337662337662,1,1.83766233766234,1.79479768786127,0.180887372013652,0.297687861271676,1.81911262798635
