virus,realm,host,locus_tag,AAA,AAC,AAG,AAT,ACA,ACC,ACG,ACT,AGA,AGC,AGG,AGT,ATA,ATC,ATG,ATT,CAA,CAC,CAG,CAT,CCA,CCC,CCG,CCT,CGA,CGC,CGG,CGT,CTA,CTC,CTG,CTT,GAA,GAC,GAG,GAT,GCA,GCC,GCG,GCT,GGA,GGC,GGG,GGT,GTA,GTC,GTG,GTT,TAA,TAC,TAG,TAT,TCA,TCC,TCG,TCT,TGA,TGC,TGG,TGT,TTA,TTC,TTG,TTT
Urochloa hoja blanca tenuivirus,Riboviria,land plants,D1S52,0.704545454545455,1.13513513513514,1.29545454545455,0.864864864864865,1.11764705882353,0.647058823529412,0.0588235294117647,2.17647058823529,1.95348837209302,1.10769230769231,2.93023255813953,0.646153846153846,1.38888888888889,0.888888888888889,1,0.722222222222222,0.666666666666667,0.869565217391304,1.33333333333333,1.1304347826087,1.2,0.4,0.16,2.24,0.27906976744186,0.27906976744186,0.418604651162791,0.13953488372093,1.00990099009901,1.00990099009901,0.712871287128713,1.24752475247525,0.933333333333333,0.733333333333333,1.06666666666667,1.26666666666667,1.24137931034483,0.758620689655172,0.137931034482759,1.86206896551724,1.5,0.666666666666667,0.25,1.58333333333333,0.358208955223881,1.07462686567164,1.37313432835821,1.19402985074627,1.5,0.8,1.5,1.2,1.29230769230769,1.01538461538462,0.276923076923077,1.66153846153846,0,0.857142857142857,1,1.14285714285714,0.712871287128713,1.01960784313725,1.30693069306931,0.980392156862745
