virus,realm,locus_tag,host,type,shape,AAA,AAC,AAG,AAT,ACA,ACC,ACG,ACT,AGA,AGC,AGG,AGT,ATA,ATC,ATG,ATT,CAA,CAC,CAG,CAT,CCA,CCC,CCG,CCT,CGA,CGC,CGG,CGT,CTA,CTC,CTG,CTT,GAA,GAC,GAG,GAT,GCA,GCC,GCG,GCT,GGA,GGC,GGG,GGT,GTA,GTC,GTG,GTT,TAA,TAC,TAG,TAT,TCA,TCC,TCG,TCT,TGA,TGC,TGG,TGT,TTA,TTC,TTG,TTT
Ustilago maydis virus H1,Riboviria,UmVH1gp1,fungi,RNA,linear,1.29545454545455,1.40540540540541,0.704545454545455,0.594594594594595,1.11475409836066,1.18032786885246,0.852459016393443,0.852459016393443,0.831683168316832,1.33333333333333,1.72277227722772,0.761904761904762,0.875,1.46875,1,0.65625,1.04,1,0.96,1,1.22105263157895,0.715789473684211,1.13684210526316,0.926315789473684,0.475247524752475,1.00990099009901,0.891089108910891,1.06930693069307,0.906976744186046,1.22093023255814,1.32558139534884,0.662790697674419,1.10416666666667,1.13725490196078,0.895833333333333,0.862745098039216,1.38071065989848,0.609137055837564,0.954314720812183,1.05583756345178,0.962962962962963,0.925925925925926,0.962962962962963,1.14814814814815,0.566666666666667,1.26666666666667,1.43333333333333,0.733333333333333,3,1.49206349206349,0,0.507936507936508,1.14285714285714,0.80952380952381,1.04761904761905,0.904761904761905,0,1.04347826086957,1,0.956521739130435,0.837209302325581,1.45454545454545,1.04651162790698,0.545454545454545
