virus,realm,locus_tag,host,type,shape,AAA,AAC,AAG,AAT,ACA,ACC,ACG,ACT,AGA,AGC,AGG,AGT,ATA,ATC,ATG,ATT,CAA,CAC,CAG,CAT,CCA,CCC,CCG,CCT,CGA,CGC,CGG,CGT,CTA,CTC,CTG,CTT,GAA,GAC,GAG,GAT,GCA,GCC,GCG,GCT,GGA,GGC,GGG,GGT,GTA,GTC,GTG,GTT,TAA,TAC,TAG,TAT,TCA,TCC,TCG,TCT,TGA,TGC,TGG,TGT,TTA,TTC,TTG,TTT
Ustilaginoidea virens nonsegmented virus 2,Riboviria,EXL72,fungi,RNA,linear,0.608695652173913,1.2972972972973,1.39130434782609,0.702702702702703,0.114285714285714,2,1.08571428571429,0.8,0.788571428571429,0.687022900763359,1.50857142857143,0.778625954198473,0.115384615384615,1.96153846153846,1,0.923076923076923,0.888888888888889,1.26315789473684,1.11111111111111,0.736842105263158,0.738461538461539,1.47692307692308,0.769230769230769,1.01538461538462,0.72,1.26857142857143,1.09714285714286,0.617142857142857,0.670212765957447,1.65957446808511,1.08510638297872,0.893617021276596,0.461538461538462,1.375,1.53846153846154,0.625,0.541832669322709,1.24302788844622,1.06772908366534,1.14741035856574,0.516129032258065,1.2258064516129,1.67741935483871,0.580645161290323,0.428571428571429,1.39285714285714,1.10714285714286,1.07142857142857,0,1.21739130434783,1,0.782608695652174,0.687022900763359,1.32824427480916,1.32824427480916,1.19083969465649,2,1.12820512820513,1,0.871794871794872,0.51063829787234,1.625,1.18085106382979,0.375
