virus,realm,locus_tag,host,type,shape,AAA,AAC,AAG,AAT,ACA,ACC,ACG,ACT,AGA,AGC,AGG,AGT,ATA,ATC,ATG,ATT,CAA,CAC,CAG,CAT,CCA,CCC,CCG,CCT,CGA,CGC,CGG,CGT,CTA,CTC,CTG,CTT,GAA,GAC,GAG,GAT,GCA,GCC,GCG,GCT,GGA,GGC,GGG,GGT,GTA,GTC,GTG,GTT,TAA,TAC,TAG,TAT,TCA,TCC,TCG,TCT,TGA,TGC,TGG,TGT,TTA,TTC,TTG,TTT
Vaprio virus,Riboviria,FLA74,vertebrates,RNA,linear,1.25657894736842,0.543478260869565,0.743421052631579,1.45652173913043,1.27472527472527,0.901098901098901,0.285714285714286,1.53846153846154,3.43298969072165,0.530035335689046,1.67010309278351,1.1660777385159,0.893877551020408,0.83265306122449,1,1.2734693877551,1.14285714285714,0.666666666666667,0.857142857142857,1.33333333333333,1.5672514619883,0.514619883040936,0.444444444444444,1.47368421052632,0.525773195876289,0.185567010309278,0.0618556701030928,0.123711340206186,0.672131147540984,0.524590163934426,0.950819672131147,0.786885245901639,1.19858156028369,0.583690987124464,0.801418439716312,1.41630901287554,1.72413793103448,0.689655172413793,0.367816091954023,1.2183908045977,1.83259911894273,0.563876651982379,0.775330396475771,0.828193832599119,0.872727272727273,0.745454545454545,1.03636363636364,1.34545454545455,1,0.752,0.5,1.248,1.48409893992933,0.636042402826855,0.254416961130742,1.92932862190813,1.5,0.771428571428571,1,1.22857142857143,1.37704918032787,0.937142857142857,1.68852459016393,1.06285714285714
