virus,realm,host,locus_tag,AAA,AAC,AAG,AAT,ACA,ACC,ACG,ACT,AGA,AGC,AGG,AGT,ATA,ATC,ATG,ATT,CAA,CAC,CAG,CAT,CCA,CCC,CCG,CCT,CGA,CGC,CGG,CGT,CTA,CTC,CTG,CTT,GAA,GAC,GAG,GAT,GCA,GCC,GCG,GCT,GGA,GGC,GGG,GGT,GTA,GTC,GTG,GTT,TAA,TAC,TAG,TAT,TCA,TCC,TCG,TCT,TGA,TGC,TGG,TGT,TTA,TTC,TTG,TTT
Variegated squirrel bornavirus 1,Riboviria,human:vertebrates,BEN63,0.909090909090909,0.845528455284553,1.09090909090909,1.15447154471545,1.75401069518717,0.834224598930481,0.342245989304813,1.06951871657754,1.57541899441341,0.423791821561338,1.3072625698324,1.02602230483271,0.880733944954128,0.880733944954128,1,1.23853211009174,1.26785714285714,0.876712328767123,0.732142857142857,1.12328767123288,1.6046511627907,0.906976744186046,0.441860465116279,1.04651162790698,1.13966480446927,0.70391061452514,0.636871508379888,0.636871508379888,0.764872521246459,0.934844192634561,0.611898016997167,1.6657223796034,0.878048780487805,0.778523489932886,1.1219512195122,1.22147651006711,1.73809523809524,0.761904761904762,0.333333333333333,1.16666666666667,1.51898734177215,0.556962025316456,1.18987341772152,0.734177215189873,0.976190476190476,0.833333333333333,0.547619047619048,1.64285714285714,1,0.759259259259259,1.5,1.24074074074074,2.18587360594796,0.736059479553903,0.579925650557621,1.04832713754647,0.5,0.761904761904762,1,1.23809523809524,1.25779036827195,0.717948717948718,0.764872521246459,1.28205128205128
