virus,realm,locus_tag,host,type,shape,AAA,AAC,AAG,AAT,ACA,ACC,ACG,ACT,AGA,AGC,AGG,AGT,ATA,ATC,ATG,ATT,CAA,CAC,CAG,CAT,CCA,CCC,CCG,CCT,CGA,CGC,CGG,CGT,CTA,CTC,CTG,CTT,GAA,GAC,GAG,GAT,GCA,GCC,GCG,GCT,GGA,GGC,GGG,GGT,GTA,GTC,GTG,GTT,TAA,TAC,TAG,TAT,TCA,TCC,TCG,TCT,TGA,TGC,TGG,TGT,TTA,TTC,TTG,TTT
Varroa mite associated genomovirus 1,Monodnaviria,C5Y64,invertebrates,DNA,circular,0.529411764705882,1.51724137931034,1.47058823529412,0.482758620689655,0.651162790697674,0.651162790697674,1.30232558139535,1.3953488372093,0.692307692307692,1.15384615384615,0.461538461538462,0.807692307692308,0.243243243243243,1.62162162162162,1,1.13513513513514,0.583333333333333,1.08333333333333,1.41666666666667,0.916666666666667,1.43589743589744,1.02564102564103,0.82051282051282,0.717948717948718,1.38461538461538,1.61538461538462,1.03846153846154,0.807692307692308,0.310344827586207,1.86206896551724,1.13793103448276,1.03448275862069,0.571428571428571,1.03030303030303,1.42857142857143,0.96969696969697,0.909090909090909,0.303030303030303,1.03030303030303,1.75757575757576,1.83529411764706,1.17647058823529,0.376470588235294,0.611764705882353,0.432432432432432,1.2972972972973,1.08108108108108,1.18918918918919,1,1.55555555555556,2,0.444444444444444,1.15384615384615,1.38461538461538,0.576923076923077,0.923076923076923,0,1.66666666666667,1,0.333333333333333,0.206896551724138,1.13636363636364,1.44827586206897,0.863636363636364
