virus,realm,locus_tag,host,type,shape,AAA,AAC,AAG,AAT,ACA,ACC,ACG,ACT,AGA,AGC,AGG,AGT,ATA,ATC,ATG,ATT,CAA,CAC,CAG,CAT,CCA,CCC,CCG,CCT,CGA,CGC,CGG,CGT,CTA,CTC,CTG,CTT,GAA,GAC,GAG,GAT,GCA,GCC,GCG,GCT,GGA,GGC,GGG,GGT,GTA,GTC,GTG,GTT,TAA,TAC,TAG,TAT,TCA,TCC,TCG,TCT,TGA,TGC,TGG,TGT,TTA,TTC,TTG,TTT
Vernonia yellow vein Fujian alphasatellite,Alphasatellitidae,D1Y48,land plants,DNA,circular,0.956521739130435,0.117647058823529,1.04347826086957,1.88235294117647,0.857142857142857,0.571428571428571,0.857142857142857,1.71428571428571,0.857142857142857,0.352941176470588,2.14285714285714,1.05882352941176,0.9,0.9,1,1.2,0.428571428571429,0.666666666666667,1.57142857142857,1.33333333333333,0.705882352941177,1.17647058823529,0.470588235294118,1.64705882352941,1.28571428571429,0.428571428571429,0,1.28571428571429,0.72,0.24,1.2,0.48,1.22222222222222,0.666666666666667,0.777777777777778,1.33333333333333,0.307692307692308,1.53846153846154,0.615384615384615,1.53846153846154,1.5,0.5,1,1,1.86666666666667,0.533333333333333,0.533333333333333,1.06666666666667,3,0,0,2,0.705882352941177,1.76470588235294,0.705882352941177,1.41176470588235,0,0.444444444444444,1,1.55555555555556,2.16,0.625,1.2,1.375
