virus,realm,locus_tag,host,type,shape,AAA,AAC,AAG,AAT,ACA,ACC,ACG,ACT,AGA,AGC,AGG,AGT,ATA,ATC,ATG,ATT,CAA,CAC,CAG,CAT,CCA,CCC,CCG,CCT,CGA,CGC,CGG,CGT,CTA,CTC,CTG,CTT,GAA,GAC,GAG,GAT,GCA,GCC,GCG,GCT,GGA,GGC,GGG,GGT,GTA,GTC,GTG,GTT,TAA,TAC,TAG,TAT,TCA,TCC,TCG,TCT,TGA,TGC,TGG,TGT,TTA,TTC,TTG,TTT
Verrucomicrobia phage P8625,Duplodnaviria,AWI59,bacteria,DNA,linear,1.11676646706587,1.0995670995671,0.883233532934132,0.9004329004329,1.0368,0.9664,0.9792,1.0176,0.520868113522538,1.69747899159664,0.490818030050083,0.563025210084034,0.372163388804841,1.71558245083207,1,0.912254160363086,1.18279569892473,1.07602339181287,0.817204301075269,0.923976608187134,1.68481375358166,0.183381088825215,1.20343839541547,0.92836676217765,0.921535893155259,2.62437395659432,0.801335559265442,0.641068447412354,0.670255720053836,1.08209959623149,1.68775235531629,0.977119784656797,0.993103448275862,1.15007012622721,1.00689655172414,0.849929873772791,1.20921305182342,0.859884836852207,1.11708253358925,0.813819577735125,0.850632911392405,2.14683544303797,0.622784810126582,0.379746835443038,0.551470588235294,1.60294117647059,1.00735294117647,0.838235294117647,1.5,1.17117117117117,0.403846153846154,0.828828828828829,1.07563025210084,0.773109243697479,1.10084033613445,0.789915966386555,1.09615384615385,1.56028368794326,1,0.439716312056738,0.5814266487214,0.903061224489796,1.00134589502019,1.0969387755102
