virus,realm,host,locus_tag,AAA,AAC,AAG,AAT,ACA,ACC,ACG,ACT,AGA,AGC,AGG,AGT,ATA,ATC,ATG,ATT,CAA,CAC,CAG,CAT,CCA,CCC,CCG,CCT,CGA,CGC,CGG,CGT,CTA,CTC,CTG,CTT,GAA,GAC,GAG,GAT,GCA,GCC,GCG,GCT,GGA,GGC,GGG,GGT,GTA,GTC,GTG,GTT,TAA,TAC,TAG,TAT,TCA,TCC,TCG,TCT,TGA,TGC,TGG,TGT,TTA,TTC,TTG,TTT
Vesicular stomatitis Indiana virus,Riboviria,vertebrates,VSIVgp,1.13807531380753,0.684931506849315,0.861924686192469,1.31506849315068,1.44230769230769,0.961538461538462,0.365384615384615,1.23076923076923,2.88524590163934,0.529411764705882,1.21311475409836,1.13725490196078,0.775,1,1,1.225,1.26984126984127,0.545454545454545,0.73015873015873,1.45454545454545,1.48571428571429,0.754285714285714,0.48,1.28,0.819672131147541,0.131147540983607,0.426229508196721,0.524590163934426,0.730434782608696,0.643478260869565,0.869565217391304,0.782608695652174,1.12,0.790697674418605,0.88,1.2093023255814,1.58659217877095,0.759776536312849,0.268156424581006,1.3854748603352,1.76211453744493,0.634361233480176,0.81057268722467,0.79295154185022,0.843243243243243,0.972972972972973,1.12432432432432,1.05945945945946,1.2,0.859259259259259,0.6,1.14074074074074,1.31372549019608,1.03921568627451,0.333333333333333,1.64705882352941,1.2,0.827586206896552,1,1.17241379310345,1.23478260869565,1.13207547169811,1.73913043478261,0.867924528301887
