virus,realm,host,locus_tag,AAA,AAC,AAG,AAT,ACA,ACC,ACG,ACT,AGA,AGC,AGG,AGT,ATA,ATC,ATG,ATT,CAA,CAC,CAG,CAT,CCA,CCC,CCG,CCT,CGA,CGC,CGG,CGT,CTA,CTC,CTG,CTT,GAA,GAC,GAG,GAT,GCA,GCC,GCG,GCT,GGA,GGC,GGG,GGT,GTA,GTC,GTG,GTT,TAA,TAC,TAG,TAT,TCA,TCC,TCG,TCT,TGA,TGC,TGG,TGT,TTA,TTC,TTG,TTT
Veterinary Pathology Zurich virus 1,Riboviria,vertebrates,KM616,1.59459459459459,0.808080808080808,0.405405405405405,1.19191919191919,1.83838383838384,0.727272727272727,0.0808080808080808,1.35353535353535,4.63636363636364,0.610619469026549,0.818181818181818,1.35398230088496,1.04867256637168,0.650442477876106,1,1.30088495575221,1.57377049180328,0.862068965517241,0.426229508196721,1.13793103448276,2.13953488372093,0.511627906976744,0.13953488372093,1.2093023255814,0.218181818181818,0.0545454545454545,0.109090909090909,0.163636363636364,0.940438871473354,0.526645768025078,0.545454545454545,1.12852664576802,1.69747899159664,0.718954248366013,0.302521008403361,1.28104575163399,1.89473684210526,0.631578947368421,0.245614035087719,1.2280701754386,1.43859649122807,0.350877192982456,0.87719298245614,1.33333333333333,0.441379310344828,0.413793103448276,1.21379310344828,1.93103448275862,3,0.654545454545455,0,1.34545454545455,2.36283185840708,0.47787610619469,0.079646017699115,1.11504424778761,0,0.646153846153846,1,1.35384615384615,1.76802507836991,0.483221476510067,1.09090909090909,1.51677852348993
