virus,realm,locus_tag,host,type,shape,AAA,AAC,AAG,AAT,ACA,ACC,ACG,ACT,AGA,AGC,AGG,AGT,ATA,ATC,ATG,ATT,CAA,CAC,CAG,CAT,CCA,CCC,CCG,CCT,CGA,CGC,CGG,CGT,CTA,CTC,CTG,CTT,GAA,GAC,GAG,GAT,GCA,GCC,GCG,GCT,GGA,GGC,GGG,GGT,GTA,GTC,GTG,GTT,TAA,TAC,TAG,TAT,TCA,TCC,TCG,TCT,TGA,TGC,TGG,TGT,TTA,TTC,TTG,TTT
Vibrio phage AG74,Duplodnaviria,KNV06,bacteria,DNA,circular,1.28354898336414,0.991205380237972,0.71645101663586,1.00879461976203,1.36446173800259,0.489407695633377,0.309554690877648,1.83657587548638,1.63272727272727,0.787694974003466,0.341818181818182,1.26343154246101,0.639045553145336,0.882429501084599,1,1.47852494577007,1.31943410275503,0.924623115577889,0.680565897244974,1.07537688442211,1.66796570537802,0.202650038971161,0.361652377240842,1.76773187840998,0.570909090909091,0.781818181818182,0.0945454545454545,2.57818181818182,2.43037974683544,0.187974683544304,0.315189873417722,1.05,1.30266718206417,0.794142259414226,0.697332817935833,1.20585774058577,1.54733627417713,0.40855106888361,0.40855106888361,1.63556158805565,0.56287909421755,0.671249494541043,0.362312980186009,2.4035584310554,1.95059760956175,0.253386454183267,0.500398406374502,1.29561752988048,2.15183246073298,1.03108108108108,0.392670157068063,0.968918918918919,1.39601386481802,0.345753899480069,0.296360485268631,1.9107452339688,0.455497382198953,0.625267665952891,1,1.37473233404711,1.36139240506329,1.04318488529015,0.655063291139241,0.956815114709852
