virus,realm,host,locus_tag,AAA,AAC,AAG,AAT,ACA,ACC,ACG,ACT,AGA,AGC,AGG,AGT,ATA,ATC,ATG,ATT,CAA,CAC,CAG,CAT,CCA,CCC,CCG,CCT,CGA,CGC,CGG,CGT,CTA,CTC,CTG,CTT,GAA,GAC,GAG,GAT,GCA,GCC,GCG,GCT,GGA,GGC,GGG,GGT,GTA,GTC,GTG,GTT,TAA,TAC,TAG,TAT,TCA,TCC,TCG,TCT,TGA,TGC,TGG,TGT,TTA,TTC,TTG,TTT
Vibrio phage 1.245.O. 10N.261.54.C7,NA,NA,KNT80,0.936742934051144,1.00358422939068,1.06325706594886,0.996415770609319,0.88622754491018,1.06187624750499,0.407185628742515,1.64471057884232,1.05104408352668,0.722222222222222,0.626450116009281,1.05982905982906,0.555077452667814,1.03528399311532,1,1.40963855421687,1.15995647442873,0.891832229580574,0.840043525571273,1.10816777041943,0.900523560209424,0.31413612565445,0.240837696335079,2.54450261780105,0.716937354988399,0.59860788863109,0.167053364269142,2.83990719257541,1.1017130620985,0.58458244111349,0.892933618843683,1.23661670235546,1.1238670694864,0.790830945558739,0.876132930513595,1.20916905444126,1.34724637681159,0.651594202898551,0.405797101449275,1.59536231884058,0.672951414068165,0.733865119651922,0.580130529369108,2.01305293691081,1.54313319530711,0.458247066942719,0.916494133885438,1.08212560386473,1.80645161290323,1.02216748768473,0.516129032258065,0.977832512315271,1.48290598290598,0.534188034188034,0.311965811965812,1.88888888888889,0.67741935483871,0.683982683982684,1,1.31601731601732,1.33618843683084,1.13290322580645,0.84796573875803,0.867096774193548
