virus,realm,locus_tag,host,type,shape,AAA,AAC,AAG,AAT,ACA,ACC,ACG,ACT,AGA,AGC,AGG,AGT,ATA,ATC,ATG,ATT,CAA,CAC,CAG,CAT,CCA,CCC,CCG,CCT,CGA,CGC,CGG,CGT,CTA,CTC,CTG,CTT,GAA,GAC,GAG,GAT,GCA,GCC,GCG,GCT,GGA,GGC,GGG,GGT,GTA,GTC,GTG,GTT,TAA,TAC,TAG,TAT,TCA,TCC,TCG,TCT,TGA,TGC,TGG,TGT,TTA,TTC,TTG,TTT
Vibrio phage 1.080.O. 10N.286.48.A4,NA,KMD67,NA,NA,NA,1.57943925233645,0.977011494252874,0.420560747663551,1.02298850574713,1.22033898305085,0.72316384180791,0.768361581920904,1.28813559322034,1.07547169811321,1.18269230769231,0.339622641509434,1.03846153846154,0.717073170731707,0.921951219512195,1,1.3609756097561,1.70114942528736,0.954545454545455,0.298850574712644,1.04545454545455,1,0.892857142857143,0.642857142857143,1.46428571428571,1.07547169811321,1.75471698113208,0.0566037735849057,1.69811320754717,0.853333333333333,0.586666666666667,0.24,1.12,1.23958333333333,0.898395721925134,0.760416666666667,1.10160427807487,0.847058823529412,0.392156862745098,1.23921568627451,1.52156862745098,0.532019704433498,1.30049261083744,0.571428571428571,1.59605911330049,0.921465968586387,0.732984293193717,0.628272251308901,1.71727748691099,2.05263157894737,0.720588235294118,0.631578947368421,1.27941176470588,1.5,0.230769230769231,1.03846153846154,1.00961538461538,0.315789473684211,1.21739130434783,1,0.782608695652174,2.18666666666667,0.522875816993464,1.01333333333333,1.47712418300654
