virus,realm,locus_tag,host,type,shape,AAA,AAC,AAG,AAT,ACA,ACC,ACG,ACT,AGA,AGC,AGG,AGT,ATA,ATC,ATG,ATT,CAA,CAC,CAG,CAT,CCA,CCC,CCG,CCT,CGA,CGC,CGG,CGT,CTA,CTC,CTG,CTT,GAA,GAC,GAG,GAT,GCA,GCC,GCG,GCT,GGA,GGC,GGG,GGT,GTA,GTC,GTG,GTT,TAA,TAC,TAG,TAT,TCA,TCC,TCG,TCT,TGA,TGC,TGG,TGT,TTA,TTC,TTG,TTT
Vibrio phage J2,Duplodnaviria,ACQ42,bacteria,DNA,linear,1.01823281907433,1.48561759729272,0.981767180925666,0.514382402707276,0.877761413843888,0.995581737849779,1.01914580265096,1.10751104565538,1.05233380480905,1.31318016928658,0.16973125884017,0.515114873035067,0.36283185840708,1.44247787610619,1,1.19469026548673,1.29752066115702,1.38053097345133,0.702479338842975,0.619469026548673,1.1265306122449,0.530612244897959,0.930612244897959,1.41224489795918,1.08628005657709,1.7991513437058,0.44978783592645,1.44271570014144,0.783783783783784,0.47972972972973,1.43243243243243,0.662162162162162,1.273390036452,1.2605459057072,0.726609963547995,0.739454094292804,1.06176961602671,0.911519198664441,1.01836393989983,1.00834724540901,0.724378109452736,1.65572139303483,0.517412935323383,1.10248756218905,0.69811320754717,0.886792452830189,1.36320754716981,1.05188679245283,1.5625,1.27407407407407,0.875,0.725925925925926,0.986698911729141,0.841596130592503,1.22611850060459,1.11729141475212,0.5625,0.872727272727273,1,1.12727272727273,0.662162162162162,1.16176470588235,1.97972972972973,0.838235294117647
