virus,realm,locus_tag,host,type,shape,AAA,AAC,AAG,AAT,ACA,ACC,ACG,ACT,AGA,AGC,AGG,AGT,ATA,ATC,ATG,ATT,CAA,CAC,CAG,CAT,CCA,CCC,CCG,CCT,CGA,CGC,CGG,CGT,CTA,CTC,CTG,CTT,GAA,GAC,GAG,GAT,GCA,GCC,GCG,GCT,GGA,GGC,GGG,GGT,GTA,GTC,GTG,GTT,TAA,TAC,TAG,TAT,TCA,TCC,TCG,TCT,TGA,TGC,TGG,TGT,TTA,TTC,TTG,TTT
Vibrio phage VFJ,Monodnaviria,M692,bacteria,DNA,circular,1.18823529411765,0.88,0.811764705882353,1.12,0.773480662983425,1.19337016574586,0.574585635359116,1.4585635359116,1.21739130434783,0.679802955665025,0.217391304347826,0.502463054187192,0.502793296089385,0.955307262569832,1,1.54189944134078,1.40952380952381,1.2093023255814,0.59047619047619,0.790697674418605,0.542372881355932,0.745762711864407,0.610169491525424,2.10169491525424,0.521739130434783,2.17391304347826,0.173913043478261,1.69565217391304,0.768,0.984,0.36,1.44,1.01315789473684,0.769230769230769,0.986842105263158,1.23076923076923,0.890909090909091,0.981818181818182,0.763636363636364,1.36363636363636,0.438709677419355,1.78064516129032,0.387096774193548,1.39354838709677,0.628272251308901,0.691099476439791,0.649214659685864,2.03141361256545,2.5,0.975,0,1.025,1.44827586206897,0.945812807881773,0.650246305418719,1.77339901477833,0.5,1.02439024390244,1,0.975609756097561,1.392,0.681159420289855,1.056,1.31884057971015
