virus,realm,locus_tag,host,type,shape,AAA,AAC,AAG,AAT,ACA,ACC,ACG,ACT,AGA,AGC,AGG,AGT,ATA,ATC,ATG,ATT,CAA,CAC,CAG,CAT,CCA,CCC,CCG,CCT,CGA,CGC,CGG,CGT,CTA,CTC,CTG,CTT,GAA,GAC,GAG,GAT,GCA,GCC,GCG,GCT,GGA,GGC,GGG,GGT,GTA,GTC,GTG,GTT,TAA,TAC,TAG,TAT,TCA,TCC,TCG,TCT,TGA,TGC,TGG,TGT,TTA,TTC,TTG,TTT
Vibrio phage VpKK5,Duplodnaviria,VC55,bacteria,DNA,linear,0.689655172413793,1.28552803129074,1.31034482758621,0.714471968709257,0.714011516314779,1.43570057581574,0.564299424184261,1.28598848368522,0.272138228941685,1.23862375138735,0.207343412526998,0.679245283018868,0.125806451612903,2.15483870967742,1,0.719354838709677,0.92478421701603,1.25077399380805,1.07521578298397,0.74922600619195,1.33503836317136,0.143222506393862,1.35549872122762,1.16624040920716,0.764578833693304,2.95464362850972,0.142548596112311,1.65874730021598,1.37435137138621,0.818383988139363,1.38324684951816,1.10303928836175,0.954624781849913,0.999057492931197,1.04537521815009,1.0009425070688,1.13079019073569,0.880108991825613,0.931880108991826,1.05722070844687,0.335110434120335,1.42574257425743,0.536176694592536,1.7029702970297,0.872852233676976,1.12714776632302,1.09965635738832,0.900343642611684,1.8,1.34020618556701,0.6,0.65979381443299,1.28523862375139,0.879023307436182,0.965593784683685,0.952275249722531,0.6,1.37327188940092,1,0.626728110599078,0.44477390659748,1.55732484076433,0.876204595997035,0.442675159235669
