virus,realm,locus_tag,host,type,shape,AAA,AAC,AAG,AAT,ACA,ACC,ACG,ACT,AGA,AGC,AGG,AGT,ATA,ATC,ATG,ATT,CAA,CAC,CAG,CAT,CCA,CCC,CCG,CCT,CGA,CGC,CGG,CGT,CTA,CTC,CTG,CTT,GAA,GAC,GAG,GAT,GCA,GCC,GCG,GCT,GGA,GGC,GGG,GGT,GTA,GTC,GTG,GTT,TAA,TAC,TAG,TAT,TCA,TCC,TCG,TCT,TGA,TGC,TGG,TGT,TTA,TTC,TTG,TTT
Wencheng Sm shrew coronavirus,Riboviria,CGV08,vertebrates,RNA,linear,1.4020618556701,0.178947368421053,0.597938144329897,1.82105263157895,1.53766233766234,0.54025974025974,0.187012987012987,1.73506493506493,2.73170731707317,0.294736842105263,0.707317073170732,2.73684210526316,0.804395604395604,0.145054945054945,1,2.05054945054945,1.53246753246753,0.32520325203252,0.467532467532468,1.67479674796748,1.43589743589744,0.256410256410256,0.239316239316239,2.06837606837607,0.341463414634146,0.317073170731707,0.195121951219512,1.70731707317073,0.197260273972603,0.123287671232877,0.123287671232877,1.05205479452055,1.56455696202532,0.132723112128146,0.435443037974684,1.86727688787185,1.07692307692308,0.461538461538462,0.205128205128205,2.25641025641026,0.96875,0.265625,0.1171875,2.6484375,0.939467312348668,0.193704600484261,0.852300242130751,2.01452784503632,3,0.0707070707070707,0,1.92929292929293,0.821052631578947,0.284210526315789,0.115789473684211,1.74736842105263,0,0.0717131474103586,1,1.92828685258964,2.08767123287671,0.177062374245473,2.41643835616438,1.82293762575453
