virus,realm,host,locus_tag,AAA,AAC,AAG,AAT,ACA,ACC,ACG,ACT,AGA,AGC,AGG,AGT,ATA,ATC,ATG,ATT,CAA,CAC,CAG,CAT,CCA,CCC,CCG,CCT,CGA,CGC,CGG,CGT,CTA,CTC,CTG,CTT,GAA,GAC,GAG,GAT,GCA,GCC,GCG,GCT,GGA,GGC,GGG,GGT,GTA,GTC,GTG,GTT,TAA,TAC,TAG,TAT,TCA,TCC,TCG,TCT,TGA,TGC,TGG,TGT,TTA,TTC,TTG,TTT
Wenling crustacean virus 10,Riboviria,invertebrates,BWT60,0.920289855072464,0.755905511811024,1.07971014492754,1.24409448818898,1.53725490196078,0.847058823529412,0.188235294117647,1.42745098039216,2.80239520958084,0.635294117647059,1.72455089820359,1.07647058823529,0.578947368421053,1.09210526315789,1,1.32894736842105,1.25333333333333,0.727272727272727,0.746666666666667,1.27272727272727,1.37142857142857,0.594285714285714,0.251428571428571,1.78285714285714,0.574850299401198,0.107784431137725,0.287425149700599,0.502994011976048,0.877030162412993,0.696055684454756,0.918793503480278,1.12761020881671,1.03614457831325,0.787878787878788,0.963855421686747,1.21212121212121,1.67955801104972,0.773480662983425,0.220994475138122,1.32596685082873,1.87272727272727,0.363636363636364,1.05454545454545,0.709090909090909,0.702702702702703,0.882882882882883,0.828828828828829,1.58558558558559,1.8,0.62962962962963,1.2,1.37037037037037,1.85294117647059,0.652941176470588,0.123529411764706,1.65882352941176,0,0.686567164179104,1,1.3134328358209,0.932714617169374,0.946666666666667,1.44779582366589,1.05333333333333
