virus,realm,locus_tag,host,type,shape,AAA,AAC,AAG,AAT,ACA,ACC,ACG,ACT,AGA,AGC,AGG,AGT,ATA,ATC,ATG,ATT,CAA,CAC,CAG,CAT,CCA,CCC,CCG,CCT,CGA,CGC,CGG,CGT,CTA,CTC,CTG,CTT,GAA,GAC,GAG,GAT,GCA,GCC,GCG,GCT,GGA,GGC,GGG,GGT,GTA,GTC,GTG,GTT,TAA,TAC,TAG,TAT,TCA,TCC,TCG,TCT,TGA,TGC,TGG,TGT,TTA,TTC,TTG,TTT
Wenling sobemo-like virus 1,Riboviria,BWT29,invertebrates,RNA,linear,0.96969696969697,1.02439024390244,1.03030303030303,0.975609756097561,0.833333333333333,0.833333333333333,0.916666666666667,1.41666666666667,1.15384615384615,0.807692307692308,0.692307692307692,0.692307692307692,0.972972972972973,1.13513513513514,1,0.891891891891892,0.96969696969697,0.666666666666667,1.03030303030303,1.33333333333333,1.04761904761905,0.952380952380952,1.14285714285714,0.857142857142857,0.692307692307692,1.03846153846154,1.61538461538462,0.807692307692308,0.333333333333333,0.6,1,0.866666666666667,1.12280701754386,0.583333333333333,0.87719298245614,1.41666666666667,1,1.10526315789474,0.736842105263158,1.15789473684211,1.86666666666667,0.586666666666667,0.373333333333333,1.17333333333333,0.658823529411765,0.517647058823529,1.55294117647059,1.27058823529412,1.5,0.606060606060606,1.5,1.39393939393939,1.03846153846154,1.26923076923077,0.923076923076923,1.26923076923077,0,0.615384615384615,1,1.38461538461538,0.666666666666667,0.901960784313726,2.53333333333333,1.09803921568627
