virus,realm,locus_tag,host,type,shape,AAA,AAC,AAG,AAT,ACA,ACC,ACG,ACT,AGA,AGC,AGG,AGT,ATA,ATC,ATG,ATT,CAA,CAC,CAG,CAT,CCA,CCC,CCG,CCT,CGA,CGC,CGG,CGT,CTA,CTC,CTG,CTT,GAA,GAC,GAG,GAT,GCA,GCC,GCG,GCT,GGA,GGC,GGG,GGT,GTA,GTC,GTG,GTT,TAA,TAC,TAG,TAT,TCA,TCC,TCG,TCT,TGA,TGC,TGG,TGT,TTA,TTC,TTG,TTT
Wenling hepe-like virus 4,Riboviria,BWT46,invertebrates,RNA,linear,1.16230366492147,0.475,0.837696335078534,1.525,0.674157303370786,0.584269662921348,0.382022471910112,2.35955056179775,1.19205298013245,0.525547445255474,1.03311258278146,1.46715328467153,0.629834254143646,0.546961325966851,1,1.8232044198895,1.03448275862069,0.558823529411765,0.96551724137931,1.44117647058824,1,0.741935483870968,0.451612903225806,1.80645161290323,0.357615894039735,0.47682119205298,0.397350993377483,2.54304635761589,0.305454545454545,0.24,0.436363636363636,1.50545454545455,1.42857142857143,0.598984771573604,0.571428571428571,1.4010152284264,0.772277227722772,0.594059405940594,0.455445544554455,2.17821782178218,0.651162790697674,0.651162790697674,0.651162790697674,2.04651162790698,0.622568093385214,0.700389105058366,0.778210116731518,1.8988326848249,2,0.417910447761194,1,1.58208955223881,0.700729927007299,0.547445255474453,0.678832116788321,2.08029197080292,0,0.494117647058824,1,1.50588235294118,1.35272727272727,0.666666666666667,2.16,1.33333333333333
