virus,realm,host,locus_tag,AAA,AAC,AAG,AAT,ACA,ACC,ACG,ACT,AGA,AGC,AGG,AGT,ATA,ATC,ATG,ATT,CAA,CAC,CAG,CAT,CCA,CCC,CCG,CCT,CGA,CGC,CGG,CGT,CTA,CTC,CTG,CTT,GAA,GAC,GAG,GAT,GCA,GCC,GCG,GCT,GGA,GGC,GGG,GGT,GTA,GTC,GTG,GTT,TAA,TAC,TAG,TAT,TCA,TCC,TCG,TCT,TGA,TGC,TGG,TGT,TTA,TTC,TTG,TTT
Wenzhou narna-like virus 8,NA,NA,BWT03,1.06451612903226,1.04347826086957,0.935483870967742,0.956521739130435,1.48148148148148,0.962962962962963,0.444444444444444,1.11111111111111,1.01538461538462,0.904109589041096,1.2,0.246575342465753,0.176470588235294,1.41176470588235,1,1.41176470588235,1.1,1.11111111111111,0.9,0.888888888888889,0.837209302325581,1.30232558139535,0.837209302325581,1.02325581395349,1.47692307692308,0.276923076923077,1.01538461538462,1.01538461538462,0.558139534883721,1.67441860465116,0.906976744186046,1.46511627906977,1.18518518518519,0.923076923076923,0.814814814814815,1.07692307692308,1.04347826086957,1.04347826086957,0.434782608695652,1.47826086956522,1.66666666666667,0.5,0.916666666666667,0.916666666666667,0.814814814814815,0.962962962962963,0.962962962962963,1.25925925925926,0,0.88,0,1.12,1.3972602739726,1.3972602739726,0.410958904109589,1.64383561643836,3,0.695652173913043,1,1.30434782608696,0.697674418604651,1.22222222222222,0.697674418604651,0.777777777777778
