virus,realm,locus_tag,host,type,shape,AAA,AAC,AAG,AAT,ACA,ACC,ACG,ACT,AGA,AGC,AGG,AGT,ATA,ATC,ATG,ATT,CAA,CAC,CAG,CAT,CCA,CCC,CCG,CCT,CGA,CGC,CGG,CGT,CTA,CTC,CTG,CTT,GAA,GAC,GAG,GAT,GCA,GCC,GCG,GCT,GGA,GGC,GGG,GGT,GTA,GTC,GTG,GTT,TAA,TAC,TAG,TAT,TCA,TCC,TCG,TCT,TGA,TGC,TGG,TGT,TTA,TTC,TTG,TTT
Wenzhou bivalvia virus 3,Riboviria,BWT17,invertebrates,RNA,linear,0.989010989010989,1.14285714285714,1.01098901098901,0.857142857142857,0.684684684684685,1.44144144144144,0.864864864864865,1.00900900900901,1.5,0.792452830188679,1,0.962264150943396,0.538461538461538,1,1,1.46153846153846,1.01960784313725,0.95,0.980392156862745,1.05,0.99009900990099,0.95049504950495,0.95049504950495,1.10891089108911,0.875,1.125,0.5625,0.9375,0.573913043478261,1.2,0.991304347826087,1.09565217391304,0.753623188405797,0.956521739130435,1.2463768115942,1.04347826086957,1.23333333333333,1.1,0.6,1.06666666666667,1.25925925925926,0.962962962962963,0.37037037037037,1.40740740740741,0.342857142857143,1.33333333333333,0.876190476190476,1.44761904761905,1.5,1.27272727272727,1.5,0.727272727272727,1.18867924528302,1.13207547169811,1.0188679245283,0.905660377358491,0,0.75,1,1.25,0.939130434782609,0.909090909090909,1.2,1.09090909090909
