virus,realm,locus_tag,host,type,shape,AAA,AAC,AAG,AAT,ACA,ACC,ACG,ACT,AGA,AGC,AGG,AGT,ATA,ATC,ATG,ATT,CAA,CAC,CAG,CAT,CCA,CCC,CCG,CCT,CGA,CGC,CGG,CGT,CTA,CTC,CTG,CTT,GAA,GAC,GAG,GAT,GCA,GCC,GCG,GCT,GGA,GGC,GGG,GGT,GTA,GTC,GTG,GTT,TAA,TAC,TAG,TAT,TCA,TCC,TCG,TCT,TGA,TGC,TGG,TGT,TTA,TTC,TTG,TTT
Wenzhou tombus-like virus 1,Riboviria,BXP37,invertebrates:vertebrates,RNA,linear,0.25,1.13333333333333,1.75,0.866666666666667,0.344827586206897,1.58620689655172,0.827586206896552,1.24137931034483,0.233766233766234,1.64705882352941,0.233766233766234,1.05882352941176,0.107142857142857,1.17857142857143,1,1.71428571428571,0.260869565217391,1.41176470588235,1.73913043478261,0.588235294117647,0.372093023255814,1.30232558139535,1.02325581395349,1.30232558139535,0.38961038961039,2.41558441558442,1.55844155844156,1.16883116883117,0.257142857142857,1.88571428571429,1.28571428571429,1.71428571428571,0.238095238095238,0.977777777777778,1.76190476190476,1.02222222222222,0.571428571428571,1.14285714285714,1.09090909090909,1.19480519480519,0.256410256410256,0.974358974358974,1.48717948717949,1.28205128205128,0.363636363636364,0.96969696969697,1.77777777777778,0.888888888888889,0,1.03448275862069,1,0.96551724137931,0.823529411764706,1.29411764705882,0.352941176470588,0.823529411764706,2,0.9,1,1.1,0,0.75,0.857142857142857,1.25
