virus,realm,locus_tag,host,type,shape,AAA,AAC,AAG,AAT,ACA,ACC,ACG,ACT,AGA,AGC,AGG,AGT,ATA,ATC,ATG,ATT,CAA,CAC,CAG,CAT,CCA,CCC,CCG,CCT,CGA,CGC,CGG,CGT,CTA,CTC,CTG,CTT,GAA,GAC,GAG,GAT,GCA,GCC,GCG,GCT,GGA,GGC,GGG,GGT,GTA,GTC,GTG,GTT,TAA,TAC,TAG,TAT,TCA,TCC,TCG,TCT,TGA,TGC,TGG,TGT,TTA,TTC,TTG,TTT
Wenzhou picorna-like virus 53,Riboviria,BWS58,invertebrates,RNA,linear,1.19327731092437,0.5,0.80672268907563,1.5,1.7,0.675,0.425,1.2,1.39130434782609,0.435754189944134,1.04347826086957,1.37430167597765,0.904109589041096,0.678082191780822,1,1.41780821917808,1.24489795918367,0.75,0.755102040816326,1.25,1.85294117647059,0.852941176470588,0.382352941176471,0.911764705882353,0.956521739130435,0.695652173913043,0.652173913043478,1.26086956521739,0.682926829268293,0.560975609756098,0.536585365853659,0.75609756097561,1.16564417177914,0.452830188679245,0.834355828220859,1.54716981132075,1.37704918032787,0.808743169398907,0.459016393442623,1.3551912568306,1.30386740331492,0.707182320441989,0.707182320441989,1.28176795580111,0.427184466019417,0.660194174757282,1.68932038834951,1.22330097087379,1.5,0.652173913043478,0,1.34782608695652,1.77653631284916,0.770949720670391,0.536312849162011,1.10614525139665,1.5,0.465116279069767,1,1.53488372093023,0.75609756097561,0.766917293233083,2.70731707317073,1.23308270676692
