virus,realm,locus_tag,host,type,shape,AAA,AAC,AAG,AAT,ACA,ACC,ACG,ACT,AGA,AGC,AGG,AGT,ATA,ATC,ATG,ATT,CAA,CAC,CAG,CAT,CCA,CCC,CCG,CCT,CGA,CGC,CGG,CGT,CTA,CTC,CTG,CTT,GAA,GAC,GAG,GAT,GCA,GCC,GCG,GCT,GGA,GGC,GGG,GGT,GTA,GTC,GTG,GTT,TAA,TAC,TAG,TAT,TCA,TCC,TCG,TCT,TGA,TGC,TGG,TGT,TTA,TTC,TTG,TTT
Wenzhou picorna-like virus 37,Riboviria,BWS74,invertebrates,RNA,linear,1.04,0.627737226277372,0.96,1.37226277372263,1.13661202185792,0.568306010928962,0.568306010928962,1.72677595628415,1.20805369127517,0.496062992125984,1.20805369127517,1.01574803149606,1.0059880239521,0.377245508982036,1,1.61676646706587,1.28421052631579,0.694444444444444,0.715789473684211,1.30555555555556,1.09333333333333,0.64,0.586666666666667,1.68,1.16778523489933,0.724832214765101,0.644295302013423,1.04697986577181,0.642857142857143,0.342857142857143,0.321428571428571,0.942857142857143,1.14093959731544,0.563218390804598,0.859060402684564,1.4367816091954,0.833333333333333,0.666666666666667,0.722222222222222,1.77777777777778,0.929032258064516,0.670967741935484,0.567741935483871,1.83225806451613,0.959276018099548,0.579185520361991,0.886877828054299,1.57466063348416,0,0.748299319727891,3,1.25170068027211,0.992125984251969,0.708661417322835,0.897637795275591,1.88976377952756,0,0.983050847457627,1,1.01694915254237,1.86428571428571,0.484375,1.88571428571429,1.515625
