virus,realm,host,locus_tag,AAA,AAC,AAG,AAT,ACA,ACC,ACG,ACT,AGA,AGC,AGG,AGT,ATA,ATC,ATG,ATT,CAA,CAC,CAG,CAT,CCA,CCC,CCG,CCT,CGA,CGC,CGG,CGT,CTA,CTC,CTG,CTT,GAA,GAC,GAG,GAT,GCA,GCC,GCG,GCT,GGA,GGC,GGG,GGT,GTA,GTC,GTG,GTT,TAA,TAC,TAG,TAT,TCA,TCC,TCG,TCT,TGA,TGC,TGG,TGT,TTA,TTC,TTG,TTT
Wenzhou picorna-like virus 18,Riboviria,invertebrates,BWS92,1.05970149253731,0.773333333333333,0.940298507462687,1.22666666666667,0.862745098039216,1.05882352941176,0.862745098039216,1.2156862745098,0.631578947368421,0.388489208633094,0.568421052631579,1.12230215827338,0.323529411764706,1.20588235294118,1,1.47058823529412,1.30769230769231,1.12903225806452,0.692307692307692,0.870967741935484,0.753623188405797,1.33333333333333,0.521739130434783,1.39130434782609,1.07368421052632,1.70526315789474,0.378947368421053,1.64210526315789,0.736196319018405,1.73006134969325,0.773006134969325,0.920245398773006,1.14285714285714,0.830188679245283,0.857142857142857,1.16981132075472,0.943089430894309,1.39837398373984,0.585365853658537,1.07317073170732,1.45762711864407,0.779661016949153,0.813559322033898,0.949152542372881,0.296296296296296,1.33333333333333,1.12592592592593,1.24444444444444,0,1.17333333333333,3,0.826666666666667,0.863309352517986,1.25179856115108,0.863309352517986,1.51079136690647,0,1.02222222222222,1,0.977777777777778,0.147239263803681,1.19480519480519,1.69325153374233,0.805194805194805
