virus,realm,locus_tag,host,type,shape,AAA,AAC,AAG,AAT,ACA,ACC,ACG,ACT,AGA,AGC,AGG,AGT,ATA,ATC,ATG,ATT,CAA,CAC,CAG,CAT,CCA,CCC,CCG,CCT,CGA,CGC,CGG,CGT,CTA,CTC,CTG,CTT,GAA,GAC,GAG,GAT,GCA,GCC,GCG,GCT,GGA,GGC,GGG,GGT,GTA,GTC,GTG,GTT,TAA,TAC,TAG,TAT,TCA,TCC,TCG,TCT,TGA,TGC,TGG,TGT,TTA,TTC,TTG,TTT
Wenzhou picorna-like virus 26,Riboviria,BWS83,invertebrates,RNA,linear,0.75,0.990654205607477,1.25,1.00934579439252,0.830601092896175,0.808743169398907,0.786885245901639,1.57377049180328,0.352941176470588,0.782608695652174,0.705882352941177,0.559006211180124,0.115384615384615,1.23076923076923,1,1.65384615384615,1.01149425287356,0.6875,0.988505747126437,1.3125,1.1063829787234,1.1063829787234,0.453900709219858,1.33333333333333,1.05882352941176,1.56862745098039,0.431372549019608,1.88235294117647,0.331797235023041,1.24423963133641,1.02304147465438,1.76958525345622,0.777777777777778,1.12658227848101,1.22222222222222,0.873417721518987,0.842105263157895,1.05263157894737,0.727272727272727,1.37799043062201,1.27835051546392,1.21649484536082,0.680412371134021,0.824742268041237,0.233009708737864,1.12621359223301,1.30097087378641,1.33980582524272,3,1.1063829787234,0,0.893617021276596,1.00621118012422,1.04347826086957,0.857142857142857,1.75155279503106,0,1.10526315789474,1,0.894736842105263,0.193548387096774,0.872727272727273,1.43778801843318,1.12727272727273
