virus,realm,host,locus_tag,AAA,AAC,AAG,AAT,ACA,ACC,ACG,ACT,AGA,AGC,AGG,AGT,ATA,ATC,ATG,ATT,CAA,CAC,CAG,CAT,CCA,CCC,CCG,CCT,CGA,CGC,CGG,CGT,CTA,CTC,CTG,CTT,GAA,GAC,GAG,GAT,GCA,GCC,GCG,GCT,GGA,GGC,GGG,GGT,GTA,GTC,GTG,GTT,TAA,TAC,TAG,TAT,TCA,TCC,TCG,TCT,TGA,TGC,TGG,TGT,TTA,TTC,TTG,TTT
Wenzhou crab virus 4,NA,NA,BWT13,0.688524590163934,1.46153846153846,1.31147540983607,0.538461538461538,0.648648648648649,1.72972972972973,0.396396396396396,1.22522522522523,1.15714285714286,1.38461538461538,0.728571428571429,0.564102564102564,0.540983606557377,1.18032786885246,1,1.27868852459016,0.702702702702703,0.92,1.2972972972973,1.08,0.819672131147541,1.57377049180328,0.622950819672131,0.983606557377049,0.514285714285714,2.05714285714286,0.557142857142857,0.985714285714286,0.452830188679245,1.81132075471698,1.32075471698113,1.09433962264151,0.647058823529412,1.4468085106383,1.35294117647059,0.553191489361702,0.579710144927536,1.79710144927536,0.492753623188406,1.1304347826087,1.05882352941176,1.56862745098039,0.549019607843137,0.823529411764706,0.35036496350365,1.4014598540146,1.45985401459854,0.788321167883212,1,1.31578947368421,1,0.684210526315789,1.07692307692308,1.79487179487179,0.41025641025641,0.769230769230769,1,1.28205128205128,1,0.717948717948718,0.264150943396226,1.36842105263158,1.05660377358491,0.631578947368421
