virus,realm,host,locus_tag,AAA,AAC,AAG,AAT,ACA,ACC,ACG,ACT,AGA,AGC,AGG,AGT,ATA,ATC,ATG,ATT,CAA,CAC,CAG,CAT,CCA,CCC,CCG,CCT,CGA,CGC,CGG,CGT,CTA,CTC,CTG,CTT,GAA,GAC,GAG,GAT,GCA,GCC,GCG,GCT,GGA,GGC,GGG,GGT,GTA,GTC,GTG,GTT,TAA,TAC,TAG,TAT,TCA,TCC,TCG,TCT,TGA,TGC,TGG,TGT,TTA,TTC,TTG,TTT
Wheat dwarf virus,Monodnaviria,land plants,WDVgp,0.814814814814815,0.936170212765957,1.18518518518519,1.06382978723404,1.15942028985507,1.10144927536232,0.753623188405797,0.985507246376812,0.517241379310345,0.631578947368421,1.13793103448276,0.631578947368421,0.795918367346939,1.28571428571429,1,0.918367346938776,0.941176470588235,0.818181818181818,1.05882352941176,1.18181818181818,1.6140350877193,0.771929824561403,0.701754385964912,0.912280701754386,0.413793103448276,0.931034482758621,0.724137931034483,2.27586206896552,0.608695652173913,2.43478260869565,0.695652173913043,0.869565217391304,0.96,1.01754385964912,1.04,0.982456140350877,0.875,1.3125,0.5625,1.25,0.979591836734694,0.73469387755102,0.73469387755102,1.55102040816327,0.459016393442623,0.918032786885246,0.983606557377049,1.63934426229508,1.5,1.10204081632653,0.75,0.897959183673469,0.947368421052632,1.89473684210526,0.315789473684211,1.57894736842105,0.75,1.22222222222222,1,0.777777777777778,0.782608695652174,1.25581395348837,0.608695652173913,0.744186046511628
