virus,realm,locus_tag,host,type,shape,AAA,AAC,AAG,AAT,ACA,ACC,ACG,ACT,AGA,AGC,AGG,AGT,ATA,ATC,ATG,ATT,CAA,CAC,CAG,CAT,CCA,CCC,CCG,CCT,CGA,CGC,CGG,CGT,CTA,CTC,CTG,CTT,GAA,GAC,GAG,GAT,GCA,GCC,GCG,GCT,GGA,GGC,GGG,GGT,GTA,GTC,GTG,GTT,TAA,TAC,TAG,TAT,TCA,TCC,TCG,TCT,TGA,TGC,TGG,TGT,TTA,TTC,TTG,TTT
White spot syndrome virus,Naldaviricetes,SWSSV,invertebrates,DNA,circular,1.09877622377622,0.821490467937608,0.901223776223776,1.17850953206239,1.40673211781206,0.737727910238429,0.422159887798036,1.43338008415147,2.35183288961704,0.486292350053873,1.55191480647143,1.04944331377948,0.95119305856833,0.746746203904555,1,1.30206073752711,1.33591004919185,0.955503512880562,0.664089950808152,1.04449648711944,1.11303511303511,0.863876863876864,0.263588263588264,1.75949975949976,0.463239811591235,0.549252508703666,0.235920540651239,0.84783944296539,0.875954198473282,0.788440567066521,0.683751363140676,1.12786259541985,1.45960683024824,0.745547522482807,0.540393169751758,1.25445247751719,1.40512101017187,0.92037881445107,0.346545071904595,1.32795510347247,1.76029547553093,0.538504155124654,0.624192059095106,1.07700831024931,1.03835800807537,0.650067294751009,1.04172274562584,1.26985195154778,1.69491525423729,0.921282798833819,0.559322033898305,1.07871720116618,1.23979408595714,0.861965760804501,0.379264934753981,1.98323955465102,0.745762711864407,0.716958358479179,1,1.28304164152082,1.15076335877863,0.825601587695361,1.37322791712105,1.17439841230464
