virus,realm,locus_tag,host,type,shape,AAA,AAC,AAG,AAT,ACA,ACC,ACG,ACT,AGA,AGC,AGG,AGT,ATA,ATC,ATG,ATT,CAA,CAC,CAG,CAT,CCA,CCC,CCG,CCT,CGA,CGC,CGG,CGT,CTA,CTC,CTG,CTT,GAA,GAC,GAG,GAT,GCA,GCC,GCG,GCT,GGA,GGC,GGG,GGT,GTA,GTC,GTG,GTT,TAA,TAC,TAG,TAT,TCA,TCC,TCG,TCT,TGA,TGC,TGG,TGT,TTA,TTC,TTG,TTT
White clover cryptic virus 2,Riboviria,L059,land plants,RNA,linear,1.24,0.888888888888889,0.76,1.11111111111111,0.530973451327434,0.778761061946903,0.247787610619469,2.44247787610619,1.25925925925926,0.333333333333333,0.222222222222222,0.133333333333333,0.423529411764706,0.670588235294118,1,1.90588235294118,1.14285714285714,0.807692307692308,0.857142857142857,1.19230769230769,0.792452830188679,0.830188679245283,0.415094339622642,1.9622641509434,0.666666666666667,2.07407407407407,0.148148148148148,1.62962962962963,0.473684210526316,1.21052631578947,0.684210526315789,1.84210526315789,1.59259259259259,0.479166666666667,0.407407407407407,1.52083333333333,0.415094339622642,1.0188679245283,0.188679245283019,2.37735849056604,1.19148936170213,0.851063829787234,0,1.95744680851064,0.345679012345679,0.987654320987654,0.444444444444444,2.22222222222222,1.5,0.979591836734694,0,1.02040816326531,1.2,1.53333333333333,0.266666666666667,2.53333333333333,1.5,1.29411764705882,1,0.705882352941177,1,0.958904109589041,0.789473684210526,1.04109589041096
