virus,realm,locus_tag,host,type,shape,AAA,AAC,AAG,AAT,ACA,ACC,ACG,ACT,AGA,AGC,AGG,AGT,ATA,ATC,ATG,ATT,CAA,CAC,CAG,CAT,CCA,CCC,CCG,CCT,CGA,CGC,CGG,CGT,CTA,CTC,CTG,CTT,GAA,GAC,GAG,GAT,GCA,GCC,GCG,GCT,GGA,GGC,GGG,GGT,GTA,GTC,GTG,GTT,TAA,TAC,TAG,TAT,TCA,TCC,TCG,TCT,TGA,TGC,TGG,TGT,TTA,TTC,TTG,TTT
Wisteria vein mosaic virus,Riboviria,WVMV,land plants,ss-RNA,linear,1.02362204724409,0.423076923076923,0.976377952755906,1.57692307692308,2.36781609195402,0.32183908045977,0.298850574712644,1.01149425287356,3.07692307692308,0.878787878787879,1.73076923076923,1.42424242424242,0.967213114754098,0.786885245901639,1,1.24590163934426,1.35172413793103,0.657534246575342,0.648275862068965,1.34246575342466,2.54545454545455,0.145454545454545,0.254545454545455,1.05454545454545,0.230769230769231,0.5,0.0769230769230769,0.384615384615385,0.656934306569343,0.613138686131387,0.591240875912409,1.53284671532847,1.20689655172414,0.506329113924051,0.793103448275862,1.49367088607595,2.04395604395604,0.417582417582418,0.307692307692308,1.23076923076923,1.54838709677419,0.666666666666667,0.559139784946237,1.2258064516129,0.676616915422886,0.517412935323383,1.25373134328358,1.55223880597015,0,0.817391304347826,0,1.18260869565217,1.87878787878788,0.484848484848485,0.212121212121212,1.12121212121212,3,0.622950819672131,1,1.37704918032787,0.941605839416058,0.730769230769231,1.66423357664234,1.26923076923077
