virus,realm,locus_tag,host,type,shape,AAA,AAC,AAG,AAT,ACA,ACC,ACG,ACT,AGA,AGC,AGG,AGT,ATA,ATC,ATG,ATT,CAA,CAC,CAG,CAT,CCA,CCC,CCG,CCT,CGA,CGC,CGG,CGT,CTA,CTC,CTG,CTT,GAA,GAC,GAG,GAT,GCA,GCC,GCG,GCT,GGA,GGC,GGG,GGT,GTA,GTC,GTG,GTT,TAA,TAC,TAG,TAT,TCA,TCC,TCG,TCT,TGA,TGC,TGG,TGT,TTA,TTC,TTG,TTT
Wuhan insect virus 15,Riboviria,BZJ91,invertebrates,RNA,linear,0.438095238095238,1.41463414634146,1.56190476190476,0.585365853658537,1.11111111111111,1.26984126984127,0.666666666666667,0.952380952380952,1.37777777777778,1.41935483870968,3.11111111111111,0.451612903225806,1.08510638297872,1.37234042553191,1,0.542553191489362,0.72463768115942,1.11111111111111,1.27536231884058,0.888888888888889,1.41176470588235,1.22352941176471,0.282352941176471,1.08235294117647,0.355555555555556,0.666666666666667,0.444444444444444,0.0444444444444444,0.869565217391304,1.07246376811594,1.73913043478261,0.840579710144927,0.75,1.37007874015748,1.25,0.62992125984252,1.47572815533981,1.20388349514563,0.58252427184466,0.737864077669903,0.789808917197452,1.35031847133758,1.40127388535032,0.45859872611465,0.307692307692308,1.51479289940828,1.44378698224852,0.733727810650888,3,1.48484848484848,0,0.515151515151515,1.09677419354839,1.19354838709677,0.741935483870968,1.09677419354839,0,1.73913043478261,1,0.260869565217391,0.318840579710145,1.4025974025974,1.15942028985507,0.597402597402597
