virus,realm,locus_tag,host,type,shape,AAA,AAC,AAG,AAT,ACA,ACC,ACG,ACT,AGA,AGC,AGG,AGT,ATA,ATC,ATG,ATT,CAA,CAC,CAG,CAT,CCA,CCC,CCG,CCT,CGA,CGC,CGG,CGT,CTA,CTC,CTG,CTT,GAA,GAC,GAG,GAT,GCA,GCC,GCG,GCT,GGA,GGC,GGG,GGT,GTA,GTC,GTG,GTT,TAA,TAC,TAG,TAT,TCA,TCC,TCG,TCT,TGA,TGC,TGG,TGT,TTA,TTC,TTG,TTT
Wuhan tick virus 2,Riboviria,ASR12,invertebrates,RNA,circular,1.02013422818792,1.17117117117117,0.979865771812081,0.828828828828829,1.18974358974359,1.08717948717949,0.574358974358974,1.14871794871795,1.13513513513514,0.948717948717949,1.42702702702703,1.02564102564103,0.785714285714286,1.12857142857143,1,1.08571428571429,0.918918918918919,0.68,1.08108108108108,1.32,0.81437125748503,1.07784431137725,0.694610778443114,1.41317365269461,1.03783783783784,0.648648648648649,0.908108108108108,0.843243243243243,0.795180722891566,1.1566265060241,1.08433734939759,0.867469879518072,1.01098901098901,0.975,0.989010989010989,1.025,1.0762331838565,1.25560538116592,0.448430493273543,1.21973094170404,1.01694915254237,0.768361581920904,1.31073446327684,0.903954802259887,1.04109589041096,1.02283105022831,1.04109589041096,0.894977168949772,1,1.046875,1,0.953125,1.17948717948718,0.974358974358974,0.487179487179487,1.38461538461538,1,1,1,1,0.993975903614458,1.04109589041096,1.10240963855422,0.958904109589041
