virus,realm,locus_tag,host,type,shape,AAA,AAC,AAG,AAT,ACA,ACC,ACG,ACT,AGA,AGC,AGG,AGT,ATA,ATC,ATG,ATT,CAA,CAC,CAG,CAT,CCA,CCC,CCG,CCT,CGA,CGC,CGG,CGT,CTA,CTC,CTG,CTT,GAA,GAC,GAG,GAT,GCA,GCC,GCG,GCT,GGA,GGC,GGG,GGT,GTA,GTC,GTG,GTT,TAA,TAC,TAG,TAT,TCA,TCC,TCG,TCT,TGA,TGC,TGG,TGT,TTA,TTC,TTG,TTT
Wuhan Louse Fly Virus 9,Riboviria,BJK15,invertebrates,RNA,linear,1.36,0.912621359223301,0.64,1.0873786407767,1.54418604651163,1.02325581395349,0.316279069767442,1.11627906976744,2.45121951219512,0.623376623376623,1.28048780487805,0.837662337662338,0.852517985611511,1.05755395683453,1,1.08992805755396,1.42446043165468,0.860215053763441,0.575539568345324,1.13978494623656,1.38219895287958,1.00523560209424,0.418848167539267,1.19371727748691,1.09756097560976,0.25609756097561,0.585365853658537,0.329268292682927,1.04020100502513,0.633165829145729,0.919597989949749,1.05527638190955,1.30653266331658,0.989247311827957,0.693467336683417,1.01075268817204,1.64885496183206,1.16030534351145,0.305343511450382,0.885496183206107,1.78947368421053,0.315789473684211,1.09473684210526,0.8,0.96078431372549,0.901960784313726,0.784313725490196,1.35294117647059,2.4,1.03759398496241,0.6,0.962406015037594,1.51948051948052,1.36363636363636,0.37012987012987,1.28571428571429,0,0.896551724137931,1,1.10344827586207,1.49246231155779,0.893081761006289,0.85929648241206,1.10691823899371
