virus,realm,host,locus_tag,AAA,AAC,AAG,AAT,ACA,ACC,ACG,ACT,AGA,AGC,AGG,AGT,ATA,ATC,ATG,ATT,CAA,CAC,CAG,CAT,CCA,CCC,CCG,CCT,CGA,CGC,CGG,CGT,CTA,CTC,CTG,CTT,GAA,GAC,GAG,GAT,GCA,GCC,GCG,GCT,GGA,GGC,GGG,GGT,GTA,GTC,GTG,GTT,TAA,TAC,TAG,TAT,TCA,TCC,TCG,TCT,TGA,TGC,TGG,TGT,TTA,TTC,TTG,TTT
Wuhan Insect virus 5,Riboviria,invertebrates,BJD86,0.98744769874477,0.845070422535211,1.01255230125523,1.15492957746479,1.23809523809524,0.780952380952381,0.552380952380952,1.42857142857143,2.61244019138756,0.712707182320442,1.63636363636364,0.712707182320442,1.15767634854772,0.970954356846473,1,0.871369294605809,0.912280701754386,0.794871794871795,1.08771929824561,1.20512820512821,0.953488372093023,0.697674418604651,0.813953488372093,1.53488372093023,0.803827751196172,0.258373205741627,0.287081339712919,0.401913875598086,0.798866855524079,0.781869688385269,1.47875354107649,0.645892351274788,0.857142857142857,0.784140969162996,1.14285714285714,1.215859030837,1.13513513513514,0.594594594594595,0.846846846846847,1.42342342342342,1.2972972972973,0.648648648648649,0.918918918918919,1.13513513513514,0.653696498054475,0.996108949416342,1.24513618677043,1.10505836575875,0.5,0.885714285714286,0.5,1.11428571428571,1.55801104972376,0.861878453038674,0.580110497237569,1.57458563535912,2,0.936708860759494,1,1.06329113924051,0.747875354107649,1.05035971223022,1.54674220963173,0.949640287769784
