virus,realm,host,locus_tag,AAA,AAC,AAG,AAT,ACA,ACC,ACG,ACT,AGA,AGC,AGG,AGT,ATA,ATC,ATG,ATT,CAA,CAC,CAG,CAT,CCA,CCC,CCG,CCT,CGA,CGC,CGG,CGT,CTA,CTC,CTG,CTT,GAA,GAC,GAG,GAT,GCA,GCC,GCG,GCT,GGA,GGC,GGG,GGT,GTA,GTC,GTG,GTT,TAA,TAC,TAG,TAT,TCA,TCC,TCG,TCT,TGA,TGC,TGG,TGT,TTA,TTC,TTG,TTT
Wuhan Insect virus 4,Riboviria,invertebrates,BI333,1.11945392491468,0.654028436018957,0.880546075085324,1.34597156398104,1.67164179104478,0.616915422885572,0.278606965174129,1.43283582089552,3.55882352941176,0.5625,1.44117647058824,0.75,1.36912751677852,0.785234899328859,1,0.845637583892617,1.25233644859813,0.568421052631579,0.747663551401869,1.43157894736842,1.04225352112676,0.450704225352113,0.591549295774648,1.91549295774648,0.352941176470588,0.147058823529412,0.205882352941176,0.294117647058824,0.548476454293629,0.498614958448753,0.897506925207756,0.581717451523546,1.00425531914894,0.523809523809524,0.995744680851064,1.47619047619048,1.46031746031746,0.613756613756614,0.317460317460317,1.60846560846561,1.81052631578947,0.4,1.03157894736842,0.757894736842105,0.731914893617021,0.851063829787234,1.24255319148936,1.17446808510638,1.5,0.769230769230769,0,1.23076923076923,1.859375,0.75,0.3125,1.765625,1.5,0.936708860759494,1,1.06329113924051,1.24653739612188,0.874074074074074,2.22714681440443,1.12592592592593
