virus,realm,host,locus_tag,AAA,AAC,AAG,AAT,ACA,ACC,ACG,ACT,AGA,AGC,AGG,AGT,ATA,ATC,ATG,ATT,CAA,CAC,CAG,CAT,CCA,CCC,CCG,CCT,CGA,CGC,CGG,CGT,CTA,CTC,CTG,CTT,GAA,GAC,GAG,GAT,GCA,GCC,GCG,GCT,GGA,GGC,GGG,GGT,GTA,GTC,GTG,GTT,TAA,TAC,TAG,TAT,TCA,TCC,TCG,TCT,TGA,TGC,TGG,TGT,TTA,TTC,TTG,TTT
Wuhan Louse Fly Virus 7,NA,NA,FLA18,0.595238095238095,1.26760563380282,1.4047619047619,0.732394366197183,1.2289156626506,0.746987951807229,0.891566265060241,1.13253012048193,0.481283422459893,1.1063829787234,0.577540106951872,1.14893617021277,0.545454545454545,1.61538461538462,1,0.839160839160839,0.685714285714286,0.919540229885057,1.31428571428571,1.08045977011494,0.934306569343066,0.905109489051095,0.992700729927007,1.16788321167883,1.44385026737968,1.2192513368984,1.12299465240642,1.15508021390374,0.712230215827338,1.40287769784173,1.70503597122302,0.863309352517986,0.675,0.870967741935484,1.325,1.12903225806452,1.20171673819742,1.08154506437768,0.738197424892704,0.978540772532189,0.686567164179104,1.28358208955224,1.01492537313433,1.01492537313433,0.8,1,1.35555555555556,0.844444444444444,1.5,1.07692307692308,1.5,0.923076923076923,1.23404255319149,1.14893617021277,0.851063829787234,0.51063829787234,0,1.125,1,0.875,0.453237410071942,1.31707317073171,0.863309352517986,0.682926829268293
