virus,realm,host,locus_tag,AAA,AAC,AAG,AAT,ACA,ACC,ACG,ACT,AGA,AGC,AGG,AGT,ATA,ATC,ATG,ATT,CAA,CAC,CAG,CAT,CCA,CCC,CCG,CCT,CGA,CGC,CGG,CGT,CTA,CTC,CTG,CTT,GAA,GAC,GAG,GAT,GCA,GCC,GCG,GCT,GGA,GGC,GGG,GGT,GTA,GTC,GTG,GTT,TAA,TAC,TAG,TAT,TCA,TCC,TCG,TCT,TGA,TGC,TGG,TGT,TTA,TTC,TTG,TTT
Wuhan insect virus 27,Riboviria,invertebrates,BZJ84,0.683544303797468,1.40540540540541,1.31645569620253,0.594594594594595,0.8,1,0.76,1.44,2.25806451612903,0.605504587155963,1.29032258064516,0.825688073394495,1.26760563380282,0.929577464788732,1,0.802816901408451,1.05660377358491,1.16129032258065,0.943396226415094,0.838709677419355,1.9672131147541,0.39344262295082,0.721311475409836,0.918032786885246,0.774193548387097,0.645161290322581,0.258064516129032,0.774193548387097,0.909090909090909,1,1,1,1.11111111111111,0.987654320987654,0.888888888888889,1.01234567901235,1.32173913043478,1.00869565217391,0.695652173913043,0.973913043478261,1.28,0.96,0.533333333333333,1.22666666666667,1.00763358778626,1.12977099236641,0.885496183206107,0.977099236641221,0,1.27272727272727,3,0.727272727272727,1.37614678899083,0.825688073394495,0.660550458715596,1.70642201834862,0,1.2,1,0.8,1.31818181818182,0.983606557377049,0.772727272727273,1.01639344262295
