virus,realm,locus_tag,host,type,shape,AAA,AAC,AAG,AAT,ACA,ACC,ACG,ACT,AGA,AGC,AGG,AGT,ATA,ATC,ATG,ATT,CAA,CAC,CAG,CAT,CCA,CCC,CCG,CCT,CGA,CGC,CGG,CGT,CTA,CTC,CTG,CTT,GAA,GAC,GAG,GAT,GCA,GCC,GCG,GCT,GGA,GGC,GGG,GGT,GTA,GTC,GTG,GTT,TAA,TAC,TAG,TAT,TCA,TCC,TCG,TCT,TGA,TGC,TGG,TGT,TTA,TTC,TTG,TTT
Xanthomonas phage vB XveM DIBBI,NA,DIBBI,NA,NA,NA,0.835648148148148,1.36812411847673,1.16435185185185,0.631875881523272,0.524515393386545,1.49144811858609,1.13112884834664,0.85290763968073,0.396694214876033,1.9956942949408,0.43211334120425,0.458557588805167,0.211801896733404,1.90305584826133,1,0.885142255005269,0.407894736842105,1.30405405405405,1.59210526315789,0.695945945945946,1.16793893129771,0.404580152671756,1.52671755725191,0.900763358778626,0.680047225501771,2.84061393152302,0.701298701298701,0.949232585596222,0.401834862385321,0.622018348623853,2.70825688073394,1.17247706422018,0.846666666666667,0.960846560846561,1.15333333333333,1.03915343915344,1.02801120448179,0.862745098039216,1.16526610644258,0.943977591036415,0.62699077954736,1.99497066219614,0.580050293378039,0.797988264878458,0.739884393063584,0.716763005780347,0.967244701348748,1.57610789980732,1.66666666666667,1.18548387096774,0.444444444444444,0.814516129032258,1.53067814854682,0.523143164693219,0.658772874058127,0.833153928955866,0.888888888888889,1.45323741007194,1,0.546762589928058,0.484403669724771,1.1913357400722,0.611009174311927,0.808664259927798
