virus,realm,locus_tag,host,type,shape,AAA,AAC,AAG,AAT,ACA,ACC,ACG,ACT,AGA,AGC,AGG,AGT,ATA,ATC,ATG,ATT,CAA,CAC,CAG,CAT,CCA,CCC,CCG,CCT,CGA,CGC,CGG,CGT,CTA,CTC,CTG,CTT,GAA,GAC,GAG,GAT,GCA,GCC,GCG,GCT,GGA,GGC,GGG,GGT,GTA,GTC,GTG,GTT,TAA,TAC,TAG,TAT,TCA,TCC,TCG,TCT,TGA,TGC,TGG,TGT,TTA,TTC,TTG,TTT
Xanthomonas phage Cf1c,Monodnaviria,Cf1cp,bacteria,DNA,circular,0.7,1.35849056603774,1.3,0.641509433962264,0.566929133858268,1.60629921259843,1.16535433070866,0.661417322834646,0.217391304347826,1.45454545454545,0.347826086956522,0.545454545454545,0.208333333333333,1.625,1,1.16666666666667,0.75609756097561,1.13513513513514,1.24390243902439,0.864864864864865,0.610169491525424,0.745762711864407,1.49152542372881,1.15254237288136,0.739130434782609,2.17391304347826,1.26086956521739,1.26086956521739,0.553191489361702,0.893617021276596,2.08510638297872,1.02127659574468,1.02857142857143,1.03921568627451,0.971428571428571,0.96078431372549,0.833333333333333,1.23333333333333,1.16666666666667,0.766666666666667,0.373333333333333,2.32,0.586666666666667,0.72,0.37410071942446,1.20863309352518,1.7841726618705,0.633093525179856,0.333333333333333,1.12328767123288,0.666666666666667,0.876712328767123,0.545454545454545,1.13636363636364,1.5,0.818181818181818,2,1.2962962962963,1,0.703703703703704,0.0425531914893617,1.51612903225806,1.40425531914894,0.483870967741935
