virus,realm,locus_tag,host,type,shape,AAA,AAC,AAG,AAT,ACA,ACC,ACG,ACT,AGA,AGC,AGG,AGT,ATA,ATC,ATG,ATT,CAA,CAC,CAG,CAT,CCA,CCC,CCG,CCT,CGA,CGC,CGG,CGT,CTA,CTC,CTG,CTT,GAA,GAC,GAG,GAT,GCA,GCC,GCG,GCT,GGA,GGC,GGG,GGT,GTA,GTC,GTG,GTT,TAA,TAC,TAG,TAT,TCA,TCC,TCG,TCT,TGA,TGC,TGG,TGT,TTA,TTC,TTG,TTT
Xanthomonas phage XaF13,Monodnaviria,M1M15,bacteria,DNA,linear,0.571428571428571,1.3125,1.42857142857143,0.6875,0.462809917355372,1.68595041322314,1.42148760330579,0.429752066115702,0.198675496688742,1.33783783783784,0.23841059602649,0.445945945945946,0.2625,1.9875,1,0.75,0.618556701030928,1.2,1.38144329896907,0.8,0.714285714285714,0.685714285714286,2.02857142857143,0.571428571428571,0.71523178807947,2.34437086092715,1.39072847682119,1.11258278145695,0.494845360824742,1.36082474226804,2.04123711340206,0.649484536082474,1.09090909090909,0.890909090909091,0.909090909090909,1.10909090909091,1.12,1.072,1.344,0.464,0.467289719626168,2.14953271028037,0.523364485981308,0.85981308411215,0.450704225352113,1.07042253521127,1.88732394366197,0.591549295774648,0.642857142857143,1.37777777777778,0.642857142857143,0.622222222222222,0.810810810810811,0.932432432432432,1.82432432432432,0.648648648648649,1.71428571428571,1.40350877192982,1,0.596491228070175,0.278350515463918,1.5625,1.17525773195876,0.4375
