virus,realm,host,locus_tag,AAA,AAC,AAG,AAT,ACA,ACC,ACG,ACT,AGA,AGC,AGG,AGT,ATA,ATC,ATG,ATT,CAA,CAC,CAG,CAT,CCA,CCC,CCG,CCT,CGA,CGC,CGG,CGT,CTA,CTC,CTG,CTT,GAA,GAC,GAG,GAT,GCA,GCC,GCG,GCT,GGA,GGC,GGG,GGT,GTA,GTC,GTG,GTT,TAA,TAC,TAG,TAT,TCA,TCC,TCG,TCT,TGA,TGC,TGG,TGT,TTA,TTC,TTG,TTT
Xenopus laevis endogenous retrovirus Xen1,Riboviria,vertebrates,Xen1,1.42857142857143,1.33333333333333,0.571428571428571,0.666666666666667,1.2,1.2,0.4,1.2,3,0.25,0.5,2.75,1.36363636363636,0.818181818181818,1,0.818181818181818,1.2,0.75,0.8,1.25,0.923076923076923,1.84615384615385,0.307692307692308,0.923076923076923,0,2,0,0.5,1.24137931034483,0.413793103448276,0.413793103448276,1.44827586206897,1.17647058823529,1.14285714285714,0.823529411764706,0.857142857142857,1.45454545454545,1.09090909090909,0.363636363636364,1.09090909090909,1.14285714285714,0.571428571428571,0.952380952380952,1.33333333333333,0.705882352941177,0.941176470588235,1.41176470588235,0.941176470588235,1.5,1.11111111111111,1.5,0.888888888888889,1,1,0.25,0.75,0,1,1,1,1.24137931034483,0.909090909090909,1.24137931034483,1.09090909090909
