virus,realm,locus_tag,host,type,shape,AAA,AAC,AAG,AAT,ACA,ACC,ACG,ACT,AGA,AGC,AGG,AGT,ATA,ATC,ATG,ATT,CAA,CAC,CAG,CAT,CCA,CCC,CCG,CCT,CGA,CGC,CGG,CGT,CTA,CTC,CTG,CTT,GAA,GAC,GAG,GAT,GCA,GCC,GCG,GCT,GGA,GGC,GGG,GGT,GTA,GTC,GTG,GTT,TAA,TAC,TAG,TAT,TCA,TCC,TCG,TCT,TGA,TGC,TGG,TGT,TTA,TTC,TTG,TTT
Xingshan nematode virus 2,Riboviria,B1T61,invertebrates,RNA,linear,1.17488789237668,0.407894736842105,0.825112107623318,1.59210526315789,0.67027027027027,0.410810810810811,0.778378378378378,2.14054054054054,1.98139534883721,0.273684210526316,0.586046511627907,1.30526315789474,0.891509433962264,0.424528301886792,1,1.68396226415094,1.19540229885057,0.197183098591549,0.804597701149425,1.80281690140845,0.581818181818182,0.4,1.09090909090909,1.92727272727273,0.837209302325581,0.474418604651163,0.446511627906977,1.67441860465116,0.147945205479452,0.328767123287671,0.378082191780822,1.2986301369863,1.40106951871658,0.584837545126354,0.598930481283422,1.41516245487365,0.601941747572815,0.446601941747573,0.912621359223301,2.03883495145631,1.2,0.475,0.375,1.95,0.337349397590361,0.518072289156627,0.903614457831325,2.24096385542169,1,0.43010752688172,0,1.56989247311828,0.421052631578947,0.736842105263158,1.03157894736842,2.23157894736842,2,0.567901234567901,1,1.4320987654321,0.772602739726027,0.3515625,3.07397260273973,1.6484375
