virus,realm,locus_tag,host,type,shape,AAA,AAC,AAG,AAT,ACA,ACC,ACG,ACT,AGA,AGC,AGG,AGT,ATA,ATC,ATG,ATT,CAA,CAC,CAG,CAT,CCA,CCC,CCG,CCT,CGA,CGC,CGG,CGT,CTA,CTC,CTG,CTT,GAA,GAC,GAG,GAT,GCA,GCC,GCG,GCT,GGA,GGC,GGG,GGT,GTA,GTC,GTG,GTT,TAA,TAC,TAG,TAT,TCA,TCC,TCG,TCT,TGA,TGC,TGG,TGT,TTA,TTC,TTG,TTT
Xinzhou nematode virus 7,Riboviria,B1U12,invertebrates,RNA,linear,0.571428571428571,1.14285714285714,1.42857142857143,0.857142857142857,0.727272727272727,1.45454545454545,0.606060606060606,1.21212121212121,0.489795918367347,0.857142857142857,1.28571428571429,0.75,0.72,0.84,1,1.44,0.810810810810811,1.2,1.18918918918919,0.8,0.831168831168831,1.35064935064935,0.519480519480519,1.2987012987013,0.673469387755102,1.40816326530612,0.979591836734694,1.16326530612245,0.32258064516129,1.35483870967742,0.838709677419355,1.03225806451613,0.608695652173913,1.25,1.39130434782609,0.75,0.790697674418605,1.16279069767442,0.604651162790698,1.44186046511628,0.41025641025641,0.871794871794872,1.48717948717949,1.23076923076923,0.0597014925373134,0.776119402985075,1.43283582089552,1.73134328358209,0,0.727272727272727,3,1.27272727272727,1.5,0.75,0.535714285714286,1.60714285714286,0,0.555555555555556,1,1.44444444444444,0.258064516129032,0.8,2.19354838709677,1.2
