virus,realm,locus_tag,host,type,shape,AAA,AAC,AAG,AAT,ACA,ACC,ACG,ACT,AGA,AGC,AGG,AGT,ATA,ATC,ATG,ATT,CAA,CAC,CAG,CAT,CCA,CCC,CCG,CCT,CGA,CGC,CGG,CGT,CTA,CTC,CTG,CTT,GAA,GAC,GAG,GAT,GCA,GCC,GCG,GCT,GGA,GGC,GGG,GGT,GTA,GTC,GTG,GTT,TAA,TAC,TAG,TAT,TCA,TCC,TCG,TCT,TGA,TGC,TGG,TGT,TTA,TTC,TTG,TTT
Yado-nushi virus 1-A,Riboviria,EXI04,fungi,RNA,linear,1.26436781609195,1.43434343434343,0.735632183908046,0.565656565656566,1.00900900900901,1.63963963963964,0.324324324324324,1.02702702702703,1.69565217391304,0.525773195876289,1,0.463917525773196,0.579207920792079,1.36633663366337,1,1.05445544554455,1.32710280373832,1.34210526315789,0.672897196261682,0.657894736842105,1.25139664804469,1.36312849162011,0.424581005586592,0.960893854748603,0.91304347826087,1.04347826086957,0.434782608695652,0.91304347826087,1.21457489878543,1.84615384615385,0.704453441295547,1.02024291497976,1.11304347826087,1.19736842105263,0.88695652173913,0.802631578947368,0.729559748427673,1.68553459119497,0.276729559748428,1.30817610062893,1.37777777777778,0.755555555555556,0.711111111111111,1.15555555555556,0.753623188405797,1.1304347826087,0.72463768115942,1.39130434782609,3,1.28846153846154,0,0.711538461538462,1.14432989690722,1.76288659793814,0.43298969072165,1.67010309278351,0,0.470588235294118,1,1.52941176470588,0.777327935222672,1.14285714285714,0.437246963562753,0.857142857142857
