virus,realm,locus_tag,host,type,shape,AAA,AAC,AAG,AAT,ACA,ACC,ACG,ACT,AGA,AGC,AGG,AGT,ATA,ATC,ATG,ATT,CAA,CAC,CAG,CAT,CCA,CCC,CCG,CCT,CGA,CGC,CGG,CGT,CTA,CTC,CTG,CTT,GAA,GAC,GAG,GAT,GCA,GCC,GCG,GCT,GGA,GGC,GGG,GGT,GTA,GTC,GTG,GTT,TAA,TAC,TAG,TAT,TCA,TCC,TCG,TCT,TGA,TGC,TGG,TGT,TTA,TTC,TTG,TTT
Yellowstone lake phycodnavirus 3,NA,AR677,NA,DNA,linear,0.574527424852805,1.25250431778929,1.4254725751472,0.747495682210708,0.423863636363636,1.27727272727273,1.78863636363636,0.510227272727273,0.591521524811042,0.98008658008658,0.441669405192245,0.557575757575758,0.525555163905534,1.58301022206556,1,0.891434614028904,0.491662183969876,1.33630289532294,1.50833781603012,0.66369710467706,0.57002457002457,1.1035451035451,1.61179361179361,0.714636714636715,0.530397633913901,2.06046664475846,1.31317778508051,1.06276700624384,0.340018656716418,2.03731343283582,1.78684701492537,0.845149253731343,0.661481481481481,1.29425837320574,1.33851851851852,0.705741626794258,0.431184668989547,1.71515679442509,1.34668989547038,0.506968641114983,0.610863290474941,1.50406717397009,0.803988454473891,1.08108108108108,0.338297872340426,2.12234042553191,1.03936170212766,0.5,1.32203389830508,1.3831884057971,0.75,0.616811594202899,0.74978354978355,1.12900432900433,1.87359307359307,0.70995670995671,0.927966101694915,1.20975609756098,1,0.790243902439024,0.292444029850746,1.31320414601172,0.698227611940298,0.686795853988283
