virus,realm,host,locus_tag,AAA,AAC,AAG,AAT,ACA,ACC,ACG,ACT,AGA,AGC,AGG,AGT,ATA,ATC,ATG,ATT,CAA,CAC,CAG,CAT,CCA,CCC,CCG,CCT,CGA,CGC,CGG,CGT,CTA,CTC,CTG,CTT,GAA,GAC,GAG,GAT,GCA,GCC,GCG,GCT,GGA,GGC,GGG,GGT,GTA,GTC,GTG,GTT,TAA,TAC,TAG,TAT,TCA,TCC,TCG,TCT,TGA,TGC,TGG,TGT,TTA,TTC,TTG,TTT
Yersinia phage fPS-59,NA,NA,HOS89,0.694789081885856,1.33333333333333,1.30521091811414,0.666666666666667,1.04374057315234,0.98340874811463,0.440422322775264,1.53242835595777,0.814696485623003,0.690121786197564,0.488817891373802,1.29093369418133,0.317589576547231,1.23127035830619,1,1.45114006514658,0.946902654867257,1.05102040816327,1.05309734513274,0.948979591836735,1.45803357314149,0.23021582733813,0.37410071942446,1.93764988009592,0.575079872204473,0.958466453674121,0.335463258785943,2.82747603833866,0.705882352941177,0.630252100840336,1.17226890756303,1.17226890756303,0.83645443196005,0.96862210095498,1.16354556803995,1.03137789904502,1.024,0.552,0.436,1.988,0.443428571428571,0.763428571428571,0.598857142857143,2.19428571428571,1.05710491367862,0.648074369189907,0.844621513944223,1.45019920318725,2.17021276595745,1.01799485861183,0.319148936170213,0.982005141388175,1.17726657645467,0.787550744248985,0.349120433017591,1.70500676589986,0.51063829787234,0.696428571428571,1,1.30357142857143,1.34243697478992,1.18703241895262,0.976890756302521,0.812967581047382
