virus,realm,locus_tag,host,type,shape,AAA,AAC,AAG,AAT,ACA,ACC,ACG,ACT,AGA,AGC,AGG,AGT,ATA,ATC,ATG,ATT,CAA,CAC,CAG,CAT,CCA,CCC,CCG,CCT,CGA,CGC,CGG,CGT,CTA,CTC,CTG,CTT,GAA,GAC,GAG,GAT,GCA,GCC,GCG,GCT,GGA,GGC,GGG,GGT,GTA,GTC,GTG,GTT,TAA,TAC,TAG,TAT,TCA,TCC,TCG,TCT,TGA,TGC,TGG,TGT,TTA,TTC,TTG,TTT
Yersinia phage phiYe-F10,Duplodnaviria,HOR06,bacteria,DNA,linear,0.608233731739708,1.53231939163498,1.39176626826029,0.467680608365019,0.713804713804714,1.41414141414141,0.68013468013468,1.19191919191919,0.316265060240964,1.02089552238806,0.280120481927711,0.814925373134328,0.181512605042017,1.37647058823529,1,1.44201680672269,0.663755458515284,1.4392523364486,1.33624454148472,0.560747663551402,0.846153846153846,0.269230769230769,1.52884615384615,1.35576923076923,0.641566265060241,1.83433734939759,0.397590361445783,2.53012048192771,0.540540540540541,0.986486486486487,2.10810810810811,0.932432432432432,0.758949880668258,1.20718232044199,1.24105011933174,0.792817679558011,0.878760255241568,0.76207839562443,0.889699179580675,1.46946216955333,0.518691588785047,1.04672897196262,0.523364485981308,1.91121495327103,0.796703296703297,0.758241758241758,1.3021978021978,1.14285714285714,2.15217391304348,1.2258064516129,0.0652173913043478,0.774193548387097,0.850746268656716,1.26268656716418,0.483582089552239,1.56716417910448,0.782608695652174,0.947368421052632,1,1.05263157894737,0.608108108108108,1.5417661097852,0.824324324324324,0.458233890214797
