virus,realm,locus_tag,host,type,shape,AAA,AAC,AAG,AAT,ACA,ACC,ACG,ACT,AGA,AGC,AGG,AGT,ATA,ATC,ATG,ATT,CAA,CAC,CAG,CAT,CCA,CCC,CCG,CCT,CGA,CGC,CGG,CGT,CTA,CTC,CTG,CTT,GAA,GAC,GAG,GAT,GCA,GCC,GCG,GCT,GGA,GGC,GGG,GGT,GTA,GTC,GTG,GTT,TAA,TAC,TAG,TAT,TCA,TCC,TCG,TCT,TGA,TGC,TGG,TGT,TTA,TTC,TTG,TTT
Yersinia phage phiR2-01,Duplodnaviria,BN79,bacteria,DNA,linear,1.27929515418502,0.937388193202147,0.720704845814978,1.06261180679785,0.9,0.687755102040816,0.512244897959184,1.9,1.05832747716093,0.673526660430309,0.383696416022488,1.18709073900842,0.410041841004184,0.871687587168759,1,1.71827057182706,0.968185726569218,0.737931034482759,1.03181427343078,1.26206896551724,1.71883289124668,0.251105216622458,0.526967285587975,1.50309460654288,0.607167955024596,0.881236823612087,0.172874209416725,2.89669711876318,1.17381489841986,0.349887133182844,1.30474040632054,1.19638826185102,1.37383592017738,0.508474576271186,0.626164079822616,1.49152542372881,1.23595505617978,0.467415730337079,0.506367041198502,1.79026217228464,0.776315789473684,0.678571428571429,0.449248120300752,2.09586466165414,1.43117593436645,0.326344576116682,0.466727438468551,1.77575205104831,2.27710843373494,0.759055118110236,0.271084337349398,1.24094488188976,0.917680074836296,0.833489242282507,0.249766136576239,2.13844714686623,0.451807228915663,0.710601719197708,1,1.28939828080229,1.40180586907449,0.953453453453453,0.573363431151242,1.04654654654655
