virus,realm,locus_tag,host,type,shape,AAA,AAC,AAG,AAT,ACA,ACC,ACG,ACT,AGA,AGC,AGG,AGT,ATA,ATC,ATG,ATT,CAA,CAC,CAG,CAT,CCA,CCC,CCG,CCT,CGA,CGC,CGG,CGT,CTA,CTC,CTG,CTT,GAA,GAC,GAG,GAT,GCA,GCC,GCG,GCT,GGA,GGC,GGG,GGT,GTA,GTC,GTG,GTT,TAA,TAC,TAG,TAT,TCA,TCC,TCG,TCT,TGA,TGC,TGG,TGT,TTA,TTC,TTG,TTT
Yongjia Tick Virus 1,Riboviria,KM607,invertebrates,RNA,linear,0.384615384615385,1.45454545454545,1.61538461538462,0.545454545454545,1.20987654320988,1.45679012345679,0.716049382716049,0.617283950617284,1.32,1.1304347826087,3.04,0.666666666666667,0.453237410071942,1.61870503597122,1,0.928057553956835,0.731707317073171,1.44444444444444,1.26829268292683,0.555555555555556,1.47368421052632,1.12280701754386,0.456140350877193,0.947368421052632,0.56,0.32,0.44,0.32,0.529411764705882,1.73949579831933,1.73949579831933,0.73109243697479,0.634920634920635,1.26315789473684,1.36507936507937,0.736842105263158,1.46341463414634,1.19512195121951,0.414634146341463,0.926829268292683,1.62406015037594,0.962406015037594,0.902255639097744,0.511278195488722,0.280254777070064,1.42675159235669,1.47770700636943,0.815286624203822,0,1.50649350649351,0,0.493506493506494,1.04347826086957,1.42028985507246,0.434782608695652,1.30434782608696,3,1.26315789473684,1,0.736842105263158,0.126050420168067,1.4392523364486,1.13445378151261,0.560747663551402
