virus,realm,host,locus_tag,AAA,AAC,AAG,AAT,ACA,ACC,ACG,ACT,AGA,AGC,AGG,AGT,ATA,ATC,ATG,ATT,CAA,CAC,CAG,CAT,CCA,CCC,CCG,CCT,CGA,CGC,CGG,CGT,CTA,CTC,CTG,CTT,GAA,GAC,GAG,GAT,GCA,GCC,GCG,GCT,GGA,GGC,GGG,GGT,GTA,GTC,GTG,GTT,TAA,TAC,TAG,TAT,TCA,TCC,TCG,TCT,TGA,TGC,TGG,TGT,TTA,TTC,TTG,TTT
Yongsan picorna-like virus 3,Riboviria,invertebrates,EXJ37,1.1271186440678,0.616915422885572,0.872881355932203,1.38308457711443,1.39574468085106,0.782978723404255,0.646808510638298,1.17446808510638,3.32903225806452,0.878787878787879,1.35483870967742,1.12121212121212,1.39055793991416,0.373390557939914,1,1.23605150214592,1.27007299270073,0.916666666666667,0.72992700729927,1.08333333333333,1.43065693430657,0.759124087591241,0.671532846715328,1.13868613138686,0.309677419354839,0.309677419354839,0.270967741935484,0.425806451612903,0.873563218390805,0.505747126436782,0.96551724137931,0.64367816091954,1.24873096446701,0.69,0.751269035532995,1.31,1.17894736842105,0.842105263157895,0.547368421052632,1.43157894736842,1.95744680851064,0.680851063829787,0.51063829787234,0.851063829787234,1.24017467248908,0.471615720524017,0.803493449781659,1.48471615720524,3,0.680851063829787,0,1.31914893617021,1.12121212121212,1.03030303030303,0.636363636363636,1.21212121212121,0,0.866666666666667,1,1.13333333333333,0.781609195402299,0.816568047337278,2.22988505747126,1.18343195266272
