virus,realm,locus_tag,host,type,shape,AAA,AAC,AAG,AAT,ACA,ACC,ACG,ACT,AGA,AGC,AGG,AGT,ATA,ATC,ATG,ATT,CAA,CAC,CAG,CAT,CCA,CCC,CCG,CCT,CGA,CGC,CGG,CGT,CTA,CTC,CTG,CTT,GAA,GAC,GAG,GAT,GCA,GCC,GCG,GCT,GGA,GGC,GGG,GGT,GTA,GTC,GTG,GTT,TAA,TAC,TAG,TAT,TCA,TCC,TCG,TCT,TGA,TGC,TGG,TGT,TTA,TTC,TTG,TTT
Yongsan bunyavirus 1,Riboviria,F2Q08,invertebrates,RNA,linear,0.870466321243523,0.880597014925373,1.12953367875648,1.11940298507463,1.56424581005587,0.692737430167598,0.491620111731844,1.25139664804469,3.1875,0.812903225806452,1.96875,1.04516129032258,1.25396825396825,0.825396825396825,1,0.920634920634921,1.06849315068493,0.830769230769231,0.931506849315068,1.16923076923077,1.90697674418605,0.465116279069767,0.418604651162791,1.2093023255814,0.1875,0.09375,0.375,0.1875,1.68472906403941,0.620689655172414,1.03448275862069,0.798029556650246,1.06918238993711,0.959537572254335,0.930817610062893,1.04046242774566,2.08187134502924,0.725146198830409,0.187134502923977,1.00584795321637,1.18095238095238,1.02857142857143,0.761904761904762,1.02857142857143,0.496732026143791,0.73202614379085,1.28104575163399,1.49019607843137,1.5,0.896551724137931,1.5,1.10344827586207,2.16774193548387,0.735483870967742,0.232258064516129,1.00645161290323,0,1.07692307692308,1,0.923076923076923,0.532019704433498,0.987654320987654,1.33004926108374,1.01234567901235
