virus,realm,locus_tag,host,type,shape,AAA,AAC,AAG,AAT,ACA,ACC,ACG,ACT,AGA,AGC,AGG,AGT,ATA,ATC,ATG,ATT,CAA,CAC,CAG,CAT,CCA,CCC,CCG,CCT,CGA,CGC,CGG,CGT,CTA,CTC,CTG,CTT,GAA,GAC,GAG,GAT,GCA,GCC,GCG,GCT,GGA,GGC,GGG,GGT,GTA,GTC,GTG,GTT,TAA,TAC,TAG,TAT,TCA,TCC,TCG,TCT,TGA,TGC,TGG,TGT,TTA,TTC,TTG,TTT
Yongsan tombus-like virus 1,NA,EXK80,NA,RNA,linear,0.733333333333333,1.01818181818182,1.26666666666667,0.981818181818182,0.8,1.56,0.52,1.12,0.818181818181818,1.2258064516129,1.56818181818182,1.03225806451613,0.736842105263158,1.05263157894737,1,1.21052631578947,1.10714285714286,1.10526315789474,0.892857142857143,0.894736842105263,1.19047619047619,1.14285714285714,0.619047619047619,1.04761904761905,0.409090909090909,1.22727272727273,0.886363636363636,1.09090909090909,1.2,0.626086956521739,1.2,0.782608695652174,0.535714285714286,1.30434782608696,1.46428571428571,0.695652173913043,0.767676767676768,1.65656565656566,0.646464646464647,0.929292929292929,1.41176470588235,0.941176470588235,0.941176470588235,0.705882352941177,0.740740740740741,0.839506172839506,1.77777777777778,0.641975308641975,1,1.44444444444444,2,0.555555555555556,1.16129032258065,0.774193548387097,0.903225806451613,0.903225806451613,0,1.26315789473684,1,0.736842105263158,0.626086956521739,1.2,1.56521739130435,0.8
