virus,realm,locus_tag,host,type,shape,AAA,AAC,AAG,AAT,ACA,ACC,ACG,ACT,AGA,AGC,AGG,AGT,ATA,ATC,ATG,ATT,CAA,CAC,CAG,CAT,CCA,CCC,CCG,CCT,CGA,CGC,CGG,CGT,CTA,CTC,CTG,CTT,GAA,GAC,GAG,GAT,GCA,GCC,GCG,GCT,GGA,GGC,GGG,GGT,GTA,GTC,GTG,GTT,TAA,TAC,TAG,TAT,TCA,TCC,TCG,TCT,TGA,TGC,TGG,TGT,TTA,TTC,TTG,TTT
Youcai mosaic virus,Riboviria,YoMVgp,land plants,RNA,linear,0.797202797202797,1,1.2027972027972,1,1.24137931034483,0.586206896551724,1.06896551724138,1.10344827586207,1.92452830188679,0.525547445255474,2.20754716981132,1.35766423357664,0.625,0.8125,1,1.5625,1.06060606060606,0.883720930232558,0.939393939393939,1.11627906976744,0.987012987012987,0.467532467532468,1.14285714285714,1.4025974025974,0.452830188679245,0.509433962264151,0.39622641509434,0.509433962264151,0.536842105263158,0.726315789473684,0.789473684210526,1.01052631578947,0.830769230769231,0.73015873015873,1.16923076923077,1.26984126984127,0.756756756756757,0.621621621621622,1.40540540540541,1.21621621621622,1.21348314606742,0.269662921348315,0.584269662921348,1.93258426966292,0.446927374301676,0.603351955307263,1.40782122905028,1.54189944134078,0.75,1.07894736842105,1.5,0.921052631578947,1.00729927007299,0.788321167883212,0.91970802919708,1.4014598540146,0.75,0.55,1,1.45,1.26315789473684,1.19607843137255,1.67368421052632,0.803921568627451
