virus,realm,locus_tag,host,type,shape,AAA,AAC,AAG,AAT,ACA,ACC,ACG,ACT,AGA,AGC,AGG,AGT,ATA,ATC,ATG,ATT,CAA,CAC,CAG,CAT,CCA,CCC,CCG,CCT,CGA,CGC,CGG,CGT,CTA,CTC,CTG,CTT,GAA,GAC,GAG,GAT,GCA,GCC,GCG,GCT,GGA,GGC,GGG,GGT,GTA,GTC,GTG,GTT,TAA,TAC,TAG,TAT,TCA,TCC,TCG,TCT,TGA,TGC,TGG,TGT,TTA,TTC,TTG,TTT
Zantedeschia mild mosaic virus,Riboviria,NA,land plants,ss-RNA,linear,1.26605504587156,0.788732394366197,0.73394495412844,1.2112676056338,1.77319587628866,0.577319587628866,0.65979381443299,0.989690721649485,1.79268292682927,1.25510204081633,1.17073170731707,1.22448979591837,1,0.777777777777778,1,1.22222222222222,1.17582417582418,0.739130434782609,0.824175824175824,1.26086956521739,1.85123966942149,0.661157024793388,0.528925619834711,0.958677685950413,0.658536585365854,0.731707317073171,0.731707317073171,0.914634146341463,0.762541806020067,1.08361204013378,0.782608695652174,1.24414715719064,1.05263157894737,0.619354838709677,0.947368421052632,1.38064516129032,1.74774774774775,0.846846846846847,0.612612612612613,0.792792792792793,1.1866028708134,0.688995215311005,0.995215311004785,1.12918660287081,0.666666666666667,0.862745098039216,1.47058823529412,1,1.5,0.912621359223301,1.5,1.0873786407767,1.95918367346939,0.551020408163265,0.336734693877551,0.673469387755102,0,1.11475409836066,1,0.885245901639344,1.00334448160535,0.926829268292683,1.12374581939799,1.07317073170732
