virus,realm,locus_tag,host,type,shape,AAA,AAC,AAG,AAT,ACA,ACC,ACG,ACT,AGA,AGC,AGG,AGT,ATA,ATC,ATG,ATT,CAA,CAC,CAG,CAT,CCA,CCC,CCG,CCT,CGA,CGC,CGG,CGT,CTA,CTC,CTG,CTT,GAA,GAC,GAG,GAT,GCA,GCC,GCG,GCT,GGA,GGC,GGG,GGT,GTA,GTC,GTG,GTT,TAA,TAC,TAG,TAT,TCA,TCC,TCG,TCT,TGA,TGC,TGG,TGT,TTA,TTC,TTG,TTT
Zegla virus,Riboviria,FLB34,vertebrates,RNA,linear,1.41317365269461,0.547008547008547,0.586826347305389,1.45299145299145,2.19354838709677,0.354838709677419,0.112903225806452,1.33870967741935,3.6140350877193,0.578073089700997,1.2280701754386,1.09634551495017,1.58132530120482,0.379518072289157,1,1.03915662650602,1.58823529411765,0.422222222222222,0.411764705882353,1.57777777777778,1.96923076923077,0.4,0.153846153846154,1.47692307692308,0.421052631578947,0.175438596491228,0.175438596491228,0.385964912280702,1.02030456852792,0.228426395939086,0.380710659898477,0.822335025380711,1.50545454545455,0.624434389140271,0.494545454545455,1.37556561085973,1.87134502923977,0.444444444444444,0.233918128654971,1.45029239766082,1.41614906832298,0.447204968944099,0.869565217391304,1.26708074534161,1.3968253968254,0.529100529100529,0.783068783068783,1.29100529100529,1.5,0.658682634730539,0.75,1.34131736526946,2.15282392026578,0.438538205980066,0.179401993355482,1.55481727574751,0.75,0.735042735042735,1,1.26495726495726,2.43654822335025,0.706976744186047,1.11167512690355,1.29302325581395
