virus,realm,locus_tag,host,type,shape,AAA,AAC,AAG,AAT,ACA,ACC,ACG,ACT,AGA,AGC,AGG,AGT,ATA,ATC,ATG,ATT,CAA,CAC,CAG,CAT,CCA,CCC,CCG,CCT,CGA,CGC,CGG,CGT,CTA,CTC,CTG,CTT,GAA,GAC,GAG,GAT,GCA,GCC,GCG,GCT,GGA,GGC,GGG,GGT,GTA,GTC,GTG,GTT,TAA,TAC,TAG,TAT,TCA,TCC,TCG,TCT,TGA,TGC,TGG,TGT,TTA,TTC,TTG,TTT
Zerdali virus,NA,A6I15,NA,RNA,linear,0.878688524590164,0.906474820143885,1.12131147540984,1.09352517985612,1.39303482587065,0.81592039800995,0.139303482587065,1.65174129353234,3.72115384615385,0.701086956521739,1.44230769230769,1.05978260869565,1.03676470588235,0.805147058823529,1,1.15808823529412,0.931034482758621,0.72289156626506,1.06896551724138,1.27710843373494,1.74233128834356,0.588957055214724,0.122699386503067,1.54601226993865,0.288461538461538,0.144230769230769,0.173076923076923,0.230769230769231,1.03951367781155,0.693009118541033,1.33130699088146,1.09422492401216,0.948453608247423,0.744186046511628,1.05154639175258,1.25581395348837,1.53982300884956,0.79646017699115,0.0884955752212389,1.57522123893805,1.26605504587156,0.844036697247706,0.880733944954128,1.00917431192661,0.471544715447154,0.845528455284553,1.28455284552846,1.39837398373984,0.75,0.73134328358209,0.75,1.26865671641791,1.84239130434783,0.701086956521739,0.260869565217391,1.43478260869565,1.5,1.02040816326531,1,0.979591836734694,0.875379939209726,0.823529411764706,0.966565349544073,1.17647058823529
