virus,realm,host,locus_tag,AAA,AAC,AAG,AAT,ACA,ACC,ACG,ACT,AGA,AGC,AGG,AGT,ATA,ATC,ATG,ATT,CAA,CAC,CAG,CAT,CCA,CCC,CCG,CCT,CGA,CGC,CGG,CGT,CTA,CTC,CTG,CTT,GAA,GAC,GAG,GAT,GCA,GCC,GCG,GCT,GGA,GGC,GGG,GGT,GTA,GTC,GTG,GTT,TAA,TAC,TAG,TAT,TCA,TCC,TCG,TCT,TGA,TGC,TGG,TGT,TTA,TTC,TTG,TTT
Zhejiang mosquito virus 3,Riboviria,invertebrates,BVF68,0.307692307692308,1.38095238095238,1.69230769230769,0.619047619047619,0.363636363636364,1.52727272727273,1.41818181818182,0.690909090909091,0.312,1.47826086956522,0.768,0.826086956521739,0.6875,1.5625,1,0.75,0.626506024096386,1.32258064516129,1.37349397590361,0.67741935483871,0.705882352941177,1.15032679738562,1.30718954248366,0.836601307189543,0.864,1.872,1.224,0.96,0,2.05714285714286,1.62857142857143,1.57142857142857,0.758620689655172,1.41176470588235,1.24137931034483,0.588235294117647,0.538116591928251,1.47085201793722,1.38116591928251,0.609865470852018,0.705882352941177,1.6078431372549,0.862745098039216,0.823529411764706,0.483221476510067,1.63758389261745,1.1006711409396,0.778523489932886,3,1.26666666666667,0,0.733333333333333,0,1.60869565217391,1.52173913043478,0.565217391304348,0,1.5,1,0.5,0,1.62962962962963,0.742857142857143,0.37037037037037
