virus,realm,host,locus_tag,AAA,AAC,AAG,AAT,ACA,ACC,ACG,ACT,AGA,AGC,AGG,AGT,ATA,ATC,ATG,ATT,CAA,CAC,CAG,CAT,CCA,CCC,CCG,CCT,CGA,CGC,CGG,CGT,CTA,CTC,CTG,CTT,GAA,GAC,GAG,GAT,GCA,GCC,GCG,GCT,GGA,GGC,GGG,GGT,GTA,GTC,GTG,GTT,TAA,TAC,TAG,TAT,TCA,TCC,TCG,TCT,TGA,TGC,TGG,TGT,TTA,TTC,TTG,TTT
Acanthamoeba polyphaga moumouvirus,Varidnaviria,protozoa,H012,1.83608630952381,0.18551910673417,0.16391369047619,1.81448089326583,2.00467985534993,0.351981847833794,0.206480890590654,1.43685740622563,3.85801769108641,0.145542168674699,0.35110002268088,1.45413654618474,1.19609126919174,0.176973188856516,1,1.62693554195175,1.84303391384051,0.258209471137228,0.156966086159487,1.74179052886277,1.90250608015227,0.349793803531775,0.212329491382045,1.53537062493391,0.50623724200499,0.184395554547516,0.0660013608528011,1.0342481288274,0.342919372403501,0.144476263461461,0.0958335013915218,0.930988585487839,1.83603798533478,0.211569887787341,0.163962014665224,1.78843011221266,1.63813049514114,0.378528459046738,0.269319759370662,1.71402128644146,1.8573056758605,0.174150900387509,0.147709140642808,1.82083428310919,1.35504579973381,0.315039536522352,0.402724496985829,1.92719016675801,2.45302013422819,0.22058302844329,0.214765100671141,1.77941697155671,2.06522088353414,0.433413654618474,0.238714859437751,1.6629718875502,0.332214765100671,0.266316579144786,1,1.73368342085521,3.72492235711693,0.257088846880907,0.760859920138749,1.74291115311909
