virus,realm,host,locus_tag,AAA,AAC,AAG,AAT,ACA,ACC,ACG,ACT,AGA,AGC,AGG,AGT,ATA,ATC,ATG,ATT,CAA,CAC,CAG,CAT,CCA,CCC,CCG,CCT,CGA,CGC,CGG,CGT,CTA,CTC,CTG,CTT,GAA,GAC,GAG,GAT,GCA,GCC,GCG,GCT,GGA,GGC,GGG,GGT,GTA,GTC,GTG,GTT,TAA,TAC,TAG,TAT,TCA,TCC,TCG,TCT,TGA,TGC,TGG,TGT,TTA,TTC,TTG,TTT
Acinetobacter phage Ac42,Duplodnaviria,bacteria,Ac42p,1.48956992016482,0.695302013422819,0.510430079835179,1.30469798657718,1.66238647040401,0.295646727215785,0.280613842781084,1.76135295959912,0.815084052703317,0.435782389231632,0.0708768741481145,0.980931015143017,0.241556336125372,0.757092677654688,1,2.00135098621994,1.68297872340426,0.605577689243028,0.317021276595745,1.39442231075697,2.03703703703704,0.0762527233115468,0.470588235294118,1.4161220043573,1.36846887778283,0.621535665606542,0.125397546569741,2.99863698318946,0.592022393282015,0.277116864940518,0.160951714485654,1.55633310006998,1.62047857540345,0.630835380835381,0.37952142459655,1.36916461916462,1.58067402326275,0.3483447658813,0.385326573218014,1.68565463763794,0.82061191626409,0.888888888888889,0.274396135265701,2.01610305958132,1.22689994532531,0.520503007107709,0.443958447238928,1.80863860032805,1.88235294117647,0.697053406998158,0.211764705882353,1.30294659300184,1.68255748738082,0.218732473359506,0.496354458777342,2.18564217610768,0.905882352941176,0.479452054794521,1,1.52054794520548,2.39888033589923,0.612312811980033,1.0146955913226,1.38768718801997
