virus,realm,host,locus_tag,AAA,AAC,AAG,AAT,ACA,ACC,ACG,ACT,AGA,AGC,AGG,AGT,ATA,ATC,ATG,ATT,CAA,CAC,CAG,CAT,CCA,CCC,CCG,CCT,CGA,CGC,CGG,CGT,CTA,CTC,CTG,CTT,GAA,GAC,GAG,GAT,GCA,GCC,GCG,GCT,GGA,GGC,GGG,GGT,GTA,GTC,GTG,GTT,TAA,TAC,TAG,TAT,TCA,TCC,TCG,TCT,TGA,TGC,TGG,TGT,TTA,TTC,TTG,TTT
Acinetobacter phage VB ApiP XC38,NA,NA,KNU81,0.988970588235294,1.05156136528686,1.01102941176471,0.948438634713144,1.25272067714631,0.510278113663845,0.198307134220073,2.03869407496977,1.20119521912351,0.551020408163265,0.191235059760956,1.25510204081633,0.453488372093023,0.902872777017784,1,1.64363885088919,1.22430741733691,0.788288288288288,0.775692582663092,1.21171171171171,1.40603248259861,0.134570765661253,0.167053364269142,2.292343387471,0.436254980079681,0.741035856573705,0.0896414342629482,3.3406374501992,1.06860902255639,0.298872180451128,0.338345864661654,1.43796992481203,1.32774193548387,0.582068965517241,0.672258064516129,1.41793103448276,1.49882463563705,0.263281617301363,0.167371885284438,2.07052186177715,0.652777777777778,0.533333333333333,0.213888888888889,2.6,1.96231003039514,0.189665653495441,0.41580547112462,1.4322188449848,1.88659793814433,0.941860465116279,0.463917525773196,1.05813953488372,1.41964285714286,0.241071428571429,0.141581632653061,2.39158163265306,0.649484536082474,0.428571428571429,1,1.57142857142857,2.12312030075188,0.973493975903614,0.733082706766917,1.02650602409639
