virus,realm,host,locus_tag,AAA,AAC,AAG,AAT,ACA,ACC,ACG,ACT,AGA,AGC,AGG,AGT,ATA,ATC,ATG,ATT,CAA,CAC,CAG,CAT,CCA,CCC,CCG,CCT,CGA,CGC,CGG,CGT,CTA,CTC,CTG,CTT,GAA,GAC,GAG,GAT,GCA,GCC,GCG,GCT,GGA,GGC,GGG,GGT,GTA,GTC,GTG,GTT,TAA,TAC,TAG,TAT,TCA,TCC,TCG,TCT,TGA,TGC,TGG,TGT,TTA,TTC,TTG,TTT
Acinetobacter phage Loki,Duplodnaviria,bacteria,FDJ62,1.51010701545779,1.08398950131234,0.489892984542212,0.916010498687664,0.984759671746776,0.661195779601407,1.43024618991794,0.92379835873388,0.624087591240876,1.37340153452685,0.372262773722628,0.867007672634271,0.472118959107807,0.788104089219331,1,1.73977695167286,1.5133214920071,0.755555555555556,0.486678507992895,1.24444444444444,0.798434442270059,0.602739726027397,1.43248532289628,1.16634050880626,1.00729927007299,0.996350364963504,0.591240875912409,2.40875912408759,0.663489037178265,0.337464251668255,0.285986653956149,1.00095328884652,1.57987421383648,1.34438775510204,0.420125786163522,0.655612244897959,1.5264,0.7328,1.0656,0.6752,0.362050163576881,1.80152671755725,0.523446019629226,1.31297709923664,1.02449888641425,0.971046770601336,0.387527839643653,1.61692650334076,1.88235294117647,0.762645914396887,0.176470588235294,1.23735408560311,0.91304347826087,0.360613810741688,1.93350383631714,0.552429667519182,0.941176470588235,0.952380952380952,1,1.04761904761905,2.48236415633937,0.78030303030303,1.22974261201144,1.21969696969697
