virus,realm,host,locus_tag,AAA,AAC,AAG,AAT,ACA,ACC,ACG,ACT,AGA,AGC,AGG,AGT,ATA,ATC,ATG,ATT,CAA,CAC,CAG,CAT,CCA,CCC,CCG,CCT,CGA,CGC,CGG,CGT,CTA,CTC,CTG,CTT,GAA,GAC,GAG,GAT,GCA,GCC,GCG,GCT,GGA,GGC,GGG,GGT,GTA,GTC,GTG,GTT,TAA,TAC,TAG,TAT,TCA,TCC,TCG,TCT,TGA,TGC,TGG,TGT,TTA,TTC,TTG,TTT
Aeromonas phage 4L372D,Duplodnaviria,bacteria,HWC27,1.42528056704076,0.65072202166065,0.574719432959244,1.34927797833935,1.99408866995074,0.443349753694581,0.173399014778325,1.38916256157635,1.94747474747475,0.672158154859967,0.868686868686869,1.66556836902801,0.555640243902439,0.672256097560976,1,1.77210365853659,1.55625790139064,0.725034199726402,0.443742098609355,1.2749658002736,1.64312267657993,0.286245353159851,0.401486988847584,1.66914498141264,0.719191919191919,0.565656565656566,0.282828282828283,1.61616161616162,0.892530728017649,0.281752284903876,0.618342262842736,1.44847147809644,1.44659206510682,0.504194630872483,0.553407934893184,1.49580536912752,1.81799053129932,0.441872698579695,0.281956864807996,1.45817990531299,1.08781362007168,0.480286738351254,0.525089605734767,1.90681003584229,1.2210200927357,0.428129829984544,0.44822256568779,1.90262751159196,2.27091633466135,0.582049920339883,0.239043824701195,1.41795007966012,1.27759472817133,0.301482701812191,0.192751235584843,1.89044481054366,0.49003984063745,0.661828737300435,1,1.33817126269956,1.30854081311062,0.556260819388344,1.45036243302868,1.44373918061166
