virus,realm,host,locus_tag,AAA,AAC,AAG,AAT,ACA,ACC,ACG,ACT,AGA,AGC,AGG,AGT,ATA,ATC,ATG,ATT,CAA,CAC,CAG,CAT,CCA,CCC,CCG,CCT,CGA,CGC,CGG,CGT,CTA,CTC,CTG,CTT,GAA,GAC,GAG,GAT,GCA,GCC,GCG,GCT,GGA,GGC,GGG,GGT,GTA,GTC,GTG,GTT,TAA,TAC,TAG,TAT,TCA,TCC,TCG,TCT,TGA,TGC,TGG,TGT,TTA,TTC,TTG,TTT
Aeromonas phage 65,Duplodnaviria,bacteria,ST65p,1.39438202247191,0.722208767255994,0.60561797752809,1.27779123274401,1.12031364861554,1.03602058319039,0.302866944376378,1.54079882381769,1.3567443386938,0.4169449081803,0.439120446340663,1.36853088480801,0.684006640841173,0.789153292750415,1,1.52684006640841,1.40921919096896,0.542666666666667,0.590780809031044,1.45733333333333,1.51694551694552,0.454740454740455,0.784212784212784,1.24410124410124,0.964883491959304,0.576960945191992,0.649819494584838,2.01247128322941,0.895166103043565,0.315098468271335,0.772229958225582,1.61487964989059,1.54787234042553,0.445528455284553,0.452127659574468,1.55447154471545,1.35949221004039,0.523946912867859,0.59665320253895,1.5199076745528,0.96824339329336,0.261159227181879,0.564068398845214,2.20652898067955,1.30949210576374,0.229788852957961,0.426859425527868,2.03385961575043,1.73684210526316,0.464348850913377,0.267734553775744,1.53565114908662,1.15442404006678,0.684891485809683,0.384390651085142,1.99081803005008,0.995423340961098,0.371069182389937,1,1.62893081761006,0.898746767455739,0.727825030376671,1.50387905311319,1.27217496962333
