virus,realm,host,locus_tag,AAA,AAC,AAG,AAT,ACA,ACC,ACG,ACT,AGA,AGC,AGG,AGT,ATA,ATC,ATG,ATT,CAA,CAC,CAG,CAT,CCA,CCC,CCG,CCT,CGA,CGC,CGG,CGT,CTA,CTC,CTG,CTT,GAA,GAC,GAG,GAT,GCA,GCC,GCG,GCT,GGA,GGC,GGG,GGT,GTA,GTC,GTG,GTT,TAA,TAC,TAG,TAT,TCA,TCC,TCG,TCT,TGA,TGC,TGG,TGT,TTA,TTC,TTG,TTT
Aeromonas phage ZPAH7,Duplodnaviria,bacteria,HOU89,0.257289879931389,1.61290322580645,1.74271012006861,0.387096774193548,0.950819672131147,1.68852459016393,0.614754098360656,0.745901639344262,0.165137614678899,1.45365853658537,0.55045871559633,0.380487804878049,0.334821428571429,1.94196428571429,1,0.723214285714286,0.404347826086957,1.58252427184466,1.59565217391304,0.41747572815534,0.721649484536082,0.670103092783505,1.63917525773196,0.969072164948454,0.836697247706422,1.70642201834862,1.55229357798165,1.18899082568807,0.391959798994975,1.10804020100503,2.96984924623116,0.92713567839196,0.424528301886792,1.49032258064516,1.57547169811321,0.509677419354839,1.453125,1.16015625,0.63671875,0.75,0.415584415584416,1.61038961038961,0.732467532467532,1.24155844155844,0.909090909090909,0.666666666666667,1.44848484848485,0.975757575757576,1.86206896551724,1.59333333333333,0.206896551724138,0.406666666666667,0.868292682926829,1.6390243902439,0.780487804878049,0.878048780487805,0.931034482758621,1.34042553191489,1,0.659574468085106,0.0753768844221105,1.7617728531856,0.527638190954774,0.238227146814404
