virus,realm,host,locus_tag,AAA,AAC,AAG,AAT,ACA,ACC,ACG,ACT,AGA,AGC,AGG,AGT,ATA,ATC,ATG,ATT,CAA,CAC,CAG,CAT,CCA,CCC,CCG,CCT,CGA,CGC,CGG,CGT,CTA,CTC,CTG,CTT,GAA,GAC,GAG,GAT,GCA,GCC,GCG,GCT,GGA,GGC,GGG,GGT,GTA,GTC,GTG,GTT,TAA,TAC,TAG,TAT,TCA,TCC,TCG,TCT,TGA,TGC,TGG,TGT,TTA,TTC,TTG,TTT
Alces alces faeces associated microvirus MP18 4940,NA,NA,EXI20,1.2,0.153846153846154,0.8,1.84615384615385,0.555555555555556,0.333333333333333,0.111111111111111,3,0.972972972972973,0.25531914893617,0.486486486486487,1.02127659574468,0.538461538461538,0.153846153846154,1,2.30769230769231,0.514285714285714,0.25,1.48571428571429,1.75,1.16666666666667,0.166666666666667,0.166666666666667,2.5,0.486486486486487,0.162162162162162,0.324324324324324,3.56756756756757,0.0983606557377049,0,0.0983606557377049,3.34426229508197,1.43478260869565,0.125,0.565217391304348,1.875,0.328767123287671,0.383561643835616,0.164383561643836,3.12328767123288,0.583333333333333,0.666666666666667,0,2.75,0.405797101449275,0.231884057971014,0.173913043478261,3.18840579710145,0,0.186046511627907,1.5,1.81395348837209,0.574468085106383,0.51063829787234,0.51063829787234,3.12765957446809,1.5,0.5,1,1.5,1.27868852459016,0.212765957446809,1.18032786885246,1.78723404255319
