virus,realm,host,locus_tag,AAA,AAC,AAG,AAT,ACA,ACC,ACG,ACT,AGA,AGC,AGG,AGT,ATA,ATC,ATG,ATT,CAA,CAC,CAG,CAT,CCA,CCC,CCG,CCT,CGA,CGC,CGG,CGT,CTA,CTC,CTG,CTT,GAA,GAC,GAG,GAT,GCA,GCC,GCG,GCT,GGA,GGC,GGG,GGT,GTA,GTC,GTG,GTT,TAA,TAC,TAG,TAT,TCA,TCC,TCG,TCT,TGA,TGC,TGG,TGT,TTA,TTC,TTG,TTT
Anadyr virus,Riboviria,invertebrates,KM530,1.23745819397993,0.714893617021277,0.762541806020067,1.28510638297872,2.31501831501832,0.483516483516484,0.131868131868132,1.06959706959707,2.82142857142857,0.854430379746835,2.10714285714286,1.13924050632911,1.51289398280802,0.558739255014327,1,0.92836676217765,1.1404958677686,0.588235294117647,0.859504132231405,1.41176470588235,1.90625,0.5,0.34375,1.25,0.392857142857143,0.142857142857143,0.285714285714286,0.25,1,0.447761194029851,0.611940298507463,0.656716417910448,1.2156862745098,0.581632653061224,0.784313725490196,1.41836734693878,2.45454545454545,0.295454545454545,0.0909090909090909,1.15909090909091,1.3854748603352,0.603351955307263,1.05027932960894,0.960893854748603,1.10204081632653,0.591836734693878,0.755102040816326,1.55102040816327,1.5,0.754716981132076,0.75,1.24528301886792,2.0506329113924,0.512658227848101,0.151898734177215,1.29113924050633,0.75,0.942307692307692,1,1.05769230769231,2.08955223880597,0.851674641148325,1.19402985074627,1.14832535885167
