virus,realm,host,locus_tag,AAA,AAC,AAG,AAT,ACA,ACC,ACG,ACT,AGA,AGC,AGG,AGT,ATA,ATC,ATG,ATT,CAA,CAC,CAG,CAT,CCA,CCC,CCG,CCT,CGA,CGC,CGG,CGT,CTA,CTC,CTG,CTT,GAA,GAC,GAG,GAT,GCA,GCC,GCG,GCT,GGA,GGC,GGG,GGT,GTA,GTC,GTG,GTT,TAA,TAC,TAG,TAT,TCA,TCC,TCG,TCT,TGA,TGC,TGG,TGT,TTA,TTC,TTG,TTT
Andrena haemorrhoa nege-like virus,Riboviria,invertebrates,EXL39,1.41666666666667,0.93719806763285,0.583333333333333,1.06280193236715,0.594285714285714,1.02857142857143,0.662857142857143,1.71428571428571,1.70642201834862,0.311688311688312,0.220183486238532,0.779220779220779,0.897196261682243,0.490654205607477,1,1.61214953271028,1.35,0.509090909090909,0.65,1.49090909090909,0.452830188679245,0.60377358490566,0.716981132075472,2.22641509433962,0.770642201834862,0.220183486238532,0.385321100917431,2.69724770642202,0.41522491349481,0.373702422145329,0.664359861591695,1.57785467128028,1.58666666666667,0.905660377358491,0.413333333333333,1.09433962264151,0.703703703703704,0.814814814814815,0.481481481481481,2,0.848484848484849,0.484848484848485,0.242424242424242,2.42424242424242,0.911917098445596,0.621761658031088,0.455958549222798,2.01036269430052,3,0.831325301204819,0,1.16867469879518,1.11688311688312,0.987012987012987,0.857142857142857,1.94805194805195,0,0.440677966101695,1,1.55932203389831,1.51557093425606,0.423280423280423,1.45328719723183,1.57671957671958
