virus,realm,host,locus_tag,AAA,AAC,AAG,AAT,ACA,ACC,ACG,ACT,AGA,AGC,AGG,AGT,ATA,ATC,ATG,ATT,CAA,CAC,CAG,CAT,CCA,CCC,CCG,CCT,CGA,CGC,CGG,CGT,CTA,CTC,CTG,CTT,GAA,GAC,GAG,GAT,GCA,GCC,GCG,GCT,GGA,GGC,GGG,GGT,GTA,GTC,GTG,GTT,TAA,TAC,TAG,TAT,TCA,TCC,TCG,TCT,TGA,TGC,TGG,TGT,TTA,TTC,TTG,TTT
Anopheles minimus iridovirus,Varidnaviria,invertebrates,DH26,1.42158426368953,0.996348884381339,0.578415736310473,1.00365111561866,1.23761544920235,1.04114189756507,0.743912678421495,0.977329974811083,2.04896907216495,0.895586652314316,0.69201030927835,0.874058127018299,0.884356154664775,0.890741397658744,1,1.22490244767648,1.49654739485248,0.972081218274112,0.50345260514752,1.02791878172589,1.1166163141994,0.935347432024169,0.858006042296072,1.09003021148036,1.02448453608247,1.02448453608247,0.483247422680412,0.72680412371134,0.572173006774362,0.69254820218864,0.681605002605524,0.833246482542991,1.35896487985213,0.990316901408451,0.641035120147874,1.00968309859155,0.824877250409165,1.21331151118385,0.988543371522095,0.973267866884888,1.54325955734406,0.959758551307847,0.6841046277666,0.812877263581489,0.663127807268273,0.886892609228256,1.08289097590853,1.36708860759494,2.10687022900763,0.866272189349112,0.572519083969466,1.13372781065089,0.706135629709365,0.889128094725511,1.08073196986006,1.55435952637244,0.320610687022901,0.998616874135546,1,1.00138312586445,1.20844189682126,0.686103012633625,2.01198540906722,1.31389698736638
