virus,realm,host,locus_tag,AAA,AAC,AAG,AAT,ACA,ACC,ACG,ACT,AGA,AGC,AGG,AGT,ATA,ATC,ATG,ATT,CAA,CAC,CAG,CAT,CCA,CCC,CCG,CCT,CGA,CGC,CGG,CGT,CTA,CTC,CTG,CTT,GAA,GAC,GAG,GAT,GCA,GCC,GCG,GCT,GGA,GGC,GGG,GGT,GTA,GTC,GTG,GTT,TAA,TAC,TAG,TAT,TCA,TCC,TCG,TCT,TGA,TGC,TGG,TGT,TTA,TTC,TTG,TTT
Aphis glycines virus 3,Riboviria,invertebrates,CD923,1.20261437908497,0.847682119205298,0.797385620915033,1.1523178807947,1.17777777777778,0.577777777777778,0.555555555555556,1.68888888888889,2.05594405594406,0.34375,0.41958041958042,1.1875,1.24431818181818,0.426136363636364,1,1.32954545454545,1.39805825242718,0.680851063829787,0.601941747572815,1.31914893617021,1.37313432835821,0.656716417910448,0.507462686567164,1.46268656716418,1.09090909090909,0.881118881118881,0.587412587412587,0.965034965034965,0.707317073170732,0.341463414634146,0.219512195121951,0.975609756097561,1.50666666666667,0.695652173913043,0.493333333333333,1.30434782608696,1.05747126436782,0.551724137931034,0.64367816091954,1.74712643678161,1.91044776119403,0.656716417910448,0.417910447761194,1.01492537313433,0.786516853932584,0.539325842696629,0.921348314606742,1.75280898876405,0,0.617886178861789,0,1.38211382113821,1.40625,0.34375,0.875,1.84375,3,0.625,1,1.375,2.14634146341463,0.537313432835821,1.60975609756098,1.46268656716418
