virus,realm,host,locus_tag,AAA,AAC,AAG,AAT,ACA,ACC,ACG,ACT,AGA,AGC,AGG,AGT,ATA,ATC,ATG,ATT,CAA,CAC,CAG,CAT,CCA,CCC,CCG,CCT,CGA,CGC,CGG,CGT,CTA,CTC,CTG,CTT,GAA,GAC,GAG,GAT,GCA,GCC,GCG,GCT,GGA,GGC,GGG,GGT,GTA,GTC,GTG,GTT,TAA,TAC,TAG,TAT,TCA,TCC,TCG,TCT,TGA,TGC,TGG,TGT,TTA,TTC,TTG,TTT
Arthrobacter phage Tank,Duplodnaviria,bacteria,FDH86,0.145129224652087,1.73970783532537,1.85487077534791,0.260292164674635,0.211126961483595,2.67617689015692,0.778887303851641,0.333808844507846,0.0203735144312394,1.11856091578087,0.448217317487267,0.152085036794767,0.038781163434903,2.51523545706371,1,0.445983379501385,0.242595204513399,1.63192904656319,1.7574047954866,0.368070953436807,0.325537885874649,1.8110383536015,1.49672591206735,0.366697848456501,0.33106960950764,3.22920203735144,1.57894736842105,0.392190152801358,0.133159268929504,1.71932114882507,3.28590078328982,0.434725848563969,0.487406398910824,1.51497860199715,1.51259360108918,0.485021398002853,0.545702592087312,1.95543428831287,0.874943155979991,0.623919963619827,0.511330621731551,2.29169087739686,0.743753631609529,0.453224869262057,0.245070422535211,1.96901408450704,1.3943661971831,0.391549295774648,0.828571428571429,1.75043936731107,0.8,0.249560632688928,0.367947669664759,2.97301717089125,1.04987735077678,0.338511856091578,1.37142857142857,1.86740331491713,1,0.132596685082873,0.00391644908616188,1.7677793904209,0.422976501305483,0.2322206095791
