virus,realm,host,locus_tag,AAA,AAC,AAG,AAT,ACA,ACC,ACG,ACT,AGA,AGC,AGG,AGT,ATA,ATC,ATG,ATT,CAA,CAC,CAG,CAT,CCA,CCC,CCG,CCT,CGA,CGC,CGG,CGT,CTA,CTC,CTG,CTT,GAA,GAC,GAG,GAT,GCA,GCC,GCG,GCT,GGA,GGC,GGG,GGT,GTA,GTC,GTG,GTT,TAA,TAC,TAG,TAT,TCA,TCC,TCG,TCT,TGA,TGC,TGG,TGT,TTA,TTC,TTG,TTT
Arthrobacter phage vB ArtM-ArV1,NA,NA,ArV1,0.510978043912176,1.73059360730594,1.48902195608782,0.269406392694064,0.361821584529008,2.16593886462882,1.09544603867748,0.376793512164691,0.129657228017884,1.98382749326146,0.447093889716841,0.328840970350404,0.25601750547046,1.42450765864333,1,1.31947483588621,0.916559691912709,1.6468330134357,1.08344030808729,0.353166986564299,0.459279038718291,1.72496662216288,1.57276368491322,0.242990654205607,0.447093889716841,2.54843517138599,1.59165424739195,0.836065573770492,0.341148886283705,1.15357561547479,2.3810082063306,0.928487690504103,1.07759245830312,1.75952203136669,0.922407541696882,0.240477968633308,0.533923303834808,1.76991150442478,0.985250737463127,0.710914454277286,0.351394003156234,2.28511309836928,0.795370857443451,0.568122041031036,0.284880326911851,1.05312317571512,1.97781669585522,0.684179801517805,1.06930693069307,1.49194991055456,0.594059405940594,0.508050089445438,0.479784366576819,2.17250673854447,0.673854447439353,0.361185983827493,1.33663366336634,1.69387755102041,1,0.306122448979592,0.0668229777256741,1.47596899224806,1.12895662368113,0.524031007751938
