virus,realm,host,locus_tag,AAA,AAC,AAG,AAT,ACA,ACC,ACG,ACT,AGA,AGC,AGG,AGT,ATA,ATC,ATG,ATT,CAA,CAC,CAG,CAT,CCA,CCC,CCG,CCT,CGA,CGC,CGG,CGT,CTA,CTC,CTG,CTT,GAA,GAC,GAG,GAT,GCA,GCC,GCG,GCT,GGA,GGC,GGG,GGT,GTA,GTC,GTG,GTT,TAA,TAC,TAG,TAT,TCA,TCC,TCG,TCT,TGA,TGC,TGG,TGT,TTA,TTC,TTG,TTT
Arthrobacter phage Glenn,Duplodnaviria,bacteria,FDH57,0.400572246065808,1.66796875,1.59942775393419,0.33203125,0.265466816647919,2.20922384701912,0.980877390326209,0.544431946006749,0.119254658385093,1.04288939051919,0.633540372670807,0.223476297968397,0.156716417910448,2.17164179104478,1,0.671641791044776,0.352087114337568,1.78195488721805,1.64791288566243,0.218045112781955,0.44822695035461,1.15177304964539,1.9177304964539,0.482269503546099,0.499378881987578,1.71428571428571,2.2583850931677,0.775155279503106,0.23801652892562,1.80495867768595,2.79669421487603,0.406611570247934,0.603815937149271,1.51851851851852,1.39618406285073,0.481481481481481,0.763888888888889,1.50833333333333,1.075,0.652777777777778,0.604269293924466,1.5303776683087,0.919540229885057,0.945812807881773,0.573613766730402,1.59847036328872,1.33078393881453,0.497131931166348,1.359375,1.70348837209302,0.796875,0.296511627906977,0.45372460496614,2.12641083521445,1.79458239277652,0.358916478555305,0.84375,1.72477064220183,1,0.275229357798165,0.0347107438016529,1.73210161662818,0.71900826446281,0.267898383371824
