virus,realm,host,locus_tag,AAA,AAC,AAG,AAT,ACA,ACC,ACG,ACT,AGA,AGC,AGG,AGT,ATA,ATC,ATG,ATT,CAA,CAC,CAG,CAT,CCA,CCC,CCG,CCT,CGA,CGC,CGG,CGT,CTA,CTC,CTG,CTT,GAA,GAC,GAG,GAT,GCA,GCC,GCG,GCT,GGA,GGC,GGG,GGT,GTA,GTC,GTG,GTT,TAA,TAC,TAG,TAT,TCA,TCC,TCG,TCT,TGA,TGC,TGG,TGT,TTA,TTC,TTG,TTT
Arthrobacter phage Zartrosa,Duplodnaviria,bacteria,HYP98,0.422721268163805,1.64575645756458,1.5772787318362,0.354243542435424,0.654545454545455,0.37511961722488,2.00574162679426,0.964593301435407,0.159448818897638,2.44615384615385,0.218503937007874,0.316483516483516,0.0775862068965517,2.61576354679803,1,0.306650246305419,0.337190082644628,1.64429530201342,1.66280991735537,0.355704697986577,0.354430379746835,0.764556962025316,2.09620253164557,0.784810126582278,0.696850393700787,3.47834645669291,0.377952755905512,1.06889763779528,0.135725429017161,2.31669266770671,2.80343213728549,0.444617784711388,0.767096134786918,1.64875239923225,1.23290386521308,0.351247600767754,1.05543710021322,0.317697228144989,1.37313432835821,1.25373134328358,0.220576131687243,3.00246913580247,0.464197530864198,0.312757201646091,0.155214227970897,2.3605497170574,1.25141471301536,0.232821341956346,0.759493670886076,1.51351351351351,0.531645569620253,0.486486486486487,0.534065934065934,0.184615384615385,1.64175824175824,0.876923076923077,1.70886075949367,1.75,1,0.25,0.0187207488299532,1.76138828633406,0.280811232449298,0.238611713665944
