virus,realm,host,locus_tag,AAA,AAC,AAG,AAT,ACA,ACC,ACG,ACT,AGA,AGC,AGG,AGT,ATA,ATC,ATG,ATT,CAA,CAC,CAG,CAT,CCA,CCC,CCG,CCT,CGA,CGC,CGG,CGT,CTA,CTC,CTG,CTT,GAA,GAC,GAG,GAT,GCA,GCC,GCG,GCT,GGA,GGC,GGG,GGT,GTA,GTC,GTG,GTT,TAA,TAC,TAG,TAT,TCA,TCC,TCG,TCT,TGA,TGC,TGG,TGT,TTA,TTC,TTG,TTT
Arthrobacter phage Shade,Duplodnaviria,bacteria,FDI42,0.381333333333333,1.65504587155963,1.61866666666667,0.344954128440367,0.65774378585086,0.359464627151052,2.02294455066922,0.959847036328872,0.150300601202405,2.37988826815642,0.198396793587174,0.294972067039106,0.0669144981412639,2.63197026022305,1,0.301115241635688,0.323717948717949,1.62068965517241,1.67628205128205,0.379310344827586,0.306122448979592,0.795918367346939,2.10204081632653,0.795918367346939,0.643286573146293,3.55310621242485,0.354709418837675,1.1002004008016,0.156645569620253,2.33544303797468,2.83386075949367,0.42246835443038,0.762762762762763,1.64966313763234,1.23723723723724,0.350336862367661,1.03625853914871,0.31739358906989,1.4062007356805,1.24014713610089,0.226600985221675,2.95566502463054,0.456486042692939,0.361247947454844,0.150204081632653,2.32816326530612,1.24081632653061,0.280816326530612,0.74025974025974,1.54301075268817,0.545454545454545,0.456989247311828,0.522905027932961,0.22122905027933,1.72960893854749,0.851396648044693,1.71428571428571,1.82352941176471,1,0.176470588235294,0.0237341772151899,1.76873661670236,0.227848101265823,0.231263383297645
