virus,realm,host,locus_tag,AAA,AAC,AAG,AAT,ACA,ACC,ACG,ACT,AGA,AGC,AGG,AGT,ATA,ATC,ATG,ATT,CAA,CAC,CAG,CAT,CCA,CCC,CCG,CCT,CGA,CGC,CGG,CGT,CTA,CTC,CTG,CTT,GAA,GAC,GAG,GAT,GCA,GCC,GCG,GCT,GGA,GGC,GGG,GGT,GTA,GTC,GTG,GTT,TAA,TAC,TAG,TAT,TCA,TCC,TCG,TCT,TGA,TGC,TGG,TGT,TTA,TTC,TTG,TTT
Arthrobacter phage Urla,Duplodnaviria,bacteria,KDJ07,0.372434017595308,1.76603773584906,1.62756598240469,0.233962264150943,0.278422273781903,2.19953596287703,1.06728538283063,0.454756380510441,0.0813810110974106,1.0327868852459,0.606658446362515,0.203747072599532,0.175714285714286,2.18571428571429,1,0.638571428571429,0.353146853146853,1.62857142857143,1.64685314685315,0.371428571428571,0.395864106351551,1.23485967503693,1.94387001477105,0.425406203840473,0.554870530209618,1.76078914919852,2.2786683107275,0.717632552404439,0.272727272727273,1.92452830188679,2.65523156089194,0.401372212692967,0.565456545654565,1.59,1.43454345434543,0.41,0.726477024070022,1.50255288110868,1.15827862873815,0.612691466083151,0.597887896019496,1.65718927701056,0.90982940698619,0.835093419983753,0.579203109815355,1.68318756073858,1.27502429543246,0.462585034013605,1.25806451612903,1.72067039106145,0.774193548387097,0.279329608938547,0.337236533957845,2.49414519906323,1.63700234192037,0.295081967213115,0.967741935483871,1.72815533980583,1,0.271844660194175,0.0154373927958834,1.81489841986456,0.730703259005146,0.18510158013544
