virus,realm,host,locus_tag,AAA,AAC,AAG,AAT,ACA,ACC,ACG,ACT,AGA,AGC,AGG,AGT,ATA,ATC,ATG,ATT,CAA,CAC,CAG,CAT,CCA,CCC,CCG,CCT,CGA,CGC,CGG,CGT,CTA,CTC,CTG,CTT,GAA,GAC,GAG,GAT,GCA,GCC,GCG,GCT,GGA,GGC,GGG,GGT,GTA,GTC,GTG,GTT,TAA,TAC,TAG,TAT,TCA,TCC,TCG,TCT,TGA,TGC,TGG,TGT,TTA,TTC,TTG,TTT
Avian orthoavulavirus 9,Riboviria,vertebrates,OI57,0.849056603773585,0.763948497854077,1.15094339622642,1.23605150214592,1.38775510204082,0.884353741496599,0.462585034013605,1.26530612244898,1.752,0.910994764397906,1.44,0.910994764397906,1.04761904761905,0.990476190476191,1,0.961904761904762,0.938967136150235,0.762886597938144,1.06103286384977,1.23711340206186,1.48223350253807,0.751269035532995,0.527918781725888,1.23857868020305,0.864,0.552,0.648,0.744,1.02352941176471,0.870588235294118,0.988235294117647,1.01176470588235,1,0.798319327731092,1,1.20168067226891,1.79088471849866,0.686327077747989,0.482573726541555,1.0402144772118,1.4375,0.6875,0.9375,0.9375,1.25547445255474,0.978102189781022,1.03649635036496,0.72992700729927,1.5,0.794326241134752,0,1.20567375886525,1.55497382198953,0.832460732984293,0.471204188481675,1.31937172774869,1.5,0.831460674157303,1,1.1685393258427,1.14117647058824,1.05732484076433,0.964705882352941,0.942675159235669
