virus,realm,host,locus_tag,AAA,AAC,AAG,AAT,ACA,ACC,ACG,ACT,AGA,AGC,AGG,AGT,ATA,ATC,ATG,ATT,CAA,CAC,CAG,CAT,CCA,CCC,CCG,CCT,CGA,CGC,CGG,CGT,CTA,CTC,CTG,CTT,GAA,GAC,GAG,GAT,GCA,GCC,GCG,GCT,GGA,GGC,GGG,GGT,GTA,GTC,GTG,GTT,TAA,TAC,TAG,TAT,TCA,TCC,TCG,TCT,TGA,TGC,TGG,TGT,TTA,TTC,TTG,TTT
Avian orthoavulavirus 1,Riboviria,vertebrates,D1Y42,0.886877828054299,0.820276497695853,1.1131221719457,1.17972350230415,1.4984520123839,0.953560371517028,0.309597523219814,1.23839009287926,1.85,1.11529411764706,1.775,0.889411764705882,0.959558823529412,1.15808823529412,1,0.882352941176471,0.994652406417112,0.757281553398058,1.00534759358289,1.24271844660194,1.31481481481481,0.814814814814815,0.648148148148148,1.22222222222222,0.6,0.475,0.8,0.5,1.10103092783505,1.16288659793814,1.03917525773196,0.903092783505155,0.927272727272727,0.919148936170213,1.07272727272727,1.08085106382979,1.69911504424779,0.837758112094395,0.554572271386431,0.908554572271386,1.02641509433962,0.754716981132076,1.37358490566038,0.845283018867925,0.99672131147541,1.15409836065574,1.14098360655738,0.708196721311475,1.5,1.03311258278146,0,0.966887417218543,1.36941176470588,1.08705882352941,0.367058823529412,1.17176470588235,1.5,1,1,1,1.07628865979381,1.0958904109589,0.717525773195876,0.904109589041096
