virus,realm,host,locus_tag,AAA,AAC,AAG,AAT,ACA,ACC,ACG,ACT,AGA,AGC,AGG,AGT,ATA,ATC,ATG,ATT,CAA,CAC,CAG,CAT,CCA,CCC,CCG,CCT,CGA,CGC,CGG,CGT,CTA,CTC,CTG,CTT,GAA,GAC,GAG,GAT,GCA,GCC,GCG,GCT,GGA,GGC,GGG,GGT,GTA,GTC,GTG,GTT,TAA,TAC,TAG,TAT,TCA,TCC,TCG,TCT,TGA,TGC,TGG,TGT,TTA,TTC,TTG,TTT
Avon-Heathcote Estuary associated circular virus 9,Monodnaviria,invertebrates,VM28,1.40540540540541,0.571428571428571,0.594594594594595,1.42857142857143,1.04761904761905,1.04761904761905,0.380952380952381,1.52380952380952,0.972972972972973,1.57142857142857,0.810810810810811,0.714285714285714,0.870967741935484,0.580645161290323,1,1.54838709677419,1.07692307692308,0.571428571428571,0.923076923076923,1.42857142857143,1.39130434782609,0.521739130434783,0,2.08695652173913,1.2972972972973,1.45945945945946,0,1.45945945945946,0.620689655172414,1.24137931034483,0.206896551724138,1.6551724137931,1.25,0.962962962962963,0.75,1.03703703703704,1.57575757575758,0.484848484848485,0.363636363636364,1.57575757575758,1.03703703703704,0.296296296296296,1.33333333333333,1.33333333333333,1.29032258064516,0.903225806451613,0.516129032258065,1.29032258064516,1.5,0.692307692307692,1.5,1.30769230769231,1,1.57142857142857,0.285714285714286,0.857142857142857,0,0.888888888888889,1,1.11111111111111,1.03448275862069,0.916666666666667,1.24137931034483,1.08333333333333
