virus,realm,host,locus_tag,AAA,AAC,AAG,AAT,ACA,ACC,ACG,ACT,AGA,AGC,AGG,AGT,ATA,ATC,ATG,ATT,CAA,CAC,CAG,CAT,CCA,CCC,CCG,CCT,CGA,CGC,CGG,CGT,CTA,CTC,CTG,CTT,GAA,GAC,GAG,GAT,GCA,GCC,GCG,GCT,GGA,GGC,GGG,GGT,GTA,GTC,GTG,GTT,TAA,TAC,TAG,TAT,TCA,TCC,TCG,TCT,TGA,TGC,TGG,TGT,TTA,TTC,TTG,TTT
Avon-Heathcote Estuary associated circular virus 13,Monodnaviria,invertebrates,VM19,1.26530612244898,1.05,0.73469387755102,0.95,1.25490196078431,1.25490196078431,0.470588235294118,1.01960784313725,1.10204081632653,0.769230769230769,0.36734693877551,1.69230769230769,0.833333333333333,0.916666666666667,1,1.25,1.38461538461538,0.181818181818182,0.615384615384615,1.81818181818182,2.06896551724138,0.689655172413793,0.275862068965517,0.96551724137931,2.08163265306122,0.612244897959184,0.244897959183673,1.59183673469388,1.125,0.875,0.125,0.75,1.51515151515152,0.666666666666667,0.484848484848485,1.33333333333333,2.4,0.666666666666667,0.133333333333333,0.8,2.5,0.714285714285714,0.285714285714286,0.5,2.05714285714286,0.571428571428571,0.914285714285714,0.457142857142857,0,0.628571428571429,1.5,1.37142857142857,1.53846153846154,0.461538461538462,0.615384615384615,0.923076923076923,1.5,0.333333333333333,1,1.66666666666667,1.5,1,1.625,1
