virus,realm,host,locus_tag,AAA,AAC,AAG,AAT,ACA,ACC,ACG,ACT,AGA,AGC,AGG,AGT,ATA,ATC,ATG,ATT,CAA,CAC,CAG,CAT,CCA,CCC,CCG,CCT,CGA,CGC,CGG,CGT,CTA,CTC,CTG,CTT,GAA,GAC,GAG,GAT,GCA,GCC,GCG,GCT,GGA,GGC,GGG,GGT,GTA,GTC,GTG,GTT,TAA,TAC,TAG,TAT,TCA,TCC,TCG,TCT,TGA,TGC,TGG,TGT,TTA,TTC,TTG,TTT
Bacillus phage BCP8-2,Duplodnaviria,bacteria,BCP8,1.145816298719,1.23252962811606,0.854183701281003,0.76747037188394,1.93284873658705,0.217376254759432,0.778123918310834,1.07165109034268,1.90286546867411,0.607305936073059,0.463331714424478,1.60958904109589,0.588803732089304,1.13362212595801,1,1.27757414195268,1.41018139262727,0.995260663507109,0.589818607372733,1.00473933649289,1.25925925925926,0.142857142857143,0.722222222222222,1.87566137566138,1.02574065080136,0.244779018941234,0.183584264205925,2.17969888295289,1.50407387289517,0.21835958718088,0.422053231939163,0.87343834872352,1.09145345672292,0.879051934471941,0.908546543277082,1.12094806552806,1.95728737354815,0.266766579243162,0.502060696890221,1.27388535031847,1.31837677334213,0.147806004618938,0.527878587924777,2.00593863411415,2.03962848297214,0.26625386996904,0.588235294117647,1.10588235294118,1.75909090909091,1.23846153846154,0.763636363636364,0.761538461538461,1.36301369863014,0.356164383561644,0.502283105022831,1.56164383561644,0.477272727272727,0.644808743169399,1,1.3551912568306,2.37751222161869,1.30813287514318,0.604562737642586,0.691867124856816
