virus,realm,host,locus_tag,AAA,AAC,AAG,AAT,ACA,ACC,ACG,ACT,AGA,AGC,AGG,AGT,ATA,ATC,ATG,ATT,CAA,CAC,CAG,CAT,CCA,CCC,CCG,CCT,CGA,CGC,CGG,CGT,CTA,CTC,CTG,CTT,GAA,GAC,GAG,GAT,GCA,GCC,GCG,GCT,GGA,GGC,GGG,GGT,GTA,GTC,GTG,GTT,TAA,TAC,TAG,TAT,TCA,TCC,TCG,TCT,TGA,TGC,TGG,TGT,TTA,TTC,TTG,TTT
Bacillus phage Zuko,Duplodnaviria,bacteria,BI001,1.13218098627351,1.07184325108853,0.867819013726487,0.928156748911466,2.04539877300614,0.241717791411043,0.682208588957055,1.03067484662577,2.0711743772242,0.694126074498567,0.330960854092527,1.39255014326648,0.583983203359328,1.01769646070786,1,1.39832033593281,1.33130328867235,0.791889007470651,0.668696711327649,1.20811099252935,1.69395017793594,0.105338078291815,0.643416370106762,1.55729537366548,1.18238434163701,0.421708185053381,0.112099644128114,1.88167259786477,1.53210778141526,0.164694031730043,0.329388063460086,0.853689247041048,1.09274873524452,0.814949863263446,0.907251264755481,1.18505013673655,1.71146245059289,0.198945981554677,0.654808959156785,1.43478260869565,1.13411458333333,0.345052083333333,0.481770833333333,2.0390625,1.85395095367847,0.30408719346049,0.49700272479564,1.3449591280654,1.6734693877551,0.995527728085868,0.673469387755102,1.00447227191413,1.43553008595989,0.322349570200573,0.479226361031519,1.67621776504298,0.653061224489796,0.609090909090909,1,1.39090909090909,2.55804583228406,1.12698412698413,0.562075044069504,0.873015873015873
