virus,realm,host,locus_tag,AAA,AAC,AAG,AAT,ACA,ACC,ACG,ACT,AGA,AGC,AGG,AGT,ATA,ATC,ATG,ATT,CAA,CAC,CAG,CAT,CCA,CCC,CCG,CCT,CGA,CGC,CGG,CGT,CTA,CTC,CTG,CTT,GAA,GAC,GAG,GAT,GCA,GCC,GCG,GCT,GGA,GGC,GGG,GGT,GTA,GTC,GTG,GTT,TAA,TAC,TAG,TAT,TCA,TCC,TCG,TCT,TGA,TGC,TGG,TGT,TTA,TTC,TTG,TTT
Bacillus phage Evoli,NA,NA,FP76,1.26302150816274,0.989591078066914,0.736978491837263,1.01040892193309,2.15163934426229,0.245901639344262,0.658469945355191,0.943989071038251,2.032437442076,0.686773255813954,0.478220574606117,1.45421511627907,0.647921029015854,1.01854621597368,1,1.33353275501047,1.3743842364532,0.634304207119741,0.625615763546798,1.36569579288026,1.56371490280778,0.141108711303096,0.616270698344133,1.678905687545,1.209453197405,0.411492122335496,0.133456904541242,1.73493975903614,1.31456548347613,0.189473684210526,0.312851897184823,0.875397796817625,1.09882583170254,0.730061349693252,0.901174168297456,1.26993865030675,1.57304869913276,0.224149432955304,0.725817211474316,1.47698465643762,1.25016414970453,0.359816152330926,0.430728824688116,1.95929087327643,1.90656348523932,0.351963313270278,0.556033247348811,1.18543995414159,1.87755102040816,0.997349823321555,0.591836734693878,1.00265017667845,1.28415697674419,0.333575581395349,0.473110465116279,1.76816860465116,0.530612244897959,0.702702702702703,1,1.2972972972973,2.72313341493268,1.13127217435378,0.584577723378213,0.868727825646224
