virus,realm,host,locus_tag,AAA,AAC,AAG,AAT,ACA,ACC,ACG,ACT,AGA,AGC,AGG,AGT,ATA,ATC,ATG,ATT,CAA,CAC,CAG,CAT,CCA,CCC,CCG,CCT,CGA,CGC,CGG,CGT,CTA,CTC,CTG,CTT,GAA,GAC,GAG,GAT,GCA,GCC,GCG,GCT,GGA,GGC,GGG,GGT,GTA,GTC,GTG,GTT,TAA,TAC,TAG,TAT,TCA,TCC,TCG,TCT,TGA,TGC,TGG,TGT,TTA,TTC,TTG,TTT
Bacillus phage vB BceM Bc431v3,NA,NA,K201,1.11429329090427,1.24784988272088,0.885706709095731,0.752150117279124,1.95348837209302,0.191287258434327,0.821487061906322,1.03373730756633,1.85611510791367,0.646994535519126,0.434532374100719,1.57158469945355,0.546983184965381,1.17012858555885,1,1.28288822947577,1.34383792909398,1.03249097472924,0.656162070906021,0.967509025270758,1.28658125421443,0.121375590020229,0.698583951449764,1.89345920431558,1.07625899280576,0.270503597122302,0.169784172661871,2.19280575539568,1.65296566077003,0.232570239334027,0.399583766909469,0.81789802289282,1.08328884143086,0.946055293324343,0.91671115856914,1.05394470667566,1.91447143345878,0.30379746835443,0.506329113924051,1.27540198426274,1.22418136020151,0.183879093198992,0.574307304785894,2.0176322418136,2.00172562553926,0.333620937589876,0.557952257693414,1.10670117917745,2.01680672268908,1.25262154432793,0.65546218487395,0.747378455672069,1.38579234972678,0.367213114754098,0.587978142076503,1.44043715846995,0.327731092436975,0.602094240837696,1,1.3979057591623,2.34443288241415,1.34808418780356,0.552549427679501,0.651915812196438
