virus,realm,host,locus_tag,AAA,AAC,AAG,AAT,ACA,ACC,ACG,ACT,AGA,AGC,AGG,AGT,ATA,ATC,ATG,ATT,CAA,CAC,CAG,CAT,CCA,CCC,CCG,CCT,CGA,CGC,CGG,CGT,CTA,CTC,CTG,CTT,GAA,GAC,GAG,GAT,GCA,GCC,GCG,GCT,GGA,GGC,GGG,GGT,GTA,GTC,GTG,GTT,TAA,TAC,TAG,TAT,TCA,TCC,TCG,TCT,TGA,TGC,TGG,TGT,TTA,TTC,TTG,TTT
Bacteriophage Lily,Duplodnaviria,bacteria,AVV24,1.30721282279608,0.898032200357782,0.692787177203918,1.10196779964222,1.57340720221607,0.786703601108033,0.853185595567867,0.786703601108033,1.5249621785174,1.03080568720379,1.08018154311649,0.95260663507109,0.775804661487236,0.958934517203108,1,1.26526082130966,1.16967509025271,0.829694323144105,0.830324909747292,1.1703056768559,1.243947858473,0.595903165735568,1.1098696461825,1.05027932960894,0.708018154311649,0.826021180030257,0.998487140695915,0.86232980332829,0.777284826974268,0.681455190771961,1.00621118012422,1.2511091393079,1.34892086330935,0.63727959697733,0.651079136690647,1.36272040302267,1.33473684210526,0.783157894736842,0.673684210526316,1.20842105263158,1.31041890440387,0.773361976369495,1.02685284640172,0.889366272824919,1.06981740064447,0.640171858216971,1.03974221267454,1.25026852846402,1.41891891891892,0.748414376321353,0.567567567567568,1.25158562367865,1.08056872037915,1.13744075829384,0.590047393364929,1.2085308056872,1.01351351351351,0.944,1,1.056,1.02218278615794,0.6796875,1.26175687666371,1.3203125
