virus,realm,host,locus_tag,AAA,AAC,AAG,AAT,ACA,ACC,ACG,ACT,AGA,AGC,AGG,AGT,ATA,ATC,ATG,ATT,CAA,CAC,CAG,CAT,CCA,CCC,CCG,CCT,CGA,CGC,CGG,CGT,CTA,CTC,CTG,CTT,GAA,GAC,GAG,GAT,GCA,GCC,GCG,GCT,GGA,GGC,GGG,GGT,GTA,GTC,GTG,GTT,TAA,TAC,TAG,TAT,TCA,TCC,TCG,TCT,TGA,TGC,TGG,TGT,TTA,TTC,TTG,TTT
Bandicoot papillomatosis carcinomatosis virus type 2,Monodnaviria,vertebrates,BPCV2,1.27536231884058,0.414634146341463,0.72463768115942,1.58536585365854,1.76623376623377,0.831168831168831,0.103896103896104,1.2987012987013,4.52459016393443,0.527472527472527,1.18032786885246,1.64835164835165,1.45945945945946,0.486486486486487,1,1.05405405405405,1.31428571428571,0.8,0.685714285714286,1.2,1.34883720930233,0.511627906976744,0.186046511627907,1.95348837209302,0.0983606557377049,0.0983606557377049,0.0983606557377049,0,0.903225806451613,0.129032258064516,0.645161290322581,1.48387096774194,1.33333333333333,0.425,0.666666666666667,1.575,1.96078431372549,0.313725490196078,0.0784313725490196,1.64705882352941,1.4320987654321,0.395061728395062,0.790123456790123,1.38271604938272,1.16923076923077,0.246153846153846,0.738461538461539,1.84615384615385,1,0.355555555555556,2,1.64444444444444,1.78021978021978,0.593406593406593,0.131868131868132,1.31868131868132,0,0.666666666666667,1,1.33333333333333,2.38709677419355,0.555555555555556,0.451612903225806,1.44444444444444
