virus,realm,host,locus_tag,AAA,AAC,AAG,AAT,ACA,ACC,ACG,ACT,AGA,AGC,AGG,AGT,ATA,ATC,ATG,ATT,CAA,CAC,CAG,CAT,CCA,CCC,CCG,CCT,CGA,CGC,CGG,CGT,CTA,CTC,CTG,CTT,GAA,GAC,GAG,GAT,GCA,GCC,GCG,GCT,GGA,GGC,GGG,GGT,GTA,GTC,GTG,GTT,TAA,TAC,TAG,TAT,TCA,TCC,TCG,TCT,TGA,TGC,TGG,TGT,TTA,TTC,TTG,TTT
Bat mastadenovirus WIV13,Varidnaviria,vertebrates,BHR84,1.80906148867314,0.279141104294479,0.190938511326861,1.72085889570552,1.32173913043478,0.507826086956522,0.104347826086957,2.06608695652174,3.60869565217391,0.388625592417062,0.449275362318841,1.96208530805687,0.945544554455445,0.158415841584158,1,1.8960396039604,1.64615384615385,0.223463687150838,0.353846153846154,1.77653631284916,1.51781970649895,0.368972746331237,0.134171907756813,1.979035639413,0.666666666666667,0.347826086956522,0.144927536231884,0.782608695652174,0.484429065743945,0.110726643598616,0.117647058823529,0.941176470588235,1.73928571428571,0.323529411764706,0.260714285714286,1.67647058823529,1.19569892473118,0.490322580645161,0.0774193548387097,2.23655913978495,1.76106194690265,0.495575221238938,0.47787610619469,1.26548672566372,1.44642857142857,0.133928571428571,0.544642857142857,1.875,2.55555555555556,0.335051546391753,0.333333333333333,1.66494845360825,1.07109004739336,0.483412322274882,0.0853080568720379,2.00947867298578,0.111111111111111,0.303030303030303,1,1.6969696969697,3.43252595155709,0.0984340044742729,0.913494809688581,1.90156599552573
