virus,realm,host,locus_tag,AAA,AAC,AAG,AAT,ACA,ACC,ACG,ACT,AGA,AGC,AGG,AGT,ATA,ATC,ATG,ATT,CAA,CAC,CAG,CAT,CCA,CCC,CCG,CCT,CGA,CGC,CGG,CGT,CTA,CTC,CTG,CTT,GAA,GAC,GAG,GAT,GCA,GCC,GCG,GCT,GGA,GGC,GGG,GGT,GTA,GTC,GTG,GTT,TAA,TAC,TAG,TAT,TCA,TCC,TCG,TCT,TGA,TGC,TGG,TGT,TTA,TTC,TTG,TTT
Bean yellow mosaic Mexico virus,Monodnaviria,land plants,BYMMV,0.64,1.15384615384615,1.36,0.846153846153846,1.21739130434783,0.956521739130435,1.1304347826087,0.695652173913043,1.66153846153846,1,1.93846153846154,0.636363636363636,0.51219512195122,1.68292682926829,1,0.804878048780488,0.947368421052632,1.0625,1.05263157894737,0.9375,1.21739130434783,0.782608695652174,0.782608695652174,1.21739130434783,0.184615384615385,0.369230769230769,0.646153846153846,1.2,0.813559322033898,1.32203389830508,1.01694915254237,0.813559322033898,0.91304347826087,0.857142857142857,1.08695652173913,1.14285714285714,1.04,1.12,0.56,1.28,1.40740740740741,1.03703703703704,0.814814814814815,0.740740740740741,0.813559322033898,1.01694915254237,1.15254237288136,1.01694915254237,1.5,0.651162790697674,0.75,1.34883720930233,1.36363636363636,1.36363636363636,0.545454545454545,1.09090909090909,0.75,0.923076923076923,1,1.07692307692308,1.01694915254237,1.58974358974359,1.01694915254237,0.41025641025641
