virus,realm,host,locus_tag,AAA,AAC,AAG,AAT,ACA,ACC,ACG,ACT,AGA,AGC,AGG,AGT,ATA,ATC,ATG,ATT,CAA,CAC,CAG,CAT,CCA,CCC,CCG,CCT,CGA,CGC,CGG,CGT,CTA,CTC,CTG,CTT,GAA,GAC,GAG,GAT,GCA,GCC,GCG,GCT,GGA,GGC,GGG,GGT,GTA,GTC,GTG,GTT,TAA,TAC,TAG,TAT,TCA,TCC,TCG,TCT,TGA,TGC,TGG,TGT,TTA,TTC,TTG,TTT
Bean yellow dwarf virus,Monodnaviria,land plants,BeYDVp,0.818181818181818,0.833333333333333,1.18181818181818,1.16666666666667,0.732394366197183,1.29577464788732,0.788732394366197,1.1830985915493,2.47826086956522,0.580645161290323,1.04347826086957,0.645161290322581,0.886363636363636,1.22727272727273,1,0.886363636363636,1.07317073170732,1.03030303030303,0.926829268292683,0.96969696969697,1.01587301587302,0.507936507936508,0.253968253968254,2.22222222222222,1.17391304347826,0.521739130434783,0.260869565217391,0.521739130434783,0.380952380952381,1.04761904761905,0.761904761904762,2.19047619047619,1.11627906976744,0.67741935483871,0.883720930232558,1.32258064516129,0.818181818181818,0.909090909090909,0.272727272727273,2,1.44827586206897,0.275862068965517,0.827586206896552,1.44827586206897,0.583333333333333,0.916666666666667,1.25,1.25,1.5,0.857142857142857,0.75,1.14285714285714,1.09677419354839,0.838709677419355,0.838709677419355,2,0.75,1.22222222222222,1,0.777777777777778,0.666666666666667,1.14285714285714,0.952380952380952,0.857142857142857
