virus,realm,host,locus_tag,AAA,AAC,AAG,AAT,ACA,ACC,ACG,ACT,AGA,AGC,AGG,AGT,ATA,ATC,ATG,ATT,CAA,CAC,CAG,CAT,CCA,CCC,CCG,CCT,CGA,CGC,CGG,CGT,CTA,CTC,CTG,CTT,GAA,GAC,GAG,GAT,GCA,GCC,GCG,GCT,GGA,GGC,GGG,GGT,GTA,GTC,GTG,GTT,TAA,TAC,TAG,TAT,TCA,TCC,TCG,TCT,TGA,TGC,TGG,TGT,TTA,TTC,TTG,TTT
Beet western yellows virus,Riboviria,land plants,BWYVgp,0.9,0.976377952755906,1.1,1.02362204724409,1.34031413612565,1.29842931937173,0.712041884816754,0.649214659685864,1.39336492890995,1.00334448160535,0.881516587677725,0.581939799331104,0.731707317073171,1.24390243902439,1,1.02439024390244,1.25,1.33333333333333,0.75,0.666666666666667,1.26436781609195,1.1264367816092,0.689655172413793,0.919540229885057,1.25118483412322,1.02369668246445,0.796208530805687,0.654028436018957,0.76271186440678,1.44915254237288,0.788135593220339,1.11864406779661,0.921348314606742,1.2,1.07865168539326,0.8,0.930232558139535,1.41395348837209,0.706976744186047,0.948837209302326,1.18811881188119,1.00990099009901,0.930693069306931,0.871287128712871,0.524590163934426,1.15846994535519,1.15846994535519,1.15846994535519,0.428571428571429,1.16666666666667,1.28571428571429,0.833333333333333,1.02341137123746,1.54515050167224,0.782608695652174,1.06354515050167,1.28571428571429,1.09090909090909,1,0.909090909090909,0.635593220338983,1.20661157024793,1.24576271186441,0.793388429752066
