virus,realm,host,locus_tag,AAA,AAC,AAG,AAT,ACA,ACC,ACG,ACT,AGA,AGC,AGG,AGT,ATA,ATC,ATG,ATT,CAA,CAC,CAG,CAT,CCA,CCC,CCG,CCT,CGA,CGC,CGG,CGT,CTA,CTC,CTG,CTT,GAA,GAC,GAG,GAT,GCA,GCC,GCG,GCT,GGA,GGC,GGG,GGT,GTA,GTC,GTG,GTT,TAA,TAC,TAG,TAT,TCA,TCC,TCG,TCT,TGA,TGC,TGG,TGT,TTA,TTC,TTG,TTT
Beihai rhabdo-like virus 2,Riboviria,invertebrates,BVJ77,0.918918918918919,0.909090909090909,1.08108108108108,1.09090909090909,1.58649789029536,0.894514767932489,0.219409282700422,1.29957805907173,2.35359116022099,0.472131147540984,1.4585635359116,1.16065573770492,0.715596330275229,1.27981651376147,1,1.0045871559633,1.12727272727273,0.852173913043478,0.872727272727273,1.14782608695652,1.40890688259109,0.842105263157895,0.275303643724696,1.47368421052632,1.02762430939227,0.232044198895028,0.331491712707182,0.596685082872928,1.00689655172414,0.827586206896552,0.841379310344828,0.896551724137931,1.12962962962963,1.01818181818182,0.87037037037037,0.981818181818182,1.38461538461538,1.11111111111111,0.205128205128205,1.2991452991453,1.41436464088398,0.419889502762431,1.12707182320442,1.03867403314917,0.637450199203187,0.908366533864542,1.38645418326693,1.06772908366534,1.5,0.919354838709677,1.5,1.08064516129032,1.55409836065574,1.02295081967213,0.19672131147541,1.59344262295082,0,0.615384615384615,1,1.38461538461538,0.882758620689655,1.01935483870968,1.5448275862069,0.980645161290323
