virus,realm,host,locus_tag,AAA,AAC,AAG,AAT,ACA,ACC,ACG,ACT,AGA,AGC,AGG,AGT,ATA,ATC,ATG,ATT,CAA,CAC,CAG,CAT,CCA,CCC,CCG,CCT,CGA,CGC,CGG,CGT,CTA,CTC,CTG,CTT,GAA,GAC,GAG,GAT,GCA,GCC,GCG,GCT,GGA,GGC,GGG,GGT,GTA,GTC,GTG,GTT,TAA,TAC,TAG,TAT,TCA,TCC,TCG,TCT,TGA,TGC,TGG,TGT,TTA,TTC,TTG,TTT
Beihai picorna-like virus 105,Riboviria,invertebrates,BVK34,1.20661157024793,0.5,0.793388429752066,1.5,0.855491329479769,0.69364161849711,0.647398843930636,1.80346820809249,0.8,0.372881355932203,0.888888888888889,1.49152542372881,1,0.511111111111111,1,1.48888888888889,1.24705882352941,0.36,0.752941176470588,1.64,1.56923076923077,0.646153846153846,0.676923076923077,1.10769230769231,1.02222222222222,0.666666666666667,0.844444444444444,1.77777777777778,0.344497607655502,0.200956937799043,0.373205741626794,1.14832535885167,1.08695652173913,0.544117647058823,0.91304347826087,1.45588235294118,1.31979695431472,0.426395939086294,0.873096446700508,1.38071065989848,1.01098901098901,0.681318681318681,0.505494505494505,1.8021978021978,0.748768472906404,0.413793103448276,1.8128078817734,1.02463054187192,1.5,0.689655172413793,1.5,1.31034482758621,1.08474576271186,0.508474576271186,0.711864406779661,1.83050847457627,0,0.619047619047619,1,1.38095238095238,0.976076555023923,0.448,2.95693779904306,1.552
