virus,realm,host,locus_tag,AAA,AAC,AAG,AAT,ACA,ACC,ACG,ACT,AGA,AGC,AGG,AGT,ATA,ATC,ATG,ATT,CAA,CAC,CAG,CAT,CCA,CCC,CCG,CCT,CGA,CGC,CGG,CGT,CTA,CTC,CTG,CTT,GAA,GAC,GAG,GAT,GCA,GCC,GCG,GCT,GGA,GGC,GGG,GGT,GTA,GTC,GTG,GTT,TAA,TAC,TAG,TAT,TCA,TCC,TCG,TCT,TGA,TGC,TGG,TGT,TTA,TTC,TTG,TTT
Beihai picorna-like virus 100,Riboviria,invertebrates,BVK48,1.34883720930233,0.49438202247191,0.651162790697674,1.50561797752809,1.51219512195122,0.536585365853659,0.390243902439024,1.5609756097561,2.33333333333333,0.382978723404255,1.04761904761905,0.919148936170213,0.787330316742081,0.475113122171946,1,1.73755656108597,1.41666666666667,0.44,0.583333333333333,1.56,1.72602739726027,0.575342465753425,0.10958904109589,1.58904109589041,0.714285714285714,0.285714285714286,0.619047619047619,1,0.586666666666667,0.453333333333333,0.32,1.6,1.34193548387097,0.397727272727273,0.658064516129032,1.60227272727273,1.45454545454545,0.493506493506494,0.25974025974026,1.79220779220779,1.27536231884058,0.347826086956522,0.840579710144927,1.53623188405797,0.883977900552486,0.662983425414365,0.640883977900553,1.8121546961326,0,0.441558441558442,1.5,1.55844155844156,1.94042553191489,0.357446808510638,0.434042553191489,1.96595744680851,1.5,0.648648648648649,1,1.35135135135135,1.41333333333333,0.525547445255474,1.62666666666667,1.47445255474453
