virus,realm,host,locus_tag,AAA,AAC,AAG,AAT,ACA,ACC,ACG,ACT,AGA,AGC,AGG,AGT,ATA,ATC,ATG,ATT,CAA,CAC,CAG,CAT,CCA,CCC,CCG,CCT,CGA,CGC,CGG,CGT,CTA,CTC,CTG,CTT,GAA,GAC,GAG,GAT,GCA,GCC,GCG,GCT,GGA,GGC,GGG,GGT,GTA,GTC,GTG,GTT,TAA,TAC,TAG,TAT,TCA,TCC,TCG,TCT,TGA,TGC,TGG,TGT,TTA,TTC,TTG,TTT
Beihai picorna-like virus 45,Riboviria,invertebrates,BVK58,0.5625,0.787878787878788,1.4375,1.21212121212121,0.767676767676768,1.29292929292929,1.01010101010101,0.929292929292929,0.378947368421053,0.742268041237113,0.0631578947368421,0.865979381443299,0.0674157303370786,1.28089887640449,1,1.65168539325843,0.685714285714286,1.02857142857143,1.31428571428571,0.971428571428571,0.776119402985075,0.895522388059702,0.835820895522388,1.49253731343284,0.821052631578947,2.14736842105263,0.757894736842105,1.83157894736842,0.218978102189781,1.53284671532847,1.27007299270073,1.53284671532847,0.818181818181818,0.739130434782609,1.18181818181818,1.26086956521739,0.912751677852349,1.18120805369128,0.61744966442953,1.28859060402685,1.42608695652174,0.765217391304348,0.556521739130435,1.25217391304348,0.285714285714286,1.07936507936508,1.46031746031746,1.17460317460317,0,1.13333333333333,3,0.866666666666667,1.29896907216495,0.989690721649485,1.05154639175258,1.05154639175258,0,1.14285714285714,1,0.857142857142857,0.218978102189781,0.981132075471698,1.22627737226277,1.0188679245283
