virus,realm,host,locus_tag,AAA,AAC,AAG,AAT,ACA,ACC,ACG,ACT,AGA,AGC,AGG,AGT,ATA,ATC,ATG,ATT,CAA,CAC,CAG,CAT,CCA,CCC,CCG,CCT,CGA,CGC,CGG,CGT,CTA,CTC,CTG,CTT,GAA,GAC,GAG,GAT,GCA,GCC,GCG,GCT,GGA,GGC,GGG,GGT,GTA,GTC,GTG,GTT,TAA,TAC,TAG,TAT,TCA,TCC,TCG,TCT,TGA,TGC,TGG,TGT,TTA,TTC,TTG,TTT
Beihai picorna-like virus 121,Riboviria,invertebrates,BVK18,1.3758865248227,0.775510204081633,0.624113475177305,1.22448979591837,1.10679611650485,0.970873786407767,0.446601941747573,1.47572815533981,0.991735537190083,0.492753623188406,0.347107438016529,0.405797101449275,0.774725274725275,0.906593406593407,1,1.31868131868132,1.55172413793103,0.909090909090909,0.448275862068966,1.09090909090909,1.15789473684211,1,0.368421052631579,1.47368421052632,0.743801652892562,1.88429752066116,0.644628099173554,1.38842975206612,0.96943231441048,0.96943231441048,0.34061135371179,1.38864628820961,1.056,0.641509433962264,0.944,1.35849056603774,1.12068965517241,0.913793103448276,0.396551724137931,1.56896551724138,1.30434782608696,1.07246376811594,0.463768115942029,1.15942028985507,0.900662251655629,0.768211920529801,1.13907284768212,1.19205298013245,0,0.909090909090909,3,1.09090909090909,1.42028985507246,1.30434782608696,0.405797101449275,1.97101449275362,0,0.894736842105263,1,1.10526315789474,1.33624454148472,0.974789915966387,0.995633187772926,1.02521008403361
