virus,realm,host,locus_tag,AAA,AAC,AAG,AAT,ACA,ACC,ACG,ACT,AGA,AGC,AGG,AGT,ATA,ATC,ATG,ATT,CAA,CAC,CAG,CAT,CCA,CCC,CCG,CCT,CGA,CGC,CGG,CGT,CTA,CTC,CTG,CTT,GAA,GAC,GAG,GAT,GCA,GCC,GCG,GCT,GGA,GGC,GGG,GGT,GTA,GTC,GTG,GTT,TAA,TAC,TAG,TAT,TCA,TCC,TCG,TCT,TGA,TGC,TGG,TGT,TTA,TTC,TTG,TTT
Beihai sobemo-like virus 19,Riboviria,invertebrates,BWV00,1.11111111111111,0.82051282051282,0.888888888888889,1.17948717948718,1.68421052631579,1.05263157894737,0.701754385964912,0.56140350877193,2.36065573770492,0.475247524752475,1.77049180327869,1.06930693069307,0.842105263157895,1.15789473684211,1,1,1.03448275862069,0.8,0.96551724137931,1.2,1.76,0.88,0.64,0.72,0.491803278688525,0.295081967213115,0.19672131147541,0.885245901639344,0.545454545454545,0.681818181818182,0.886363636363636,1.02272727272727,1.25714285714286,0.925925925925926,0.742857142857143,1.07407407407407,1.33333333333333,0.944444444444444,0.611111111111111,1.11111111111111,1.35064935064935,1.09090909090909,0.467532467532468,1.09090909090909,0.967741935483871,0.774193548387097,1.2258064516129,1.03225806451613,1.5,0.944444444444444,1.5,1.05555555555556,1.84158415841584,1.24752475247525,0.831683168316832,0.534653465346535,0,1.45454545454545,1,0.545454545454545,0.818181818181818,1.21052631578947,2.04545454545455,0.789473684210526
