virus,realm,host,locus_tag,AAA,AAC,AAG,AAT,ACA,ACC,ACG,ACT,AGA,AGC,AGG,AGT,ATA,ATC,ATG,ATT,CAA,CAC,CAG,CAT,CCA,CCC,CCG,CCT,CGA,CGC,CGG,CGT,CTA,CTC,CTG,CTT,GAA,GAC,GAG,GAT,GCA,GCC,GCG,GCT,GGA,GGC,GGG,GGT,GTA,GTC,GTG,GTT,TAA,TAC,TAG,TAT,TCA,TCC,TCG,TCT,TGA,TGC,TGG,TGT,TTA,TTC,TTG,TTT
Bermuda grass latent virus,Riboviria,land plants,BVF03,0.905660377358491,1.2280701754386,1.09433962264151,0.771929824561403,1.07317073170732,1.39837398373984,0.455284552845528,1.07317073170732,1.59375,0.837209302325581,1.453125,1.02325581395349,0.5625,1.6875,1,0.75,1.31764705882353,1.51111111111111,0.682352941176471,0.488888888888889,1.36082474226804,1.27835051546392,0.701030927835051,0.65979381443299,0.796875,0.703125,0.796875,0.65625,0.71523178807947,1.66887417218543,1.11258278145695,1.1523178807947,1.1063829787234,1.27272727272727,0.893617021276596,0.727272727272727,0.87218045112782,1.38345864661654,0.330827067669173,1.41353383458647,1.375,0.666666666666667,1.33333333333333,0.625,0.661157024793388,1.25619834710744,1.42148760330579,0.661157024793388,0.428571428571429,1.15492957746479,0.857142857142857,0.845070422535211,0.651162790697674,1.11627906976744,1.02325581395349,1.34883720930233,1.71428571428571,1.45,1,0.55,0.397350993377483,1.3134328358209,0.95364238410596,0.686567164179104
