virus,realm,host,locus_tag,AAA,AAC,AAG,AAT,ACA,ACC,ACG,ACT,AGA,AGC,AGG,AGT,ATA,ATC,ATG,ATT,CAA,CAC,CAG,CAT,CCA,CCC,CCG,CCT,CGA,CGC,CGG,CGT,CTA,CTC,CTG,CTT,GAA,GAC,GAG,GAT,GCA,GCC,GCG,GCT,GGA,GGC,GGG,GGT,GTA,GTC,GTG,GTT,TAA,TAC,TAG,TAT,TCA,TCC,TCG,TCT,TGA,TGC,TGG,TGT,TTA,TTC,TTG,TTT
Black sea bass polyomavirus 1,Monodnaviria,vertebrates,QY61,1.20710059171598,1.18072289156627,0.792899408284024,0.819277108433735,1.18918918918919,1.02702702702703,0.648648648648649,1.13513513513514,1.68131868131868,1.03846153846154,1.48351648351648,0.894230769230769,0.824175824175824,1.02197802197802,1,1.15384615384615,0.682539682539683,1.09090909090909,1.31746031746032,0.909090909090909,0.803921568627451,1.62745098039216,0.431372549019608,1.13725490196078,0.362637362637363,1.15384615384615,0.692307692307692,0.626373626373626,0.961038961038961,0.883116883116883,1.84415584415584,0.987012987012987,0.840182648401826,1.07096774193548,1.15981735159817,0.929032258064516,1.48979591836735,0.73469387755102,0.653061224489796,1.12244897959184,0.973451327433628,0.654867256637168,1.46902654867257,0.902654867256637,0.854368932038835,0.932038834951456,1.39805825242718,0.815533980582524,0,1.24390243902439,0,0.75609756097561,1.26923076923077,0.836538461538462,0.432692307692308,1.52884615384615,3,0.553846153846154,1,1.44615384615385,0.415584415584416,0.94017094017094,0.909090909090909,1.05982905982906
