virus,realm,host,locus_tag,AAA,AAC,AAG,AAT,ACA,ACC,ACG,ACT,AGA,AGC,AGG,AGT,ATA,ATC,ATG,ATT,CAA,CAC,CAG,CAT,CCA,CCC,CCG,CCT,CGA,CGC,CGG,CGT,CTA,CTC,CTG,CTT,GAA,GAC,GAG,GAT,GCA,GCC,GCG,GCT,GGA,GGC,GGG,GGT,GTA,GTC,GTG,GTT,TAA,TAC,TAG,TAT,TCA,TCC,TCG,TCT,TGA,TGC,TGG,TGT,TTA,TTC,TTG,TTT
Boa constrictor papillomavirus 1,Monodnaviria,vertebrates,EXJ36,1.39495798319328,0.28,0.605042016806723,1.72,1.74358974358974,0.538461538461538,0.641025641025641,1.07692307692308,1.90540540540541,0.662576687116564,0.932432432432432,2.02453987730061,1.42105263157895,0.315789473684211,1,1.26315789473684,1.16666666666667,0.536585365853659,0.833333333333333,1.46341463414634,1.57575757575758,0.333333333333333,0.545454545454545,1.54545454545455,0.527027027027027,0.851351351351351,0.72972972972973,1.05405405405405,0.742268041237113,0.185567010309278,0.649484536082474,0.927835051546392,1.17073170731707,0.6,0.829268292682927,1.4,1.68421052631579,0.661654135338346,0.511278195488722,1.14285714285714,1.35251798561151,0.633093525179856,0.776978417266187,1.23741007194245,1.77483443708609,0.23841059602649,0.741721854304636,1.24503311258278,1.71428571428571,0.476190476190476,0.428571428571429,1.52380952380952,0.920245398773006,0.478527607361963,0.220858895705521,1.69325153374233,0.857142857142857,0.481481481481481,1,1.51851851851852,2.47422680412371,0.319148936170213,1.02061855670103,1.68085106382979
