virus,realm,host,locus_tag,AAA,AAC,AAG,AAT,ACA,ACC,ACG,ACT,AGA,AGC,AGG,AGT,ATA,ATC,ATG,ATT,CAA,CAC,CAG,CAT,CCA,CCC,CCG,CCT,CGA,CGC,CGG,CGT,CTA,CTC,CTG,CTT,GAA,GAC,GAG,GAT,GCA,GCC,GCG,GCT,GGA,GGC,GGG,GGT,GTA,GTC,GTG,GTT,TAA,TAC,TAG,TAT,TCA,TCC,TCG,TCT,TGA,TGC,TGG,TGT,TTA,TTC,TTG,TTT
Bulbul coronavirus HKU11-934,Riboviria,vertebrates,D1P21,1.27107061503417,0.709129511677282,0.728929384965831,1.29087048832272,1.41897810218978,0.51970802919708,0.239416058394161,1.82189781021898,1.78983050847458,0.405545927209705,0.671186440677966,1.03986135181976,1.03351955307263,0.41340782122905,1,1.55307262569832,1.1978021978022,0.455445544554455,0.802197802197802,1.54455445544554,1.62162162162162,0.334152334152334,0.275184275184275,1.76904176904177,0.345762711864407,0.874576271186441,0.223728813559322,2.09491525423729,0.657216494845361,0.425257731958763,0.425257731958763,1.88659793814433,1.26813880126183,0.625,0.73186119873817,1.375,1.50161812297735,0.537216828478964,0.168284789644013,1.79288025889968,0.730679156908665,0.693208430913349,0.243559718969555,2.33255269320843,0.823021582733813,0.454676258992806,0.500719424460432,2.22158273381295,1.66666666666667,0.657004830917874,0.666666666666667,1.34299516908213,1.58058925476603,0.509532062391681,0.239168110918544,2.22530329289428,0.666666666666667,0.504424778761062,1,1.49557522123894,1.37628865979381,0.472222222222222,1.22938144329897,1.52777777777778
