virus,realm,host,locus_tag,AAA,AAC,AAG,AAT,ACA,ACC,ACG,ACT,AGA,AGC,AGG,AGT,ATA,ATC,ATG,ATT,CAA,CAC,CAG,CAT,CCA,CCC,CCG,CCT,CGA,CGC,CGG,CGT,CTA,CTC,CTG,CTT,GAA,GAC,GAG,GAT,GCA,GCC,GCG,GCT,GGA,GGC,GGG,GGT,GTA,GTC,GTG,GTT,TAA,TAC,TAG,TAT,TCA,TCC,TCG,TCT,TGA,TGC,TGG,TGT,TTA,TTC,TTG,TTT
Burkholderia phage BcepNY3,Duplodnaviria,bacteria,BcepNY3gene,0.571428571428571,1.52,1.42857142857143,0.48,0.331627430910952,0.998976458546571,2.42784032753327,0.241555783009212,0.0256136606189968,1.47826086956522,0.032017075773746,0.260869565217391,0.0283464566929134,2.43779527559055,1,0.533858267716535,0.486223662884927,1.51162790697674,1.51377633711507,0.488372093023256,0.229268292682927,0.765853658536585,2.73658536585366,0.268292682926829,0.416221985058698,3.94450373532551,0.819637139807898,0.762006403415155,0.173841059602649,1.99668874172185,2.74668874172185,0.382450331125828,0.921944035346097,1.38374717832957,1.0780559646539,0.616252821670429,0.514231499051233,1.18785578747628,1.99430740037951,0.303605313092979,0.151612903225806,2.82258064516129,0.412903225806452,0.612903225806452,0.333656644034918,1.71096023278371,1.58680892337536,0.368574199806014,1.07142857142857,1.52267303102625,0.128571428571429,0.477326968973747,0.221343873517787,0.711462450592885,3.08300395256917,0.245059288537549,1.8,1.76223776223776,1,0.237762237762238,0.0794701986754967,1.60769230769231,0.620860927152318,0.392307692307692
