virus,realm,host,locus_tag,AAA,AAC,AAG,AAT,ACA,ACC,ACG,ACT,AGA,AGC,AGG,AGT,ATA,ATC,ATG,ATT,CAA,CAC,CAG,CAT,CCA,CCC,CCG,CCT,CGA,CGC,CGG,CGT,CTA,CTC,CTG,CTT,GAA,GAC,GAG,GAT,GCA,GCC,GCG,GCT,GGA,GGC,GGG,GGT,GTA,GTC,GTG,GTT,TAA,TAC,TAG,TAT,TCA,TCC,TCG,TCT,TGA,TGC,TGG,TGT,TTA,TTC,TTG,TTT
Buzura suppressaria nucleopolyhedrovirus,Naldaviricetes,invertebrates,BB03,1.7162108600872,0.922086284610431,0.283789139912802,1.07791371538957,1.11809523809524,0.786666666666667,1.01904761904762,1.07619047619048,0.690448791714614,1.24100227790433,0.182968929804373,1.08519362186788,0.798686244204019,0.601622874806801,1,1.59969088098918,1.6418359668924,0.944572748267898,0.3581640331076,1.0554272517321,0.838602329450915,0.831946755407654,1.4342762063228,0.895174708818636,1.50863060989643,1.77100115074799,0.486766398158803,1.36018411967779,0.465761511216057,0.467532467532468,0.548996458087367,0.646399055489965,1.67139107611549,0.883408071748879,0.328608923884514,1.11659192825112,0.843861740166865,1.03218116805721,1.12276519666269,1.00119189511323,0.851590106007067,1.70318021201413,0.162544169611307,1.28268551236749,0.788321167883212,0.683555173894375,1.48389866895663,1.04422498926578,2.26771653543307,0.836734693877551,0.377952755905512,1.16326530612245,0.822779043280182,0.612300683371298,1.35580865603645,0.882915717539863,0.354330708661417,0.784503631961259,1,1.21549636803874,1.6788665879575,0.385209713024283,2.19244391971665,1.61479028697572
