virus,realm,host,locus_tag,AAA,AAC,AAG,AAT,ACA,ACC,ACG,ACT,AGA,AGC,AGG,AGT,ATA,ATC,ATG,ATT,CAA,CAC,CAG,CAT,CCA,CCC,CCG,CCT,CGA,CGC,CGG,CGT,CTA,CTC,CTG,CTT,GAA,GAC,GAG,GAT,GCA,GCC,GCG,GCT,GGA,GGC,GGG,GGT,GTA,GTC,GTG,GTT,TAA,TAC,TAG,TAT,TCA,TCC,TCG,TCT,TGA,TGC,TGG,TGT,TTA,TTC,TTG,TTT
Cacao swollen shoot Ghana Q virus,Riboviria,land plants,FLA70,1,0.96078431372549,1,1.03921568627451,2.09836065573771,0.590163934426229,0.426229508196721,0.885245901639344,2.88372093023256,0.964285714285714,2.13953488372093,1.32142857142857,0.784313725490196,1.13725490196078,1,1.07843137254902,1.14893617021277,0.678571428571429,0.851063829787234,1.32142857142857,2.42553191489362,0.170212765957447,0.212765957446809,1.19148936170213,0.511627906976744,0.13953488372093,0.186046511627907,0.13953488372093,0.770949720670391,0.93854748603352,0.804469273743017,1.27374301675978,1.34328358208955,0.762886597938144,0.656716417910448,1.23711340206186,2.13953488372093,0.62015503875969,0.27906976744186,0.961240310077519,2.4390243902439,0.422764227642276,0.520325203252033,0.617886178861789,1.18518518518519,0.814814814814815,0.925925925925926,1.07407407407407,0,0.945945945945946,0.75,1.05405405405405,2.14285714285714,0.571428571428571,0.107142857142857,0.892857142857143,2.25,0.588235294117647,1,1.41176470588235,1.10614525139665,0.972972972972973,1.10614525139665,1.02702702702703
