virus,realm,host,locus_tag,AAA,AAC,AAG,AAT,ACA,ACC,ACG,ACT,AGA,AGC,AGG,AGT,ATA,ATC,ATG,ATT,CAA,CAC,CAG,CAT,CCA,CCC,CCG,CCT,CGA,CGC,CGG,CGT,CTA,CTC,CTG,CTT,GAA,GAC,GAG,GAT,GCA,GCC,GCG,GCT,GGA,GGC,GGG,GGT,GTA,GTC,GTG,GTT,TAA,TAC,TAG,TAT,TCA,TCC,TCG,TCT,TGA,TGC,TGG,TGT,TTA,TTC,TTG,TTT
Calibrachoa mottle virus,Riboviria,land plants,N648,1.16071428571429,1.06451612903226,0.839285714285714,0.935483870967742,0.893617021276596,1.1063829787234,0.468085106382979,1.53191489361702,1.61797752808989,0.91304347826087,1.41573033707865,1.23913043478261,1.12,1.08,1,0.8,1.23333333333333,0.926829268292683,0.766666666666667,1.07317073170732,1.29577464788732,1.12676056338028,0.394366197183099,1.1830985915493,0.943820224719101,0.606741573033708,1.14606741573034,0.269662921348315,1.2755905511811,0.708661417322835,0.992125984251969,0.47244094488189,1.25581395348837,1.04477611940298,0.744186046511628,0.955223880597015,1.14814814814815,0.888888888888889,0.37037037037037,1.59259259259259,1.48,0.56,0.76,1.2,0.785046728971963,0.560747663551402,1.83177570093458,0.822429906542056,1,1.07142857142857,1,0.928571428571429,1.82608695652174,0.717391304347826,0.326086956521739,0.978260869565217,1,1.05555555555556,1,0.944444444444444,1.18110236220472,0.813559322033898,1.37007874015748,1.1864406779661
