virus,realm,host,locus_tag,AAA,AAC,AAG,AAT,ACA,ACC,ACG,ACT,AGA,AGC,AGG,AGT,ATA,ATC,ATG,ATT,CAA,CAC,CAG,CAT,CCA,CCC,CCG,CCT,CGA,CGC,CGG,CGT,CTA,CTC,CTG,CTT,GAA,GAC,GAG,GAT,GCA,GCC,GCG,GCT,GGA,GGC,GGG,GGT,GTA,GTC,GTG,GTT,TAA,TAC,TAG,TAT,TCA,TCC,TCG,TCT,TGA,TGC,TGG,TGT,TTA,TTC,TTG,TTT
Canis familiaris papillomavirus 10,Monodnaviria,vertebrates,CPV,0.8,1.14285714285714,1.2,0.857142857142857,1.31073446327684,1.19774011299435,0.677966101694915,0.813559322033898,1.22274881516588,1.2,1.81990521327014,1.35789473684211,1.58426966292135,0.606741573033708,1,0.808988764044944,0.551724137931034,0.870967741935484,1.44827586206897,1.12903225806452,0.789237668161435,1.23766816143498,0.914798206278027,1.05829596412556,0.227488151658768,1.22274881516588,0.909952606635071,0.597156398104265,0.716814159292035,0.79646017699115,1.64601769911504,1.19469026548673,0.654761904761905,1.18238993710692,1.3452380952381,0.817610062893082,1.38636363636364,0.909090909090909,0.613636363636364,1.09090909090909,1.13461538461538,0.673076923076923,1.26923076923077,0.923076923076923,0.8,0.96969696969697,1.26060606060606,0.96969696969697,1.28571428571429,0.898550724637681,0.857142857142857,1.10144927536232,0.694736842105263,0.978947368421053,0.473684210526316,1.29473684210526,0.857142857142857,1.03846153846154,1,0.961538461538462,0.584070796460177,0.535714285714286,1.06194690265487,1.46428571428571
