virus,realm,host,locus_tag,AAA,AAC,AAG,AAT,ACA,ACC,ACG,ACT,AGA,AGC,AGG,AGT,ATA,ATC,ATG,ATT,CAA,CAC,CAG,CAT,CCA,CCC,CCG,CCT,CGA,CGC,CGG,CGT,CTA,CTC,CTG,CTT,GAA,GAC,GAG,GAT,GCA,GCC,GCG,GCT,GGA,GGC,GGG,GGT,GTA,GTC,GTG,GTT,TAA,TAC,TAG,TAT,TCA,TCC,TCG,TCT,TGA,TGC,TGG,TGT,TTA,TTC,TTG,TTT
Canid alphaherpesvirus 1,Duplodnaviria,vertebrates,A8B60,1.62215791649442,0.444031238378579,0.377842083505581,1.55596876162142,1.6969696969697,0.606060606060606,0.247694334650856,1.44927536231884,2.88087965791081,0.317675807765409,0.586438607208308,1.17458593537877,1.24526515151515,0.204545454545455,1,1.55018939393939,1.63665855636659,0.389684813753582,0.363341443633414,1.61031518624642,1.99247716281569,0.412681354110693,0.298764105319721,1.2960773777539,0.751374465485644,0.395846059865608,0.161270616982285,1.22419059254734,0.748337028824834,0.16629711751663,0.16629711751663,1.26884700665188,1.61719457013575,0.326305220883534,0.382805429864253,1.67369477911647,1.43218806509946,0.458107293550332,0.349608197709464,1.76009644364075,1.85465465465465,0.163363363363363,0.540540540540541,1.44144144144144,1.35740072202166,0.144404332129964,0.358947911294482,2.13924703455389,2.36842105263158,0.296191819464034,0.197368421052632,1.70380818053597,1.73336953570459,0.474070051588379,0.296497420581048,2.00380124898181,0.434210526315789,0.196629213483146,1,1.80337078651685,2.77882483370288,0.114905149051491,0.87139689578714,1.88509485094851
