virus,realm,host,locus_tag,AAA,AAC,AAG,AAT,ACA,ACC,ACG,ACT,AGA,AGC,AGG,AGT,ATA,ATC,ATG,ATT,CAA,CAC,CAG,CAT,CCA,CCC,CCG,CCT,CGA,CGC,CGG,CGT,CTA,CTC,CTG,CTT,GAA,GAC,GAG,GAT,GCA,GCC,GCG,GCT,GGA,GGC,GGG,GGT,GTA,GTC,GTG,GTT,TAA,TAC,TAG,TAT,TCA,TCC,TCG,TCT,TGA,TGC,TGG,TGT,TTA,TTC,TTG,TTT
Caulobacter phage CcrColossus,Duplodnaviria,bacteria,CcrColossu,0.15537101526922,1.53348214285714,1.84462898473078,0.466517857142857,0.0783353733170135,1.90534475724194,1.71440228478172,0.301917584659323,0.0280273086597197,1.48153122901276,0.0959396334890406,0.231027535258563,0.0203735144312394,2.64128062090711,1,0.338345864661654,0.606930346517326,1.36484333510356,1.39306965348267,0.635156664896442,0.201107011070111,1.12822878228782,2.16236162361624,0.50830258302583,0.439813151275602,3.38483650736615,0.819259791591807,1.23212360761768,0.171479874307946,1.65733951818046,3.18898698189436,0.426455184797247,0.918640183346066,1.37518684603886,1.08135981665393,0.624813153961136,0.220588235294118,1.89616755793226,1.37433155080214,0.508912655971479,0.294619229638342,2.57336077624228,0.421640693913555,0.710379300205822,0.134495641344956,2.26223091976517,1.19053549190536,0.412737946984522,0.930803571428571,1.43114446529081,0.542410714285714,0.568855534709193,0.18938885157824,1.20886501007388,2.51712558764271,0.372061786433848,1.52678571428571,1.67594936708861,1,0.324050632911392,0.0197516085590304,1.82038990092681,0.535986832260961,0.179610099073186
