virus,realm,host,locus_tag,AAA,AAC,AAG,AAT,ACA,ACC,ACG,ACT,AGA,AGC,AGG,AGT,ATA,ATC,ATG,ATT,CAA,CAC,CAG,CAT,CCA,CCC,CCG,CCT,CGA,CGC,CGG,CGT,CTA,CTC,CTG,CTT,GAA,GAC,GAG,GAT,GCA,GCC,GCG,GCT,GGA,GGC,GGG,GGT,GTA,GTC,GTG,GTT,TAA,TAC,TAG,TAT,TCA,TCC,TCG,TCT,TGA,TGC,TGG,TGT,TTA,TTC,TTG,TTT
Cellulophaga phage phi12:2,Monodnaviria,bacteria,Phi12,1.43478260869565,0.77037037037037,0.565217391304348,1.22962962962963,0.873949579831933,0.571428571428571,0.974789915966387,1.57983193277311,1.27058823529412,0.666666666666667,0.917647058823529,1.64444444444444,0.9,0.6,1,1.5,1.71052631578947,0.705882352941177,0.289473684210526,1.29411764705882,0.888888888888889,0.622222222222222,0.533333333333333,1.95555555555556,0.352941176470588,0.705882352941177,0.635294117647059,2.11764705882353,0.577540106951872,0.352941176470588,0.192513368983957,1.12299465240642,1.42222222222222,0.91304347826087,0.577777777777778,1.08695652173913,1.2962962962963,0.37037037037037,0.740740740740741,1.59259259259259,0.495575221238938,0.601769911504425,0.814159292035398,2.08849557522124,1.36231884057971,0.318840579710145,0.63768115942029,1.68115942028985,1.38461538461538,0.482758620689655,0.923076923076923,1.51724137931034,1.37777777777778,0.444444444444444,0.755555555555556,1.11111111111111,0.692307692307692,0.636363636363636,1,1.36363636363636,2.88770053475936,0.421052631578947,0.866310160427808,1.57894736842105
