virus,realm,host,locus_tag,AAA,AAC,AAG,AAT,ACA,ACC,ACG,ACT,AGA,AGC,AGG,AGT,ATA,ATC,ATG,ATT,CAA,CAC,CAG,CAT,CCA,CCC,CCG,CCT,CGA,CGC,CGG,CGT,CTA,CTC,CTG,CTT,GAA,GAC,GAG,GAT,GCA,GCC,GCG,GCT,GGA,GGC,GGG,GGT,GTA,GTC,GTG,GTT,TAA,TAC,TAG,TAT,TCA,TCC,TCG,TCT,TGA,TGC,TGG,TGT,TTA,TTC,TTG,TTT
Changjiang tombus-like virus 2,Riboviria,invertebrates,BWV79,1.13513513513514,1.23809523809524,0.864864864864865,0.761904761904762,1,0.375,0.375,2.25,0.979591836734694,1.5,1.10204081632653,0.75,1.23076923076923,0.846153846153846,1,0.923076923076923,1.21428571428571,0.888888888888889,0.785714285714286,1.11111111111111,1.125,0.375,0.5,2,0.857142857142857,1.46938775510204,0.73469387755102,0.857142857142857,0.315789473684211,1.15789473684211,0.842105263157895,1.36842105263158,0.9375,1,1.0625,1,1.14285714285714,1.33333333333333,0.380952380952381,1.14285714285714,1.48148148148148,1.11111111111111,0.592592592592593,0.814814814814815,0.833333333333333,1,1.08333333333333,1.08333333333333,1.5,0.96,1.5,1.04,1,0.75,0.75,1.25,0,1.33333333333333,1,0.666666666666667,1.05263157894737,0.871794871794872,1.26315789473684,1.12820512820513
