virus,realm,host,locus_tag,AAA,AAC,AAG,AAT,ACA,ACC,ACG,ACT,AGA,AGC,AGG,AGT,ATA,ATC,ATG,ATT,CAA,CAC,CAG,CAT,CCA,CCC,CCG,CCT,CGA,CGC,CGG,CGT,CTA,CTC,CTG,CTT,GAA,GAC,GAG,GAT,GCA,GCC,GCG,GCT,GGA,GGC,GGG,GGT,GTA,GTC,GTG,GTT,TAA,TAC,TAG,TAT,TCA,TCC,TCG,TCT,TGA,TGC,TGG,TGT,TTA,TTC,TTG,TTT
Chequa iflavirus,Riboviria,invertebrates,CWT05,1.01176470588235,0.179310344827586,0.988235294117647,1.82068965517241,0.670807453416149,0.248447204968944,0.546583850931677,2.53416149068323,1.46052631578947,0.334763948497854,0.631578947368421,1.98283261802575,0.941860465116279,0.156976744186047,1,1.90116279069767,1.04444444444444,0.173913043478261,0.955555555555556,1.82608695652174,0.628930817610063,0.251572327044025,0.427672955974843,2.69182389937107,0.907894736842105,0.394736842105263,0.513157894736842,2.09210526315789,0.345679012345679,0.148148148148148,0.296296296296296,0.839506172839506,1.08108108108108,0.191919191919192,0.918918918918919,1.80808080808081,0.342245989304813,0.235294117647059,0.663101604278075,2.75935828877005,0.744186046511628,0.395348837209302,0.558139534883721,2.30232558139535,0.779661016949153,0.186440677966102,0.813559322033898,2.22033898305085,3,0.101449275362319,0,1.89855072463768,0.566523605150215,0.309012875536481,0.437768240343348,2.36909871244635,0,0.325581395348837,1,1.67441860465116,2.14814814814815,0.271428571428571,2.22222222222222,1.72857142857143
