virus,realm,host,locus_tag,AAA,AAC,AAG,AAT,ACA,ACC,ACG,ACT,AGA,AGC,AGG,AGT,ATA,ATC,ATG,ATT,CAA,CAC,CAG,CAT,CCA,CCC,CCG,CCT,CGA,CGC,CGG,CGT,CTA,CTC,CTG,CTT,GAA,GAC,GAG,GAT,GCA,GCC,GCG,GCT,GGA,GGC,GGG,GGT,GTA,GTC,GTG,GTT,TAA,TAC,TAG,TAT,TCA,TCC,TCG,TCT,TGA,TGC,TGG,TGT,TTA,TTC,TTG,TTT
Cherry twisted leaf associated virus,Riboviria,land plants,HQ26,1.00487804878049,0.720588235294118,0.995121951219512,1.27941176470588,0.915032679738562,1.15032679738562,0.235294117647059,1.69934640522876,2.09815950920245,1.07299270072993,2.20858895705521,1.2043795620438,0.42603550295858,0.940828402366864,1,1.63313609467456,1.22727272727273,0.918918918918919,0.772727272727273,1.08108108108108,1.54621848739496,0.773109243697479,0.26890756302521,1.41176470588235,0.368098159509202,0.404907975460123,0.441717791411043,0.478527607361963,0.542056074766355,1.00934579439252,0.822429906542056,1.38317757009346,1.06806282722513,0.680555555555556,0.931937172774869,1.31944444444444,1.04444444444444,1.06666666666667,0.266666666666667,1.62222222222222,1.02325581395349,0.651162790697674,0.767441860465116,1.55813953488372,0.290502793296089,0.670391061452514,1.00558659217877,2.03351955307263,1.28571428571429,0.86046511627907,0.857142857142857,1.13953488372093,1.46715328467153,0.875912408759124,0.175182481751825,1.2043795620438,0.857142857142857,1.01694915254237,1,0.983050847457627,0.803738317757009,0.780748663101604,1.4392523364486,1.2192513368984
