virus,realm,host,locus_tag,AAA,AAC,AAG,AAT,ACA,ACC,ACG,ACT,AGA,AGC,AGG,AGT,ATA,ATC,ATG,ATT,CAA,CAC,CAG,CAT,CCA,CCC,CCG,CCT,CGA,CGC,CGG,CGT,CTA,CTC,CTG,CTT,GAA,GAC,GAG,GAT,GCA,GCC,GCG,GCT,GGA,GGC,GGG,GGT,GTA,GTC,GTG,GTT,TAA,TAC,TAG,TAT,TCA,TCC,TCG,TCT,TGA,TGC,TGG,TGT,TTA,TTC,TTG,TTT
Chimpanzee polyomavirus Bob,Monodnaviria,vertebrates,ChPyV,1.52136752136752,0.506666666666667,0.478632478632479,1.49333333333333,1.4949494949495,0.444444444444444,0.121212121212121,1.93939393939394,3.64864864864865,0.771428571428571,1.62162162162162,1.92857142857143,1.125,0.201923076923077,1,1.67307692307692,1.56410256410256,0.216216216216216,0.435897435897436,1.78378378378378,1.06666666666667,0.761904761904762,0.114285714285714,2.05714285714286,0.243243243243243,0.324324324324324,0.0810810810810811,0.0810810810810811,0.404145077720207,0.435233160621762,0.373056994818653,0.963730569948187,1.54782608695652,0.55421686746988,0.452173913043478,1.44578313253012,1.10344827586207,0.758620689655172,0.172413793103448,1.96551724137931,1.81512605042017,0.907563025210084,0.571428571428571,0.705882352941177,1.51578947368421,0.421052631578947,0.884210526315789,1.17894736842105,2.4,0.333333333333333,0,1.66666666666667,1.02857142857143,0.728571428571429,0.128571428571429,1.41428571428571,0.6,0.511627906976744,1,1.48837209302326,2.4559585492228,0.260869565217391,1.36787564766839,1.73913043478261
