virus,realm,host,locus_tag,AAA,AAC,AAG,AAT,ACA,ACC,ACG,ACT,AGA,AGC,AGG,AGT,ATA,ATC,ATG,ATT,CAA,CAC,CAG,CAT,CCA,CCC,CCG,CCT,CGA,CGC,CGG,CGT,CTA,CTC,CTG,CTT,GAA,GAC,GAG,GAT,GCA,GCC,GCG,GCT,GGA,GGC,GGG,GGT,GTA,GTC,GTG,GTT,TAA,TAC,TAG,TAT,TCA,TCC,TCG,TCT,TGA,TGC,TGG,TGT,TTA,TTC,TTG,TTT
Chlamydia virus CPAR39,Monodnaviria,bacteria,phiCPAR39p,1.11904761904762,0.459016393442623,0.880952380952381,1.54098360655738,1.33333333333333,0.317460317460317,0.825396825396825,1.52380952380952,1.39024390243902,0.191489361702128,0.658536585365854,0.574468085106383,0.5,0.75,1,1.75,1.16923076923077,0.470588235294118,0.830769230769231,1.52941176470588,0.974358974358974,0.153846153846154,0.307692307692308,2.56410256410256,0.878048780487805,0.439024390243902,0.365853658536585,2.26829268292683,0.169811320754717,0.905660377358491,0,1.9811320754717,0.857142857142857,0.387096774193548,1.14285714285714,1.61290322580645,1.27058823529412,0.329411764705882,0.894117647058824,1.50588235294118,1.9746835443038,0.40506329113924,0.30379746835443,1.31645569620253,0.648648648648649,0.540540540540541,1.02702702702703,1.78378378378378,1.5,0.433333333333333,0.5,1.56666666666667,1.02127659574468,0.638297872340426,0.382978723404255,3.19148936170213,1,0.583333333333333,1,1.41666666666667,1.64150943396226,0.685714285714286,1.30188679245283,1.31428571428571
