virus,realm,host,locus_tag,AAA,AAC,AAG,AAT,ACA,ACC,ACG,ACT,AGA,AGC,AGG,AGT,ATA,ATC,ATG,ATT,CAA,CAC,CAG,CAT,CCA,CCC,CCG,CCT,CGA,CGC,CGG,CGT,CTA,CTC,CTG,CTT,GAA,GAC,GAG,GAT,GCA,GCC,GCG,GCT,GGA,GGC,GGG,GGT,GTA,GTC,GTG,GTT,TAA,TAC,TAG,TAT,TCA,TCC,TCG,TCT,TGA,TGC,TGG,TGT,TTA,TTC,TTG,TTT
Chondrostereum purpureum cryptic virus 1,Riboviria,fungi,D1T34,1.36842105263158,1.05263157894737,0.631578947368421,0.947368421052632,0.712328767123288,0.986301369863014,0.602739726027397,1.6986301369863,0.65625,0.151898734177215,0.375,0.531645569620253,0.617647058823529,1.5,1,0.882352941176471,1.34883720930233,1.21428571428571,0.651162790697674,0.785714285714286,0.444444444444444,1.03703703703704,0.691358024691358,1.82716049382716,1.3125,1.78125,0.09375,1.78125,0.694736842105263,1.83157894736842,1.01052631578947,1.38947368421053,1.55555555555556,1.25,0.444444444444444,0.75,1.1358024691358,1.4320987654321,0.296296296296296,1.1358024691358,1.13207547169811,1.13207547169811,0,1.73584905660377,0.581818181818182,1.74545454545455,0.581818181818182,1.09090909090909,1.5,1.30232558139535,0,0.697674418604651,1.06329113924051,1.29113924050633,0.607594936708861,2.35443037974684,1.5,0.857142857142857,1,1.14285714285714,0.631578947368421,1.24242424242424,0.442105263157895,0.757575757575758
