virus,realm,host,locus_tag,AAA,AAC,AAG,AAT,ACA,ACC,ACG,ACT,AGA,AGC,AGG,AGT,ATA,ATC,ATG,ATT,CAA,CAC,CAG,CAT,CCA,CCC,CCG,CCT,CGA,CGC,CGG,CGT,CTA,CTC,CTG,CTT,GAA,GAC,GAG,GAT,GCA,GCC,GCG,GCT,GGA,GGC,GGG,GGT,GTA,GTC,GTG,GTT,TAA,TAC,TAG,TAT,TCA,TCC,TCG,TCT,TGA,TGC,TGG,TGT,TTA,TTC,TTG,TTT
Circoviridae 3 LDMD-2013,NA,NA,QS57,0.588235294117647,1.03448275862069,1.41176470588235,0.96551724137931,0.903225806451613,1.54838709677419,0.774193548387097,0.774193548387097,0.893617021276596,0.697674418604651,1.02127659574468,1.11627906976744,0.285714285714286,1.42857142857143,1,1.28571428571429,0.952380952380952,1,1.04761904761905,1,2.07407407407407,0.148148148148148,0.444444444444444,1.33333333333333,1.40425531914894,0.765957446808511,0.382978723404255,1.53191489361702,0.837209302325581,0.697674418604651,0.837209302325581,1.67441860465116,1.1304347826087,1.04347826086957,0.869565217391304,0.956521739130435,1.3,1.2,0.3,1.2,0.962962962962963,1.11111111111111,0.666666666666667,1.25925925925926,0.41025641025641,1.64102564102564,1.12820512820513,0.82051282051282,1.5,1.5,0,0.5,0.837209302325581,1.67441860465116,0.418604651162791,1.25581395348837,1.5,0.857142857142857,1,1.14285714285714,1.11627906976744,1.39130434782609,0.837209302325581,0.608695652173913
