virus,realm,host,locus_tag,AAA,AAC,AAG,AAT,ACA,ACC,ACG,ACT,AGA,AGC,AGG,AGT,ATA,ATC,ATG,ATT,CAA,CAC,CAG,CAT,CCA,CCC,CCG,CCT,CGA,CGC,CGG,CGT,CTA,CTC,CTG,CTT,GAA,GAC,GAG,GAT,GCA,GCC,GCG,GCT,GGA,GGC,GGG,GGT,GTA,GTC,GTG,GTT,TAA,TAC,TAG,TAT,TCA,TCC,TCG,TCT,TGA,TGC,TGG,TGT,TTA,TTC,TTG,TTT
Citrus yellow mosaic virus,Riboviria,land plants,CYMVgp,0.943396226415094,0.760330578512397,1.05660377358491,1.2396694214876,1.36645962732919,1.29192546583851,0.248447204968944,1.09316770186335,1.70886075949367,1.09375,1.63291139240506,1.03125,0.784883720930233,1.09883720930233,1,1.11627906976744,1.15723270440252,0.794520547945205,0.842767295597484,1.20547945205479,1.79310344827586,0.717241379310345,0.303448275862069,1.18620689655172,0.645569620253165,0.379746835443038,1.10126582278481,0.531645569620253,0.788844621513944,0.836653386454183,0.788844621513944,1.67330677290837,1.23756906077348,0.850746268656716,0.762430939226519,1.14925373134328,1.29032258064516,1.18709677419355,0.154838709677419,1.36774193548387,1.20863309352518,0.776978417266187,0.863309352517986,1.15107913669065,0.811188811188811,0.867132867132867,0.839160839160839,1.48251748251748,0.5,1.01052631578947,1,0.989473684210526,1.5625,1.03125,0.34375,0.9375,1.5,0.979591836734694,1,1.02040816326531,1.12350597609562,0.945054945054945,0.788844621513944,1.05494505494505
