virus,realm,host,locus_tag,AAA,AAC,AAG,AAT,ACA,ACC,ACG,ACT,AGA,AGC,AGG,AGT,ATA,ATC,ATG,ATT,CAA,CAC,CAG,CAT,CCA,CCC,CCG,CCT,CGA,CGC,CGG,CGT,CTA,CTC,CTG,CTT,GAA,GAC,GAG,GAT,GCA,GCC,GCG,GCT,GGA,GGC,GGG,GGT,GTA,GTC,GTG,GTT,TAA,TAC,TAG,TAT,TCA,TCC,TCG,TCT,TGA,TGC,TGG,TGT,TTA,TTC,TTG,TTT
Citrobacter phage Miller,Duplodnaviria,bacteria,CPTMiller,1.46900528592023,1.29090909090909,0.530994714079769,0.709090909090909,1.07261904761905,0.98452380952381,0.769047619047619,1.17380952380952,0.463235294117647,1.05990783410138,0.165441176470588,0.975115207373272,0.26787159428109,1.45346641489075,1,1.27866199082816,0.943623426382047,0.843537414965986,1.05637657361795,1.15646258503401,0.963761018609207,0.278158667972576,1.41234084231146,1.34573947110676,0.701470588235294,1.59264705882353,0.277941176470588,2.79926470588235,0.34435261707989,0.457300275482094,2.17079889807163,1.02203856749311,1.67161885245902,0.609944163786227,0.328381147540984,1.39005583621377,1.35526992287918,0.388688946015424,1.00154241645244,1.25449871465296,0.660260033917467,0.672696438665913,0.59807801017524,2.06896551724138,0.990551964196917,0.455494778717056,0.771755345599204,1.78219791148682,1.59205776173285,0.833060556464812,0.151624548736462,1.16693944353519,1.11889400921659,0.71889400921659,0.619354838709677,1.50783410138249,1.25631768953069,0.80365296803653,1,1.19634703196347,0.90771349862259,1.1336170212766,1.09779614325069,0.866382978723404
