virus,realm,host,locus_tag,AAA,AAC,AAG,AAT,ACA,ACC,ACG,ACT,AGA,AGC,AGG,AGT,ATA,ATC,ATG,ATT,CAA,CAC,CAG,CAT,CCA,CCC,CCG,CCT,CGA,CGC,CGG,CGT,CTA,CTC,CTG,CTT,GAA,GAC,GAG,GAT,GCA,GCC,GCG,GCT,GGA,GGC,GGG,GGT,GTA,GTC,GTG,GTT,TAA,TAC,TAG,TAT,TCA,TCC,TCG,TCT,TGA,TGC,TGG,TGT,TTA,TTC,TTG,TTT
Citrus endogenous pararetrovirus,NA,NA,Y895,1.36170212765957,0.657142857142857,0.638297872340426,1.34285714285714,0.87218045112782,1.38345864661654,0.180451127819549,1.56390977443609,1.46341463414634,0.331658291457286,0.51219512195122,0.603015075376884,0.223140495867769,1.46280991735537,1,1.31404958677686,1.27692307692308,0.846153846153846,0.723076923076923,1.15384615384615,1.55294117647059,0.752941176470588,0.0941176470588235,1.6,1.46341463414634,0.658536585365854,0.658536585365854,1.24390243902439,0.551351351351351,1.23243243243243,0.616216216216216,2.01081081081081,1.59550561797753,0.825688073394495,0.404494382022472,1.1743119266055,0.583333333333333,1.5,0.0416666666666667,1.875,1.28571428571429,0.857142857142857,0.214285714285714,1.64285714285714,0.387096774193548,1.80645161290323,0.387096774193548,1.41935483870968,1.5,0.909090909090909,0,1.09090909090909,1.14572864321608,1.59798994974874,0.180904522613065,2.14070351758794,1.5,0.692307692307692,1,1.30769230769231,0.875675675675676,0.969072164948454,0.713513513513514,1.03092783505155
