virus,realm,host,locus_tag,AAA,AAC,AAG,AAT,ACA,ACC,ACG,ACT,AGA,AGC,AGG,AGT,ATA,ATC,ATG,ATT,CAA,CAC,CAG,CAT,CCA,CCC,CCG,CCT,CGA,CGC,CGG,CGT,CTA,CTC,CTG,CTT,GAA,GAC,GAG,GAT,GCA,GCC,GCG,GCT,GGA,GGC,GGG,GGT,GTA,GTC,GTG,GTT,TAA,TAC,TAG,TAT,TCA,TCC,TCG,TCT,TGA,TGC,TGG,TGT,TTA,TTC,TTG,TTT
Clostridium phage phiCTC2A,Duplodnaviria,bacteria,phiCTC2A,1.50462107208872,0.328094302554027,0.495378927911275,1.67190569744597,1.96521739130435,0.23768115942029,0.127536231884058,1.6695652173913,4.37704918032787,0.556786703601108,1.19262295081967,2.61772853185596,1.92942109436955,0.104678826328311,1,0.965900079302141,1.59808612440191,0.259459459459459,0.401913875598086,1.74054054054054,2.01791044776119,0.238805970149254,0.119402985074627,1.62388059701493,0.110655737704918,0.0368852459016393,0.0368852459016393,0.245901639344262,0.780153977758768,0.097519247219846,0.102651839178785,0.985457656116339,1.59121621621622,0.304891922639363,0.408783783783784,1.69510807736064,2.03577235772358,0.201626016260163,0.136585365853659,1.6260162601626,1.86206896551724,0.254641909814324,0.424403183023873,1.45888594164456,2.16,0.0628571428571429,0.382857142857143,1.39428571428571,1.7910447761194,0.341463414634146,0.671641791044776,1.65853658536585,1.10526315789474,0.240997229916898,0.0997229916897507,1.37950138504155,0.537313432835821,0.38961038961039,1,1.61038961038961,3.55688622754491,0.284629981024668,0.477331052181352,1.71537001897533
