virus,realm,host,locus_tag,AAA,AAC,AAG,AAT,ACA,ACC,ACG,ACT,AGA,AGC,AGG,AGT,ATA,ATC,ATG,ATT,CAA,CAC,CAG,CAT,CCA,CCC,CCG,CCT,CGA,CGC,CGG,CGT,CTA,CTC,CTG,CTT,GAA,GAC,GAG,GAT,GCA,GCC,GCG,GCT,GGA,GGC,GGG,GGT,GTA,GTC,GTG,GTT,TAA,TAC,TAG,TAT,TCA,TCC,TCG,TCT,TGA,TGC,TGG,TGT,TTA,TTC,TTG,TTT
Clostridium phage CDKM15,Duplodnaviria,bacteria,HWA98,1.52276867030965,0.346959122632104,0.477231329690346,1.6530408773679,2.0979020979021,0.13986013986014,0.102564102564103,1.65967365967366,4.50847457627119,0.703947368421053,0.903954802259887,2.44736842105263,1.90363232023721,0.11119347664937,1,0.985174203113417,1.68704156479218,0.382978723404255,0.312958435207824,1.61702127659574,1.75778546712803,0.262975778546713,0.13840830449827,1.84083044982699,0.259887005649718,0.0564971751412429,0.0338983050847458,0.23728813559322,0.781395348837209,0.0976744186046512,0.162790697674419,0.902325581395349,1.57229832572298,0.362352941176471,0.427701674277017,1.63764705882353,1.92411924119241,0.102981029810298,0.184281842818428,1.78861788617886,1.7536231884058,0.304347826086957,0.420289855072464,1.52173913043478,1.75454545454545,0.140909090909091,0.418181818181818,1.68636363636364,1.93670886075949,0.341911764705882,0.721518987341772,1.65808823529412,1.15789473684211,0.0789473684210526,0.105263157894737,1.50657894736842,0.341772151898734,0.489795918367347,1,1.51020408163265,3.4,0.217993079584775,0.655813953488372,1.78200692041522
