virus,realm,host,locus_tag,AAA,AAC,AAG,AAT,ACA,ACC,ACG,ACT,AGA,AGC,AGG,AGT,ATA,ATC,ATG,ATT,CAA,CAC,CAG,CAT,CCA,CCC,CCG,CCT,CGA,CGC,CGG,CGT,CTA,CTC,CTG,CTT,GAA,GAC,GAG,GAT,GCA,GCC,GCG,GCT,GGA,GGC,GGG,GGT,GTA,GTC,GTG,GTT,TAA,TAC,TAG,TAT,TCA,TCC,TCG,TCT,TGA,TGC,TGG,TGT,TTA,TTC,TTG,TTT
Clostridium phage c-st,Duplodnaviria,bacteria,CST,1.56849315068493,0.347313534345953,0.431506849315068,1.65268646565405,1.84892367906067,0.253620352250489,0.214481409001957,1.68297455968689,4.47229994404029,0.461385482267153,0.715165081141578,2.19356977129599,1.67311142116803,0.205102650986645,1,1.12178592784533,1.78784648187633,0.336,0.212153518123667,1.664,1.5862726406101,0.171591992373689,0.156339370829361,2.08579599618684,0.322327923894796,0.047006155567991,0.0201454952434247,0.423055400111919,0.681436567164179,0.0601679104477612,0.0881529850746269,0.552705223880597,1.67389006342495,0.32823454429573,0.326109936575053,1.67176545570427,1.81674208144796,0.255656108597285,0.244343891402715,1.68325791855204,1.78382838283828,0.315181518151815,0.336633663366337,1.56435643564356,1.82625633034671,0.140241527074406,0.37709388391118,1.65640825866771,2.33333333333333,0.313161875945537,0.5,1.68683812405446,1.54126615843553,0.206827974809413,0.161087172688101,1.43586344050381,0.166666666666667,0.322056833558863,1,1.67794316644114,3.89412313432836,0.307692307692308,0.723414179104478,1.69230769230769
