virus,realm,host,locus_tag,AAA,AAC,AAG,AAT,ACA,ACC,ACG,ACT,AGA,AGC,AGG,AGT,ATA,ATC,ATG,ATT,CAA,CAC,CAG,CAT,CCA,CCC,CCG,CCT,CGA,CGC,CGG,CGT,CTA,CTC,CTG,CTT,GAA,GAC,GAG,GAT,GCA,GCC,GCG,GCT,GGA,GGC,GGG,GGT,GTA,GTC,GTG,GTT,TAA,TAC,TAG,TAT,TCA,TCC,TCG,TCT,TGA,TGC,TGG,TGT,TTA,TTC,TTG,TTT
Colletotrichum gloeosporioides chrysovirus 1,Riboviria,fungi,FLB26,0.759358288770054,1.02654867256637,1.24064171122995,0.973451327433628,1.87878787878788,0.515151515151515,0.636363636363636,0.96969696969697,2.38709677419355,0.91578947368421,2.83870967741935,1.32631578947368,2.1044776119403,0.380597014925373,1,0.514925373134328,0.772727272727273,1.29824561403509,1.22727272727273,0.701754385964912,1.46835443037975,0.30379746835443,0.810126582278481,1.41772151898734,0.387096774193548,0.161290322580645,0.193548387096774,0.032258064516129,0.814070351758794,0.21105527638191,1.92964824120603,0.723618090452261,0.956521739130435,0.988505747126437,1.04347826086957,1.01149425287356,1.8125,0.520833333333333,0.833333333333333,0.833333333333333,1.35238095238095,0.933333333333333,0.876190476190476,0.838095238095238,0.78,0.28,2.12,0.82,2,1.04672897196262,1,0.953271028037383,1.67368421052632,0.284210526315789,0.726315789473684,1.07368421052632,0,1.13513513513514,1,0.864864864864865,0.422110552763819,1.32231404958678,1.89949748743719,0.677685950413223
