virus,realm,host,locus_tag,AAA,AAC,AAG,AAT,ACA,ACC,ACG,ACT,AGA,AGC,AGG,AGT,ATA,ATC,ATG,ATT,CAA,CAC,CAG,CAT,CCA,CCC,CCG,CCT,CGA,CGC,CGG,CGT,CTA,CTC,CTG,CTT,GAA,GAC,GAG,GAT,GCA,GCC,GCG,GCT,GGA,GGC,GGG,GGT,GTA,GTC,GTG,GTT,TAA,TAC,TAG,TAT,TCA,TCC,TCG,TCT,TGA,TGC,TGG,TGT,TTA,TTC,TTG,TTT
Common vole polyomavirus,Monodnaviria,vertebrates,AR663,1.17647058823529,0.537634408602151,0.823529411764706,1.46236559139785,1.28440366972477,0.73394495412844,0.256880733944954,1.72477064220183,3.74358974358974,0.930232558139535,1.58974358974359,1.81395348837209,1.28089887640449,0.202247191011236,1,1.51685393258427,0.962962962962963,1.12820512820513,1.03703703703704,0.871794871794872,1.0952380952381,0.714285714285714,0.428571428571429,1.76190476190476,0.256410256410256,0.102564102564103,0.102564102564103,0.205128205128205,1,0.37037037037037,0.888888888888889,1.25925925925926,1.29078014184397,0.835443037974684,0.709219858156028,1.16455696202532,1.125,0.4375,0.125,2.3125,1.71875,0.46875,0.5,1.3125,0.738461538461539,0.461538461538462,1.29230769230769,1.50769230769231,0.6,0.753623188405797,1.2,1.2463768115942,0.930232558139535,0.604651162790698,0.0930232558139535,1.62790697674419,1.2,1.26829268292683,1,0.731707317073171,1.03703703703704,0.507936507936508,1.44444444444444,1.49206349206349
