virus,realm,host,locus_tag,AAA,AAC,AAG,AAT,ACA,ACC,ACG,ACT,AGA,AGC,AGG,AGT,ATA,ATC,ATG,ATT,CAA,CAC,CAG,CAT,CCA,CCC,CCG,CCT,CGA,CGC,CGG,CGT,CTA,CTC,CTG,CTT,GAA,GAC,GAG,GAT,GCA,GCC,GCG,GCT,GGA,GGC,GGG,GGT,GTA,GTC,GTG,GTT,TAA,TAC,TAG,TAT,TCA,TCC,TCG,TCT,TGA,TGC,TGG,TGT,TTA,TTC,TTG,TTT
Cotesia flavipes bracovirus,NA,NA,FK953,1,1.2,1,0.8,0.933333333333333,0.8,1.02222222222222,1.24444444444444,2.33057851239669,1.11627906976744,1.28925619834711,1.25581395348837,0.716129032258065,0.929032258064516,1,1.35483870967742,1.17333333333333,0.828571428571429,0.826666666666667,1.17142857142857,1.08474576271186,0.406779661016949,2.10169491525424,0.406779661016949,0.942148760330578,0.347107438016529,0.694214876033058,0.396694214876033,0.884615384615385,0.653846153846154,1.5,1.26923076923077,1.30232558139535,0.732394366197183,0.697674418604651,1.26760563380282,1.57142857142857,0.642857142857143,0.5,1.28571428571429,2.02298850574713,0.413793103448276,0.505747126436782,1.05747126436782,0.579710144927536,0.956521739130435,0.985507246376812,1.47826086956522,NA,1.06329113924051,NA,0.936708860759494,1.16279069767442,1.11627906976744,0.930232558139535,0.418604651162791,NA,1.05882352941176,1,0.941176470588235,0.730769230769231,0.851485148514851,0.961538461538462,1.14851485148515
