virus,realm,host,locus_tag,AAA,AAC,AAG,AAT,ACA,ACC,ACG,ACT,AGA,AGC,AGG,AGT,ATA,ATC,ATG,ATT,CAA,CAC,CAG,CAT,CCA,CCC,CCG,CCT,CGA,CGC,CGG,CGT,CTA,CTC,CTG,CTT,GAA,GAC,GAG,GAT,GCA,GCC,GCG,GCT,GGA,GGC,GGG,GGT,GTA,GTC,GTG,GTT,TAA,TAC,TAG,TAT,TCA,TCC,TCG,TCT,TGA,TGC,TGG,TGT,TTA,TTC,TTG,TTT
crAssphage cr106 1,NA,NA,KNV29,1.07550200803213,0.384086444007859,0.924497991967872,1.61591355599214,1.33935629587803,0.359119141727837,0.00677583286278938,2.29474872953134,4.75498802873105,0.302662307333022,1.1779728651237,2.11303129378795,1.21545979564638,0.314526876943581,1,1.47001332741004,1.1883786316776,0.334231805929919,0.811621368322399,1.66576819407008,1.31835205992509,0.198501872659176,0.0299625468164794,2.45318352059925,0.0191540303272147,0.00478850758180367,0.0239425379090184,0.0191540303272147,0.506381226842322,0.187731576780568,0.353231782626595,2.04528612597777,1.34299516908213,0.46072186836518,0.657004830917874,1.53927813163482,1.56028368794326,0.307692307692308,0.00654664484451719,2.12547735951991,1.64512820512821,0.295384615384615,0.22974358974359,1.82974358974359,1.919311457773,0.240989779451318,0.339967724583109,1.49973103819258,1.85714285714286,0.294470353097935,0.457142857142857,1.70552964690207,1.4936945352639,0.263428304530593,0.0196170014012144,1.80756655768333,0.685714285714286,0.304761904761905,1,1.6952380952381,2.2107863318238,0.606481481481482,0.69658295594895,1.39351851851852
