virus,realm,host,locus_tag,AAA,AAC,AAG,AAT,ACA,ACC,ACG,ACT,AGA,AGC,AGG,AGT,ATA,ATC,ATG,ATT,CAA,CAC,CAG,CAT,CCA,CCC,CCG,CCT,CGA,CGC,CGG,CGT,CTA,CTC,CTG,CTT,GAA,GAC,GAG,GAT,GCA,GCC,GCG,GCT,GGA,GGC,GGG,GGT,GTA,GTC,GTG,GTT,TAA,TAC,TAG,TAT,TCA,TCC,TCG,TCT,TGA,TGC,TGG,TGT,TTA,TTC,TTG,TTT
crAssphage cr127 1,NA,NA,KNV44,1.70051960321209,0.0883333333333333,0.299480396787907,1.91166666666667,1.5509693558474,0.110068792995622,0.127579737335835,2.21138211382114,3.28382502543235,0.129672897196262,0.378433367243133,2.11682242990654,1.56545654565457,0.0759075907590759,1,1.35863586358636,1.75649350649351,0.15916955017301,0.243506493506494,1.84083044982699,0.818461538461538,0.16,0.455384615384615,2.56615384615385,0.817904374364191,0.0610376398779247,0.0244150559511699,1.43438453713123,0.302250803858521,0.122186495176849,0.0739549839228296,2.02250803858521,1.82587369711833,0.143253747917823,0.174126302881668,1.85674625208218,0.957264957264957,0.15042735042735,0.133333333333333,2.75897435897436,1.56295694557271,0.0942323314378554,0.074735987002437,2.268074735987,1.67151162790698,0.104651162790698,0.063953488372093,2.15988372093023,2.22222222222222,0.0917180013689254,0.259259259259259,1.90828199863107,0.820093457943925,0.157710280373832,0.157710280373832,2.61799065420561,0.518518518518518,0.0913705583756345,1,1.90862944162437,3.15755627009646,0.167652859960552,0.321543408360129,1.83234714003945
