virus,realm,host,locus_tag,AAA,AAC,AAG,AAT,ACA,ACC,ACG,ACT,AGA,AGC,AGG,AGT,ATA,ATC,ATG,ATT,CAA,CAC,CAG,CAT,CCA,CCC,CCG,CCT,CGA,CGC,CGG,CGT,CTA,CTC,CTG,CTT,GAA,GAC,GAG,GAT,GCA,GCC,GCG,GCT,GGA,GGC,GGG,GGT,GTA,GTC,GTG,GTT,TAA,TAC,TAG,TAT,TCA,TCC,TCG,TCT,TGA,TGC,TGG,TGT,TTA,TTC,TTG,TTT
Crimson clover cryptic virus 2,Riboviria,land plants,D1S83,1.01694915254237,0.64367816091954,0.983050847457627,1.35632183908046,0.55045871559633,1.32110091743119,0.146788990825688,1.98165137614679,0.8,0.375,0.24,0.5625,0.535714285714286,1.10714285714286,1,1.35714285714286,1.26315789473684,1,0.736842105263158,1,0.737864077669903,0.815533980582524,0.310679611650485,2.13592233009709,0.8,2.4,0.08,1.68,0.803149606299213,1.55905511811024,0.566929133858268,1.41732283464567,1.7,0.695652173913043,0.3,1.30434782608696,0.52,1.16,0.16,2.16,1.87234042553191,1.02127659574468,0.0851063829787234,1.02127659574468,0.338028169014085,1.23943661971831,0.338028169014085,2.08450704225352,1.5,1,0,1,1,1.6875,0.25,2.125,1.5,0.875,1,1.125,0.803149606299213,0.7,0.850393700787402,1.3
