virus,realm,host,locus_tag,AAA,AAC,AAG,AAT,ACA,ACC,ACG,ACT,AGA,AGC,AGG,AGT,ATA,ATC,ATG,ATT,CAA,CAC,CAG,CAT,CCA,CCC,CCG,CCT,CGA,CGC,CGG,CGT,CTA,CTC,CTG,CTT,GAA,GAC,GAG,GAT,GCA,GCC,GCG,GCT,GGA,GGC,GGG,GGT,GTA,GTC,GTG,GTT,TAA,TAC,TAG,TAT,TCA,TCC,TCG,TCT,TGA,TGC,TGG,TGT,TTA,TTC,TTG,TTT
Cronobacter phage PBES 02,Duplodnaviria,bacteria,ADU18,0.851194539249147,1.38429319371728,1.14880546075085,0.615706806282723,0.782122905027933,1.48603351955307,0.766161213088587,0.965682362330407,0.352173913043478,1.00207210940738,0.404347826086957,0.733526730211355,0.157448526443278,1.85668146951958,1,0.985870004037142,0.729456384323641,1.31017964071856,1.27054361567636,0.689820359281437,0.791208791208791,0.402197802197802,1.75824175824176,1.04835164835165,0.52695652173913,1.5104347826087,0.76695652173913,2.43913043478261,0.172811059907834,0.77073732718894,2.75115207373272,0.936635944700461,1.01225806451613,1.10964148973199,0.987741935483871,0.890358510268012,1.0818888224746,1.1249252839211,0.904961147638972,0.888224745965332,0.609941027801179,1.1625947767481,0.878404942431901,1.34905925301882,0.739956399875428,0.79850513858611,1.17097477421364,1.29056368732482,1.53333333333333,1.18896713615023,0.133333333333333,0.811032863849765,0.768338168255284,1.41483630335682,0.534604227103191,1.54662246166598,1.33333333333333,1.09906542056075,1,0.900934579439252,0.30241935483871,1.34216101694915,1.06624423963134,0.657838983050847
