virus,realm,host,locus_tag,AAA,AAC,AAG,AAT,ACA,ACC,ACG,ACT,AGA,AGC,AGG,AGT,ATA,ATC,ATG,ATT,CAA,CAC,CAG,CAT,CCA,CCC,CCG,CCT,CGA,CGC,CGG,CGT,CTA,CTC,CTG,CTT,GAA,GAC,GAG,GAT,GCA,GCC,GCG,GCT,GGA,GGC,GGG,GGT,GTA,GTC,GTG,GTT,TAA,TAC,TAG,TAT,TCA,TCC,TCG,TCT,TGA,TGC,TGG,TGT,TTA,TTC,TTG,TTT
Cronobacter phage phiES15,Duplodnaviria,bacteria,B887,1.23853211009174,1.41520467836257,0.761467889908257,0.584795321637427,0.543275632490013,1.762982689747,1.20372836218375,0.490013315579228,0.516499282639885,2.22159887798036,0.48206599713056,0.446002805049088,0.38828967642527,1.5808936825886,1,1.03081664098613,0.470588235294118,1.1530612244898,1.52941176470588,0.846938775510204,0.501118568232662,0.823266219239374,2.06711409395973,0.608501118568233,0.344332855093257,2.74605451936872,1.05021520803443,0.860832137733142,0.313919052319842,0.781836130306022,2.73050345508391,1.15498519249753,1.01237964236589,1.03328509406657,0.987620357634113,0.96671490593343,0.748019017432647,1.33755942947702,1.24247226624406,0.671949286846276,0.376470588235294,2.10352941176471,0.818823529411765,0.701176470588235,0.640883977900553,0.635359116022099,1.59116022099448,1.13259668508287,1.38461538461538,1.11232876712329,0.115384615384615,0.887671232876712,0.816269284712483,0.849929873772791,0.908835904628331,0.757363253856942,1.5,1.54545454545455,1,0.454545454545455,0.562685093780849,0.963917525773196,0.456071076011846,1.0360824742268
