virus,realm,host,locus_tag,AAA,AAC,AAG,AAT,ACA,ACC,ACG,ACT,AGA,AGC,AGG,AGT,ATA,ATC,ATG,ATT,CAA,CAC,CAG,CAT,CCA,CCC,CCG,CCT,CGA,CGC,CGG,CGT,CTA,CTC,CTG,CTT,GAA,GAC,GAG,GAT,GCA,GCC,GCG,GCT,GGA,GGC,GGG,GGT,GTA,GTC,GTG,GTT,TAA,TAC,TAG,TAT,TCA,TCC,TCG,TCT,TGA,TGC,TGG,TGT,TTA,TTC,TTG,TTT
Cucumber necrosis virus,Riboviria,land plants,CuNVgp,0.875,0.973684210526316,1.125,1.02631578947368,1.27272727272727,0.909090909090909,0.836363636363636,0.981818181818182,1.30985915492958,1.05,2.07042253521127,1.4,0.724137931034483,1.20689655172414,1,1.06896551724138,0.844444444444444,0.814814814814815,1.15555555555556,1.18518518518519,0.888888888888889,0.666666666666667,0.666666666666667,1.77777777777778,0.633802816901408,0.71830985915493,0.676056338028169,0.591549295774648,0.670391061452514,1.10614525139665,0.871508379888268,1.50837988826816,0.892857142857143,0.719101123595506,1.10714285714286,1.28089887640449,1.03401360544218,1.1156462585034,0.925170068027211,0.925170068027211,1.26470588235294,0.647058823529412,0.852941176470588,1.23529411764706,0.724832214765101,0.671140939597315,1.47651006711409,1.12751677852349,1,1,1,1,0.85,0.8,1.15,0.75,1,1.0625,1,0.9375,0.636871508379888,1.05555555555556,1.20670391061453,0.944444444444444
