virus,realm,host,locus_tag,AAA,AAC,AAG,AAT,ACA,ACC,ACG,ACT,AGA,AGC,AGG,AGT,ATA,ATC,ATG,ATT,CAA,CAC,CAG,CAT,CCA,CCC,CCG,CCT,CGA,CGC,CGG,CGT,CTA,CTC,CTG,CTT,GAA,GAC,GAG,GAT,GCA,GCC,GCG,GCT,GGA,GGC,GGG,GGT,GTA,GTC,GTG,GTT,TAA,TAC,TAG,TAT,TCA,TCC,TCG,TCT,TGA,TGC,TGG,TGT,TTA,TTC,TTG,TTT
Cucumber chlorotic leaf virus,Monodnaviria,land plants,KM738,0.87719298245614,1.11111111111111,1.12280701754386,0.888888888888889,1,0.875,1.125,1,1.53846153846154,0.675,1.53846153846154,0.75,0.833333333333333,1.16666666666667,1,1,1.18918918918919,0.944444444444444,0.810810810810811,1.05555555555556,1.53333333333333,0.866666666666667,0.666666666666667,0.933333333333333,0.538461538461538,0.538461538461538,0.615384615384615,1.23076923076923,0.923076923076923,1.10769230769231,1.2,0.923076923076923,0.82051282051282,1.12,1.17948717948718,0.88,0.962962962962963,1.11111111111111,0.666666666666667,1.25925925925926,1.28301886792453,0.528301886792453,0.754716981132076,1.43396226415094,0.235294117647059,1.52941176470588,0.882352941176471,1.35294117647059,1.2,0.631578947368421,1.8,1.36842105263158,1.725,1.2,0.825,0.825,0,0.588235294117647,1,1.41176470588235,1.10769230769231,1.20833333333333,0.738461538461539,0.791666666666667
