virus,realm,host,locus_tag,AAA,AAC,AAG,AAT,ACA,ACC,ACG,ACT,AGA,AGC,AGG,AGT,ATA,ATC,ATG,ATT,CAA,CAC,CAG,CAT,CCA,CCC,CCG,CCT,CGA,CGC,CGG,CGT,CTA,CTC,CTG,CTT,GAA,GAC,GAG,GAT,GCA,GCC,GCG,GCT,GGA,GGC,GGG,GGT,GTA,GTC,GTG,GTT,TAA,TAC,TAG,TAT,TCA,TCC,TCG,TCT,TGA,TGC,TGG,TGT,TTA,TTC,TTG,TTT
Cycas necrotic stunt virus,Riboviria,land plants,CNSV,0.935185185185185,0.492537313432836,1.06481481481481,1.50746268656716,1.04712041884817,0.732984293193717,0.460732984293194,1.75916230366492,1.24873096446701,0.669642857142857,0.974619289340102,1.125,0.565714285714286,0.754285714285714,1,1.68,1.16883116883117,0.833333333333333,0.831168831168831,1.16666666666667,1.46448087431694,0.896174863387978,0.284153005464481,1.3551912568306,0.548223350253807,1.49238578680203,0.67005076142132,1.06598984771574,0.460176991150442,0.79646017699115,0.814159292035398,1.36283185840708,1.0353982300885,0.503067484662577,0.964601769911504,1.49693251533742,1.16610169491525,0.989830508474576,0.271186440677966,1.5728813559322,1.07359307359307,0.813852813852814,0.831168831168831,1.28138528138528,0.478764478764479,0.355212355212355,1.38996138996139,1.77606177606178,1.5,0.654867256637168,0,1.34513274336283,0.964285714285714,1.125,0.482142857142857,1.63392857142857,1.5,0.873563218390805,1,1.1264367816092,0.584070796460177,0.436363636363636,1.98230088495575,1.56363636363636
