virus,realm,host,locus_tag,AAA,AAC,AAG,AAT,ACA,ACC,ACG,ACT,AGA,AGC,AGG,AGT,ATA,ATC,ATG,ATT,CAA,CAC,CAG,CAT,CCA,CCC,CCG,CCT,CGA,CGC,CGG,CGT,CTA,CTC,CTG,CTT,GAA,GAC,GAG,GAT,GCA,GCC,GCG,GCT,GGA,GGC,GGG,GGT,GTA,GTC,GTG,GTT,TAA,TAC,TAG,TAT,TCA,TCC,TCG,TCT,TGA,TGC,TGG,TGT,TTA,TTC,TTG,TTT
Cyclovirus PK5034,Monodnaviria,human,D1Q38,1.38095238095238,0.705882352941177,0.619047619047619,1.29411764705882,0.823529411764706,1.17647058823529,1.05882352941176,0.941176470588235,1.5,1.16129032258065,0.9,0.967741935483871,0.375,1.25,1,1.375,1.18181818181818,0.4,0.818181818181818,1.6,1.45454545454545,0.363636363636364,1.27272727272727,0.909090909090909,0.75,1.05,1.2,0.6,1.03448275862069,1.24137931034483,0.413793103448276,2.06896551724138,1.04,1.30434782608696,0.96,0.695652173913043,1.24137931034483,0.689655172413793,1.24137931034483,0.827586206896552,1.57142857142857,1.14285714285714,0.857142857142857,0.428571428571429,1.09090909090909,0.727272727272727,0.727272727272727,1.45454545454545,3,1.33333333333333,0,0.666666666666667,1.16129032258065,0.193548387096774,0.580645161290323,1.93548387096774,0,0.4,1,1.6,0.413793103448276,1,0.827586206896552,1
