virus,realm,host,locus_tag,AAA,AAC,AAG,AAT,ACA,ACC,ACG,ACT,AGA,AGC,AGG,AGT,ATA,ATC,ATG,ATT,CAA,CAC,CAG,CAT,CCA,CCC,CCG,CCT,CGA,CGC,CGG,CGT,CTA,CTC,CTG,CTT,GAA,GAC,GAG,GAT,GCA,GCC,GCG,GCT,GGA,GGC,GGG,GGT,GTA,GTC,GTG,GTT,TAA,TAC,TAG,TAT,TCA,TCC,TCG,TCT,TGA,TGC,TGG,TGT,TTA,TTC,TTG,TTT
Deerpox virus W-848-83,Varidnaviria,vertebrates,DpV83gp,1.68481253971616,0.30262551819438,0.315187460283838,1.69737448180562,2.07428777497295,0.372160115398485,0.442841687702849,1.11071042192571,4.2086851628468,0.364408897775556,0.691194209891435,1.0047488127968,1.66622362518691,0.245223459046353,1,1.08855291576674,1.69771863117871,0.305159165751921,0.302281368821293,1.69484083424808,1.75565610859729,0.462831286360698,0.400775694893342,1.38073691014867,0.41254523522316,0.177322074788902,0.083232810615199,0.427020506634499,0.588980367321089,0.143128562381254,0.117796073464218,0.734642178594047,1.68582114926896,0.224796493425172,0.314178850731044,1.77520350657483,1.73553719008264,0.49862258953168,0.526170798898072,1.2396694214876,2.10335641981886,0.300479488545551,0.323921150772509,1.27224294086308,1.82414068745004,0.225419664268585,0.482813749000799,1.46762589928058,2.37869822485207,0.236777583187391,0.248520710059172,1.76322241681261,1.84453886528368,0.550362409397651,0.409397650587353,1.82654336415896,0.372781065088757,0.36241610738255,1,1.63758389261745,3.40848638378721,0.263712313839448,1.00696643445218,1.73628768616055
