virus,realm,host,locus_tag,AAA,AAC,AAG,AAT,ACA,ACC,ACG,ACT,AGA,AGC,AGG,AGT,ATA,ATC,ATG,ATT,CAA,CAC,CAG,CAT,CCA,CCC,CCG,CCT,CGA,CGC,CGG,CGT,CTA,CTC,CTG,CTT,GAA,GAC,GAG,GAT,GCA,GCC,GCG,GCT,GGA,GGC,GGG,GGT,GTA,GTC,GTG,GTT,TAA,TAC,TAG,TAT,TCA,TCC,TCG,TCT,TGA,TGC,TGG,TGT,TTA,TTC,TTG,TTT
Delftia phage IME-DE1,Duplodnaviria,bacteria,AU155,0.096728307254623,1.73483146067416,1.90327169274538,0.265168539325843,0.269293924466338,2.41050903119869,0.880131362889984,0.440065681444992,0.0287539936102236,1.74193548387097,0.201277955271566,0.331797235023041,0.0507518796992481,2.40789473684211,1,0.541353383458647,0.670520231213873,1.41176470588235,1.32947976878613,0.588235294117647,0.430769230769231,1.41538461538462,0.946153846153846,1.20769230769231,0.507987220447284,2.76996805111821,1.12140575079872,1.37060702875399,0.0521739130434783,1.86521739130435,3.80869565217391,0.156521739130435,0.646657571623465,1.57014925373134,1.35334242837653,0.429850746268657,0.728957528957529,1.85328185328185,0.466409266409266,0.951351351351351,0.465408805031447,1.83228511530398,0.725366876310273,0.976939203354298,0.209718670076726,1.40664961636829,2.11253196930946,0.271099744245524,1.375,1.60830860534125,0.25,0.391691394658754,0.101382488479263,2.53456221198157,0.80184331797235,0.488479262672811,1.375,1.47272727272727,1,0.527272727272727,0,1.85024154589372,0.117391304347826,0.14975845410628
