virus,realm,host,locus_tag,AAA,AAC,AAG,AAT,ACA,ACC,ACG,ACT,AGA,AGC,AGG,AGT,ATA,ATC,ATG,ATT,CAA,CAC,CAG,CAT,CCA,CCC,CCG,CCT,CGA,CGC,CGG,CGT,CTA,CTC,CTG,CTT,GAA,GAC,GAG,GAT,GCA,GCC,GCG,GCT,GGA,GGC,GGG,GGT,GTA,GTC,GTG,GTT,TAA,TAC,TAG,TAT,TCA,TCC,TCG,TCT,TGA,TGC,TGG,TGT,TTA,TTC,TTG,TTT
Dioscorea bacilliform RT virus 2,Riboviria,land plants,D1T90,0.943396226415094,1,1.05660377358491,1,1.57377049180328,0.688524590163934,0.426229508196721,1.31147540983607,1.42105263157895,0.863013698630137,1.89473684210526,0.575342465753425,0.652173913043478,1.08695652173913,1,1.26086956521739,1.12621359223301,0.96,0.87378640776699,1.04,1.93548387096774,0.688172043010753,0.516129032258065,0.860215053763441,1.10526315789474,0.368421052631579,0.578947368421053,0.631578947368421,1.12315270935961,0.886699507389163,1.18226600985222,1.24137931034483,1.17821782178218,0.838709677419355,0.821782178217822,1.16129032258065,1.94520547945205,0.849315068493151,0.328767123287671,0.876712328767123,2.016,0.864,0.384,0.736,1.00813008130081,1.00813008130081,1.17073170731707,0.813008130081301,0,1.12121212121212,1,0.878787878787879,1.68493150684932,0.821917808219178,0.73972602739726,1.31506849315068,2,1.05882352941176,1,0.941176470588235,0.650246305418719,1.075,0.916256157635468,0.925
