virus,realm,host,locus_tag,AAA,AAC,AAG,AAT,ACA,ACC,ACG,ACT,AGA,AGC,AGG,AGT,ATA,ATC,ATG,ATT,CAA,CAC,CAG,CAT,CCA,CCC,CCG,CCT,CGA,CGC,CGG,CGT,CTA,CTC,CTG,CTT,GAA,GAC,GAG,GAT,GCA,GCC,GCG,GCT,GGA,GGC,GGG,GGT,GTA,GTC,GTG,GTT,TAA,TAC,TAG,TAT,TCA,TCC,TCG,TCT,TGA,TGC,TGG,TGT,TTA,TTC,TTG,TTT
Dromedary camel enterovirus 19CC,Riboviria,vertebrates,D1P35,1,0.527472527472527,1,1.47252747252747,1.39597315436242,1.50335570469799,0.322147651006711,0.778523489932886,1.23711340206186,1.12751677852349,1.42268041237113,0.966442953020134,0.75609756097561,0.414634146341463,1,1.82926829268293,1.14285714285714,0.612244897959184,0.857142857142857,1.38775510204082,1.69491525423729,0.983050847457627,0.440677966101695,0.88135593220339,0.247422680412371,1.67010309278351,0.43298969072165,0.989690721649485,0.459016393442623,0.39344262295082,0.655737704918033,1.67213114754098,0.944444444444444,0.556521739130435,1.05555555555556,1.44347826086957,1.3953488372093,1.04651162790698,0.511627906976744,1.04651162790698,1.06849315068493,1.04109589041096,0.657534246575342,1.23287671232877,0.407185628742515,0.311377245508982,1.41317365269461,1.86826347305389,0,0.658823529411765,3,1.34117647058824,1.61073825503356,1.32885906040268,0.241610738255034,0.724832214765101,0,1.07317073170732,1,0.926829268292683,0.885245901639344,0.357894736842105,1.9344262295082,1.64210526315789
