virus,realm,host,locus_tag,AAA,AAC,AAG,AAT,ACA,ACC,ACG,ACT,AGA,AGC,AGG,AGT,ATA,ATC,ATG,ATT,CAA,CAC,CAG,CAT,CCA,CCC,CCG,CCT,CGA,CGC,CGG,CGT,CTA,CTC,CTG,CTT,GAA,GAC,GAG,GAT,GCA,GCC,GCG,GCT,GGA,GGC,GGG,GGT,GTA,GTC,GTG,GTT,TAA,TAC,TAG,TAT,TCA,TCC,TCG,TCT,TGA,TGC,TGG,TGT,TTA,TTC,TTG,TTT
Drosophila melanogaster sigmavirus AP30,Riboviria,invertebrates,SIGMAV,0.931216931216931,0.983783783783784,1.06878306878307,1.01621621621622,1.23420074349442,1.24907063197026,0.446096654275093,1.07063197026022,1.91666666666667,0.809815950920245,1.41666666666667,0.662576687116564,0.951492537313433,1.19776119402985,1,0.850746268656716,1.05555555555556,1.02702702702703,0.944444444444444,0.972972972972973,1.13488372093023,0.762790697674419,0.762790697674419,1.33953488372093,0.861111111111111,0.388888888888889,0.944444444444444,0.472222222222222,1.0025706940874,0.832904884318766,1.18766066838046,0.786632390745501,0.94170403587444,0.71889400921659,1.05829596412556,1.28110599078341,1.57777777777778,1.13333333333333,0.377777777777778,0.911111111111111,1.41772151898734,0.691983122362869,1.13080168776371,0.759493670886076,0.984375,0.75,1.3125,0.953125,1,0.858974358974359,1,1.14102564102564,1.41717791411043,0.957055214723926,0.441717791411043,1.71165644171779,1,0.912280701754386,1,1.08771929824561,0.863753213367609,1.2125,1.32647814910026,0.7875
