virus,realm,host,locus_tag,AAA,AAC,AAG,AAT,ACA,ACC,ACG,ACT,AGA,AGC,AGG,AGT,ATA,ATC,ATG,ATT,CAA,CAC,CAG,CAT,CCA,CCC,CCG,CCT,CGA,CGC,CGG,CGT,CTA,CTC,CTG,CTT,GAA,GAC,GAG,GAT,GCA,GCC,GCG,GCT,GGA,GGC,GGG,GGT,GTA,GTC,GTG,GTT,TAA,TAC,TAG,TAT,TCA,TCC,TCG,TCT,TGA,TGC,TGG,TGT,TTA,TTC,TTG,TTT
Egaro virus,NA,NA,BGV93,1.37096774193548,0.638888888888889,0.629032258064516,1.36111111111111,1.4320987654321,0.592592592592593,0.345679012345679,1.62962962962963,2.27272727272727,0.564102564102564,1.36363636363636,1.69230769230769,0.929577464788732,0.464788732394366,1,1.6056338028169,1.13207547169811,0.375,0.867924528301887,1.625,0.585365853658537,0.48780487804878,0.24390243902439,2.68292682926829,0.363636363636364,0.545454545454545,0.727272727272727,0.727272727272727,0.163265306122449,0.326530612244898,0.489795918367347,1.51020408163265,1.11363636363636,0.378378378378378,0.886363636363636,1.62162162162162,1.10344827586207,0.873563218390805,0.827586206896552,1.19540229885057,1.0126582278481,0.607594936708861,0.860759493670886,1.51898734177215,0.754716981132076,0.452830188679245,1.13207547169811,1.66037735849057,3,0.340425531914894,0,1.65957446808511,1.07692307692308,0.615384615384615,0.461538461538462,1.58974358974359,0,0.545454545454545,1,1.45454545454545,1.6734693877551,0.342857142857143,1.83673469387755,1.65714285714286
