virus,realm,host,locus_tag,AAA,AAC,AAG,AAT,ACA,ACC,ACG,ACT,AGA,AGC,AGG,AGT,ATA,ATC,ATG,ATT,CAA,CAC,CAG,CAT,CCA,CCC,CCG,CCT,CGA,CGC,CGG,CGT,CTA,CTC,CTG,CTT,GAA,GAC,GAG,GAT,GCA,GCC,GCG,GCT,GGA,GGC,GGG,GGT,GTA,GTC,GTG,GTT,TAA,TAC,TAG,TAT,TCA,TCC,TCG,TCT,TGA,TGC,TGG,TGT,TTA,TTC,TTG,TTT
Eggplant mottled crinkle virus,Riboviria,land plants,AU06,0.730769230769231,0.904109589041096,1.26923076923077,1.0958904109589,1.48275862068966,0.758620689655172,0.758620689655172,1,1.57241379310345,0.982758620689655,1.61379310344828,1.55172413793103,0.810810810810811,1.01351351351351,1,1.17567567567568,0.869565217391304,0.962962962962963,1.1304347826087,1.03703703703704,1.04545454545455,0.772727272727273,0.454545454545455,1.72727272727273,0.413793103448276,0.786206896551724,0.786206896551724,0.827586206896552,0.631578947368421,1.07368421052632,1.16842105263158,1.32631578947368,0.770642201834862,0.681818181818182,1.22935779816514,1.31818181818182,0.972972972972973,0.918918918918919,0.783783783783784,1.32432432432432,1.18620689655172,0.717241379310345,0.96551724137931,1.13103448275862,0.695652173913043,0.720496894409938,1.46583850931677,1.11801242236025,0.5,0.933333333333333,1.5,1.06666666666667,1.03448275862069,0.517241379310345,0.827586206896552,1.08620689655172,1,0.918918918918919,1,1.08108108108108,0.663157894736842,0.985915492957746,1.13684210526316,1.01408450704225
