virus,realm,host,locus_tag,AAA,AAC,AAG,AAT,ACA,ACC,ACG,ACT,AGA,AGC,AGG,AGT,ATA,ATC,ATG,ATT,CAA,CAC,CAG,CAT,CCA,CCC,CCG,CCT,CGA,CGC,CGG,CGT,CTA,CTC,CTG,CTT,GAA,GAC,GAG,GAT,GCA,GCC,GCG,GCT,GGA,GGC,GGG,GGT,GTA,GTC,GTG,GTT,TAA,TAC,TAG,TAT,TCA,TCC,TCG,TCT,TGA,TGC,TGG,TGT,TTA,TTC,TTG,TTT
Elm mottle virus,Riboviria,land plants,EMoV,0.81437125748503,0.556701030927835,1.18562874251497,1.44329896907216,0.73469387755102,1.33333333333333,0.653061224489796,1.27891156462585,1.53020134228188,0.466321243523316,1.36912751677852,0.746113989637306,0.864,0.72,1,1.416,1.2987012987013,0.8,0.701298701298701,1.2,1.09090909090909,1.06060606060606,0.818181818181818,1.03030303030303,0.845637583892617,0.402684563758389,0.442953020134228,1.40939597315436,0.504672897196262,0.560747663551402,0.672897196261682,1.14953271028037,1.14685314685315,0.564705882352941,0.853146853146853,1.43529411764706,0.752941176470588,1.05882352941176,0.564705882352941,1.62352941176471,1.24590163934426,0.426229508196721,0.590163934426229,1.73770491803279,0.194174757281553,0.718446601941748,1.22330097087379,1.86407766990291,0.6,0.790123456790123,1.8,1.20987654320988,1.05699481865285,1.67875647668394,0.746113989637306,1.30569948186528,0.6,0.791666666666667,1,1.20833333333333,1.00934579439252,0.94017094017094,2.10280373831776,1.05982905982906
