virus,realm,host,locus_tag,AAA,AAC,AAG,AAT,ACA,ACC,ACG,ACT,AGA,AGC,AGG,AGT,ATA,ATC,ATG,ATT,CAA,CAC,CAG,CAT,CCA,CCC,CCG,CCT,CGA,CGC,CGG,CGT,CTA,CTC,CTG,CTT,GAA,GAC,GAG,GAT,GCA,GCC,GCG,GCT,GGA,GGC,GGG,GGT,GTA,GTC,GTG,GTT,TAA,TAC,TAG,TAT,TCA,TCC,TCG,TCT,TGA,TGC,TGG,TGT,TTA,TTC,TTG,TTT
Enterococcus phage EFDG1,Duplodnaviria,bacteria,AVV19,1.41846522781775,0.976744186046512,0.581534772182254,1.02325581395349,1.98108581436077,0.388091068301226,0.361471103327496,1.26935201401051,1.7255107386066,0.631211180124224,0.358302776322682,1.65605590062112,0.441144114411441,0.707370737073707,1,1.85148514851485,1.55303933253874,0.65531914893617,0.446960667461263,1.34468085106383,1.64857142857143,0.211428571428571,0.465714285714286,1.67428571428571,0.886327920377161,0.201152435830278,0.333158721843897,2.49554740701938,1.17733295742881,0.131942486608401,0.252043980828869,0.969269805469411,1.46064222790566,0.856521739130435,0.539357772094345,1.14347826086957,1.66029246344207,0.310461192350956,0.305961754780652,1.72328458942632,1.24573502722323,0.288929219600726,0.476225045372051,1.98911070780399,1.81026640675763,0.253411306042885,0.487329434697856,1.44899285250162,1.859375,0.831692913385827,0.75,1.16830708661417,1.11568322981366,0.52639751552795,0.15139751552795,1.91925465838509,0.390625,0.46684350132626,1,1.53315649867374,2.5914857626163,0.695388349514563,0.87792500704821,1.30461165048544
