virus,realm,host,locus_tag,AAA,AAC,AAG,AAT,ACA,ACC,ACG,ACT,AGA,AGC,AGG,AGT,ATA,ATC,ATG,ATT,CAA,CAC,CAG,CAT,CCA,CCC,CCG,CCT,CGA,CGC,CGG,CGT,CTA,CTC,CTG,CTT,GAA,GAC,GAG,GAT,GCA,GCC,GCG,GCT,GGA,GGC,GGG,GGT,GTA,GTC,GTG,GTT,TAA,TAC,TAG,TAT,TCA,TCC,TCG,TCT,TGA,TGC,TGG,TGT,TTA,TTC,TTG,TTT
Enterobacteriaphage UAB Phi87,NA,NA,Phi87,1.18851674641148,0.923959827833572,0.811483253588517,1.07604017216643,1.4818401937046,0.486682808716707,0.25181598062954,1.77966101694915,2.27834101382488,0.681818181818182,0.64147465437788,1.22727272727273,0.274243360098826,0.976528721432983,1,1.74922791846819,1.04225352112676,0.854442344045369,0.957746478873239,1.14555765595463,2.03792667509482,0.222503160556258,0.257901390644753,1.48166877370417,0.458986175115207,0.359447004608295,0.16036866359447,2.10138248847926,0.680184331797235,0.445161290322581,0.870967741935484,1.59815668202765,1.26643990929705,0.735074626865672,0.733560090702948,1.26492537313433,1.7360959651036,0.298800436205016,0.148309705561614,1.81679389312977,0.581687612208258,0.476361460203471,0.371035308198683,2.57091561938959,1.22927879440258,0.458557588805167,0.518837459634015,1.79332615715823,2.02040816326531,0.840989399293286,0.224489795918367,1.15901060070671,1.71678321678322,0.384615384615385,0.122377622377622,1.86713286713287,0.755102040816326,0.730666666666667,1,1.26933333333333,1.66728110599078,0.795811518324607,0.738248847926267,1.20418848167539
