virus,realm,host,locus_tag,AAA,AAC,AAG,AAT,ACA,ACC,ACG,ACT,AGA,AGC,AGG,AGT,ATA,ATC,ATG,ATT,CAA,CAC,CAG,CAT,CCA,CCC,CCG,CCT,CGA,CGC,CGG,CGT,CTA,CTC,CTG,CTT,GAA,GAC,GAG,GAT,GCA,GCC,GCG,GCT,GGA,GGC,GGG,GGT,GTA,GTC,GTG,GTT,TAA,TAC,TAG,TAT,TCA,TCC,TCG,TCT,TGA,TGC,TGG,TGT,TTA,TTC,TTG,TTT
Enterobacteria phage P7,Duplodnaviria,bacteria,H7U13,1.27780763030629,0.973389355742297,0.722192369693713,1.0266106442577,1.00111234705228,1.17018909899889,0.914349276974416,0.914349276974416,0.607675906183369,1.24397590361446,0.508528784648188,0.966867469879518,0.561688311688312,1.125,1,1.31331168831169,0.708777686628384,0.849264705882353,1.29122231337162,1.15073529411765,1.17365269461078,0.475620188195038,1.35158254918734,0.999144568006843,0.674840085287846,1.89339019189765,0.761194029850746,1.5543710021322,0.360801781737194,0.601336302895323,2.06236080178174,1.22048997772829,1.27561327561328,0.673717609730301,0.724386724386724,1.3262823902697,1.109396914446,0.91164095371669,0.943899018232819,1.03506311360449,0.642609985170539,1.21008403361345,0.73356401384083,1.41374196737519,0.771857216761511,0.738748060010347,0.943610967408174,1.54578375581997,1.64601769911504,0.854736842105263,0.265486725663717,1.14526315789474,1.18373493975904,0.855421686746988,0.671686746987952,1.07831325301205,1.08849557522124,1.0030959752322,1,0.996904024767802,0.846325167037862,0.924561403508772,0.908685968819599,1.07543859649123
