virus,realm,host,locus_tag,AAA,AAC,AAG,AAT,ACA,ACC,ACG,ACT,AGA,AGC,AGG,AGT,ATA,ATC,ATG,ATT,CAA,CAC,CAG,CAT,CCA,CCC,CCG,CCT,CGA,CGC,CGG,CGT,CTA,CTC,CTG,CTT,GAA,GAC,GAG,GAT,GCA,GCC,GCG,GCT,GGA,GGC,GGG,GGT,GTA,GTC,GTG,GTT,TAA,TAC,TAG,TAT,TCA,TCC,TCG,TCT,TGA,TGC,TGG,TGT,TTA,TTC,TTG,TTT
Entebbe bat virus,Riboviria,vertebrates,ENTV,1.23316062176166,1.16788321167883,0.766839378238342,0.832116788321168,1.52066115702479,1.1404958677686,0.694214876033058,0.644628099173554,1.58490566037736,1.3030303030303,1.61320754716981,0.878787878787879,0.893258426966292,1.29775280898876,1,0.808988764044944,0.916666666666667,1.2289156626506,1.08333333333333,0.771084337349398,1.5,1.11764705882353,0.764705882352941,0.617647058823529,0.707547169811321,0.849056603773585,0.792452830188679,0.452830188679245,0.664615384615385,1.12615384615385,1.97538461538462,0.627692307692308,1.14736842105263,1.22222222222222,0.852631578947368,0.777777777777778,1.13559322033898,1.23728813559322,0.610169491525424,1.01694915254237,1.53623188405797,0.753623188405797,1.15942028985507,0.550724637681159,0.259927797833935,0.823104693140794,2.12274368231047,0.794223826714801,3,1.0952380952381,0,0.904761904761905,1.54545454545455,0.96969696969697,0.424242424242424,0.878787878787879,0,1.25806451612903,1,0.741935483870968,0.332307692307692,1.14782608695652,1.27384615384615,0.852173913043478
