virus,realm,host,locus_tag,AAA,AAC,AAG,AAT,ACA,ACC,ACG,ACT,AGA,AGC,AGG,AGT,ATA,ATC,ATG,ATT,CAA,CAC,CAG,CAT,CCA,CCC,CCG,CCT,CGA,CGC,CGG,CGT,CTA,CTC,CTG,CTT,GAA,GAC,GAG,GAT,GCA,GCC,GCG,GCT,GGA,GGC,GGG,GGT,GTA,GTC,GTG,GTT,TAA,TAC,TAG,TAT,TCA,TCC,TCG,TCT,TGA,TGC,TGG,TGT,TTA,TTC,TTG,TTT
Equine torovirus,NA,NA,FK940,1.07407407407407,0.287625418060201,0.925925925925926,1.7123745819398,1.93643031784841,0.508557457212714,0.146699266503667,1.40831295843521,2.43,0.192384769539078,1.02,1.58717434869739,1.01851851851852,0.138888888888889,1,1.84259259259259,1.06406685236769,0.287769784172662,0.935933147632312,1.71223021582734,2.01324503311258,0.423841059602649,0.23841059602649,1.32450331125828,0.51,0.3,0.33,1.41,0.28436018957346,0.123222748815166,0.28436018957346,1.27962085308057,1.17361111111111,0.230263157894737,0.826388888888889,1.76973684210526,1.93055555555556,0.527777777777778,0.138888888888889,1.40277777777778,0.968858131487889,0.539792387543253,0.387543252595156,2.1038062283737,0.822299651567944,0.104529616724739,0.857142857142857,2.21602787456446,0,0.258064516129032,2,1.74193548387097,1.94789579158317,0.432865731462926,0.264529058116232,1.5751503006012,1,0.284153005464481,1,1.71584699453552,2.01895734597156,0.0674698795180723,2.00947867298578,1.93253012048193
