virus,realm,host,locus_tag,AAA,AAC,AAG,AAT,ACA,ACC,ACG,ACT,AGA,AGC,AGG,AGT,ATA,ATC,ATG,ATT,CAA,CAC,CAG,CAT,CCA,CCC,CCG,CCT,CGA,CGC,CGG,CGT,CTA,CTC,CTG,CTT,GAA,GAC,GAG,GAT,GCA,GCC,GCG,GCT,GGA,GGC,GGG,GGT,GTA,GTC,GTG,GTT,TAA,TAC,TAG,TAT,TCA,TCC,TCG,TCT,TGA,TGC,TGG,TGT,TTA,TTC,TTG,TTT
Erwinia phage vB EamM Yoloswag,NA,NA,HOR66,1.00461639920862,1.31702238417491,0.995383600791383,0.682977615825091,1.13643292682927,0.842987804878049,0.723323170731707,1.29725609756098,0.354976505766766,1.5907279971025,0.11789833404528,1.32343353857298,0.275204963438954,1.36007090627077,1,1.36472413029027,0.874617737003058,1.02291021671827,1.12538226299694,0.977089783281734,1.081986834231,0.25014961101137,0.707360861759425,1.9605026929982,0.465185818026484,1.68005126014524,0.110209312259718,3.27167876975651,0.40621730683007,0.68958302196981,1.83918696756838,1.36033477806008,1.30495009166836,0.924960085151676,0.695049908331636,1.07503991484832,1.18470069671548,0.626759562064553,0.632447035404522,1.55609270581544,0.407199535513838,1.34546158312367,0.142442423069479,2.10489645829301,0.830338004946414,0.525638911788953,1.00643033800495,1.63759274525969,1.78378378378378,0.886752136752137,0.432432432432432,1.11324786324786,1.06048533140167,0.417240130387541,0.5508873596523,1.05722564288301,0.783783783783784,0.804255319148936,1,1.19574468085106,0.505753997907637,0.921944977607166,1.19892392766403,1.07805502239283
