virus,realm,host,locus_tag,AAA,AAC,AAG,AAT,ACA,ACC,ACG,ACT,AGA,AGC,AGG,AGT,ATA,ATC,ATG,ATT,CAA,CAC,CAG,CAT,CCA,CCC,CCG,CCT,CGA,CGC,CGG,CGT,CTA,CTC,CTG,CTT,GAA,GAC,GAG,GAT,GCA,GCC,GCG,GCT,GGA,GGC,GGG,GGT,GTA,GTC,GTG,GTT,TAA,TAC,TAG,TAT,TCA,TCC,TCG,TCT,TGA,TGC,TGG,TGT,TTA,TTC,TTG,TTT
Erwinia phage Ea9-2,Duplodnaviria,bacteria,Ea92,1.05359661495063,1.1388673390225,0.946403385049365,0.861132660977502,0.593068035943517,1.13735558408216,0.477535301668806,1.79204107830552,0.43984962406015,0.852981969486824,0.287593984962406,1.04438280166436,0.12597200622084,1.58398133748056,1,1.2900466562986,0.544075829383886,0.935344827586207,1.45592417061611,1.06465517241379,1.61788617886179,0.317073170731707,0.882113821138211,1.18292682926829,0.479323308270677,0.518796992481203,0.422932330827068,3.8515037593985,0.200101061141991,0.706417382516422,3.12582112177868,0.636685194542698,1.17934782608696,0.77731673582296,0.820652173913043,1.22268326417704,1.10174152153987,0.736938588450962,0.278643446379468,1.8826764436297,0.439365079365079,0.906666666666667,0.370793650793651,2.2831746031746,1.00406740267286,0.601975595583963,1.09006391632772,1.30389308541546,1.97872340425532,0.857881136950904,0.351063829787234,1.1421188630491,1.07350901525659,0.815533980582524,0.411927877947295,1.80166435506241,0.670212765957447,0.721153846153846,1,1.27884615384615,0.576048509348156,1.33333333333333,0.754926730672057,0.666666666666667
