virus,realm,host,locus_tag,AAA,AAC,AAG,AAT,ACA,ACC,ACG,ACT,AGA,AGC,AGG,AGT,ATA,ATC,ATG,ATT,CAA,CAC,CAG,CAT,CCA,CCC,CCG,CCT,CGA,CGC,CGG,CGT,CTA,CTC,CTG,CTT,GAA,GAC,GAG,GAT,GCA,GCC,GCG,GCT,GGA,GGC,GGG,GGT,GTA,GTC,GTG,GTT,TAA,TAC,TAG,TAT,TCA,TCC,TCG,TCT,TGA,TGC,TGG,TGT,TTA,TTC,TTG,TTT
Escherichia phage FFH2,Duplodnaviria,bacteria,FG37,1.17581265291856,1.11866028708134,0.82418734708144,0.88133971291866,1.45393352965923,1.07193941943626,0.321413546487169,1.15271350441733,1.60731070496084,1.07450980392157,0.808355091383812,1.04575163398693,0.520481927710843,1.08915662650602,1,1.39036144578313,0.940823970037453,1.08140947752126,1.05917602996255,0.918590522478736,1.19447929736512,0.233375156838143,0.762860727728984,1.80928481806775,0.573368146214099,0.871018276762402,0.372845953002611,1.76710182767624,0.532919254658385,0.426708074534161,1.54844720496894,1.56149068322981,1.04421194735066,0.720987654320988,0.955788052649342,1.27901234567901,1.54246575342466,0.689041095890411,0.357534246575342,1.41095890410959,0.838753387533875,0.731707317073171,0.715447154471545,1.71409214092141,1.02999662959218,0.457027300303337,0.936973373778227,1.57600269632626,1.91284403669725,0.917089678510998,0.192660550458716,1.082910321489,0.990849673202614,0.750326797385621,0.287581699346405,1.85098039215686,0.894495412844037,1.05079825834543,1,0.949201741654572,0.860869565217391,0.883408071748879,1.0695652173913,1.11659192825112
