virus,realm,host,locus_tag,AAA,AAC,AAG,AAT,ACA,ACC,ACG,ACT,AGA,AGC,AGG,AGT,ATA,ATC,ATG,ATT,CAA,CAC,CAG,CAT,CCA,CCC,CCG,CCT,CGA,CGC,CGG,CGT,CTA,CTC,CTG,CTT,GAA,GAC,GAG,GAT,GCA,GCC,GCG,GCT,GGA,GGC,GGG,GGT,GTA,GTC,GTG,GTT,TAA,TAC,TAG,TAT,TCA,TCC,TCG,TCT,TGA,TGC,TGG,TGT,TTA,TTC,TTG,TTT
Escherichia virus Qbeta,Riboviria,bacteria,MX1p,0.952380952380952,1.01369863013699,1.04761904761905,0.986301369863014,0.952380952380952,1.19047619047619,0.714285714285714,1.14285714285714,0.495412844036697,1.05343511450382,0.770642201834862,0.916030534351145,0.674157303370786,1.1123595505618,1,1.21348314606742,0.545454545454545,1.4,1.45454545454545,0.6,0.926829268292683,0.390243902439024,1.21951219512195,1.46341463414634,0.55045871559633,1.48623853211009,0.660550458715596,2.03669724770642,0.590909090909091,1.22727272727273,0.772727272727273,1.54545454545455,0.878787878787879,0.872340425531915,1.12121212121212,1.12765957446809,0.888888888888889,0.767676767676768,0.848484848484849,1.4949494949495,0.6,0.92,0.48,2,0.929292929292929,0.727272727272727,0.646464646464647,1.6969696969697,0,1,1.2,1,0.961832061068702,0.916030534351145,1.09923664122137,1.05343511450382,1.8,0.782608695652174,1,1.21739130434783,0.954545454545455,1.24242424242424,0.909090909090909,0.757575757575758
