virus,realm,host,locus_tag,AAA,AAC,AAG,AAT,ACA,ACC,ACG,ACT,AGA,AGC,AGG,AGT,ATA,ATC,ATG,ATT,CAA,CAC,CAG,CAT,CCA,CCC,CCG,CCT,CGA,CGC,CGG,CGT,CTA,CTC,CTG,CTT,GAA,GAC,GAG,GAT,GCA,GCC,GCG,GCT,GGA,GGC,GGG,GGT,GTA,GTC,GTG,GTT,TAA,TAC,TAG,TAT,TCA,TCC,TCG,TCT,TGA,TGC,TGG,TGT,TTA,TTC,TTG,TTT
Escherichia phage chee24,NA,NA,HOS38,1.37510729613734,0.736720554272517,0.624892703862661,1.26327944572748,0.984848484848485,0.673160173160173,0.404761904761905,1.93722943722944,1.24602026049204,0.661346633416459,0.369030390738061,1.15810473815461,0.503105590062112,0.702341137123746,1,1.79455327281414,1.06645569620253,0.611382113821138,0.933544303797468,1.38861788617886,1.44292237442922,0.328767123287671,0.617351598173516,1.61095890410959,0.529667149059334,0.872648335745297,0.138929088277858,2.84370477568741,1.265625,0.330357142857143,1.00446428571429,1.12053571428571,1.37533039647577,0.443339960238569,0.624669603524229,1.55666003976143,1.20751822017645,0.4572305331799,0.461833525124664,1.87341772151899,0.85634328358209,0.64365671641791,0.447761194029851,2.05223880597015,1.47692307692308,0.264801864801865,0.41958041958042,1.83869463869464,2.27710843373494,0.608695652173913,0.271084337349398,1.39130434782609,0.846882793017456,0.748129675810474,0.224438902743142,2.36109725685786,0.451807228915663,0.725212464589235,1,1.27478753541076,1.62276785714286,0.798789712556732,0.65625,1.20121028744327
