virus,realm,host,locus_tag,AAA,AAC,AAG,AAT,ACA,ACC,ACG,ACT,AGA,AGC,AGG,AGT,ATA,ATC,ATG,ATT,CAA,CAC,CAG,CAT,CCA,CCC,CCG,CCT,CGA,CGC,CGG,CGT,CTA,CTC,CTG,CTT,GAA,GAC,GAG,GAT,GCA,GCC,GCG,GCT,GGA,GGC,GGG,GGT,GTA,GTC,GTG,GTT,TAA,TAC,TAG,TAT,TCA,TCC,TCG,TCT,TGA,TGC,TGG,TGT,TTA,TTC,TTG,TTT
Escherichia phage vB EcoS ESCO41,NA,NA,HOR71,0.863063063063063,1.16497461928934,1.13693693693694,0.83502538071066,0.907268170426065,0.942355889724311,0.87719298245614,1.27318295739348,0.897119341563786,1.5071907957814,0.864197530864197,0.707574304889741,0.444658325312801,1.19249278152069,1,1.36284889316651,0.657894736842105,1.21428571428571,1.34210526315789,0.785714285714286,1.29750479846449,0.238003838771593,1.15930902111324,1.30518234165067,1.07818930041152,1.57201646090535,0.378600823045267,1.20987654320988,0.684684684684685,0.528528528528528,1.5015015015015,1.76576576576577,0.937119675456389,0.889830508474576,1.06288032454361,1.11016949152542,1.28039702233251,0.612076095947064,0.889991728701406,1.21753515301902,0.860179885527392,1.2886345053148,0.549468520032706,1.3017170891251,0.937101185050137,0.623518687329079,0.765724703737466,1.67365542388332,1.51898734177215,1.10689655172414,0.607594936708861,0.893103448275862,1.85234899328859,0.419942473633749,0.477468839884947,1.03547459252157,0.873417721518987,1.26666666666667,1,0.733333333333333,0.750750750750751,1.11216429699842,0.768768768768769,0.88783570300158
