virus,realm,host,locus_tag,AAA,AAC,AAG,AAT,ACA,ACC,ACG,ACT,AGA,AGC,AGG,AGT,ATA,ATC,ATG,ATT,CAA,CAC,CAG,CAT,CCA,CCC,CCG,CCT,CGA,CGC,CGG,CGT,CTA,CTC,CTG,CTT,GAA,GAC,GAG,GAT,GCA,GCC,GCG,GCT,GGA,GGC,GGG,GGT,GTA,GTC,GTG,GTT,TAA,TAC,TAG,TAT,TCA,TCC,TCG,TCT,TGA,TGC,TGG,TGT,TTA,TTC,TTG,TTT
Escherichia phage SRT7,Duplodnaviria,bacteria,HOT56,0.492788461538462,1.51724137931034,1.50721153846154,0.482758620689655,0.597701149425287,1.46551724137931,0.781609195402299,1.1551724137931,0.152923538230885,0.870041039671683,0.16191904047976,0.911080711354309,0.0951585976627713,1.4424040066778,1,1.46243739565943,0.670707070707071,1.44,1.32929292929293,0.56,0.967320261437909,0.209150326797386,1.11546840958606,1.70806100217865,0.854572713643178,1.62818590704648,0.278860569715142,2.92353823088456,0.446680080482897,1.05633802816901,2.17907444668008,1.18913480885312,0.68677494199536,1.17447916666667,1.31322505800464,0.825520833333333,0.767710049423394,0.807248764415156,0.649093904448105,1.77594728171334,0.370136698212408,0.883280757097792,0.563617245005258,2.18296529968454,0.936170212765957,0.846335697399527,1.11583924349882,1.1016548463357,2.1063829787234,1.1906976744186,0.127659574468085,0.809302325581395,0.886456908344733,1.35430916552668,0.40218878248974,1.57592339261286,0.765957446808511,0.824561403508772,1,1.17543859649123,0.543259557344064,1.4880694143167,0.585513078470825,0.511930585683297
