virus,realm,host,locus_tag,AAA,AAC,AAG,AAT,ACA,ACC,ACG,ACT,AGA,AGC,AGG,AGT,ATA,ATC,ATG,ATT,CAA,CAC,CAG,CAT,CCA,CCC,CCG,CCT,CGA,CGC,CGG,CGT,CTA,CTC,CTG,CTT,GAA,GAC,GAG,GAT,GCA,GCC,GCG,GCT,GGA,GGC,GGG,GGT,GTA,GTC,GTG,GTT,TAA,TAC,TAG,TAT,TCA,TCC,TCG,TCT,TGA,TGC,TGG,TGT,TTA,TTC,TTG,TTT
Escherichia phage HY03,Duplodnaviria,bacteria,BI016,1.56382001836547,0.486169866579889,0.436179981634527,1.51383013342011,1.22101090188305,0.404360753221011,0.342253055830856,2.03237528906508,1.39639243290805,0.498419085944237,0.224373075230972,0.99166427134234,0.481124904991133,0.44084114517355,1,2.07803394983532,1.31922196796339,0.456725755995829,0.680778032036613,1.54327424400417,1.61521252796421,0.123042505592841,0.601789709172259,1.65995525727069,0.778706555213374,0.828860536735592,0.163660360756709,2.6080070391553,0.518993839835729,0.314168377823409,0.498973305954825,1.53542094455852,1.70929018789144,0.467878787878788,0.29070981210856,1.53212121212121,1.30304841601913,0.332337118947998,0.359832635983264,2.00478182904961,1.36759636477593,0.522720150423065,0.251958633657161,1.85772485114384,1.2886781268524,0.329579134558388,0.358032009484292,2.02371072910492,1.96282527881041,0.437581557198782,0.156133828996283,1.56241844280122,1.68841621155504,0.315607933314171,0.34147743604484,2.16441506179937,0.881040892193309,0.721202003338898,1,1.2787979966611,2.20687885010267,0.500436681222707,0.925564681724846,1.49956331877729
