virus,realm,host,locus_tag,AAA,AAC,AAG,AAT,ACA,ACC,ACG,ACT,AGA,AGC,AGG,AGT,ATA,ATC,ATG,ATT,CAA,CAC,CAG,CAT,CCA,CCC,CCG,CCT,CGA,CGC,CGG,CGT,CTA,CTC,CTG,CTT,GAA,GAC,GAG,GAT,GCA,GCC,GCG,GCT,GGA,GGC,GGG,GGT,GTA,GTC,GTG,GTT,TAA,TAC,TAG,TAT,TCA,TCC,TCG,TCT,TGA,TGC,TGG,TGT,TTA,TTC,TTG,TTT
Escherichia phage DT571/2,Duplodnaviria,bacteria,HOR00,1.33233682112606,0.754593175853018,0.667663178873941,1.24540682414698,0.963093145869947,0.635032220269479,0.414762741652021,1.98711189220855,1.22087745839637,0.519383961763144,0.540090771558245,1.2809346787042,0.584194214876033,0.689566115702479,1,1.72623966942149,1.0791229742612,0.669245647969052,0.920877025738799,1.33075435203095,1.52123552123552,0.324324324324324,0.633204633204633,1.52123552123552,0.472012102874433,0.780635400907716,0.208774583963691,2.77760968229955,1.31204527081649,0.383185125303153,0.989490703314471,1.10832659660469,1.34486266531027,0.470923603192702,0.655137334689725,1.5290763968073,1.25521526853085,0.445628051486906,0.395916555703506,1.90324012427874,0.813595326606479,0.662772172065852,0.522570366436537,2.00106213489113,1.43546694648478,0.295907660020986,0.516264428121721,1.75236096537251,2.23308270676692,0.701067615658363,0.225563909774436,1.29893238434164,0.892193308550186,0.793414763674987,0.22623473181094,2.28783855549655,0.541353383458647,0.66887417218543,1,1.33112582781457,1.56911883589329,0.818652849740933,0.637833468067906,1.18134715025907
