virus,realm,host,locus_tag,AAA,AAC,AAG,AAT,ACA,ACC,ACG,ACT,AGA,AGC,AGG,AGT,ATA,ATC,ATG,ATT,CAA,CAC,CAG,CAT,CCA,CCC,CCG,CCT,CGA,CGC,CGG,CGT,CTA,CTC,CTG,CTT,GAA,GAC,GAG,GAT,GCA,GCC,GCG,GCT,GGA,GGC,GGG,GGT,GTA,GTC,GTG,GTT,TAA,TAC,TAG,TAT,TCA,TCC,TCG,TCT,TGA,TGC,TGG,TGT,TTA,TTC,TTG,TTT
Escherichia phage NC-A,Duplodnaviria,bacteria,HOV20,0.653645833333333,1.43529411764706,1.34635416666667,0.564705882352941,0.691927512355848,1.25205930807249,0.560131795716639,1.49588138385502,0.423312883435583,0.721109399075501,0.349693251533742,0.841294298921418,0.301507537688442,1.31155778894472,1,1.38693467336683,0.962962962962963,1.33333333333333,1.03703703703704,0.666666666666667,1.08707124010554,0.211081794195251,0.91820580474934,1.78364116094987,0.874233128834356,1.6840490797546,0.294478527607362,2.37423312883436,0.638150289017341,0.908670520231214,1.61618497109827,1.34566473988439,0.819711538461538,1.21357850070721,1.18028846153846,0.786421499292786,0.732342007434944,0.639405204460966,0.617100371747212,2.01115241635688,0.560386473429952,0.859903381642512,0.507246376811594,2.07246376811594,0.95955369595537,0.725244072524407,1.01534170153417,1.29986052998605,2.14285714285714,1.16571428571429,0.142857142857143,0.834285714285714,0.859784283513097,1.24807395993837,0.545454545454545,1.78428351309707,0.714285714285714,1.09433962264151,1,0.905660377358491,0.658959537572254,1.33,0.832369942196532,0.67
