virus,realm,host,locus_tag,AAA,AAC,AAG,AAT,ACA,ACC,ACG,ACT,AGA,AGC,AGG,AGT,ATA,ATC,ATG,ATT,CAA,CAC,CAG,CAT,CCA,CCC,CCG,CCT,CGA,CGC,CGG,CGT,CTA,CTC,CTG,CTT,GAA,GAC,GAG,GAT,GCA,GCC,GCG,GCT,GGA,GGC,GGG,GGT,GTA,GTC,GTG,GTT,TAA,TAC,TAG,TAT,TCA,TCC,TCG,TCT,TGA,TGC,TGG,TGT,TTA,TTC,TTG,TTT
Escherichia phage slur09,Duplodnaviria,bacteria,SLUR09,1.37933990570081,0.715962441314554,0.620660094299186,1.28403755868545,1.03913043478261,0.610869565217391,0.358695652173913,1.99130434782609,1.3048951048951,0.66023166023166,0.461538461538462,1.19305019305019,0.567490494296578,0.70009505703422,1,1.7324144486692,1.0546357615894,0.59412780656304,0.945364238410596,1.40587219343696,1.46983546617916,0.26691042047532,0.628884826325411,1.63436928702011,0.553846153846154,0.688111888111888,0.172027972027972,2.81958041958042,1.26432532347505,0.334935304990758,0.962661737523105,1.19556377079482,1.37626494940202,0.467952058363731,0.623735050597976,1.53204794163627,1.25434962717481,0.424192212096106,0.412593206296603,1.90886495443248,0.934653465346535,0.582178217821782,0.413861386138614,2.06930693069307,1.53723932472691,0.27408142999007,0.432969215491559,1.75571002979146,2.2875,0.613376835236542,0.1875,1.38662316476346,0.891891891891892,0.758687258687259,0.228764478764479,2.26737451737452,0.525,0.701754385964912,1,1.29824561403509,1.61256931608133,0.807044410413476,0.629944547134935,1.19295558958652
