virus,realm,host,locus_tag,AAA,AAC,AAG,AAT,ACA,ACC,ACG,ACT,AGA,AGC,AGG,AGT,ATA,ATC,ATG,ATT,CAA,CAC,CAG,CAT,CCA,CCC,CCG,CCT,CGA,CGC,CGG,CGT,CTA,CTC,CTG,CTT,GAA,GAC,GAG,GAT,GCA,GCC,GCG,GCT,GGA,GGC,GGG,GGT,GTA,GTC,GTG,GTT,TAA,TAC,TAG,TAT,TCA,TCC,TCG,TCT,TGA,TGC,TGG,TGT,TTA,TTC,TTG,TTT
Escherichia phage ECML-117,Duplodnaviria,bacteria,PI34,1.03002309468822,1.17531831537708,0.969976905311778,0.824681684622919,1.05084745762712,0.847457627118644,0.779661016949153,1.32203389830508,0.731854838709677,1.20281910728269,0.326612903225806,0.601409553641347,0.45707656612529,1.26450116009281,1,1.2784222737819,1.12919896640827,1.31230283911672,0.870801033591731,0.687697160883281,1.28741721854305,0.222516556291391,1.13377483443709,1.35629139072848,0.75,2.16532258064516,0.284274193548387,1.74193548387097,0.30665770006725,0.447881640887693,1.19031607262946,1.87626092804304,1.32981927710843,0.998341625207297,0.670180722891566,1.0016583747927,1.37507114399545,0.669322709163347,0.869664200341491,1.08594194649972,0.804749340369393,1.68337730870712,0.379947229551451,1.13192612137203,0.76750700280112,0.901960784313726,1.00560224089636,1.3249299719888,1.62765957446809,0.875354107648725,0.223404255319149,1.12464589235127,1.49412685982772,0.803445575567737,0.596711041503524,1.30148786217698,1.14893617021277,1.23404255319149,1,0.765957446808511,0.766644250168124,1.02354399008674,1.41223940820444,0.976456009913259
