virus,realm,host,locus_tag,AAA,AAC,AAG,AAT,ACA,ACC,ACG,ACT,AGA,AGC,AGG,AGT,ATA,ATC,ATG,ATT,CAA,CAC,CAG,CAT,CCA,CCC,CCG,CCT,CGA,CGC,CGG,CGT,CTA,CTC,CTG,CTT,GAA,GAC,GAG,GAT,GCA,GCC,GCG,GCT,GGA,GGC,GGG,GGT,GTA,GTC,GTG,GTT,TAA,TAC,TAG,TAT,TCA,TCC,TCG,TCT,TGA,TGC,TGG,TGT,TTA,TTC,TTG,TTT
Escherichia phage tonnikala,Duplodnaviria,bacteria,H1N81,1.13303964757709,1.07883817427386,0.866960352422907,0.921161825726141,1.02842377260982,0.728682170542636,0.981912144702842,1.2609819121447,1.00990099009901,1.81270903010033,0.727722772277228,0.595317725752508,0.43996062992126,1.23129921259843,1,1.32874015748032,0.879045996592845,0.993103448275862,1.12095400340716,1.00689655172414,1.31462925851703,0.176352705410822,1.14629258517034,1.3627254509018,1.00990099009901,1.88613861386139,0.326732673267327,1.03960396039604,0.532795156407669,0.211907164480323,1.28355196770938,1.58627648839556,1.06796116504854,0.678207739307536,0.932038834951456,1.32179226069246,1.2,0.572881355932203,1.11186440677966,1.11525423728814,0.93169877408056,1.41506129597198,0.437828371278459,1.215411558669,0.915974145891043,0.395198522622345,0.757156048014774,1.93167128347184,1.69879518072289,1.00507614213198,0.253012048192771,0.99492385786802,1.30434782608696,0.501672240802676,0.561872909698997,1.22408026755853,1.04819277108434,1.34299516908213,1,0.657004830917874,1.029263370333,0.804416403785489,1.35620585267407,1.19558359621451
