virus,realm,host,locus_tag,AAA,AAC,AAG,AAT,ACA,ACC,ACG,ACT,AGA,AGC,AGG,AGT,ATA,ATC,ATG,ATT,CAA,CAC,CAG,CAT,CCA,CCC,CCG,CCT,CGA,CGC,CGG,CGT,CTA,CTC,CTG,CTT,GAA,GAC,GAG,GAT,GCA,GCC,GCG,GCT,GGA,GGC,GGG,GGT,GTA,GTC,GTG,GTT,TAA,TAC,TAG,TAT,TCA,TCC,TCG,TCT,TGA,TGC,TGG,TGT,TTA,TTC,TTG,TTT
Escherichia phage vB EcoS IME347,NA,NA,HOT14,0.854406130268199,1.30578512396694,1.1455938697318,0.694214876033058,0.534332084893883,1.17852684144819,1.24843945068664,1.03870162297129,0.405721716514954,1.42157953281424,0.452535760728218,0.440489432703003,0.141327623126338,1.71841541755889,1,1.14025695931478,0.681506849315068,1.35740072202166,1.31849315068493,0.642599277978339,0.679841897233202,0.371541501976285,1.9604743083004,0.988142292490119,1.06111833550065,2.21586475942783,0.686605981794538,1.17815344603381,0.351870576339737,0.885743174924166,1.97775530839232,1.31041456016178,1.07317073170732,0.988986784140969,0.926829268292683,1.01101321585903,0.885119506553585,0.635312259059368,1.46183500385505,1.017733230532,0.760587726879862,1.42783059636992,0.812445980985307,0.999135695764909,0.725598526703499,0.58195211786372,0.976058931860037,1.71639042357274,2.03448275862069,1.17996289424861,0.379310344827586,0.820037105751391,1.07452725250278,1.27474972191324,0.981090100111235,0.807563959955506,0.586206896551724,1.38834951456311,1,0.611650485436893,0.539939332659252,1.365625,0.93427704752275,0.634375
