virus,realm,host,locus_tag,AAA,AAC,AAG,AAT,ACA,ACC,ACG,ACT,AGA,AGC,AGG,AGT,ATA,ATC,ATG,ATT,CAA,CAC,CAG,CAT,CCA,CCC,CCG,CCT,CGA,CGC,CGG,CGT,CTA,CTC,CTG,CTT,GAA,GAC,GAG,GAT,GCA,GCC,GCG,GCT,GGA,GGC,GGG,GGT,GTA,GTC,GTG,GTT,TAA,TAC,TAG,TAT,TCA,TCC,TCG,TCT,TGA,TGC,TGG,TGT,TTA,TTC,TTG,TTT
Escherichia phage EC6,Duplodnaviria,bacteria,ACQ30,1.1738683127572,0.948737566947207,0.826131687242798,1.05126243305279,1.45194805194805,0.45974025974026,0.262337662337662,1.82597402597403,2.31411530815109,0.704331450094162,0.63220675944334,1.16760828625235,0.231989424983477,0.97752808988764,1,1.79048248512888,1.03600464576074,0.902439024390244,0.963995354239257,1.09756097560976,2.03566529492455,0.120713305898491,0.285322359396433,1.55829903978052,0.441351888667992,0.351888667992048,0.125248508946322,2.1351888667992,0.665629860031104,0.382581648522551,0.88646967340591,1.61430793157076,1.27421236872812,0.764175257731959,0.725787631271879,1.23582474226804,1.77547495682211,0.274035693724813,0.128957973517559,1.82153137593552,0.556675062972292,0.46095717884131,0.329974811083123,2.65239294710327,1.22112594312246,0.461984910040627,0.501450957632037,1.81543818920488,1.98529411764706,0.843721770551039,0.198529411764706,1.15627822944896,1.65725047080979,0.342749529190207,0.139359698681733,1.98870056497175,0.816176470588235,0.765714285714286,1,1.23428571428571,1.66407465007776,0.802270577105014,0.786936236391913,1.19772942289499
