virus,realm,host,locus_tag,AAA,AAC,AAG,AAT,ACA,ACC,ACG,ACT,AGA,AGC,AGG,AGT,ATA,ATC,ATG,ATT,CAA,CAC,CAG,CAT,CCA,CCC,CCG,CCT,CGA,CGC,CGG,CGT,CTA,CTC,CTG,CTT,GAA,GAC,GAG,GAT,GCA,GCC,GCG,GCT,GGA,GGC,GGG,GGT,GTA,GTC,GTG,GTT,TAA,TAC,TAG,TAT,TCA,TCC,TCG,TCT,TGA,TGC,TGG,TGT,TTA,TTC,TTG,TTT
Escherichia phage phiK,Monodnaviria,bacteria,phiKp,1.05769230769231,0.597701149425287,0.942307692307692,1.40229885057471,0.327272727272727,0.872727272727273,0.545454545454545,2.25454545454545,0.442622950819672,0.60377358490566,0.147540983606557,0.943396226415094,0.0891089108910891,0.623762376237624,1,2.28712871287129,0.58,0.553191489361702,1.42,1.4468085106383,0.246913580246914,0.493827160493827,1.48148148148148,1.77777777777778,0.442622950819672,1.67213114754098,0.344262295081967,2.95081967213115,0.069364161849711,0.658959537572254,0.936416184971098,2.04624277456647,0.911111111111111,0.743362831858407,1.08888888888889,1.25663716814159,0.515337423312883,0.785276073619632,0.466257668711656,2.23312883435583,0.745762711864407,0.983050847457627,0.135593220338983,2.13559322033898,0.324324324324324,0.468468468468468,0.504504504504504,2.7027027027027,1.8,0.363636363636364,0,1.63636363636364,0.60377358490566,0.792452830188679,0.792452830188679,2.26415094339623,1.2,0.818181818181818,1,1.18181818181818,0.797687861271676,0.837837837837838,1.49132947976879,1.16216216216216
