virus,realm,host,locus_tag,AAA,AAC,AAG,AAT,ACA,ACC,ACG,ACT,AGA,AGC,AGG,AGT,ATA,ATC,ATG,ATT,CAA,CAC,CAG,CAT,CCA,CCC,CCG,CCT,CGA,CGC,CGG,CGT,CTA,CTC,CTG,CTT,GAA,GAC,GAG,GAT,GCA,GCC,GCG,GCT,GGA,GGC,GGG,GGT,GTA,GTC,GTG,GTT,TAA,TAC,TAG,TAT,TCA,TCC,TCG,TCT,TGA,TGC,TGG,TGT,TTA,TTC,TTG,TTT
Escherichia phage vB EcoM G4498,NA,NA,KMC10,1.56763170384433,0.509634551495017,0.432368296155672,1.49036544850498,1.1796745267353,0.426436399867154,0.378611756891398,2.01527731650614,1.27882037533512,0.514579759862779,0.201072386058981,1.01200686106346,0.455952083853257,0.452957324681807,1,2.09109059146494,1.31795160382667,0.441176470588235,0.682048396173326,1.55882352941176,1.60176991150442,0.117256637168142,0.586283185840708,1.69469026548673,0.804289544235925,0.831099195710456,0.14745308310992,2.7372654155496,0.558316430020284,0.302738336713996,0.470081135902637,1.57150101419878,1.70818134445023,0.466465256797583,0.291818655549765,1.53353474320242,1.29666471620831,0.326506729081334,0.3744880046811,2.00234055002926,1.36908517350158,0.517350157728707,0.247318611987382,1.86624605678233,1.27489114658926,0.334397677793904,0.343686502177068,2.04702467343977,1.86021505376344,0.454980426272292,0.204301075268817,1.54501957372771,1.66380789022298,0.334476843910806,0.336192109777015,2.13893653516295,0.935483870967742,0.69,1,1.31,2.16784989858012,0.529661016949153,0.929513184584179,1.47033898305085
