virus,realm,host,locus_tag,AAA,AAC,AAG,AAT,ACA,ACC,ACG,ACT,AGA,AGC,AGG,AGT,ATA,ATC,ATG,ATT,CAA,CAC,CAG,CAT,CCA,CCC,CCG,CCT,CGA,CGC,CGG,CGT,CTA,CTC,CTG,CTT,GAA,GAC,GAG,GAT,GCA,GCC,GCG,GCT,GGA,GGC,GGG,GGT,GTA,GTC,GTG,GTT,TAA,TAC,TAG,TAT,TCA,TCC,TCG,TCT,TGA,TGC,TGG,TGT,TTA,TTC,TTG,TTT
Escherichia phage vB EcoP SU10,NA,NA,ACQ52,1.05341446923597,1.07561728395062,0.94658553076403,0.924382716049383,1.145880574452,0.647014361300076,0.344671201814059,1.86243386243386,1.20593080724876,0.688715953307393,0.464579901153213,1.19066147859922,0.327067669172932,1.03984962406015,1,1.63308270676692,1.0082135523614,0.841849148418491,0.991786447638604,1.15815085158151,1.06093189964158,0.219832735961768,0.592592592592593,2.12664277180406,0.761120263591433,0.588138385502471,0.172981878088962,2.80724876441516,0.601415094339623,0.590801886792453,1.14268867924528,1.39740566037736,1.26588525601481,0.632610216934919,0.734114743985194,1.36738978306508,1.17712382009994,0.350916157690172,0.25541365907829,2.21654636313159,0.845588235294118,0.514705882352941,0.480392156862745,2.1593137254902,1.1605415860735,0.41779497098646,0.593165699548678,1.82849774339136,1.968,0.701840490797546,0.24,1.29815950920245,0.98443579766537,0.649805447470817,0.217898832684825,2.26848249027237,0.792,0.478114478114478,1,1.52188552188552,1.32311320754717,0.997767857142857,0.944575471698113,1.00223214285714
