virus,realm,host,locus_tag,AAA,AAC,AAG,AAT,ACA,ACC,ACG,ACT,AGA,AGC,AGG,AGT,ATA,ATC,ATG,ATT,CAA,CAC,CAG,CAT,CCA,CCC,CCG,CCT,CGA,CGC,CGG,CGT,CTA,CTC,CTG,CTT,GAA,GAC,GAG,GAT,GCA,GCC,GCG,GCT,GGA,GGC,GGG,GGT,GTA,GTC,GTG,GTT,TAA,TAC,TAG,TAT,TCA,TCC,TCG,TCT,TGA,TGC,TGG,TGT,TTA,TTC,TTG,TTT
Escherichia phage Stx2 II,Duplodnaviria,bacteria,Stx2II,1.24909222948439,0.978444236176195,0.750907770515614,1.02155576382381,1.03350515463918,1.17783505154639,1.09020618556701,0.698453608247423,0.788489208633094,1.274490785645,0.79136690647482,0.902036857419981,0.623741007194245,1.19352517985612,1,1.18273381294964,0.47434819175778,0.935384615384615,1.52565180824222,1.06461538461538,1.008356545961,0.690807799442897,1.54596100278552,0.754874651810585,0.673381294964029,1.30647482014388,1.03021582733813,1.41007194244604,0.201444963875903,0.833829154271143,2.34849128771781,1.12197195070123,1.15263518138261,0.831652443754849,0.847364818617385,1.16834755624515,1.12619741774261,1.00124947938359,1.01291128696377,0.859641815910038,0.871508379888268,1.08379888268156,0.844692737430168,1.2,0.659656889872717,0.770337576092972,1.42114001106807,1.14886552296624,1.25294117647059,0.888888888888889,0.229411764705882,1.11111111111111,1.30358874878758,0.948593598448109,0.730358874878759,0.840931134820563,1.51764705882353,1.11683848797251,1,0.883161512027491,0.716532086697833,0.920980926430518,0.777730556736082,1.07901907356948
