virus,realm,host,locus_tag,AAA,AAC,AAG,AAT,ACA,ACC,ACG,ACT,AGA,AGC,AGG,AGT,ATA,ATC,ATG,ATT,CAA,CAC,CAG,CAT,CCA,CCC,CCG,CCT,CGA,CGC,CGG,CGT,CTA,CTC,CTG,CTT,GAA,GAC,GAG,GAT,GCA,GCC,GCG,GCT,GGA,GGC,GGG,GGT,GTA,GTC,GTG,GTT,TAA,TAC,TAG,TAT,TCA,TCC,TCG,TCT,TGA,TGC,TGG,TGT,TTA,TTC,TTG,TTT
Escherichia phage slur02,Duplodnaviria,bacteria,AVU04,1.56047700170358,0.515782404298187,0.439522998296422,1.48421759570181,1.20494817786693,0.442661317285189,0.367769976596456,1.98462052825142,1.28378378378378,0.523850823937554,0.194594594594595,0.993928881179532,0.43202416918429,0.460725075528701,1,2.10725075528701,1.33105802047782,0.462077012835473,0.668941979522184,1.53792298716453,1.60720315137873,0.137310073157006,0.583005064715813,1.67248171074845,0.751351351351351,0.851351351351351,0.121621621621622,2.7972972972973,0.539044136850353,0.321232697832332,0.48890049621311,1.54034996082528,1.70538542766631,0.453879047037263,0.294614572333685,1.54612095296274,1.28292829282928,0.349234923492349,0.346834683468347,2.02100210021002,1.31373801916933,0.563578274760383,0.24408945686901,1.87859424920128,1.281426448737,0.313818722139673,0.348291233283804,2.05646359583952,1.93984962406015,0.453180212014134,0.157894736842105,1.54681978798587,1.59410234171726,0.303555941023417,0.334778837814397,2.24978317432784,0.902255639097744,0.712095400340716,1,1.28790459965928,2.20475319926874,0.503869303525365,0.905719509010185,1.49613069647463
