virus,realm,host,locus_tag,AAA,AAC,AAG,AAT,ACA,ACC,ACG,ACT,AGA,AGC,AGG,AGT,ATA,ATC,ATG,ATT,CAA,CAC,CAG,CAT,CCA,CCC,CCG,CCT,CGA,CGC,CGG,CGT,CTA,CTC,CTG,CTT,GAA,GAC,GAG,GAT,GCA,GCC,GCG,GCT,GGA,GGC,GGG,GGT,GTA,GTC,GTG,GTT,TAA,TAC,TAG,TAT,TCA,TCC,TCG,TCT,TGA,TGC,TGG,TGT,TTA,TTC,TTG,TTT
Escherichia phage Sortsne,Duplodnaviria,bacteria,HOV35,0.689170182841069,1.64750957854406,1.31082981715893,0.352490421455939,0.136947218259629,1.82596291012839,1.61483594864479,0.42225392296719,0.113065326633166,2.04608294930876,0.248743718592965,0.221198156682028,0.0649149922720247,2.47604327666151,1,0.459041731066461,0.37012987012987,1.45019920318725,1.62987012987013,0.549800796812749,0.385093167701863,0.602484472049689,2.60248447204969,0.409937888198758,0.527638190954774,3.15075376884422,0.92713567839196,1.03266331658291,0.302371541501976,1.50592885375494,2.85770750988142,0.598814229249012,0.619158878504673,1.45803357314149,1.38084112149533,0.541966426858513,0.550724637681159,1.38550724637681,1.61159420289855,0.452173913043478,0.369781312127237,2.23459244532803,0.998011928429423,0.397614314115308,0.562347188264059,1.35452322738386,1.56968215158924,0.513447432762836,1.93548387096774,1.36339522546419,0.193548387096774,0.636604774535809,0.258064516129032,1.88018433179724,1.11520737327189,0.47926267281106,0.870967741935484,1.40277777777778,1,0.597222222222222,0.432806324110672,1.39896373056995,0.302371541501976,0.601036269430052
