virus,realm,host,locus_tag,AAA,AAC,AAG,AAT,ACA,ACC,ACG,ACT,AGA,AGC,AGG,AGT,ATA,ATC,ATG,ATT,CAA,CAC,CAG,CAT,CCA,CCC,CCG,CCT,CGA,CGC,CGG,CGT,CTA,CTC,CTG,CTT,GAA,GAC,GAG,GAT,GCA,GCC,GCG,GCT,GGA,GGC,GGG,GGT,GTA,GTC,GTG,GTT,TAA,TAC,TAG,TAT,TCA,TCC,TCG,TCT,TGA,TGC,TGG,TGT,TTA,TTC,TTG,TTT
Escherichia phage vB EcoM VR26,NA,NA,AVV66,1.42962236390387,0.872243612180609,0.570377636096126,1.12775638781939,1.12407862407862,0.905405405405405,0.465601965601966,1.504914004914,0.879243661366566,0.65057975556252,0.335195530726257,0.940144155437167,0.3537925489145,0.910211739480032,1,1.73599571160547,1.15944881889764,0.649842271293375,0.840551181102362,1.35015772870662,1.38107416879795,0.247570332480818,0.89616368286445,1.47519181585678,0.634293081220455,1.15255694026644,0.239793725827245,2.75891706059304,0.332597498160412,0.475349521707138,1.37159676232524,1.38337012509198,1.60929519918284,0.703900709219858,0.39070480081716,1.29609929078014,1.327830797008,0.622130513283467,0.47975238586536,1.57028630384318,0.679093776885575,0.769716088328076,0.394608546028104,2.15658158875824,0.866462224700307,0.546417619180374,0.563144689155283,2.02397546696404,1.94845360824742,0.544982698961938,0.206185567010309,1.45501730103806,1.40081479160138,0.804763397054215,0.528361015355688,1.67533688498903,0.845360824742268,0.59234608985025,1,1.40765391014975,1.3495217071376,0.77971878994461,1.08756438557763,1.22028121005539
