virus,realm,host,locus_tag,AAA,AAC,AAG,AAT,ACA,ACC,ACG,ACT,AGA,AGC,AGG,AGT,ATA,ATC,ATG,ATT,CAA,CAC,CAG,CAT,CCA,CCC,CCG,CCT,CGA,CGC,CGG,CGT,CTA,CTC,CTG,CTT,GAA,GAC,GAG,GAT,GCA,GCC,GCG,GCT,GGA,GGC,GGG,GGT,GTA,GTC,GTG,GTT,TAA,TAC,TAG,TAT,TCA,TCC,TCG,TCT,TGA,TGC,TGG,TGT,TTA,TTC,TTG,TTT
Escherichia phage tonijn,Duplodnaviria,bacteria,H1N82,1.10262934690416,1.09893048128342,0.897370653095844,0.901069518716578,1.01891551071879,0.701134930643127,0.993694829760404,1.28625472887768,0.978829389788294,1.8705501618123,0.702366127023661,0.601941747572815,0.459273797841021,1.1864573110893,1,1.35426889106968,0.873949579831933,1.03296703296703,1.12605042016807,0.967032967032967,1.3102119460501,0.208092485549133,1.16377649325626,1.31791907514451,1.06849315068493,1.97260273972603,0.261519302615193,1.01618929016189,0.5199203187251,0.203187250996016,1.24302788844622,1.70916334661355,1.07210626185958,0.678350515463918,0.927893738140417,1.32164948453608,1.22269263336156,0.552074513124471,1.02963590177815,1.19559695173582,0.96431679721497,1.38207136640557,0.435161009573542,1.21845082680592,0.904284412032817,0.36098450319052,0.838650865998177,1.89608021877849,1.71428571428571,0.993399339933993,0.285714285714286,1.00660066006601,1.32038834951456,0.466019417475728,0.576051779935275,1.16504854368932,1,1.37327188940092,1,0.626728110599078,0.9800796812749,0.808846761453397,1.34462151394422,1.1911532385466
