virus,realm,host,locus_tag,AAA,AAC,AAG,AAT,ACA,ACC,ACG,ACT,AGA,AGC,AGG,AGT,ATA,ATC,ATG,ATT,CAA,CAC,CAG,CAT,CCA,CCC,CCG,CCT,CGA,CGC,CGG,CGT,CTA,CTC,CTG,CTT,GAA,GAC,GAG,GAT,GCA,GCC,GCG,GCT,GGA,GGC,GGG,GGT,GTA,GTC,GTG,GTT,TAA,TAC,TAG,TAT,TCA,TCC,TCG,TCT,TGA,TGC,TGG,TGT,TTA,TTC,TTG,TTT
Eupatorium yellow vein mosaic virus,Monodnaviria,land plants,EpYVVgp,0.865671641791045,0.88135593220339,1.13432835820896,1.11864406779661,1.48387096774194,0.451612903225806,0.903225806451613,1.16129032258065,1.33333333333333,0.666666666666667,2,0.787878787878788,0.716417910447761,1.25373134328358,1,1.02985074626866,1.01538461538462,0.837209302325581,0.984615384615385,1.16279069767442,1.1875,1,0.8125,1,0.416666666666667,0.5,0.5,1.25,0.72,1.36,0.8,1.12,1.11538461538462,0.592592592592593,0.884615384615385,1.40740740740741,1.66666666666667,0.933333333333333,0.333333333333333,1.06666666666667,1.36,0.4,0.56,1.68,1.01694915254237,0.949152542372881,0.610169491525424,1.42372881355932,1.5,0.634146341463415,0.5,1.36585365853659,1.51515151515152,1.09090909090909,0.787878787878788,1.15151515151515,1,0.956521739130435,1,1.04347826086957,1.2,1.07692307692308,0.8,0.923076923076923
