virus,realm,host,locus_tag,AAA,AAC,AAG,AAT,ACA,ACC,ACG,ACT,AGA,AGC,AGG,AGT,ATA,ATC,ATG,ATT,CAA,CAC,CAG,CAT,CCA,CCC,CCG,CCT,CGA,CGC,CGG,CGT,CTA,CTC,CTG,CTT,GAA,GAC,GAG,GAT,GCA,GCC,GCG,GCT,GGA,GGC,GGG,GGT,GTA,GTC,GTG,GTT,TAA,TAC,TAG,TAT,TCA,TCC,TCG,TCT,TGA,TGC,TGG,TGT,TTA,TTC,TTG,TTT
Euphorbia mosaic virus - A [Mexico:Yucatan:2004],Monodnaviria,land plants,EMVP,0.847058823529412,0.975609756097561,1.15294117647059,1.02439024390244,1.01492537313433,0.656716417910448,1.55223880597015,0.776119402985075,1.63106796116505,0.708661417322835,1.04854368932039,0.803149606299213,1,1,1,1,1.06382978723404,0.905660377358491,0.936170212765957,1.09433962264151,1.2972972972973,1.02702702702703,0.648648648648649,1.02702702702703,0.640776699029126,0.407766990291262,0.699029126213592,1.57281553398058,0.804123711340206,1.05154639175258,0.804123711340206,0.742268041237113,0.912280701754386,0.734177215189873,1.08771929824561,1.26582278481013,0.883116883116883,1.24675324675325,0.883116883116883,0.987012987012987,1.0958904109589,0.931506849315068,0.986301369863014,0.986301369863014,0.701030927835051,1.23711340206186,0.948453608247423,1.11340206185567,2,0.7,0.5,1.3,1.13385826771654,1.13385826771654,0.94488188976378,1.2755905511811,0.5,1.25,1,0.75,1.05154639175258,0.967741935483871,1.54639175257732,1.03225806451613
