virus,realm,host,locus_tag,AAA,AAC,AAG,AAT,ACA,ACC,ACG,ACT,AGA,AGC,AGG,AGT,ATA,ATC,ATG,ATT,CAA,CAC,CAG,CAT,CCA,CCC,CCG,CCT,CGA,CGC,CGG,CGT,CTA,CTC,CTG,CTT,GAA,GAC,GAG,GAT,GCA,GCC,GCG,GCT,GGA,GGC,GGG,GGT,GTA,GTC,GTG,GTT,TAA,TAC,TAG,TAT,TCA,TCC,TCG,TCT,TGA,TGC,TGG,TGT,TTA,TTC,TTG,TTT
Feldmannia irregularis virus a,NA,NA,FK951,0.897160399079048,1.28053830227743,1.10283960092095,0.719461697722567,0.89193397695422,1.27063220180629,1.30426658361881,0.533167237620679,1.12941176470588,1.13574905354246,1.16691176470588,0.746349378042185,0.626075731497418,1.32314974182444,1,1.05077452667814,0.848598130841121,1.3129904097646,1.15140186915888,0.687009590235397,0.776572668112798,1.29284164859002,0.969631236442516,0.960954446854664,0.902205882352941,1.03897058823529,0.829411764705882,0.933088235294118,0.421415319374503,1.57434402332362,1.63159289689902,0.860323350119269,1.03963062716429,1.22642201834862,0.960369372835706,0.773577981651376,0.974949221394719,1.26201760324983,1.06702775897089,0.696005416384563,0.940642722117202,1.06767485822306,1.01020793950851,0.981474480151229,0.609310548025928,1.13730111962286,1.49911608721273,0.75427224513848,1.21153846153846,1.38673670387393,0.846153846153846,0.613263296126067,0.614926987560844,1.28339643050297,1.17306652244456,1.04651162790698,0.942307692307692,0.865909090909091,1,1.13409090909091,0.457990988603234,1.04254173397954,1.05433342168036,0.957458266020463
