virus,realm,host,locus_tag,AAA,AAC,AAG,AAT,ACA,ACC,ACG,ACT,AGA,AGC,AGG,AGT,ATA,ATC,ATG,ATT,CAA,CAC,CAG,CAT,CCA,CCC,CCG,CCT,CGA,CGC,CGG,CGT,CTA,CTC,CTG,CTT,GAA,GAC,GAG,GAT,GCA,GCC,GCG,GCT,GGA,GGC,GGG,GGT,GTA,GTC,GTG,GTT,TAA,TAC,TAG,TAT,TCA,TCC,TCG,TCT,TGA,TGC,TGG,TGT,TTA,TTC,TTG,TTT
Feline infectious peritonitis virus,Riboviria,vertebrates,FIPV,1.17013888888889,0.673873873873874,0.829861111111111,1.32612612612613,1.68280467445743,0.427378964941569,0.333889816360601,1.5559265442404,2.7047619047619,0.594339622641509,0.819047619047619,1.73584905660377,0.827586206896552,0.505747126436782,1,1.66666666666667,1.23131672597865,0.592178770949721,0.768683274021352,1.40782122905028,1.47301587301587,0.355555555555556,0.19047619047619,1.98095238095238,0.4,0.476190476190476,0.133333333333333,1.46666666666667,0.654411764705882,0.544117647058823,0.389705882352941,1.88970588235294,1.36231884057971,0.64638783269962,0.63768115942029,1.35361216730038,1.26064735945486,0.517887563884157,0.183986371379898,2.03747870528109,0.67008547008547,0.567521367521368,0.109401709401709,2.65299145299145,0.840882694541231,0.585365853658537,0.738675958188153,1.83507549361208,1.66666666666667,0.798226164079823,0.333333333333333,1.20177383592018,1.22641509433962,0.566037735849057,0.216981132075472,1.66037735849057,1,0.54421768707483,1,1.45578231292517,1.16911764705882,0.605940594059406,1.35294117647059,1.39405940594059
