virus,realm,host,locus_tag,AAA,AAC,AAG,AAT,ACA,ACC,ACG,ACT,AGA,AGC,AGG,AGT,ATA,ATC,ATG,ATT,CAA,CAC,CAG,CAT,CCA,CCC,CCG,CCT,CGA,CGC,CGG,CGT,CTA,CTC,CTG,CTT,GAA,GAC,GAG,GAT,GCA,GCC,GCG,GCT,GGA,GGC,GGG,GGT,GTA,GTC,GTG,GTT,TAA,TAC,TAG,TAT,TCA,TCC,TCG,TCT,TGA,TGC,TGG,TGT,TTA,TTC,TTG,TTT
Fiddler Crab associated circular virus,Monodnaviria,invertebrates,AMQ87,0.682926829268293,0.75,1.31707317073171,1.25,0.96969696969697,1.09090909090909,0.848484848484849,1.09090909090909,0.6,0.4,0.9,1.06666666666667,0.6,0.9,1,1.5,0.9,0.6,1.1,1.4,1.04347826086957,0.347826086956522,0.695652173913043,1.91304347826087,0.6,0.9,0,3,0.222222222222222,1.55555555555556,1.11111111111111,1.33333333333333,1,0.5,1,1.5,1.23076923076923,0.923076923076923,0,1.84615384615385,0.651162790697674,0.558139534883721,0.837209302325581,1.95348837209302,0.727272727272727,0.848484848484849,1.21212121212121,1.21212121212121,1.5,0.5,0,1.5,0.8,0.666666666666667,1.2,1.86666666666667,1.5,1.14285714285714,1,0.857142857142857,0.222222222222222,1.14285714285714,1.55555555555556,0.857142857142857
