virus,realm,host,locus_tag,AAA,AAC,AAG,AAT,ACA,ACC,ACG,ACT,AGA,AGC,AGG,AGT,ATA,ATC,ATG,ATT,CAA,CAC,CAG,CAT,CCA,CCC,CCG,CCT,CGA,CGC,CGG,CGT,CTA,CTC,CTG,CTT,GAA,GAC,GAG,GAT,GCA,GCC,GCG,GCT,GGA,GGC,GGG,GGT,GTA,GTC,GTG,GTT,TAA,TAC,TAG,TAT,TCA,TCC,TCG,TCT,TGA,TGC,TGG,TGT,TTA,TTC,TTG,TTT
Flock House virus,Riboviria,invertebrates,FHV,1.16666666666667,1.2987012987013,0.833333333333333,0.701298701298701,0.87719298245614,1.15789473684211,0.701754385964912,1.26315789473684,1.12820512820513,1.43362831858407,0.461538461538462,0.902654867256637,0.731707317073171,1.09756097560976,1,1.17073170731707,1.21875,0.645161290322581,0.78125,1.35483870967742,1.44262295081967,0.524590163934426,0.721311475409836,1.31147540983607,1.28205128205128,1.07692307692308,0.512820512820513,1.53846153846154,0.818181818181818,0.981818181818182,1.09090909090909,0.981818181818182,1.11904761904762,0.952380952380952,0.880952380952381,1.04761904761905,1.06451612903226,1.16129032258065,0.67741935483871,1.09677419354839,1.3781512605042,0.80672268907563,0.53781512605042,1.27731092436975,0.504504504504504,1.08108108108108,1.08108108108108,1.33333333333333,0,1,1.5,1,1.00884955752212,1.32743362831858,0.743362831858407,0.584070796460177,1.5,0.782608695652174,1,1.21739130434783,0.927272727272727,0.912280701754386,1.2,1.08771929824561
