virus,realm,host,locus_tag,AAA,AAC,AAG,AAT,ACA,ACC,ACG,ACT,AGA,AGC,AGG,AGT,ATA,ATC,ATG,ATT,CAA,CAC,CAG,CAT,CCA,CCC,CCG,CCT,CGA,CGC,CGG,CGT,CTA,CTC,CTG,CTT,GAA,GAC,GAG,GAT,GCA,GCC,GCG,GCT,GGA,GGC,GGG,GGT,GTA,GTC,GTG,GTT,TAA,TAC,TAG,TAT,TCA,TCC,TCG,TCT,TGA,TGC,TGG,TGT,TTA,TTC,TTG,TTT
Fowl aviadenovirus D,Varidnaviria,vertebrates,FAdVDgp,0.97323600973236,1.31975560081466,1.02676399026764,0.680244399185336,0.335974643423138,1.63549920760697,1.28684627575277,0.741679873217116,1.03296703296703,1.36107382550336,0.827838827838828,0.515436241610738,0.580645161290323,1.44470046082949,1,0.974654377880184,0.885780885780886,1.46341463414634,1.11421911421911,0.536585365853659,0.460471567267684,1.68654646324549,1.01525658807212,0.837725381414702,0.754578754578755,1.64102564102564,1.09157509157509,0.652014652014652,0.584455958549223,1.73471502590674,1.3740932642487,0.659067357512953,1.02518518518519,1.29372937293729,0.974814814814815,0.706270627062706,0.480668756530825,1.32497387669801,1.4085684430512,0.785788923719958,1.05177111716621,1.30245231607629,0.844686648501362,0.801089918256131,0.61455525606469,1.1266846361186,1.51482479784367,0.743935309973046,1.24137931034483,1.38317757009346,0.620689655172414,0.616822429906542,0.459060402684564,1.57046979865772,1.11946308724832,0.974496644295302,1.13793103448276,1.25510204081633,1,0.744897959183674,0.746113989637306,1.14042553191489,0.901554404145078,0.859574468085106
