virus,realm,host,locus_tag,AAA,AAC,AAG,AAT,ACA,ACC,ACG,ACT,AGA,AGC,AGG,AGT,ATA,ATC,ATG,ATT,CAA,CAC,CAG,CAT,CCA,CCC,CCG,CCT,CGA,CGC,CGG,CGT,CTA,CTC,CTG,CTT,GAA,GAC,GAG,GAT,GCA,GCC,GCG,GCT,GGA,GGC,GGG,GGT,GTA,GTC,GTG,GTT,TAA,TAC,TAG,TAT,TCA,TCC,TCG,TCT,TGA,TGC,TGG,TGT,TTA,TTC,TTG,TTT
Fusarium poae mycovirus 2,Riboviria,fungi,BHR89,1.23456790123457,0.711864406779661,0.765432098765432,1.28813559322034,1.17241379310345,0.758620689655172,0.896551724137931,1.17241379310345,1.02272727272727,0.486486486486487,1.29545454545455,0.891891891891892,0.681818181818182,1.15909090909091,1,1.15909090909091,1.35,0.740740740740741,0.65,1.25925925925926,0.454545454545455,0.727272727272727,0.727272727272727,2.09090909090909,0.613636363636364,0.818181818181818,0.681818181818182,1.56818181818182,0.219512195121951,0.439024390243902,0.658536585365854,1.17073170731707,0.753623188405797,0.892307692307692,1.2463768115942,1.10769230769231,0.745762711864407,0.88135593220339,0.677966101694915,1.69491525423729,0.776119402985075,1.01492537313433,0.776119402985075,1.43283582089552,0.586666666666667,0.96,1.44,1.01333333333333,3,0.731707317073171,0,1.26829268292683,1.13513513513514,0.324324324324324,1.05405405405405,2.10810810810811,0,0.823529411764706,1,1.17647058823529,0.804878048780488,0.806451612903226,2.70731707317073,1.19354838709677
