virus,realm,host,locus_tag,AAA,AAC,AAG,AAT,ACA,ACC,ACG,ACT,AGA,AGC,AGG,AGT,ATA,ATC,ATG,ATT,CAA,CAC,CAG,CAT,CCA,CCC,CCG,CCT,CGA,CGC,CGG,CGT,CTA,CTC,CTG,CTT,GAA,GAC,GAG,GAT,GCA,GCC,GCG,GCT,GGA,GGC,GGG,GGT,GTA,GTC,GTG,GTT,TAA,TAC,TAG,TAT,TCA,TCC,TCG,TCT,TGA,TGC,TGG,TGT,TTA,TTC,TTG,TTT
Fusarium poae dsRNA virus 2,NA,NA,A8M51,1.01123595505618,1.09722222222222,0.98876404494382,0.902777777777778,0.626506024096386,0.963855421686747,0.987951807228916,1.42168674698795,0.634615384615385,0.638297872340426,0.519230769230769,1.09787234042553,0.875912408759124,0.897810218978102,1,1.22627737226277,0.886792452830189,1,1.11320754716981,1,0.656084656084656,0.931216931216931,0.867724867724868,1.54497354497354,0.894230769230769,1.21153846153846,0.836538461538462,1.90384615384615,0.975265017667845,0.80565371024735,0.80565371024735,1.08127208480565,1.29310344827586,0.810126582278481,0.706896551724138,1.18987341772152,0.672897196261682,0.953271028037383,0.691588785046729,1.68224299065421,0.727272727272727,0.96969696969697,0.460606060606061,1.84242424242424,0.658823529411765,0.894117647058824,0.847058823529412,1.6,0,1.08888888888889,3,0.911111111111111,0.868085106382979,0.995744680851064,0.842553191489362,1.55744680851064,0,0.833333333333333,1,1.16666666666667,1.22968197879859,1.01515151515152,1.10247349823322,0.984848484848485
