virus,realm,host,locus_tag,AAA,AAC,AAG,AAT,ACA,ACC,ACG,ACT,AGA,AGC,AGG,AGT,ATA,ATC,ATG,ATT,CAA,CAC,CAG,CAT,CCA,CCC,CCG,CCT,CGA,CGC,CGG,CGT,CTA,CTC,CTG,CTT,GAA,GAC,GAG,GAT,GCA,GCC,GCG,GCT,GGA,GGC,GGG,GGT,GTA,GTC,GTG,GTT,TAA,TAC,TAG,TAT,TCA,TCC,TCG,TCT,TGA,TGC,TGG,TGT,TTA,TTC,TTG,TTT
Fusarium solani virus 1,NA,NA,MFV,0.681818181818182,1.39130434782609,1.31818181818182,0.608695652173913,0.692307692307692,1.46153846153846,1.07692307692308,0.769230769230769,0.942857142857143,0.675,0.428571428571429,0.375,0.333333333333333,1.88888888888889,1,0.777777777777778,1.04,0.5,0.96,1.5,0.4,1.28,0.56,1.76,0.857142857142857,1.11428571428571,0.514285714285714,2.14285714285714,0.538461538461538,1.30769230769231,1.76923076923077,1.46153846153846,1.05263157894737,0.851851851851852,0.947368421052632,1.14814814814815,0.481927710843373,1.30120481927711,0.819277108433735,1.39759036144578,1.03896103896104,0.623376623376623,0.311688311688312,2.02597402597403,0.619718309859155,1.12676056338028,1.35211267605634,0.901408450704225,0,1.1875,1.5,0.8125,0.75,1.125,0.75,2.325,1.5,0.25,1,1.75,0.307692307692308,0.857142857142857,0.615384615384615,1.14285714285714
