virus,realm,host,locus_tag,AAA,AAC,AAG,AAT,ACA,ACC,ACG,ACT,AGA,AGC,AGG,AGT,ATA,ATC,ATG,ATT,CAA,CAC,CAG,CAT,CCA,CCC,CCG,CCT,CGA,CGC,CGG,CGT,CTA,CTC,CTG,CTT,GAA,GAC,GAG,GAT,GCA,GCC,GCG,GCT,GGA,GGC,GGG,GGT,GTA,GTC,GTG,GTT,TAA,TAC,TAG,TAT,TCA,TCC,TCG,TCT,TGA,TGC,TGG,TGT,TTA,TTC,TTG,TTT
Geobacillus phage TP-84,Duplodnaviria,bacteria,FDH35,1.54123711340206,1.13684210526316,0.458762886597938,0.863157894736842,1.88180764774044,0.45422943221321,1.12630359212051,0.53765932792584,0.950911640953717,0.928338762214984,0.429172510518934,0.635179153094462,0.199460916442049,2.21563342318059,1,0.584905660377358,1.30983847283407,1.06802721088435,0.690161527165932,0.931972789115646,1.92170818505338,0.0640569395017794,1.72241992882562,0.291814946619217,1.43899018232819,0.908835904628331,1.22019635343619,1.05189340813464,0.53903743315508,0.0705882352941176,2.79144385026738,0.571122994652406,1.87961165048544,0.618261826182618,0.120388349514563,1.38173817381738,1.53548387096774,0.898924731182796,1.20430107526882,0.361290322580645,1.07142857142857,1.48809523809524,0.658730158730159,0.781746031746032,0.256,1.29828571428571,2.06171428571429,0.384,1.21518987341772,0.61319073083779,0.341772151898734,1.38680926916221,1.3485342019544,0.938110749185668,1.55374592833876,0.596091205211726,1.44303797468354,1.14,1,0.86,0.712299465240642,1.23224568138196,1.31550802139037,0.767754318618042
