virus,realm,host,locus_tag,AAA,AAC,AAG,AAT,ACA,ACC,ACG,ACT,AGA,AGC,AGG,AGT,ATA,ATC,ATG,ATT,CAA,CAC,CAG,CAT,CCA,CCC,CCG,CCT,CGA,CGC,CGG,CGT,CTA,CTC,CTG,CTT,GAA,GAC,GAG,GAT,GCA,GCC,GCG,GCT,GGA,GGC,GGG,GGT,GTA,GTC,GTG,GTT,TAA,TAC,TAG,TAT,TCA,TCC,TCG,TCT,TGA,TGC,TGG,TGT,TTA,TTC,TTG,TTT
Glypta fumiferanae ichnovirus,Polydnaviridae,invertebrates,GfIV,1.33649932157395,0.716692189892802,0.663500678426052,1.2833078101072,1.26736111111111,0.704861111111111,0.965277777777778,1.0625,1.52,0.776196636481242,0.675,1.01293661060802,0.961515333734215,0.806374022850271,1,1.23211064341551,1.19699248120301,0.767857142857143,0.803007518796993,1.23214285714286,1.48587570621469,0.570621468926554,1.12429378531073,0.819209039548023,1.13,0.73,0.575,1.37,0.541202672605791,0.751670378619154,1.01559020044543,0.885300668151448,1.35973597359736,0.71978021978022,0.64026402640264,1.28021978021978,1.22041259500543,0.751357220412595,0.829533116178067,1.19869706840391,1.44244105409154,0.826629680998613,0.449375866851595,1.28155339805825,0.93016558675306,0.763138948884089,1.22102231821454,1.08567314614831,1.33980582524272,0.766109785202864,0.728155339805825,1.23389021479714,1.26520051746442,0.73738680465718,1.16041397153946,1.04786545924968,0.932038834951456,0.757215619694397,1,1.2427843803056,1.28619153674833,0.845320197044335,1.52004454342984,1.15467980295567
