virus,realm,host,locus_tag,AAA,AAC,AAG,AAT,ACA,ACC,ACG,ACT,AGA,AGC,AGG,AGT,ATA,ATC,ATG,ATT,CAA,CAC,CAG,CAT,CCA,CCC,CCG,CCT,CGA,CGC,CGG,CGT,CTA,CTC,CTG,CTT,GAA,GAC,GAG,GAT,GCA,GCC,GCG,GCT,GGA,GGC,GGG,GGT,GTA,GTC,GTG,GTT,TAA,TAC,TAG,TAT,TCA,TCC,TCG,TCT,TGA,TGC,TGG,TGT,TTA,TTC,TTG,TTT
Gordonia phage Troje,Duplodnaviria,bacteria,FDJ27,0.16600790513834,1.66871165644172,1.83399209486166,0.331288343558282,0.418604651162791,1.70697674418605,1.26976744186047,0.604651162790698,0.12,1.0659217877095,0.410526315789474,0.341899441340782,0.0835654596100279,2.3983286908078,1,0.518105849582173,0.317757009345794,1.56610169491525,1.68224299065421,0.433898305084746,0.316062176165803,1.21243523316062,1.82901554404145,0.642487046632124,1.23789473684211,2.02105263157895,0.827368421052632,1.38315789473684,0.196638655462185,2.72268907563025,1.95126050420168,0.574789915966387,0.545654565456546,1.43514644351464,1.45434543454345,0.564853556485356,0.605299860529986,1.15202231520223,1.19386331938633,1.04881450488145,0.539815590947192,1.69991617770327,0.68734283319363,1.07292539815591,0.297747306562194,1.65719882468168,1.57100881488737,0.474045053868756,0.633802816901408,1.71824480369515,0.295774647887324,0.28175519630485,0.49608938547486,1.24022346368715,2.2122905027933,0.643575418994413,2.07042253521127,1.392,1,0.608,0.0302521008403361,1.84778012684989,0.52436974789916,0.152219873150106
