virus,realm,host,locus_tag,AAA,AAC,AAG,AAT,ACA,ACC,ACG,ACT,AGA,AGC,AGG,AGT,ATA,ATC,ATG,ATT,CAA,CAC,CAG,CAT,CCA,CCC,CCG,CCT,CGA,CGC,CGG,CGT,CTA,CTC,CTG,CTT,GAA,GAC,GAG,GAT,GCA,GCC,GCG,GCT,GGA,GGC,GGG,GGT,GTA,GTC,GTG,GTT,TAA,TAC,TAG,TAT,TCA,TCC,TCG,TCT,TGA,TGC,TGG,TGT,TTA,TTC,TTG,TTT
Gordonia phage Skysand,Duplodnaviria,bacteria,KNU08,0.132733408323959,1.8271954674221,1.86726659167604,0.172804532577904,0.159409594095941,2.59483394833948,1.02730627306273,0.218450184501845,0.076530612244898,1.36768558951965,0.214285714285714,0.267248908296943,0.0141110065851364,2.85888993414864,1,0.126999059266228,0.246616541353383,1.74038461538462,1.75338345864662,0.259615384615385,0.216867469879518,1.29432013769363,2.25817555938038,0.230636833046472,0.807397959183674,2.44132653061224,1.875,0.585459183673469,0.112079701120797,2.80199252801993,2.55168119551681,0.254047322540473,0.320395201129146,1.72050098879367,1.67960479887085,0.279499011206328,0.329953917050691,2.08663594470046,1.28479262672811,0.298617511520737,0.514133333333333,2.0096,0.885333333333333,0.590933333333333,0.0921658986175115,2.51481237656353,1.19815668202765,0.19486504279131,0.315789473684211,1.82986767485822,0.315789473684211,0.170132325141777,0.204366812227074,1.46200873362445,2.46812227074236,0.23056768558952,2.36842105263158,1.75460122699387,1,0.245398773006135,0.0112079701120797,1.91014492753623,0.268991282689913,0.0898550724637681
