virus,realm,host,locus_tag,AAA,AAC,AAG,AAT,ACA,ACC,ACG,ACT,AGA,AGC,AGG,AGT,ATA,ATC,ATG,ATT,CAA,CAC,CAG,CAT,CCA,CCC,CCG,CCT,CGA,CGC,CGG,CGT,CTA,CTC,CTG,CTT,GAA,GAC,GAG,GAT,GCA,GCC,GCG,GCT,GGA,GGC,GGG,GGT,GTA,GTC,GTG,GTT,TAA,TAC,TAG,TAT,TCA,TCC,TCG,TCT,TGA,TGC,TGG,TGT,TTA,TTC,TTG,TTT
Gordonia phage Bowser,Duplodnaviria,bacteria,BH770,0.245098039215686,1.72636815920398,1.75490196078431,0.27363184079602,0.300102774922919,2.17882836587873,1.2497430626927,0.271325796505653,0.0331797235023042,1.18648310387985,0.23778801843318,0.240300375469337,0.0513219284603421,2.75738724727838,1,0.191290824261275,0.255670103092783,1.70318021201413,1.74432989690722,0.296819787985866,0.283783783783784,1.22072072072072,2.22072072072072,0.274774774774775,0.663594470046083,3.10783410138249,1.36036866359447,0.597235023041475,0.0947630922693267,2.78304239401496,2.42394014962594,0.264339152119701,0.41437125748503,1.61632653061224,1.58562874251497,0.383673469387755,0.394335511982571,1.67320261437909,1.55773420479303,0.374727668845316,0.422712933753943,2.22082018927445,0.646687697160883,0.709779179810726,0.117323556370302,2.24381301558203,1.43721356553621,0.201649862511457,0.358208955223881,1.74750830564784,0.26865671641791,0.252491694352159,0.46558197747184,1.35919899874844,2.44806007509387,0.300375469336671,2.37313432835821,1.70247933884298,1,0.297520661157025,0,1.88295165394402,0.433915211970075,0.11704834605598
