virus,realm,host,locus_tag,AAA,AAC,AAG,AAT,ACA,ACC,ACG,ACT,AGA,AGC,AGG,AGT,ATA,ATC,ATG,ATT,CAA,CAC,CAG,CAT,CCA,CCC,CCG,CCT,CGA,CGC,CGG,CGT,CTA,CTC,CTG,CTT,GAA,GAC,GAG,GAT,GCA,GCC,GCG,GCT,GGA,GGC,GGG,GGT,GTA,GTC,GTG,GTT,TAA,TAC,TAG,TAT,TCA,TCC,TCG,TCT,TGA,TGC,TGG,TGT,TTA,TTC,TTG,TTT
Gordonia phage Blino,NA,NA,KNV70,0.249560632688928,1.82484725050917,1.75043936731107,0.175152749490835,0.243221035332786,2.38290879211175,1.15036976170912,0.223500410846343,0.0888888888888889,1.11612903225806,0.146666666666667,0.212903225806452,0.0383141762452107,2.74712643678161,1,0.21455938697318,0.239202657807309,1.75321336760925,1.76079734219269,0.246786632390745,0.282671829622459,1.30106485963214,2.23039690222652,0.185866408518877,0.675555555555556,2.79111111111111,1.68,0.617777777777778,0.158940397350993,3.07284768211921,2.22958057395143,0.185430463576159,0.600201409869084,1.73300573300573,1.39979859013092,0.266994266994267,0.370588235294118,1.6921568627451,1.65490196078431,0.282352941176471,0.479350033852404,2.12863913337847,0.717670954637779,0.674339878131347,0.115168539325843,2.25561797752809,1.40449438202247,0.224719101123595,0.185185185185185,1.79733333333333,0.407407407407407,0.202666666666667,0.361290322580645,1.55483870967742,2.54838709677419,0.206451612903226,2.40740740740741,1.85234899328859,1,0.147651006711409,0.022075055187638,1.90725806451613,0.33112582781457,0.092741935483871
