virus,realm,host,locus_tag,AAA,AAC,AAG,AAT,ACA,ACC,ACG,ACT,AGA,AGC,AGG,AGT,ATA,ATC,ATG,ATT,CAA,CAC,CAG,CAT,CCA,CCC,CCG,CCT,CGA,CGC,CGG,CGT,CTA,CTC,CTG,CTT,GAA,GAC,GAG,GAT,GCA,GCC,GCG,GCT,GGA,GGC,GGG,GGT,GTA,GTC,GTG,GTT,TAA,TAC,TAG,TAT,TCA,TCC,TCG,TCT,TGA,TGC,TGG,TGT,TTA,TTC,TTG,TTT
Gordonia phage Turuncu,Duplodnaviria,bacteria,KNU13,0.161971830985915,1.7592867756315,1.83802816901408,0.240713224368499,0.203288490284006,2.47234678624813,1.0762331838565,0.24813153961136,0.0895522388059701,1.46086956521739,0.214146658014276,0.271304347826087,0.0226843100189036,2.82703213610586,1,0.150283553875236,0.188405797101449,1.67906976744186,1.81159420289855,0.32093023255814,0.210711150131694,1.30640913081651,2.26865671641791,0.214223002633889,0.895522388059702,2.42959117456197,1.95457495133031,0.416612589227774,0.138284250960307,2.73495518565941,2.56209987195903,0.311139564660691,0.333827893175074,1.70536320434487,1.66617210682493,0.294636795655126,0.325775104118464,1.850994909764,1.46968995835261,0.353540027764924,0.511552928533047,1.94304137560451,0.898441698011822,0.646963997850618,0.0869009584664537,2.52523961661342,1.1629392971246,0.224920127795527,0.191489361702128,1.78221415607985,0.414893617021277,0.217785843920145,0.229565217391304,1.3304347826087,2.44695652173913,0.260869565217391,2.3936170212766,1.70588235294118,1,0.294117647058824,0.0115236875800256,1.90184049079755,0.241997439180538,0.098159509202454
