virus,realm,host,locus_tag,AAA,AAC,AAG,AAT,ACA,ACC,ACG,ACT,AGA,AGC,AGG,AGT,ATA,ATC,ATG,ATT,CAA,CAC,CAG,CAT,CCA,CCC,CCG,CCT,CGA,CGC,CGG,CGT,CTA,CTC,CTG,CTT,GAA,GAC,GAG,GAT,GCA,GCC,GCG,GCT,GGA,GGC,GGG,GGT,GTA,GTC,GTG,GTT,TAA,TAC,TAG,TAT,TCA,TCC,TCG,TCT,TGA,TGC,TGG,TGT,TTA,TTC,TTG,TTT
Gordonia phage Lucky10,Duplodnaviria,bacteria,BJD62,0.353211009174312,1.78313253012048,1.64678899082569,0.216867469879518,0.415210688591984,2.0431654676259,1.15930113052415,0.382322713257965,0.24618320610687,0.950859950859951,0.200381679389313,0.30958230958231,0.0392156862745098,2.70098039215686,1,0.259803921568627,0.32719836400818,1.65870307167235,1.67280163599182,0.341296928327645,0.491139240506329,1.06329113924051,2.15189873417722,0.293670886075949,0.652671755725191,2.43320610687023,1.7118320610687,0.755725190839695,0.173345759552656,2.4995340167754,2.45479962721342,0.229263746505126,0.547288776796974,1.53507853403141,1.45271122320303,0.464921465968586,0.42884012539185,1.53479623824451,1.66018808777429,0.376175548589342,0.465822784810127,2.03544303797468,0.752742616033755,0.745991561181435,0.119148936170213,1.81702127659574,1.78297872340426,0.280851063829787,0.171428571428571,1.75510204081633,0.342857142857143,0.244897959183673,0.479115479115479,1.34152334152334,2.52825552825553,0.390663390663391,2.48571428571429,1.6030534351145,1,0.396946564885496,0.0223671947809879,1.90960451977401,0.620689655172414,0.0903954802259887
