virus,realm,host,locus_tag,AAA,AAC,AAG,AAT,ACA,ACC,ACG,ACT,AGA,AGC,AGG,AGT,ATA,ATC,ATG,ATT,CAA,CAC,CAG,CAT,CCA,CCC,CCG,CCT,CGA,CGC,CGG,CGT,CTA,CTC,CTG,CTT,GAA,GAC,GAG,GAT,GCA,GCC,GCG,GCT,GGA,GGC,GGG,GGT,GTA,GTC,GTG,GTT,TAA,TAC,TAG,TAT,TCA,TCC,TCG,TCT,TGA,TGC,TGG,TGT,TTA,TTC,TTG,TTT
Gordonia phage Arri,Duplodnaviria,bacteria,KNU56,0.319109461966605,1.87545787545788,1.6808905380334,0.124542124542125,0.289374529012811,2.39638281838734,1.13036925395629,0.183873398643557,0.0385164051355207,1.17659137577002,0.16262482168331,0.117043121149897,0.0802547770700637,2.76305732484076,1,0.156687898089172,0.274268104776579,1.78067885117493,1.72573189522342,0.219321148825065,0.338751069289991,1.45423438836612,1.99486740804106,0.212147134302823,0.594864479315264,3.00855920114123,1.62196861626248,0.573466476462197,0.159618008185539,3.1268758526603,2.24283765347885,0.13506139154161,0.616570327552986,1.78916109873794,1.38342967244701,0.210838901262064,0.357541899441341,1.8977223893425,1.48861194671251,0.256123764503653,0.449718925671455,2.19113054341037,0.774515927545284,0.584634603372892,0.106966924700915,2.26882477128783,1.37368050668543,0.250527797325827,0.223404255319149,1.89812332439678,0.414893617021277,0.101876675603217,0.40041067761807,1.62628336755647,2.45790554414784,0.2217659137577,2.36170212765957,1.8452380952381,1,0.154761904761905,0.0245566166439291,1.93926247288503,0.311050477489768,0.0607375271149675
