virus,realm,host,locus_tag,AAA,AAC,AAG,AAT,ACA,ACC,ACG,ACT,AGA,AGC,AGG,AGT,ATA,ATC,ATG,ATT,CAA,CAC,CAG,CAT,CCA,CCC,CCG,CCT,CGA,CGC,CGG,CGT,CTA,CTC,CTG,CTT,GAA,GAC,GAG,GAT,GCA,GCC,GCG,GCT,GGA,GGC,GGG,GGT,GTA,GTC,GTG,GTT,TAA,TAC,TAG,TAT,TCA,TCC,TCG,TCT,TGA,TGC,TGG,TGT,TTA,TTC,TTG,TTT
Gordonia phage BaxterFox,Duplodnaviria,bacteria,SEA,0.277397260273973,1.78449905482042,1.72260273972603,0.215500945179584,0.363341443633414,2.25466342254663,1.12246553122466,0.259529602595296,0.126888217522659,1.20378151260504,0.235649546827795,0.239495798319328,0.0271668822768435,2.78266494178525,1,0.190168175937904,0.284345047923323,1.74931880108992,1.71565495207668,0.250681198910082,0.40495867768595,1.29338842975207,2.01652892561983,0.285123966942149,0.734138972809668,2.75528700906344,1.62235649546828,0.525679758308157,0.214785992217899,2.62879377431907,2.47937743190661,0.252140077821012,0.533460803059273,1.64227642276423,1.46653919694073,0.357723577235772,0.385948477751756,1.68992974238876,1.63934426229508,0.284777517564403,0.484679665738162,2.1142061281337,0.807799442896936,0.593314763231198,0.13125,2.140625,1.471875,0.25625,0.174418604651163,1.8,0.174418604651163,0.2,0.384453781512605,1.51260504201681,2.41386554621849,0.245798319327731,2.65116279069767,1.68707482993197,1,0.312925170068027,0.0140077821011673,1.85201793721973,0.410894941634241,0.147982062780269
