virus,realm,host,locus_tag,AAA,AAC,AAG,AAT,ACA,ACC,ACG,ACT,AGA,AGC,AGG,AGT,ATA,ATC,ATG,ATT,CAA,CAC,CAG,CAT,CCA,CCC,CCG,CCT,CGA,CGC,CGG,CGT,CTA,CTC,CTG,CTT,GAA,GAC,GAG,GAT,GCA,GCC,GCG,GCT,GGA,GGC,GGG,GGT,GTA,GTC,GTG,GTT,TAA,TAC,TAG,TAT,TCA,TCC,TCG,TCT,TGA,TGC,TGG,TGT,TTA,TTC,TTG,TTT
Grapevine virus B,Riboviria,land plants,GVBgp,0.875,0.905263157894737,1.125,1.09473684210526,1.05785123966942,1.09090909090909,0.793388429752066,1.05785123966942,1.44155844155844,1.58375634517767,2.76623376623377,1.37055837563452,1.14406779661017,0.940677966101695,1,0.915254237288136,1.23529411764706,1.01754385964912,0.764705882352941,0.982456140350877,1.28,0.88,0.68,1.16,0.467532467532468,0.506493506493506,0.311688311688312,0.506493506493506,0.846774193548387,1.18548387096774,1.20967741935484,0.701612903225806,0.871794871794872,0.701492537313433,1.12820512820513,1.29850746268657,1.26618705035971,1.15107913669065,0.37410071942446,1.20863309352518,0.707317073170732,0.829268292682927,1.21951219512195,1.24390243902439,0.790123456790123,0.790123456790123,1.90123456790123,0.518518518518518,1.2,1.24271844660194,0.6,0.757281553398058,0.974619289340102,0.730964467005076,0.365482233502538,0.974619289340102,1.2,0.769230769230769,1,1.23076923076923,0.725806451612903,1.35652173913043,1.33064516129032,0.643478260869565
