virus,realm,host,locus_tag,AAA,AAC,AAG,AAT,ACA,ACC,ACG,ACT,AGA,AGC,AGG,AGT,ATA,ATC,ATG,ATT,CAA,CAC,CAG,CAT,CCA,CCC,CCG,CCT,CGA,CGC,CGG,CGT,CTA,CTC,CTG,CTT,GAA,GAC,GAG,GAT,GCA,GCC,GCG,GCT,GGA,GGC,GGG,GGT,GTA,GTC,GTG,GTT,TAA,TAC,TAG,TAT,TCA,TCC,TCG,TCT,TGA,TGC,TGG,TGT,TTA,TTC,TTG,TTT
Grapevine leafroll-associated virus 2,Riboviria,land plants,GLRaV2,0.87463556851312,0.944444444444444,1.12536443148688,1.05555555555556,0.523206751054852,0.962025316455696,1.08016877637131,1.43459915611814,1.14857142857143,1.01149425287356,0.822857142857143,1.03448275862069,0.892857142857143,1.02380952380952,1,1.08333333333333,0.849557522123894,1,1.15044247787611,1,0.720496894409938,0.670807453416149,0.894409937888199,1.71428571428571,0.754285714285714,1.33714285714286,0.634285714285714,1.30285714285714,0.718146718146718,0.857142857142857,0.787644787644788,1.03088803088803,1.16025641025641,0.910891089108911,0.83974358974359,1.08910891089109,0.542553191489362,0.723404255319149,1.38297872340426,1.35106382978723,0.886075949367089,0.734177215189873,0.683544303797468,1.69620253164557,0.53276955602537,0.659619450317125,1.55602536997886,1.25158562367865,1.66666666666667,1.13513513513514,1.33333333333333,0.864864864864865,0.793103448275862,0.827586206896552,1.16091954022989,1.17241379310345,0,1.03448275862069,1,0.96551724137931,1.08880308880309,0.964285714285714,1.51737451737452,1.03571428571429
