virus,realm,host,locus_tag,AAA,AAC,AAG,AAT,ACA,ACC,ACG,ACT,AGA,AGC,AGG,AGT,ATA,ATC,ATG,ATT,CAA,CAC,CAG,CAT,CCA,CCC,CCG,CCT,CGA,CGC,CGG,CGT,CTA,CTC,CTG,CTT,GAA,GAC,GAG,GAT,GCA,GCC,GCG,GCT,GGA,GGC,GGG,GGT,GTA,GTC,GTG,GTT,TAA,TAC,TAG,TAT,TCA,TCC,TCG,TCT,TGA,TGC,TGG,TGT,TTA,TTC,TTG,TTT
Grapevine Syrah virus 1,Riboviria,land plants,GSyV,0.735632183908046,1.62962962962963,1.26436781609195,0.37037037037037,0.275,2.05,0.475,1.2,0.136363636363636,0.964285714285714,0.363636363636364,0.241071428571429,0.25,1.96428571428571,1,0.785714285714286,0.658227848101266,1.28395061728395,1.34177215189873,0.716049382716049,0.717488789237668,1.41704035874439,0.807174887892377,1.05829596412556,0,3.63636363636364,0.772727272727273,1.09090909090909,0.0952380952380952,3.33333333333333,1.26190476190476,0.785714285714286,0.826923076923077,1.39130434782609,1.17307692307692,0.608695652173913,0.4,2,0.432,1.168,0.110091743119266,2.4954128440367,0.697247706422018,0.697247706422018,0.0833333333333333,2.13888888888889,0.861111111111111,0.916666666666667,1.5,1.46938775510204,0,0.530612244897959,0.669642857142857,1.90178571428571,0.723214285714286,1.5,1.5,1.70588235294118,1,0.294117647058824,0.0714285714285714,1.69354838709677,0.452380952380952,0.306451612903226
