virus,realm,host,locus_tag,AAA,AAC,AAG,AAT,ACA,ACC,ACG,ACT,AGA,AGC,AGG,AGT,ATA,ATC,ATG,ATT,CAA,CAC,CAG,CAT,CCA,CCC,CCG,CCT,CGA,CGC,CGG,CGT,CTA,CTC,CTG,CTT,GAA,GAC,GAG,GAT,GCA,GCC,GCG,GCT,GGA,GGC,GGG,GGT,GTA,GTC,GTG,GTT,TAA,TAC,TAG,TAT,TCA,TCC,TCG,TCT,TGA,TGC,TGG,TGT,TTA,TTC,TTG,TTT
Green River chinook virus,NA,NA,D1R89,0.876190476190476,1.27826086956522,1.12380952380952,0.721739130434783,0.427480916030534,1.90330788804071,0.620865139949109,1.04834605597964,0.558620689655172,0.590389016018307,0.393103448275862,0.439359267734554,0.125,1.97115384615385,1,0.903846153846154,0.908163265306122,1.26315789473684,1.09183673469388,0.736842105263158,0.829493087557604,1.68663594470046,0.599078341013825,0.884792626728111,0.889655172413793,1.86206896551724,0.43448275862069,1.86206896551724,0.580985915492958,1.92253521126761,1.63732394366197,0.72887323943662,0.822085889570552,1.10469314079422,1.17791411042945,0.895306859205776,0.312727272727273,1.86909090909091,0.385454545454545,1.43272727272727,1.13698630136986,1.0958904109589,0.246575342465753,1.52054794520548,0.383419689119171,1.72020725388601,1.04663212435233,0.849740932642487,0.6,1.54601226993865,1.8,0.45398773006135,1.19450800915332,2.32036613272311,0.508009153318078,0.947368421052632,0.6,1.18840579710145,1,0.811594202898551,0.338028169014085,1.56906077348066,0.792253521126761,0.430939226519337
