virus,realm,host,locus_tag,AAA,AAC,AAG,AAT,ACA,ACC,ACG,ACT,AGA,AGC,AGG,AGT,ATA,ATC,ATG,ATT,CAA,CAC,CAG,CAT,CCA,CCC,CCG,CCT,CGA,CGC,CGG,CGT,CTA,CTC,CTG,CTT,GAA,GAC,GAG,GAT,GCA,GCC,GCG,GCT,GGA,GGC,GGG,GGT,GTA,GTC,GTG,GTT,TAA,TAC,TAG,TAT,TCA,TCC,TCG,TCT,TGA,TGC,TGG,TGT,TTA,TTC,TTG,TTT
Halovirus VNH-1,unclassified viruses,archaea,MZ08,1.29411764705882,1.07317073170732,0.705882352941177,0.926829268292683,0.853932584269663,1.48314606741573,1.03370786516854,0.629213483146067,0.814814814814815,1.08433734939759,0.148148148148148,1.44578313253012,0.442622950819672,1.0327868852459,1,1.52459016393443,1.25,1.11111111111111,0.75,0.888888888888889,1.33333333333333,1.22222222222222,1,0.444444444444444,1.85185185185185,1.11111111111111,1.11111111111111,0.962962962962963,0.433734939759036,1.30120481927711,0.939759036144578,1.08433734939759,1.29508196721311,0.822429906542056,0.704918032786885,1.17757009345794,0.941176470588235,0.423529411764706,1.36470588235294,1.27058823529412,1.18811881188119,1.10891089108911,0.514851485148515,1.18811881188119,0.289855072463768,1.73913043478261,1.10144927536232,0.869565217391304,1.28571428571429,0.888888888888889,0.428571428571429,1.11111111111111,1.1566265060241,0.795180722891566,1.08433734939759,0.433734939759036,1.28571428571429,0.7,1,1.3,1.37349397590361,0.909090909090909,0.867469879518072,1.09090909090909
