virus,realm,host,locus_tag,AAA,AAC,AAG,AAT,ACA,ACC,ACG,ACT,AGA,AGC,AGG,AGT,ATA,ATC,ATG,ATT,CAA,CAC,CAG,CAT,CCA,CCC,CCG,CCT,CGA,CGC,CGG,CGT,CTA,CTC,CTG,CTT,GAA,GAC,GAG,GAT,GCA,GCC,GCG,GCT,GGA,GGC,GGG,GGT,GTA,GTC,GTG,GTT,TAA,TAC,TAG,TAT,TCA,TCC,TCG,TCT,TGA,TGC,TGG,TGT,TTA,TTC,TTG,TTT
Heliothis virescens ascovirus 3f,Varidnaviria,invertebrates,F8203,1.17016949152542,1.19776609724047,0.829830508474576,0.802233902759527,0.900437636761488,0.982494529540481,1.25711159737418,0.859956236323851,1.2309231923943,1.01614003182541,0.580935701776332,1.06387815412594,1.13007593265104,0.986464179597227,1,0.883459887751733,1.12429731417864,1.17407686510927,0.875702685821362,0.825923134890731,0.984470588235294,0.909176470588235,1.39670588235294,0.709647058823529,1.24593445083813,1.28196147110333,0.391793845384038,1.26845133850388,0.860455130957492,0.893945899527694,1.16702447402319,0.592528982395878,1.22455679579777,1.02741935483871,0.775443204202232,0.97258064516129,0.968917470525188,1.06752411575563,1.05573419078242,0.907824222936763,0.934888972525405,1.01166729394053,0.299585999247271,1.75385773428679,0.928293241695304,0.767010309278351,1.38281786941581,0.921878579610538,1.54736842105263,1.34134401424121,0.631578947368421,0.658655985758789,0.774721527619914,0.754262332348261,1.55353489429416,0.837463059786315,0.821052631578947,0.857712765957447,1,1.14228723404255,0.964791756118506,1.1064483111566,1.52125375697724,0.893551688843398
