virus,realm,host,locus_tag,AAA,AAC,AAG,AAT,ACA,ACC,ACG,ACT,AGA,AGC,AGG,AGT,ATA,ATC,ATG,ATT,CAA,CAC,CAG,CAT,CCA,CCC,CCG,CCT,CGA,CGC,CGG,CGT,CTA,CTC,CTG,CTT,GAA,GAC,GAG,GAT,GCA,GCC,GCG,GCT,GGA,GGC,GGG,GGT,GTA,GTC,GTG,GTT,TAA,TAC,TAG,TAT,TCA,TCC,TCG,TCT,TGA,TGC,TGG,TGT,TTA,TTC,TTG,TTT
Hepatitis C virus genotype 7,Riboviria,human:vertebrates,BFX91,0.807692307692308,1.23809523809524,1.19230769230769,0.761904761904762,0.625,1.64285714285714,0.875,0.857142857142857,1.20634920634921,1.09787234042553,1.77777777777778,0.68936170212766,0.928571428571429,1.42857142857143,1,0.642857142857143,0.786516853932584,1.12121212121212,1.21348314606742,0.878787878787879,0.869565217391304,1.42608695652174,0.730434782608696,0.973913043478261,0.412698412698413,1.11111111111111,1.07936507936508,0.412698412698413,0.82,1.76,1.24,0.96,0.695652173913043,1.31818181818182,1.30434782608696,0.681818181818182,0.646464646464647,1.56228956228956,0.808080808080808,0.983164983164983,0.591439688715953,1.3852140077821,1.18287937743191,0.840466926070039,0.379446640316206,1.32806324110672,1.50197628458498,0.790513833992095,1.5,1.16326530612245,0,0.836734693877551,0.995744680851064,1.55744680851064,0.587234042553191,1.07234042553191,1.5,1.24489795918367,1,0.755102040816326,0.36,1.35714285714286,0.86,0.642857142857143
