virus,realm,host,locus_tag,AAA,AAC,AAG,AAT,ACA,ACC,ACG,ACT,AGA,AGC,AGG,AGT,ATA,ATC,ATG,ATT,CAA,CAC,CAG,CAT,CCA,CCC,CCG,CCT,CGA,CGC,CGG,CGT,CTA,CTC,CTG,CTT,GAA,GAC,GAG,GAT,GCA,GCC,GCG,GCT,GGA,GGC,GGG,GGT,GTA,GTC,GTG,GTT,TAA,TAC,TAG,TAT,TCA,TCC,TCG,TCT,TGA,TGC,TGG,TGT,TTA,TTC,TTG,TTT
Heron hepatitis B virus,Riboviria,human:vertebrates,HHBVgp,1.05154639175258,0.88,0.948453608247423,1.12,0.866666666666667,1.23333333333333,0.6,1.3,2.19230769230769,0.761904761904762,1.55769230769231,0.476190476190476,0.697674418604651,1.15116279069767,1,1.15116279069767,1.56666666666667,0.823529411764706,0.433333333333333,1.17647058823529,1.27433628318584,0.955752212389381,0.530973451327434,1.23893805309735,0.75,0.403846153846154,0.403846153846154,0.692307692307692,0.978260869565217,1.40217391304348,0.945652173913043,0.847826086956522,1.36842105263158,1,0.631578947368421,1,1.31914893617021,1.02127659574468,0.170212765957447,1.48936170212766,1.77319587628866,0.824742268041237,0.989690721649485,0.412371134020619,1.06329113924051,1.06329113924051,0.810126582278481,1.06329113924051,2.25,0.577777777777778,0.75,1.42222222222222,1.04761904761905,1.47619047619048,0.714285714285714,1.52380952380952,0,1.21739130434783,1,0.782608695652174,0.945652173913043,0.945945945945946,0.880434782608696,1.05405405405405
