virus,realm,host,locus_tag,AAA,AAC,AAG,AAT,ACA,ACC,ACG,ACT,AGA,AGC,AGG,AGT,ATA,ATC,ATG,ATT,CAA,CAC,CAG,CAT,CCA,CCC,CCG,CCT,CGA,CGC,CGG,CGT,CTA,CTC,CTG,CTT,GAA,GAC,GAG,GAT,GCA,GCC,GCG,GCT,GGA,GGC,GGG,GGT,GTA,GTC,GTG,GTT,TAA,TAC,TAG,TAT,TCA,TCC,TCG,TCT,TGA,TGC,TGG,TGT,TTA,TTC,TTG,TTT
Highlands J virus,Riboviria,invertebrates:vertebrates,HJV,1.05882352941176,0.981818181818182,0.941176470588235,1.01818181818182,1.18327974276527,0.977491961414791,0.938906752411576,0.90032154340836,1.4758064516129,1.1830985915493,1.35483870967742,0.845070422535211,0.936,1.14,1,0.924,1,1.21739130434783,1,0.782608695652174,1.37216828478964,0.673139158576052,0.996763754045307,0.957928802588997,0.604838709677419,1.18548387096774,0.508064516129032,0.870967741935484,0.956756756756757,0.859459459459459,1.81621621621622,0.713513513513514,1.1528384279476,1.23348017621145,0.847161572052402,0.766519823788546,1.41239892183288,0.981132075471698,0.62533692722372,0.981132075471698,1.22137404580153,1.25190839694656,0.748091603053435,0.778625954198473,0.790560471976401,1.00294985250737,1.40412979351032,0.8023598820059,0.75,1.1566265060241,0,0.843373493975904,1.2887323943662,1.09859154929577,0.73943661971831,0.845070422535211,2.25,1.24242424242424,1,0.757575757575758,0.681081081081081,1.03703703703704,0.972972972972973,0.962962962962963
