virus,realm,host,locus_tag,AAA,AAC,AAG,AAT,ACA,ACC,ACG,ACT,AGA,AGC,AGG,AGT,ATA,ATC,ATG,ATT,CAA,CAC,CAG,CAT,CCA,CCC,CCG,CCT,CGA,CGC,CGG,CGT,CTA,CTC,CTG,CTT,GAA,GAC,GAG,GAT,GCA,GCC,GCG,GCT,GGA,GGC,GGG,GGT,GTA,GTC,GTG,GTT,TAA,TAC,TAG,TAT,TCA,TCC,TCG,TCT,TGA,TGC,TGG,TGT,TTA,TTC,TTG,TTT
Hubei tombus-like virus 19,Riboviria,invertebrates,BWR70,0.850574712643678,1.34375,1.14942528735632,0.65625,0.869565217391304,1.04347826086957,0.826086956521739,1.26086956521739,1.26605504587156,1.37007874015748,0.660550458715596,0.614173228346457,0.75,1.19117647058824,1,1.05882352941176,0.927536231884058,1,1.07246376811594,1,1.08411214953271,0.97196261682243,1.19626168224299,0.747663551401869,1.04587155963303,1.54128440366972,0.660550458715596,0.825688073394495,0.716417910447761,0.761194029850746,1.38805970149254,0.895522388059702,1.07317073170732,1.02941176470588,0.926829268292683,0.970588235294118,0.941176470588235,1.37254901960784,0.901960784313726,0.784313725490196,1.27058823529412,0.988235294117647,1.03529411764706,0.705882352941177,0.631578947368421,1.05263157894737,1.33333333333333,0.982456140350877,0,0.918918918918919,0.75,1.08108108108108,0.708661417322835,1.03937007874016,1.32283464566929,0.94488188976378,2.25,1.09090909090909,1,0.909090909090909,0.985074626865672,1.17241379310345,1.25373134328358,0.827586206896552
