virus,realm,host,locus_tag,AAA,AAC,AAG,AAT,ACA,ACC,ACG,ACT,AGA,AGC,AGG,AGT,ATA,ATC,ATG,ATT,CAA,CAC,CAG,CAT,CCA,CCC,CCG,CCT,CGA,CGC,CGG,CGT,CTA,CTC,CTG,CTT,GAA,GAC,GAG,GAT,GCA,GCC,GCG,GCT,GGA,GGC,GGG,GGT,GTA,GTC,GTG,GTT,TAA,TAC,TAG,TAT,TCA,TCC,TCG,TCT,TGA,TGC,TGG,TGT,TTA,TTC,TTG,TTT
Hubei virga-like virus 7,Riboviria,invertebrates,BWU49,1.62694300518135,0.497607655502392,0.373056994818653,1.50239234449761,0.946745562130177,0.42603550295858,0.449704142011834,2.17751479289941,2.11363636363636,0.235807860262009,0.272727272727273,1.12663755458515,1.18695652173913,0.273913043478261,1,1.53913043478261,1.56626506024096,0.5625,0.433734939759036,1.4375,0.989247311827957,0.602150537634409,0.645161290322581,1.76344086021505,1.02272727272727,0.409090909090909,0.0681818181818182,2.11363636363636,0.363636363636364,0.136363636363636,0.318181818181818,0.681818181818182,1.66153846153846,0.53416149068323,0.338461538461538,1.46583850931677,0.631578947368421,0.673684210526316,0.421052631578947,2.27368421052632,0.987012987012987,0.103896103896104,0.155844155844156,2.75324675324675,1.1340206185567,0.45360824742268,0.474226804123711,1.93814432989691,1,0.434782608695652,2,1.56521739130435,1.33624454148472,0.707423580786026,0.681222707423581,1.91266375545852,0,0.303030303030303,1,1.6969696969697,2.5,0.438709677419355,2,1.56129032258065
