virus,realm,host,locus_tag,AAA,AAC,AAG,AAT,ACA,ACC,ACG,ACT,AGA,AGC,AGG,AGT,ATA,ATC,ATG,ATT,CAA,CAC,CAG,CAT,CCA,CCC,CCG,CCT,CGA,CGC,CGG,CGT,CTA,CTC,CTG,CTT,GAA,GAC,GAG,GAT,GCA,GCC,GCG,GCT,GGA,GGC,GGG,GGT,GTA,GTC,GTG,GTT,TAA,TAC,TAG,TAT,TCA,TCC,TCG,TCT,TGA,TGC,TGG,TGT,TTA,TTC,TTG,TTT
Hubei picorna-like virus 36,Riboviria,invertebrates,BWX01,0.830409356725146,0.768115942028985,1.16959064327485,1.23188405797101,1.26696832579186,0.796380090497738,0.416289592760181,1.52036199095023,1.40909090909091,0.725581395348837,1.36363636363636,1.33953488372093,1.01639344262295,0.639344262295082,1,1.34426229508197,0.844827586206897,0.984615384615385,1.1551724137931,1.01538461538462,1.77777777777778,0.527777777777778,0.361111111111111,1.33333333333333,0.954545454545455,0.545454545454545,1.09090909090909,0.636363636363636,1.06299212598425,0.661417322834646,0.637795275590551,0.850393700787402,0.701986754966887,0.534883720930233,1.29801324503311,1.46511627906977,0.66,1.1,0.3,1.94,1.01075268817204,0.602150537634409,1.18279569892473,1.20430107526882,0.619469026548673,0.654867256637168,1.43362831858407,1.29203539823009,3,0.786885245901639,0,1.21311475409836,1.03255813953488,1.08837209302326,0.502325581395349,1.31162790697674,0,0.666666666666667,1,1.33333333333333,1.08661417322835,0.809160305343511,1.7007874015748,1.19083969465649
