virus,realm,host,locus_tag,AAA,AAC,AAG,AAT,ACA,ACC,ACG,ACT,AGA,AGC,AGG,AGT,ATA,ATC,ATG,ATT,CAA,CAC,CAG,CAT,CCA,CCC,CCG,CCT,CGA,CGC,CGG,CGT,CTA,CTC,CTG,CTT,GAA,GAC,GAG,GAT,GCA,GCC,GCG,GCT,GGA,GGC,GGG,GGT,GTA,GTC,GTG,GTT,TAA,TAC,TAG,TAT,TCA,TCC,TCG,TCT,TGA,TGC,TGG,TGT,TTA,TTC,TTG,TTT
Hubei tombus-like virus 42,Riboviria,invertebrates,BWX23,1.275,1.2962962962963,0.725,0.703703703703704,1.33333333333333,1.2972972972973,0.540540540540541,0.828828828828829,1.92660550458716,0.879310344827586,0.55045871559633,0.879310344827586,1.2258064516129,0.967741935483871,1,0.806451612903226,1.41935483870968,1.07142857142857,0.580645161290323,0.928571428571429,1.51111111111111,0.8,0.933333333333333,0.755555555555556,1.21100917431193,1.15596330275229,0.880733944954128,0.275229357798165,1.08196721311475,1.08196721311475,1.37704918032787,0.786885245901639,1.24590163934426,1.025,0.754098360655738,0.975,0.989247311827957,1.33333333333333,0.387096774193548,1.29032258064516,1.16666666666667,1.05555555555556,0.833333333333333,0.944444444444444,0.853333333333333,0.96,1.22666666666667,0.96,1.5,1.13636363636364,0,0.863636363636364,1.08620689655172,1.3448275862069,0.775862068965517,1.03448275862069,1.5,0.96969696969697,1,1.03030303030303,0.836065573770492,1.26530612244898,0.836065573770492,0.73469387755102
