virus,realm,host,locus_tag,AAA,AAC,AAG,AAT,ACA,ACC,ACG,ACT,AGA,AGC,AGG,AGT,ATA,ATC,ATG,ATT,CAA,CAC,CAG,CAT,CCA,CCC,CCG,CCT,CGA,CGC,CGG,CGT,CTA,CTC,CTG,CTT,GAA,GAC,GAG,GAT,GCA,GCC,GCG,GCT,GGA,GGC,GGG,GGT,GTA,GTC,GTG,GTT,TAA,TAC,TAG,TAT,TCA,TCC,TCG,TCT,TGA,TGC,TGG,TGT,TTA,TTC,TTG,TTT
Hubei picorna-like virus 70,Riboviria,invertebrates,BWR84,1.5906976744186,0.322869955156951,0.409302325581395,1.67713004484305,1.847533632287,0.376681614349776,0.251121076233184,1.52466367713004,2.76190476190476,0.152542372881356,0.428571428571429,1.04237288135593,0.940092165898618,0.345622119815668,1,1.71428571428571,1.69444444444444,0.463414634146341,0.305555555555556,1.53658536585366,2.0377358490566,0.628930817610063,0.050314465408805,1.28301886792453,0.80952380952381,0.619047619047619,0.19047619047619,1.19047619047619,0.731707317073171,0.18815331010453,0.229965156794425,1.29616724738676,1.69230769230769,0.43956043956044,0.307692307692308,1.56043956043956,1.97209302325581,0.706976744186047,0.241860465116279,1.07906976744186,1.00571428571429,0.685714285714286,0.205714285714286,2.10285714285714,1.57407407407407,0.37037037037037,0.37037037037037,1.68518518518519,0.75,0.367647058823529,2.25,1.63235294117647,2.28813559322034,0.889830508474576,0.152542372881356,1.47457627118644,0,0.297297297297297,1,1.7027027027027,2.63414634146341,0.410810810810811,0.9198606271777,1.58918918918919
