virus,realm,host,locus_tag,AAA,AAC,AAG,AAT,ACA,ACC,ACG,ACT,AGA,AGC,AGG,AGT,ATA,ATC,ATG,ATT,CAA,CAC,CAG,CAT,CCA,CCC,CCG,CCT,CGA,CGC,CGG,CGT,CTA,CTC,CTG,CTT,GAA,GAC,GAG,GAT,GCA,GCC,GCG,GCT,GGA,GGC,GGG,GGT,GTA,GTC,GTG,GTT,TAA,TAC,TAG,TAT,TCA,TCC,TCG,TCT,TGA,TGC,TGG,TGT,TTA,TTC,TTG,TTT
Hubei picorna-like virus 2,Riboviria,vertebrates,BWR74,0.909090909090909,0.694214876033058,1.09090909090909,1.30578512396694,1.49707602339181,0.912280701754386,0.374269005847953,1.21637426900585,1.56302521008403,0.446808510638298,0.504201680672269,1.24468085106383,0.74468085106383,0.808510638297872,1,1.4468085106383,1.25252525252525,0.905660377358491,0.747474747474748,1.09433962264151,1.66929133858268,0.503937007874016,0.47244094488189,1.35433070866142,1.00840336134454,1.10924369747899,0.252100840336134,1.56302521008403,0.721153846153846,0.663461538461538,0.692307692307692,1.03846153846154,1.21804511278195,0.394160583941606,0.781954887218045,1.60583941605839,1.37931034482759,0.650246305418719,0.512315270935961,1.45812807881773,1.66906474820144,0.431654676258993,0.345323741007194,1.55395683453237,1.07103825136612,0.524590163934426,1.24590163934426,1.15846994535519,1.5,0.747474747474748,1.5,1.25252525252525,1.81914893617021,0.638297872340426,0.670212765957447,1.18085106382979,0,0.634146341463415,1,1.36585365853659,1.41346153846154,0.770491803278688,1.47115384615385,1.22950819672131
