virus,realm,host,locus_tag,AAA,AAC,AAG,AAT,ACA,ACC,ACG,ACT,AGA,AGC,AGG,AGT,ATA,ATC,ATG,ATT,CAA,CAC,CAG,CAT,CCA,CCC,CCG,CCT,CGA,CGC,CGG,CGT,CTA,CTC,CTG,CTT,GAA,GAC,GAG,GAT,GCA,GCC,GCG,GCT,GGA,GGC,GGG,GGT,GTA,GTC,GTG,GTT,TAA,TAC,TAG,TAT,TCA,TCC,TCG,TCT,TGA,TGC,TGG,TGT,TTA,TTC,TTG,TTT
Hubei sobemo-like virus 30,Riboviria,invertebrates,BVB23,0.819672131147541,0.666666666666667,1.18032786885246,1.33333333333333,0.73469387755102,1.30612244897959,0.816326530612245,1.14285714285714,2.125,0.36144578313253,1.625,1.66265060240964,0.85,1,1,1.15,0.648648648648649,0.7,1.35135135135135,1.3,1.21739130434783,0.782608695652174,0.782608695652174,1.21739130434783,0.75,0.25,0.625,0.625,0.564705882352941,1.2,0.494117647058824,1.48235294117647,0.612244897959184,0.363636363636364,1.38775510204082,1.63636363636364,0.945454545454545,0.727272727272727,0.727272727272727,1.6,1,0.785714285714286,0.714285714285714,1.5,0.231884057971014,1.44927536231884,0.579710144927536,1.73913043478261,1.5,0.888888888888889,1.5,1.11111111111111,1.30120481927711,0.867469879518072,1.01204819277108,0.795180722891566,0,0.533333333333333,1,1.46666666666667,0.635294117647059,0.842105263157895,1.62352941176471,1.15789473684211
