virus,realm,host,locus_tag,AAA,AAC,AAG,AAT,ACA,ACC,ACG,ACT,AGA,AGC,AGG,AGT,ATA,ATC,ATG,ATT,CAA,CAC,CAG,CAT,CCA,CCC,CCG,CCT,CGA,CGC,CGG,CGT,CTA,CTC,CTG,CTT,GAA,GAC,GAG,GAT,GCA,GCC,GCG,GCT,GGA,GGC,GGG,GGT,GTA,GTC,GTG,GTT,TAA,TAC,TAG,TAT,TCA,TCC,TCG,TCT,TGA,TGC,TGG,TGT,TTA,TTC,TTG,TTT
Hubei narna-like virus 23,Riboviria,invertebrates,BWW39,1.02325581395349,0.625,0.976744186046512,1.375,1.33333333333333,1.06666666666667,0.266666666666667,1.33333333333333,1.03448275862069,0.327272727272727,1.86206896551724,1.30909090909091,0.7,1.1,1,1.2,0.866666666666667,1.29411764705882,1.13333333333333,0.705882352941177,0.636363636363636,0.363636363636364,1.18181818181818,1.81818181818182,1.24137931034483,0.310344827586207,0.620689655172414,0.931034482758621,0.779220779220779,1.16883116883117,0.701298701298701,1.09090909090909,1.14893617021277,0.785714285714286,0.851063829787234,1.21428571428571,1.01960784313725,0.549019607843137,0.627450980392157,1.80392156862745,0.771929824561403,0.491228070175439,0.701754385964912,2.03508771929825,0.774193548387097,1.41935483870968,0.774193548387097,1.03225806451613,3,0.869565217391304,0,1.1304347826087,0.981818181818182,0.872727272727273,0.981818181818182,1.52727272727273,0,0.666666666666667,1,1.33333333333333,1.09090909090909,1.28,1.16883116883117,0.72
