virus,realm,host,locus_tag,AAA,AAC,AAG,AAT,ACA,ACC,ACG,ACT,AGA,AGC,AGG,AGT,ATA,ATC,ATG,ATT,CAA,CAC,CAG,CAT,CCA,CCC,CCG,CCT,CGA,CGC,CGG,CGT,CTA,CTC,CTG,CTT,GAA,GAC,GAG,GAT,GCA,GCC,GCG,GCT,GGA,GGC,GGG,GGT,GTA,GTC,GTG,GTT,TAA,TAC,TAG,TAT,TCA,TCC,TCG,TCT,TGA,TGC,TGG,TGT,TTA,TTC,TTG,TTT
Hubei diptera virus 12,Riboviria,invertebrates,BWW10,0.826666666666667,0.826086956521739,1.17333333333333,1.17391304347826,1.05882352941176,0.784313725490196,1.05882352941176,1.09803921568627,0.620689655172414,0.610169491525424,1.6551724137931,1.32203389830508,1.56716417910448,0.626865671641791,1,0.805970149253731,1.01587301587302,0.585365853658537,0.984126984126984,1.41463414634146,0.8,0.693333333333333,0.8,1.70666666666667,0.275862068965517,1.10344827586207,0.758620689655172,1.58620689655172,0.46875,0.421875,1.3125,0.984375,1.08333333333333,0.780487804878049,0.916666666666667,1.21951219512195,1.05747126436782,0.689655172413793,0.919540229885057,1.33333333333333,0.978723404255319,0.978723404255319,0.382978723404255,1.65957446808511,0.536912751677852,0.859060402684564,0.912751677852349,1.69127516778523,2,0.780487804878049,0,1.21951219512195,1.42372881355932,0.813559322033898,0.76271186440678,1.06779661016949,1,0.4,1,1.6,0.796875,1.2156862745098,2.015625,0.784313725490196
