virus,realm,host,locus_tag,AAA,AAC,AAG,AAT,ACA,ACC,ACG,ACT,AGA,AGC,AGG,AGT,ATA,ATC,ATG,ATT,CAA,CAC,CAG,CAT,CCA,CCC,CCG,CCT,CGA,CGC,CGG,CGT,CTA,CTC,CTG,CTT,GAA,GAC,GAG,GAT,GCA,GCC,GCG,GCT,GGA,GGC,GGG,GGT,GTA,GTC,GTG,GTT,TAA,TAC,TAG,TAT,TCA,TCC,TCG,TCT,TGA,TGC,TGG,TGT,TTA,TTC,TTG,TTT
Hubei picorna-like virus 10,Riboviria,invertebrates,BWW64,1.40540540540541,0.680851063829787,0.594594594594595,1.31914893617021,1.51351351351351,0.605405405405405,0.237837837837838,1.64324324324324,2.57142857142857,0.542553191489362,0.535714285714286,1.5,0.726315789473684,0.710526315789474,1,1.56315789473684,1.72093023255814,0.766666666666667,0.27906976744186,1.23333333333333,1.98581560283688,0.51063829787234,0.340425531914894,1.16312056737589,0.642857142857143,0.589285714285714,0.321428571428571,1.33928571428571,0.597156398104265,0.199052132701422,0.341232227488152,0.881516587677725,1.64071856287425,0.503401360544218,0.359281437125749,1.49659863945578,1.1006711409396,0.322147651006711,0.0536912751677852,2.52348993288591,2.01197604790419,0.431137724550898,0.119760479041916,1.43712574850299,0.831683168316832,0.455445544554455,0.495049504950495,2.21782178217822,3,0.708333333333333,0,1.29166666666667,1.85106382978723,0.287234042553192,0.25531914893617,1.56382978723404,0,0.390243902439024,1,1.60975609756098,2.21800947867299,0.644295302013423,1.76303317535545,1.35570469798658
