virus,realm,host,locus_tag,AAA,AAC,AAG,AAT,ACA,ACC,ACG,ACT,AGA,AGC,AGG,AGT,ATA,ATC,ATG,ATT,CAA,CAC,CAG,CAT,CCA,CCC,CCG,CCT,CGA,CGC,CGG,CGT,CTA,CTC,CTG,CTT,GAA,GAC,GAG,GAT,GCA,GCC,GCG,GCT,GGA,GGC,GGG,GGT,GTA,GTC,GTG,GTT,TAA,TAC,TAG,TAT,TCA,TCC,TCG,TCT,TGA,TGC,TGG,TGT,TTA,TTC,TTG,TTT
Human adenovirus 5,NA,NA,NA,0.791044776119403,1.42158859470468,1.2089552238806,0.578411405295316,0.718248175182482,1.97956204379562,0.525547445255474,0.776642335766423,0.580427446569179,1.75396825396825,0.850393700787402,0.626984126984127,0.711409395973154,1.14093959731544,1,1.14765100671141,0.619433198380567,1.47252747252747,1.38056680161943,0.527472527472527,0.660869565217391,1.5055900621118,1.00869565217391,0.824844720496894,0.553430821147357,2.53093363329584,0.83689538807649,0.647919010123735,0.817164179104478,0.850746268656716,2.09888059701493,1.08582089552239,0.731301939058172,1.2998266897747,1.26869806094183,0.700173310225303,0.590374331550802,1.66844919786096,1.0524064171123,0.688770053475936,0.943884892086331,1.51942446043165,0.742446043165468,0.794244604316547,0.585915492957746,0.749295774647887,1.90985915492958,0.754929577464789,1.37142857142857,1.48148148148148,0.685714285714286,0.518518518518518,0.603174603174603,1.36507936507937,0.698412698412698,0.952380952380952,0.942857142857143,1.30555555555556,1,0.694444444444444,0.151119402985075,0.743961352657005,0.996268656716418,1.256038647343
