virus,realm,host,locus_tag,AAA,AAC,AAG,AAT,ACA,ACC,ACG,ACT,AGA,AGC,AGG,AGT,ATA,ATC,ATG,ATT,CAA,CAC,CAG,CAT,CCA,CCC,CCG,CCT,CGA,CGC,CGG,CGT,CTA,CTC,CTG,CTT,GAA,GAC,GAG,GAT,GCA,GCC,GCG,GCT,GGA,GGC,GGG,GGT,GTA,GTC,GTG,GTT,TAA,TAC,TAG,TAT,TCA,TCC,TCG,TCT,TGA,TGC,TGG,TGT,TTA,TTC,TTG,TTT
Human papillomavirus type 96,Monodnaviria,human,HPV96gp,1.34814814814815,0.545454545454545,0.651851851851852,1.45454545454545,1.86163522012579,0.553459119496855,0.327044025157233,1.25786163522013,2.70157068062827,0.884210526315789,1.19371727748691,1.48421052631579,0.9375,0.328125,1,1.734375,1.16949152542373,0.489795918367347,0.830508474576271,1.51020408163265,1.32530120481928,0.602409638554217,0.409638554216867,1.66265060240964,0.596858638743455,0.471204188481675,0.408376963350785,0.628272251308901,0.556962025316456,0.354430379746835,0.835443037974684,0.582278481012658,1.37967914438503,0.714285714285714,0.620320855614973,1.28571428571429,1.41666666666667,0.805555555555556,0.305555555555556,1.47222222222222,1.18279569892473,0.645161290322581,1.03225806451613,1.13978494623656,1.1025641025641,0.512820512820513,0.794871794871795,1.58974358974359,1.28571428571429,0.608695652173913,0,1.39130434782609,1.35789473684211,0.631578947368421,0.315789473684211,1.32631578947368,1.71428571428571,0.586206896551724,1,1.41379310344828,2.50632911392405,0.358490566037736,1.16455696202532,1.64150943396226
