virus,realm,host,locus_tag,AAA,AAC,AAG,AAT,ACA,ACC,ACG,ACT,AGA,AGC,AGG,AGT,ATA,ATC,ATG,ATT,CAA,CAC,CAG,CAT,CCA,CCC,CCG,CCT,CGA,CGC,CGG,CGT,CTA,CTC,CTG,CTT,GAA,GAC,GAG,GAT,GCA,GCC,GCG,GCT,GGA,GGC,GGG,GGT,GTA,GTC,GTG,GTT,TAA,TAC,TAG,TAT,TCA,TCC,TCG,TCT,TGA,TGC,TGG,TGT,TTA,TTC,TTG,TTT
Human feces pecovirus,unclassified viruses,human,EXH53,0.222222222222222,1.41666666666667,1.77777777777778,0.583333333333333,0.5,0.666666666666667,0.583333333333333,2.25,0.970588235294118,0.9,0.352941176470588,1.8,0.483870967741935,1.54838709677419,1,0.967741935483871,0.413793103448276,0.533333333333333,1.58620689655172,1.46666666666667,0.457142857142857,0.342857142857143,0.571428571428571,2.62857142857143,0.705882352941177,1.67647058823529,0.352941176470588,1.94117647058824,0.9,0.45,1.65,1.65,0.75,0.863636363636364,1.25,1.13636363636364,0.571428571428571,0.666666666666667,0.19047619047619,2.57142857142857,1.51724137931034,0.620689655172414,0.275862068965517,1.58620689655172,0.711111111111111,1.15555555555556,0.977777777777778,1.15555555555556,3,0.914285714285714,0,1.08571428571429,0.6,0.6,0.6,1.5,0,1.125,1,0.875,0.3,1.52,1.05,0.48
