virus,realm,host,locus_tag,AAA,AAC,AAG,AAT,ACA,ACC,ACG,ACT,AGA,AGC,AGG,AGT,ATA,ATC,ATG,ATT,CAA,CAC,CAG,CAT,CCA,CCC,CCG,CCT,CGA,CGC,CGG,CGT,CTA,CTC,CTG,CTT,GAA,GAC,GAG,GAT,GCA,GCC,GCG,GCT,GGA,GGC,GGG,GGT,GTA,GTC,GTG,GTT,TAA,TAC,TAG,TAT,TCA,TCC,TCG,TCT,TGA,TGC,TGG,TGT,TTA,TTC,TTG,TTT
Human polyomavirus 9,Monodnaviria,human,HPyV9,1.41592920353982,0.477272727272727,0.584070796460177,1.52272727272727,0.723809523809524,0.838095238095238,0.0761904761904762,2.36190476190476,3.75,0.428571428571429,1.5,1.62857142857143,0.837209302325581,0.313953488372093,1,1.84883720930233,1.31182795698925,0.628571428571429,0.688172043010753,1.37142857142857,1.03846153846154,0.807692307692308,0,2.15384615384615,0,0.272727272727273,0.340909090909091,0.136363636363636,0.910994764397906,0.282722513089005,1.09947643979058,1.13089005235602,1.328,0.472222222222222,0.672,1.52777777777778,1.01960784313725,0.705882352941177,0.0392156862745098,2.23529411764706,1.52066115702479,0.727272727272727,0.694214876033058,1.05785123966942,1.41176470588235,0.235294117647059,0.666666666666667,1.68627450980392,1.2,0.702702702702703,1.2,1.2972972972973,1.02857142857143,0.942857142857143,0,1.97142857142857,0.6,0.717948717948718,1,1.28205128205128,1.31937172774869,0.222222222222222,1.2565445026178,1.77777777777778
