virus,realm,host,locus_tag,AAA,AAC,AAG,AAT,ACA,ACC,ACG,ACT,AGA,AGC,AGG,AGT,ATA,ATC,ATG,ATT,CAA,CAC,CAG,CAT,CCA,CCC,CCG,CCT,CGA,CGC,CGG,CGT,CTA,CTC,CTG,CTT,GAA,GAC,GAG,GAT,GCA,GCC,GCG,GCT,GGA,GGC,GGG,GGT,GTA,GTC,GTG,GTT,TAA,TAC,TAG,TAT,TCA,TCC,TCG,TCT,TGA,TGC,TGG,TGT,TTA,TTC,TTG,TTT
Hyperthermophilic Archaeal Virus 2,unclassified archaeal viruses,NA,HAV2,0.609022556390977,1.44927536231884,1.39097744360902,0.550724637681159,0.944099378881988,1.01863354037267,1.27950310559006,0.757763975155279,1.09830508474576,1.75981524249423,3.49830508474576,0.51270207852194,1.36092715231788,0.993377483443709,1,0.645695364238411,0.440366972477064,1.51282051282051,1.55963302752294,0.487179487179487,0.91304347826087,1.27536231884058,1.20289855072464,0.608695652173913,0.0813559322033898,0.406779661016949,0.386440677966102,0.528813559322034,0.831792975970425,1.61922365988909,1.61922365988909,0.632162661737523,0.491803278688525,1.13513513513514,1.50819672131148,0.864864864864865,1.02415458937198,0.985507246376812,1.05314009661836,0.93719806763285,0.525773195876289,1.36082474226804,1.44329896907216,0.670103092783505,0.473684210526316,1.07518796992481,1.66917293233083,0.781954887218045,1,1.34020618556701,1.4,0.65979381443299,1.01154734411085,0.914549653579677,1.08083140877598,0.720554272517321,0.6,1.55,1,0.45,0.476894639556377,1.57894736842105,0.820702402957486,0.421052631578947
