virus,realm,host,locus_tag,AAA,AAC,AAG,AAT,ACA,ACC,ACG,ACT,AGA,AGC,AGG,AGT,ATA,ATC,ATG,ATT,CAA,CAC,CAG,CAT,CCA,CCC,CCG,CCT,CGA,CGC,CGG,CGT,CTA,CTC,CTG,CTT,GAA,GAC,GAG,GAT,GCA,GCC,GCG,GCT,GGA,GGC,GGG,GGT,GTA,GTC,GTG,GTT,TAA,TAC,TAG,TAT,TCA,TCC,TCG,TCT,TGA,TGC,TGG,TGT,TTA,TTC,TTG,TTT
Ilesha virus,Riboviria,human:invertebrates,FLA98,1.52715654952077,0.495726495726496,0.472843450479233,1.5042735042735,2.14285714285714,0.457142857142857,0.128571428571429,1.27142857142857,3.88679245283019,0.686274509803922,1.32075471698113,1.41176470588235,1.44628099173554,0.471074380165289,1,1.08264462809917,1.58333333333333,0.4,0.416666666666667,1.6,1.64705882352941,0.403361344537815,0.134453781512605,1.81512605042017,0.30188679245283,0.150943396226415,0.113207547169811,0.226415094339623,0.820253164556962,0.288607594936709,0.455696202531646,0.713924050632911,1.50197628458498,0.614634146341463,0.49802371541502,1.38536585365854,2.6304347826087,0.326086956521739,0.0652173913043478,0.978260869565217,1.24390243902439,0.853658536585366,0.780487804878049,1.1219512195122,1.14606741573034,0.674157303370786,0.606741573033708,1.57303370786517,3,0.615384615384615,0,1.38461538461538,2.03921568627451,0.274509803921569,0.176470588235294,1.41176470588235,0,0.647619047619048,1,1.35238095238095,2.52151898734177,0.701923076923077,1.2,1.29807692307692
