virus,realm,host,locus_tag,AAA,AAC,AAG,AAT,ACA,ACC,ACG,ACT,AGA,AGC,AGG,AGT,ATA,ATC,ATG,ATT,CAA,CAC,CAG,CAT,CCA,CCC,CCG,CCT,CGA,CGC,CGG,CGT,CTA,CTC,CTG,CTT,GAA,GAC,GAG,GAT,GCA,GCC,GCG,GCT,GGA,GGC,GGG,GGT,GTA,GTC,GTG,GTT,TAA,TAC,TAG,TAT,TCA,TCC,TCG,TCT,TGA,TGC,TGG,TGT,TTA,TTC,TTG,TTT
Influenza D virus (D/bovine/France/2986/2012),NA,NA,AAJ85,1.19877675840979,1.06735751295337,0.801223241590214,0.932642487046632,1.77777777777778,0.691358024691358,0.213991769547325,1.31687242798354,3.73684210526316,1.22627737226277,1.60526315789474,1.05109489051095,1.65853658536585,0.463414634146341,1,0.878048780487805,1.20661157024793,0.790697674418605,0.793388429752066,1.2093023255814,1.55704697986577,0.805369127516778,0.295302013422819,1.34228187919463,0.447368421052632,0,0.131578947368421,0.0789473684210526,0.839285714285714,0.5,1.10714285714286,1.19642857142857,1.32738095238095,0.878306878306878,0.672619047619048,1.12169312169312,1.87453874538745,0.649446494464945,0.22140221402214,1.25461254612546,2.24054982817869,0.247422680412371,1.11340206185567,0.398625429553265,0.844036697247706,0.495412844036697,1.24770642201835,1.41284403669725,1.71428571428571,0.870967741935484,0.428571428571429,1.12903225806452,1.57664233576642,0.700729927007299,0.394160583941606,1.05109489051095,0.857142857142857,0.923076923076923,1,1.07692307692308,0.839285714285714,1.04761904761905,1.51785714285714,0.952380952380952
