virus,realm,host,locus_tag,AAA,AAC,AAG,AAT,ACA,ACC,ACG,ACT,AGA,AGC,AGG,AGT,ATA,ATC,ATG,ATT,CAA,CAC,CAG,CAT,CCA,CCC,CCG,CCT,CGA,CGC,CGG,CGT,CTA,CTC,CTG,CTT,GAA,GAC,GAG,GAT,GCA,GCC,GCG,GCT,GGA,GGC,GGG,GGT,GTA,GTC,GTG,GTT,TAA,TAC,TAG,TAT,TCA,TCC,TCG,TCT,TGA,TGC,TGG,TGT,TTA,TTC,TTG,TTT
Influenza A virus (A/Puerto Rico/8/1934(H1N1)),Riboviria,human:vertebrates,FLUAV,1.21621621621622,0.784313725490196,0.783783783783784,1.2156862745098,1.68,0.946666666666667,0.266666666666667,1.10666666666667,2.6832298136646,1.17355371900826,1.73291925465839,1.1900826446281,1.07073954983923,0.877813504823151,1,1.05144694533762,1.13978494623656,0.917647058823529,0.860215053763441,1.08235294117647,1.71122994652406,0.641711229946524,0.513368983957219,1.13368983957219,0.577639751552795,0.279503105590062,0.447204968944099,0.279503105590062,0.830769230769231,0.769230769230769,1.29230769230769,1.27692307692308,1.14206128133705,0.819047619047619,0.857938718662953,1.18095238095238,1.66423357664234,1.00729927007299,0.321167883211679,1.00729927007299,1.814696485623,0.536741214057508,0.984025559105431,0.664536741214057,0.909090909090909,0.742424242424242,1.40909090909091,0.939393939393939,1,0.947368421052632,1.25,1.05263157894737,1.45454545454545,0.826446280991736,0.330578512396694,1.02479338842975,0.75,1.03448275862069,1,0.96551724137931,0.6,1.03225806451613,1.23076923076923,0.967741935483871
