virus,realm,host,locus_tag,AAA,AAC,AAG,AAT,ACA,ACC,ACG,ACT,AGA,AGC,AGG,AGT,ATA,ATC,ATG,ATT,CAA,CAC,CAG,CAT,CCA,CCC,CCG,CCT,CGA,CGC,CGG,CGT,CTA,CTC,CTG,CTT,GAA,GAC,GAG,GAT,GCA,GCC,GCG,GCT,GGA,GGC,GGG,GGT,GTA,GTC,GTG,GTT,TAA,TAC,TAG,TAT,TCA,TCC,TCG,TCT,TGA,TGC,TGG,TGT,TTA,TTC,TTG,TTT
Kelp fly virus,Riboviria,invertebrates,KFV,1.24409448818898,0.692307692307692,0.755905511811024,1.30769230769231,1.52380952380952,0.533333333333333,0.152380952380952,1.79047619047619,2.50819672131148,0.356643356643357,0.885245901639344,1.15384615384615,0.65546218487395,0.579831932773109,1,1.76470588235294,1.55555555555556,0.721311475409836,0.444444444444444,1.27868852459016,1.55704697986577,0.590604026845638,0.268456375838926,1.58389261744966,0.688524590163934,0.344262295081967,0.245901639344262,1.32786885245902,0.92604501607717,0.289389067524116,0.42443729903537,1.02250803858521,1.4950495049505,0.69047619047619,0.504950495049505,1.30952380952381,1.5,0.604166666666667,0.125,1.77083333333333,1.81052631578947,0.8,0.252631578947368,1.13684210526316,1.19431279620853,0.796208530805687,0.511848341232227,1.49763033175355,0,0.894736842105263,0,1.10526315789474,1.8041958041958,0.608391608391608,0.398601398601399,1.67832167832168,3,0.580645161290323,1,1.41935483870968,1.90996784565916,0.701149425287356,1.42765273311897,1.29885057471264
