virus,realm,host,locus_tag,AAA,AAC,AAG,AAT,ACA,ACC,ACG,ACT,AGA,AGC,AGG,AGT,ATA,ATC,ATG,ATT,CAA,CAC,CAG,CAT,CCA,CCC,CCG,CCT,CGA,CGC,CGG,CGT,CTA,CTC,CTG,CTT,GAA,GAC,GAG,GAT,GCA,GCC,GCG,GCT,GGA,GGC,GGG,GGT,GTA,GTC,GTG,GTT,TAA,TAC,TAG,TAT,TCA,TCC,TCG,TCT,TGA,TGC,TGG,TGT,TTA,TTC,TTG,TTT
Kirsten murine sarcoma virus,Riboviria,vertebrates,FK996,1,1,1,1,0.666666666666667,2,0.666666666666667,0.666666666666667,3.42857142857143,0,0.857142857142857,1.2,1,1,1,1,1.33333333333333,1,0.666666666666667,1,0,1.33333333333333,0,2.66666666666667,0.857142857142857,0.857142857142857,0,0,0,1.41176470588235,2.11764705882353,0.705882352941177,2,1,0,1,0,4,0,0,0.8,0,2.4,0.8,1.6,0.8,0.8,0.8,0,0,0,2,0,3.6,1.2,0,3,0.666666666666667,1,1.33333333333333,1.05882352941176,0.571428571428571,0.705882352941177,1.42857142857143
