virus,realm,host,locus_tag,AAA,AAC,AAG,AAT,ACA,ACC,ACG,ACT,AGA,AGC,AGG,AGT,ATA,ATC,ATG,ATT,CAA,CAC,CAG,CAT,CCA,CCC,CCG,CCT,CGA,CGC,CGG,CGT,CTA,CTC,CTG,CTT,GAA,GAC,GAG,GAT,GCA,GCC,GCG,GCT,GGA,GGC,GGG,GGT,GTA,GTC,GTG,GTT,TAA,TAC,TAG,TAT,TCA,TCC,TCG,TCT,TGA,TGC,TGG,TGT,TTA,TTC,TTG,TTT
Klebsiella virus KpV2811,Duplodnaviria,bacteria,KGB53,1.1182320441989,1.04491017964072,0.881767955801105,0.955089820359281,1.11672683513839,1.17930204572804,0.770156438026474,0.9338146811071,1.12923462986198,1.40088105726872,0.790464240903388,0.713656387665198,0.536423841059603,1.10264900662252,1,1.36092715231788,0.657718120805369,0.816,1.34228187919463,1.184,1.41732283464567,0.236220472440945,1.25984251968504,1.08661417322835,0.557089084065245,2.16060225846926,0.45922208281054,0.903387703889586,0.437086092715232,0.726584673604541,1.91863765373699,1.49290444654683,0.976545842217484,0.781472684085511,1.02345415778252,1.21852731591449,1.16373858046381,0.95572733661279,0.871398453970485,1.00913562895292,0.816955684007707,1.47591522157996,0.593448940269749,1.11368015414258,0.774193548387097,0.653485952133195,0.982310093652445,1.59001040582726,1.07692307692308,0.916666666666667,0.269230769230769,1.08333333333333,1.63876651982379,0.57488986784141,0.57488986784141,1.09691629955947,1.65384615384615,1.4585635359116,1,0.541436464088398,0.698202459791864,0.942477876106195,0.726584673604541,1.05752212389381
