virus,realm,host,locus_tag,AAA,AAC,AAG,AAT,ACA,ACC,ACG,ACT,AGA,AGC,AGG,AGT,ATA,ATC,ATG,ATT,CAA,CAC,CAG,CAT,CCA,CCC,CCG,CCT,CGA,CGC,CGG,CGT,CTA,CTC,CTG,CTT,GAA,GAC,GAG,GAT,GCA,GCC,GCG,GCT,GGA,GGC,GGG,GGT,GTA,GTC,GTG,GTT,TAA,TAC,TAG,TAT,TCA,TCC,TCG,TCT,TGA,TGC,TGG,TGT,TTA,TTC,TTG,TTT
Klebsiella phage Sin4,Duplodnaviria,bacteria,H1O13,1.0019801980198,1.35774647887324,0.998019801980198,0.642253521126761,0.679518072289157,1.26746987951807,1.22409638554217,0.828915662650602,0.522058823529412,1.61884368308351,0.698529411764706,0.526766595289079,0.183229813664596,1.56832298136646,1,1.24844720496894,0.664335664335664,1.16262975778547,1.33566433566434,0.837370242214533,0.837573385518591,0.289628180039139,2.09001956947162,0.782778864970646,0.772058823529412,2.52205882352941,0.573529411764706,0.911764705882353,0.595870206489675,0.631268436578171,1.9646017699115,1.37463126843658,1.09422492401216,0.942796610169492,0.905775075987842,1.05720338983051,0.879535558780842,0.940493468795356,1.46879535558781,0.711175616835994,0.678929765886288,1.81939799331104,0.68561872909699,0.816053511705686,0.727272727272727,0.715789473684211,0.933971291866029,1.62296650717703,1.46153846153846,1.14933837429112,0.538461538461538,0.850661625708885,1.10492505353319,0.873661670235546,1.13062098501071,0.745182012847966,1,1.66,1,0.34,0.678466076696165,1.2469512195122,0.755162241887906,0.753048780487805
