virus,realm,host,locus_tag,AAA,AAC,AAG,AAT,ACA,ACC,ACG,ACT,AGA,AGC,AGG,AGT,ATA,ATC,ATG,ATT,CAA,CAC,CAG,CAT,CCA,CCC,CCG,CCT,CGA,CGC,CGG,CGT,CTA,CTC,CTG,CTT,GAA,GAC,GAG,GAT,GCA,GCC,GCG,GCT,GGA,GGC,GGG,GGT,GTA,GTC,GTG,GTT,TAA,TAC,TAG,TAT,TCA,TCC,TCG,TCT,TGA,TGC,TGG,TGT,TTA,TTC,TTG,TTT
Klebsiella phage vB KpnM KB57,NA,NA,KB57,1.10446758481693,0.986,0.89553241518307,1.014,1.28628708901363,1.02325581395349,0.522854851643946,1.16760224538893,1.05780346820809,0.929880478087649,0.592485549132948,0.927490039840637,0.344746162927981,1.39669421487603,1,1.25855962219599,0.920289855072464,0.850253807106599,1.07971014492754,1.1497461928934,1.171581769437,0.375335120643432,0.938337801608579,1.51474530831099,0.517341040462428,1.0635838150289,0.395953757225434,2.3728323699422,0.412444444444444,0.629333333333333,1.70133333333333,1.62844444444444,1.21118881118881,0.731707317073171,0.788811188811189,1.26829268292683,1.33595800524934,0.746719160104987,0.631233595800525,1.28608923884514,0.796525225526228,0.748412963581691,0.706982960240561,1.74807885065152,0.909752066115702,0.691570247933884,0.785454545454545,1.61322314049587,1.81224489795918,0.861721068249258,0.122448979591837,1.13827893175074,0.963346613545817,0.877290836653386,0.396812749003984,1.90517928286853,1.06530612244898,0.914728682170543,1,1.08527131782946,0.693333333333333,1.08648954211419,0.935111111111111,0.913510457885811
