virus,realm,host,locus_tag,AAA,AAC,AAG,AAT,ACA,ACC,ACG,ACT,AGA,AGC,AGG,AGT,ATA,ATC,ATG,ATT,CAA,CAC,CAG,CAT,CCA,CCC,CCG,CCT,CGA,CGC,CGG,CGT,CTA,CTC,CTG,CTT,GAA,GAC,GAG,GAT,GCA,GCC,GCG,GCT,GGA,GGC,GGG,GGT,GTA,GTC,GTG,GTT,TAA,TAC,TAG,TAT,TCA,TCC,TCG,TCT,TGA,TGC,TGG,TGT,TTA,TTC,TTG,TTT
Klebsiella phage Sugarland,Duplodnaviria,bacteria,FDJ18,1.14192037470726,1.1108476585655,0.85807962529274,0.889152341434499,0.750941366325982,1.03496503496504,0.647660032275417,1.56643356643357,1.04074074074074,0.913221263062244,0.47037037037037,0.910495229441163,0.449545913218971,1.22906155398587,1,1.32139253279516,0.792349726775956,1.01788617886179,1.20765027322404,0.982113821138211,1.02633814783347,0.468988954970263,1.21665250637213,1.28802039082413,0.655555555555556,1.15925925925926,0.466666666666667,2.20740740740741,1.12486187845304,0.634254143646409,1.68839779005525,0.956906077348066,1.11328298533985,0.782789009849663,0.886717014660151,1.21721099015034,1.18484848484848,0.727272727272727,0.595454545454545,1.49242424242424,0.758132956152758,0.954266855256954,0.673267326732673,1.61433286185761,1.32589493258949,0.505811250581125,0.680613668061367,1.48768014876801,2.09467455621302,0.962418300653595,0.248520710059172,1.03758169934641,0.779645615629259,1.09313948205361,0.553384825079509,1.75011358473421,0.656804733727811,0.994535519125683,1,1.00546448087432,0.998895027624309,1.09269027882442,0.596685082872928,0.907309721175584
