virus,realm,host,locus_tag,AAA,AAC,AAG,AAT,ACA,ACC,ACG,ACT,AGA,AGC,AGG,AGT,ATA,ATC,ATG,ATT,CAA,CAC,CAG,CAT,CCA,CCC,CCG,CCT,CGA,CGC,CGG,CGT,CTA,CTC,CTG,CTT,GAA,GAC,GAG,GAT,GCA,GCC,GCG,GCT,GGA,GGC,GGG,GGT,GTA,GTC,GTG,GTT,TAA,TAC,TAG,TAT,TCA,TCC,TCG,TCT,TGA,TGC,TGG,TGT,TTA,TTC,TTG,TTT
Lactococcus phage vB Llc bIBBE1,NA,NA,KMC91,1.53613445378151,0.969026548672566,0.463865546218487,1.03097345132743,1.93939393939394,0.27972027972028,0.41025641025641,1.37062937062937,2.14285714285714,1.33333333333333,0.378151260504202,1.85185185185185,0.712328767123288,0.73972602739726,1,1.54794520547945,1.71428571428571,0.813186813186813,0.285714285714286,1.18681318681319,1.30232558139535,0.232558139534884,0.348837209302326,2.11627906976744,0.630252100840336,0.403361344537815,0.100840336134454,2.34453781512605,1.01621621621622,0.27027027027027,0.151351351351351,1.07027027027027,1.53692614770459,1.00995024875622,0.463073852295409,0.990049751243781,1.65586034912718,0.28927680798005,0.458852867830424,1.59600997506234,1.11062906724512,0.511930585683297,0.59002169197397,1.78741865509761,1.37,0.38,0.5,1.75,1.54054054054054,0.72258064516129,0.72972972972973,1.27741935483871,1.4962962962963,0.133333333333333,0.207407407407407,0.977777777777778,0.72972972972973,0.655737704918033,1,1.34426229508197,2.06486486486486,0.641025641025641,1.42702702702703,1.35897435897436
