virus,realm,host,locus_tag,AAA,AAC,AAG,AAT,ACA,ACC,ACG,ACT,AGA,AGC,AGG,AGT,ATA,ATC,ATG,ATT,CAA,CAC,CAG,CAT,CCA,CCC,CCG,CCT,CGA,CGC,CGG,CGT,CTA,CTC,CTG,CTT,GAA,GAC,GAG,GAT,GCA,GCC,GCG,GCT,GGA,GGC,GGG,GGT,GTA,GTC,GTG,GTT,TAA,TAC,TAG,TAT,TCA,TCC,TCG,TCT,TGA,TGC,TGG,TGT,TTA,TTC,TTG,TTT
Lactococcus phage vB Llc bIBB5g1,NA,NA,HYP52,1.49519230769231,0.780165289256198,0.504807692307692,1.2198347107438,1.83931623931624,0.252991452991453,0.437606837606838,1.47008547008547,2.60126582278481,0.969387755102041,0.664556962025316,1.55102040816327,0.7584,0.5568,1,1.6848,1.50741839762611,0.581196581196581,0.492581602373887,1.41880341880342,1.48223350253807,0.182741116751269,0.406091370558376,1.92893401015228,0.721518987341772,0.588607594936709,0.189873417721519,1.23417721518987,0.91218872870249,0.141546526867628,0.243774574049803,1.36041939711664,1.57348703170029,0.840637450199203,0.426512968299712,1.1593625498008,1.39416058394161,0.299270072992701,0.335766423357664,1.97080291970803,1.34538878842676,0.810126582278481,0.311030741410488,1.53345388788427,1.56862745098039,0.463458110516934,0.270944741532977,1.6969696969697,1.8,0.450777202072539,0.490909090909091,1.54922279792746,1.76530612244898,0.122448979591837,0.244897959183673,1.3469387755102,0.709090909090909,0.738461538461539,1,1.26153846153846,2.20969855832241,0.712401055408971,1.13237221494102,1.28759894459103
