virus,realm,host,locus_tag,AAA,AAC,AAG,AAT,ACA,ACC,ACG,ACT,AGA,AGC,AGG,AGT,ATA,ATC,ATG,ATT,CAA,CAC,CAG,CAT,CCA,CCC,CCG,CCT,CGA,CGC,CGG,CGT,CTA,CTC,CTG,CTT,GAA,GAC,GAG,GAT,GCA,GCC,GCG,GCT,GGA,GGC,GGG,GGT,GTA,GTC,GTG,GTT,TAA,TAC,TAG,TAT,TCA,TCC,TCG,TCT,TGA,TGC,TGG,TGT,TTA,TTC,TTG,TTT
Lactobacillus phage PL-1,Duplodnaviria,bacteria,PL1,1.08978328173375,0.895061728395062,0.910216718266254,1.10493827160494,1.24122310305776,0.774631936579841,0.842582106455266,1.14156285390713,0.830769230769231,1.32871972318339,0.430769230769231,1.14878892733564,0.344262295081967,1.02522068095839,1,1.63051702395965,1.09473684210526,0.763157894736842,0.905263157894737,1.23684210526316,1.69072164948454,0.395876288659794,0.997938144329897,0.915463917525773,1.21025641025641,1.2,0.635897435897436,1.69230769230769,0.832535885167464,0.516746411483254,1.00478468899522,1.21722488038278,1.28870292887029,0.750775594622544,0.711297071129707,1.24922440537746,1.22045855379189,0.860670194003527,0.659611992945326,1.25925925925926,0.839067702552719,1.38956714761376,0.519422863485017,1.2519422863485,0.722222222222222,0.782828282828283,0.792929292929293,1.7020202020202,1.22033898305085,0.809917355371901,0.661016949152542,1.1900826446281,1.30795847750865,0.401384083044983,0.698961937716263,1.11418685121107,1.11864406779661,0.866666666666667,1,1.13333333333333,1.04497607655502,0.88641425389755,1.38373205741627,1.11358574610245
