virus,realm,host,locus_tag,AAA,AAC,AAG,AAT,ACA,ACC,ACG,ACT,AGA,AGC,AGG,AGT,ATA,ATC,ATG,ATT,CAA,CAC,CAG,CAT,CCA,CCC,CCG,CCT,CGA,CGC,CGG,CGT,CTA,CTC,CTG,CTT,GAA,GAC,GAG,GAT,GCA,GCC,GCG,GCT,GGA,GGC,GGG,GGT,GTA,GTC,GTG,GTT,TAA,TAC,TAG,TAT,TCA,TCC,TCG,TCT,TGA,TGC,TGG,TGT,TTA,TTC,TTG,TTT
Lactobacillus phage iA2,Duplodnaviria,bacteria,iA2,0.980289093298292,0.901830282861897,1.01971090670171,1.0981697171381,1.14929577464789,0.873239436619718,0.974647887323944,1.00281690140845,0.756302521008403,1.12087912087912,0.516806722689076,1.16208791208791,0.250379362670713,1.34749620637329,1,1.40212443095599,1.04858299595142,0.955665024630542,0.951417004048583,1.04433497536946,1.63005780346821,0.450867052023121,1.01734104046243,0.901734104046243,1.42436974789916,1.04621848739496,1.02100840336134,1.23529411764706,0.500563697857948,0.913190529875986,1.11612175873732,1.2108229988726,1.12903225806452,0.76566757493188,0.870967741935484,1.23433242506812,1.25788900979325,0.883569096844396,0.657236126224157,1.20130576713819,0.861717612809316,1.22852983988355,0.512372634643377,1.39737991266376,0.492131616595136,1.04721030042918,1.00143061516452,1.45922746781116,1.32,0.902173913043478,0.6,1.09782608695652,1.35989010989011,0.535714285714286,0.725274725274725,1.09615384615385,1.08,0.857142857142857,1,1.14285714285714,0.723788049605412,0.91304347826087,1.53551296505073,1.08695652173913
