virus,realm,host,locus_tag,AAA,AAC,AAG,AAT,ACA,ACC,ACG,ACT,AGA,AGC,AGG,AGT,ATA,ATC,ATG,ATT,CAA,CAC,CAG,CAT,CCA,CCC,CCG,CCT,CGA,CGC,CGG,CGT,CTA,CTC,CTG,CTT,GAA,GAC,GAG,GAT,GCA,GCC,GCG,GCT,GGA,GGC,GGG,GGT,GTA,GTC,GTG,GTT,TAA,TAC,TAG,TAT,TCA,TCC,TCG,TCT,TGA,TGC,TGG,TGT,TTA,TTC,TTG,TTT
Lactococcus phage 16W23,Duplodnaviria,bacteria,HYP00,1.50055493895671,0.824615384615385,0.499445061043285,1.17538461538462,1.91276252019386,0.193861066235864,0.47172859450727,1.421647819063,2.44311377245509,0.968067226890756,0.610778443113772,1.65378151260504,0.838427947598253,0.506550218340611,1,1.65502183406114,1.60330578512397,0.684210526315789,0.396694214876033,1.31578947368421,1.52542372881356,0.203389830508475,0.372881355932203,1.89830508474576,0.808383233532934,0.48502994011976,0.161676646706587,1.49101796407186,0.905797101449275,0.144927536231884,0.268115942028986,1.32608695652174,1.53532608695652,0.887298747763864,0.464673913043478,1.11270125223614,1.33566433566434,0.342657342657343,0.398601398601399,1.92307692307692,1.29491525423729,0.772881355932203,0.4,1.53220338983051,1.6,0.471794871794872,0.335042735042735,1.59316239316239,1.71428571428571,0.475750577367206,0.482142857142857,1.52424942263279,1.80504201680672,0.110924369747899,0.171428571428571,1.29075630252101,0.803571428571429,0.666666666666667,1,1.33333333333333,2.14492753623188,0.618181818181818,1.21014492753623,1.38181818181818
