virus,realm,host,locus_tag,AAA,AAC,AAG,AAT,ACA,ACC,ACG,ACT,AGA,AGC,AGG,AGT,ATA,ATC,ATG,ATT,CAA,CAC,CAG,CAT,CCA,CCC,CCG,CCT,CGA,CGC,CGG,CGT,CTA,CTC,CTG,CTT,GAA,GAC,GAG,GAT,GCA,GCC,GCG,GCT,GGA,GGC,GGG,GGT,GTA,GTC,GTG,GTT,TAA,TAC,TAG,TAT,TCA,TCC,TCG,TCT,TGA,TGC,TGG,TGT,TTA,TTC,TTG,TTT
Lactobacillus phage phiAQ113,Duplodnaviria,bacteria,BN107,1.23733862959285,0.705394190871369,0.76266137040715,1.29460580912863,1.04320987654321,0.524691358024691,0.382716049382716,2.04938271604938,2.70149253731343,0.959654178674352,0.597014925373134,1.5821325648415,0.493392070484582,0.590308370044053,1,1.91629955947137,1.54880694143167,0.682352941176471,0.45119305856833,1.31764705882353,1.78409090909091,0.170454545454545,0.295454545454545,1.75,0.671641791044776,0.402985074626866,0.164179104477612,1.46268656716418,0.689331770222743,0.232121922626026,0.422039859320047,1.28722157092614,1.62962962962963,0.508990318118949,0.37037037037037,1.49100968188105,1.40568475452196,0.521963824289406,0.289405684754522,1.78294573643411,0.881789137380192,1.1629392971246,0.249201277955272,1.70607028753994,1.19553072625698,0.357541899441341,0.536312849162011,1.91061452513966,1.92857142857143,0.600877192982456,0.642857142857143,1.39912280701754,1.67723342939481,0.328530259365994,0.328530259365994,1.12391930835735,0.428571428571429,0.657534246575342,1,1.34246575342466,2.33528722157093,0.49738219895288,1.03399765533411,1.50261780104712
