virus,realm,host,locus_tag,AAA,AAC,AAG,AAT,ACA,ACC,ACG,ACT,AGA,AGC,AGG,AGT,ATA,ATC,ATG,ATT,CAA,CAC,CAG,CAT,CCA,CCC,CCG,CCT,CGA,CGC,CGG,CGT,CTA,CTC,CTG,CTT,GAA,GAC,GAG,GAT,GCA,GCC,GCG,GCT,GGA,GGC,GGG,GGT,GTA,GTC,GTG,GTT,TAA,TAC,TAG,TAT,TCA,TCC,TCG,TCT,TGA,TGC,TGG,TGT,TTA,TTC,TTG,TTT
Lactococcus phage bIL285,Duplodnaviria,bacteria,bIL285p,1.57100297914598,0.52442996742671,0.428997020854022,1.47557003257329,1.56701030927835,0.46539027982327,0.447717231222386,1.51988217967599,2.28148148148148,0.704453441295547,0.577777777777778,1.40080971659919,0.667095115681234,0.651670951156812,1,1.68123393316195,1.63398692810458,0.632911392405063,0.366013071895425,1.36708860759494,1.78181818181818,0.278787878787879,0.448484848484848,1.49090909090909,1.11111111111111,0.385185185185185,0.251851851851852,1.39259259259259,0.641025641025641,0.352564102564103,0.294871794871795,1.35897435897436,1.58910891089109,0.478199718706048,0.410891089108911,1.52180028129395,1.41141141141141,0.456456456456456,0.456456456456456,1.67567567567568,1.71428571428571,0.495626822157434,0.536443148688047,1.2536443148688,0.963779527559055,0.516535433070866,0.497637795275591,2.02204724409449,1.40322580645161,0.447963800904977,0.629032258064516,1.55203619909502,1.84615384615385,0.259109311740891,0.396761133603239,1.39271255060729,0.967741935483871,0.837837837837838,1,1.16216216216216,2.12820512820513,0.522267206477733,1.22435897435897,1.47773279352227
