virus,realm,host,locus_tag,AAA,AAC,AAG,AAT,ACA,ACC,ACG,ACT,AGA,AGC,AGG,AGT,ATA,ATC,ATG,ATT,CAA,CAC,CAG,CAT,CCA,CCC,CCG,CCT,CGA,CGC,CGG,CGT,CTA,CTC,CTG,CTT,GAA,GAC,GAG,GAT,GCA,GCC,GCG,GCT,GGA,GGC,GGG,GGT,GTA,GTC,GTG,GTT,TAA,TAC,TAG,TAT,TCA,TCC,TCG,TCT,TGA,TGC,TGG,TGT,TTA,TTC,TTG,TTT
Lake Sarah-associated circular virus-29,unclassified viruses,invertebrates,A0R88,1.29032258064516,0.647058823529412,0.709677419354839,1.35294117647059,1.33333333333333,0.833333333333333,0.25,1.58333333333333,1.86666666666667,0.375,0.266666666666667,0.5,0.441176470588235,0.882352941176471,1,1.67647058823529,1.5,0.666666666666667,0.5,1.33333333333333,1.9,0.3,0.3,1.5,1.6,0.133333333333333,0.133333333333333,2,0.571428571428571,1.28571428571429,0.142857142857143,1.14285714285714,1.37931034482759,0.8,0.620689655172414,1.2,1.23529411764706,0.882352941176471,0.117647058823529,1.76470588235294,1.05263157894737,0.771929824561403,0.56140350877193,1.6140350877193,0.666666666666667,0.666666666666667,1.06666666666667,1.6,1.5,0.32,0,1.68,2.5,0.875,0.625,1.125,1.5,0.545454545454545,1,1.45454545454545,1,0.769230769230769,1.85714285714286,1.23076923076923
