virus,realm,host,locus_tag,AAA,AAC,AAG,AAT,ACA,ACC,ACG,ACT,AGA,AGC,AGG,AGT,ATA,ATC,ATG,ATT,CAA,CAC,CAG,CAT,CCA,CCC,CCG,CCT,CGA,CGC,CGG,CGT,CTA,CTC,CTG,CTT,GAA,GAC,GAG,GAT,GCA,GCC,GCG,GCT,GGA,GGC,GGG,GGT,GTA,GTC,GTG,GTT,TAA,TAC,TAG,TAT,TCA,TCC,TCG,TCT,TGA,TGC,TGG,TGT,TTA,TTC,TTG,TTT
Lebombo virus,Riboviria,human,D1R86,0.885057471264368,0.757709251101322,1.11494252873563,1.24229074889868,0.765957446808511,0.486322188449848,1.45896656534954,1.2887537993921,1.2987012987013,0.835820895522388,1.35064935064935,1.11940298507463,0.926229508196721,0.975409836065574,1,1.09836065573771,0.815533980582524,0.63013698630137,1.18446601941748,1.36986301369863,1.13235294117647,0.602941176470588,1.54411764705882,0.720588235294118,0.948051948051948,0.649350649350649,0.779220779220779,0.974025974025974,0.732743362831858,0.446017699115044,1.27433628318584,0.573451327433628,0.680851063829787,0.506459948320413,1.31914893617021,1.49354005167959,0.724890829694323,0.384279475982533,1.64192139737991,1.24890829694323,1.43147208121827,0.67005076142132,0.964467005076142,0.934010152284264,0.641758241758242,0.712087912087912,1.5032967032967,1.14285714285714,0.545454545454545,0.694063926940639,1.90909090909091,1.30593607305936,1.26865671641791,0.537313432835821,1.47761194029851,0.761194029850746,0.545454545454545,0.761904761904762,1,1.23809523809524,1.24247787610619,0.967741935483871,1.73097345132743,1.03225806451613
