virus,realm,host,locus_tag,AAA,AAC,AAG,AAT,ACA,ACC,ACG,ACT,AGA,AGC,AGG,AGT,ATA,ATC,ATG,ATT,CAA,CAC,CAG,CAT,CCA,CCC,CCG,CCT,CGA,CGC,CGG,CGT,CTA,CTC,CTG,CTT,GAA,GAC,GAG,GAT,GCA,GCC,GCG,GCT,GGA,GGC,GGG,GGT,GTA,GTC,GTG,GTT,TAA,TAC,TAG,TAT,TCA,TCC,TCG,TCT,TGA,TGC,TGG,TGT,TTA,TTC,TTG,TTT
Lemur associated porprismacovirus 1,Monodnaviria,vertebrates,TP63,0.666666666666667,1.11764705882353,1.33333333333333,0.882352941176471,0.631578947368421,0.842105263157895,0.315789473684211,2.21052631578947,1.6,0.837209302325581,2,0.976744186046512,0.891891891891892,1.2972972972973,1,0.810810810810811,0.3,1.5,1.7,0.5,0.606060606060606,1.09090909090909,0.484848484848485,1.81818181818182,0,1,0,1.4,0.5,1.66666666666667,1.66666666666667,2,0.88,0.848484848484849,1.12,1.15151515151515,1.52,0.4,0.56,1.52,1.12,0.88,0.32,1.68,0.581818181818182,1.23636363636364,0.872727272727273,1.30909090909091,0,1.48148148148148,0,0.518518518518518,0.558139534883721,1.67441860465116,0.976744186046512,0.976744186046512,3,1.2,1,0.8,0,1.80952380952381,0.166666666666667,0.19047619047619
