virus,realm,host,locus_tag,AAA,AAC,AAG,AAT,ACA,ACC,ACG,ACT,AGA,AGC,AGG,AGT,ATA,ATC,ATG,ATT,CAA,CAC,CAG,CAT,CCA,CCC,CCG,CCT,CGA,CGC,CGG,CGT,CTA,CTC,CTG,CTT,GAA,GAC,GAG,GAT,GCA,GCC,GCG,GCT,GGA,GGC,GGG,GGT,GTA,GTC,GTG,GTT,TAA,TAC,TAG,TAT,TCA,TCC,TCG,TCT,TGA,TGC,TGG,TGT,TTA,TTC,TTG,TTT
Lentinula edodes negative-strand RNA virus 2,Riboviria,fungi,KM618,0.728813559322034,0.716216216216216,1.27118644067797,1.28378378378378,1.68,0.746666666666667,0.133333333333333,1.44,3.85714285714286,0.6,1.96428571428571,1.24137931034483,1.14432989690722,0.711340206185567,1,1.14432989690722,0.763157894736842,0.676056338028169,1.23684210526316,1.32394366197183,1.44144144144144,0.540540540540541,0.324324324324324,1.69369369369369,0.0357142857142857,0,0.0357142857142857,0.107142857142857,1.125,0.683823529411765,0.683823529411765,1.10294117647059,1.22709163346614,0.518518518518518,0.772908366533865,1.48148148148148,1.6056338028169,0.422535211267606,0.169014084507042,1.80281690140845,1.81021897810219,0.35036496350365,0.817518248175182,1.02189781021898,1.24444444444444,0.844444444444444,0.466666666666667,1.44444444444444,0,0.776699029126214,3,1.22330097087379,1.6551724137931,0.496551724137931,0.0620689655172414,1.9448275862069,0,0.714285714285714,1,1.28571428571429,1.125,1.05521472392638,1.27941176470588,0.94478527607362
