virus,realm,host,locus_tag,AAA,AAC,AAG,AAT,ACA,ACC,ACG,ACT,AGA,AGC,AGG,AGT,ATA,ATC,ATG,ATT,CAA,CAC,CAG,CAT,CCA,CCC,CCG,CCT,CGA,CGC,CGG,CGT,CTA,CTC,CTG,CTT,GAA,GAC,GAG,GAT,GCA,GCC,GCG,GCT,GGA,GGC,GGG,GGT,GTA,GTC,GTG,GTT,TAA,TAC,TAG,TAT,TCA,TCC,TCG,TCT,TGA,TGC,TGG,TGT,TTA,TTC,TTG,TTT
Listeria phage WIL-1,Duplodnaviria,bacteria,PI27,1.40272108843537,1.01949860724234,0.597278911564626,0.98050139275766,2.03592814371257,0.355859709153122,0.301112061591103,1.3071000855432,3.00409276944065,0.758620689655172,0.597544338335607,1.76551724137931,0.901778154106689,0.525825571549534,1,1.57239627434378,1.4258064516129,0.830769230769231,0.574193548387097,1.16923076923077,1.28598130841122,0.291588785046729,0.186915887850467,2.23551401869159,0.77762619372442,0.155525238744884,0.286493860845839,1.17871759890859,1.72141372141372,0.1995841995842,0.257796257796258,0.83991683991684,1.19207317073171,0.993710691823899,0.807926829268293,1.0062893081761,1.6993006993007,0.405594405594406,0.178321678321678,1.71678321678322,1.56962025316456,0.276793248945148,0.621097046413502,1.53248945147679,2.12231930103257,0.174741858617951,0.384432088959492,1.31850675138999,2.21052631578947,0.824273072060683,0.710526315789474,1.17572692793932,0.882758620689655,0.455172413793103,0.202298850574713,1.93563218390805,0.0789473684210526,0.476190476190476,1,1.52380952380952,2.41995841995842,0.60597439544808,0.561330561330561,1.39402560455192
