virus,realm,host,locus_tag,AAA,AAC,AAG,AAT,ACA,ACC,ACG,ACT,AGA,AGC,AGG,AGT,ATA,ATC,ATG,ATT,CAA,CAC,CAG,CAT,CCA,CCC,CCG,CCT,CGA,CGC,CGG,CGT,CTA,CTC,CTG,CTT,GAA,GAC,GAG,GAT,GCA,GCC,GCG,GCT,GGA,GGC,GGG,GGT,GTA,GTC,GTG,GTT,TAA,TAC,TAG,TAT,TCA,TCC,TCG,TCT,TGA,TGC,TGG,TGT,TTA,TTC,TTG,TTT
Listeria phage A118,Duplodnaviria,bacteria,A118p,1.60169491525424,0.715506715506716,0.398305084745763,1.28449328449328,1.87964148527529,0.240717029449424,0.676056338028169,1.20358514724712,2.50666666666667,1.21830985915493,0.48,1.3943661971831,0.822368421052632,0.578947368421053,1,1.59868421052632,1.5776397515528,0.822784810126582,0.422360248447205,1.17721518987342,1.53951890034364,0.302405498281787,1.03092783505155,1.12714776632302,0.973333333333333,0.786666666666667,0.213333333333333,1.04,0.895774647887324,0.292957746478873,0.247887323943662,0.912676056338028,1.54724409448819,0.586666666666667,0.452755905511811,1.41333333333333,1.42799188640974,0.251521298174442,0.803245436105477,1.51724137931034,1.28301886792453,0.911051212938005,0.490566037735849,1.31536388140162,1.3960396039604,0.386138613861386,0.574257425742574,1.64356435643564,1.33333333333333,0.63921568627451,0.583333333333333,1.36078431372549,1.33098591549296,0.232394366197183,0.5,1.32394366197183,1.08333333333333,0.898876404494382,1,1.10112359550562,2.59154929577465,0.572008113590264,1.05915492957746,1.42799188640974
