virus,realm,host,locus_tag,AAA,AAC,AAG,AAT,ACA,ACC,ACG,ACT,AGA,AGC,AGG,AGT,ATA,ATC,ATG,ATT,CAA,CAC,CAG,CAT,CCA,CCC,CCG,CCT,CGA,CGC,CGG,CGT,CTA,CTC,CTG,CTT,GAA,GAC,GAG,GAT,GCA,GCC,GCG,GCT,GGA,GGC,GGG,GGT,GTA,GTC,GTG,GTT,TAA,TAC,TAG,TAT,TCA,TCC,TCG,TCT,TGA,TGC,TGG,TGT,TTA,TTC,TTG,TTT
Lonchura maja polyomavirus 1,Monodnaviria,vertebrates,D1U52,0.867469879518072,0.840579710144927,1.13253012048193,1.15942028985507,0.503937007874016,2.45669291338583,0.31496062992126,0.724409448818898,1.46456692913386,1.59712230215827,1.84251968503937,0.863309352517986,1.18421052631579,0.828947368421053,1,0.986842105263158,0.597938144329897,1.1304347826087,1.4020618556701,0.869565217391304,0.912751677852349,1.15436241610738,0.536912751677852,1.39597315436242,0.377952755905512,0.566929133858268,1.18110236220472,0.566929133858268,1.57731958762887,1.05154639175258,1.29896907216495,1.08247422680412,0.946428571428571,0.846846846846847,1.05357142857143,1.15315315315315,1.28571428571429,1.14285714285714,0.166666666666667,1.4047619047619,0.939597315436242,1.26174496644295,1.02013422818792,0.778523489932886,1.375,0.708333333333333,0.958333333333333,0.958333333333333,2,0.576271186440678,0,1.42372881355932,0.517985611510791,1.46762589928058,0.647482014388489,0.906474820143885,1,0.8,1,1.2,0.618556701030928,1.02127659574468,0.371134020618557,0.978723404255319
