virus,realm,host,locus_tag,AAA,AAC,AAG,AAT,ACA,ACC,ACG,ACT,AGA,AGC,AGG,AGT,ATA,ATC,ATG,ATT,CAA,CAC,CAG,CAT,CCA,CCC,CCG,CCT,CGA,CGC,CGG,CGT,CTA,CTC,CTG,CTT,GAA,GAC,GAG,GAT,GCA,GCC,GCG,GCT,GGA,GGC,GGG,GGT,GTA,GTC,GTG,GTT,TAA,TAC,TAG,TAT,TCA,TCC,TCG,TCT,TGA,TGC,TGG,TGT,TTA,TTC,TTG,TTT
Macacine alphaherpesvirus 1,Duplodnaviria,human:vertebrates,CeHV1gp,0.194444444444444,1.92817679558011,1.80555555555556,0.0718232044198895,0.111056023797719,1.98512642538423,1.84630639563708,0.0575111551809618,0.0706806282722513,1.71660649819495,0.270157068062827,0.108303249097473,0.151150054764513,2.67798466593647,1,0.170865279299014,0.110998990918264,1.92896781354051,1.88900100908174,0.0710321864594895,0.12588512981904,2.11382113821138,1.60503540519276,0.155258326776816,0.331413612565445,3.33455497382199,1.87225130890052,0.120942408376963,0.090272373540856,2.15252918287938,3.5284046692607,0.0840466926070039,0.149034038638454,1.86501377410468,1.85096596136155,0.134986225895317,0.0756501182033097,2.19952718676123,1.63845547675335,0.0863672182821119,0.252788104089219,2.13754646840149,1.45353159851301,0.156133828996283,0.0665942815779949,1.661961635903,2.06587043069128,0.205573651827723,0.52,1.87117212249208,1.32,0.12882787750792,0.0866425992779783,1.76263537906137,2.10649819494585,0.219314079422383,1.16,1.76798825256975,1,0.23201174743025,0.0217898832684825,1.58737490377213,0.12295719844358,0.412625096227868
