virus,realm,host,locus_tag,AAA,AAC,AAG,AAT,ACA,ACC,ACG,ACT,AGA,AGC,AGG,AGT,ATA,ATC,ATG,ATT,CAA,CAC,CAG,CAT,CCA,CCC,CCG,CCT,CGA,CGC,CGG,CGT,CTA,CTC,CTG,CTT,GAA,GAC,GAG,GAT,GCA,GCC,GCG,GCT,GGA,GGC,GGG,GGT,GTA,GTC,GTG,GTT,TAA,TAC,TAG,TAT,TCA,TCC,TCG,TCT,TGA,TGC,TGG,TGT,TTA,TTC,TTG,TTT
Macaca mulatta papillomavirus 6,Monodnaviria,vertebrates,EXK82,0.819047619047619,1.09333333333333,1.18095238095238,0.906666666666667,1.08571428571429,1.37142857142857,0.828571428571429,0.714285714285714,0.76056338028169,1.82887700534759,1.26760563380282,0.834224598930481,1.95348837209302,0.348837209302326,1,0.697674418604651,0.555555555555556,1.06451612903226,1.44444444444444,0.935483870967742,0.585987261146497,1.63057324840764,0.509554140127389,1.27388535031847,0.549295774647887,1.73239436619718,1.05633802816901,0.633802816901408,0.84375,0.40625,2.40625,0.4375,0.821705426356589,1.13821138211382,1.17829457364341,0.861788617886179,1.62285714285714,1.12,0.525714285714286,0.731428571428571,0.815286624203822,1.40127388535032,1.22292993630573,0.560509554140127,0.666666666666667,0.333333333333333,2.45238095238095,0.547619047619048,0.857142857142857,0.85,1.28571428571429,1.15,0.705882352941177,1.37967914438503,0.352941176470588,0.898395721925134,0.857142857142857,1.01587301587302,1,0.984126984126984,0.59375,0.697674418604651,1.3125,1.30232558139535
