virus,realm,host,locus_tag,AAA,AAC,AAG,AAT,ACA,ACC,ACG,ACT,AGA,AGC,AGG,AGT,ATA,ATC,ATG,ATT,CAA,CAC,CAG,CAT,CCA,CCC,CCG,CCT,CGA,CGC,CGG,CGT,CTA,CTC,CTG,CTT,GAA,GAC,GAG,GAT,GCA,GCC,GCG,GCT,GGA,GGC,GGG,GGT,GTA,GTC,GTG,GTT,TAA,TAC,TAG,TAT,TCA,TCC,TCG,TCT,TGA,TGC,TGG,TGT,TTA,TTC,TTG,TTT
Macropodid alphaherpesvirus 1,Duplodnaviria,vertebrates,AX763,1.2444089456869,1.16852264291017,0.755591054313099,0.831477357089829,0.979535206382241,1.65522025667707,0.750607006590357,0.61463753035033,0.618312387791741,1.08111839834311,0.661400359066427,0.679323438039351,0.678693320331546,1.27986348122867,1,1.04144319843979,1.03833658219623,0.990892531876138,0.961663417803769,1.00910746812386,0.872235872235872,1.47788697788698,0.857493857493858,0.792383292383292,1.16337522441652,1.38743267504488,1.43698384201077,0.732495511669659,0.820219123505976,0.995019920318725,1.23107569721116,0.935258964143426,0.946138211382114,0.964648910411622,1.05386178861789,1.03535108958838,0.703923900118906,1.50653983353151,1.04399524375743,0.745541022592152,0.916842549598987,0.818910932883073,1.59729843815956,0.666948079358379,0.604293236127987,1.00445524503848,1.34791413527744,1.0433373835561,1.53947368421053,0.916455696202532,0.394736842105263,1.08354430379747,0.780807732136693,1.39592682084915,1.03141180531584,1.03141180531584,1.06578947368421,0.892957746478873,1,1.10704225352113,0.948705179282869,0.725858716785483,1.06972111553785,1.27414128321452
