virus,realm,host,locus_tag,AAA,AAC,AAG,AAT,ACA,ACC,ACG,ACT,AGA,AGC,AGG,AGT,ATA,ATC,ATG,ATT,CAA,CAC,CAG,CAT,CCA,CCC,CCG,CCT,CGA,CGC,CGG,CGT,CTA,CTC,CTG,CTT,GAA,GAC,GAG,GAT,GCA,GCC,GCG,GCT,GGA,GGC,GGG,GGT,GTA,GTC,GTG,GTT,TAA,TAC,TAG,TAT,TCA,TCC,TCG,TCT,TGA,TGC,TGG,TGT,TTA,TTC,TTG,TTT
Macroptilium yellow net virus,Monodnaviria,land plants,MaYNV,0.857142857142857,1,1.14285714285714,1,1.44186046511628,0.604651162790698,1.02325581395349,0.930232558139535,1.54128440366972,0.633802816901408,1.37614678899083,0.887323943661972,0.888888888888889,1.07407407407407,1,1.03703703703704,1.25806451612903,0.827586206896552,0.741935483870968,1.17241379310345,1.64383561643836,0.657534246575342,0.547945205479452,1.15068493150685,0.770642201834862,0.275229357798165,0.605504587155963,1.43119266055046,0.777777777777778,0.888888888888889,0.722222222222222,0.888888888888889,1.04615384615385,0.717948717948718,0.953846153846154,1.28205128205128,1.23809523809524,0.904761904761905,0.619047619047619,1.23809523809524,1.0126582278481,0.911392405063291,0.810126582278481,1.26582278481013,0.594059405940594,0.95049504950495,0.792079207920792,1.66336633663366,2.57142857142857,0.753623188405797,0.428571428571429,1.2463768115942,1.56338028169014,0.971830985915493,1.09859154929577,0.845070422535211,0,1.12,1,0.88,1.55555555555556,1.16923076923077,1.16666666666667,0.830769230769231
