virus,realm,host,locus_tag,AAA,AAC,AAG,AAT,ACA,ACC,ACG,ACT,AGA,AGC,AGG,AGT,ATA,ATC,ATG,ATT,CAA,CAC,CAG,CAT,CCA,CCC,CCG,CCT,CGA,CGC,CGG,CGT,CTA,CTC,CTG,CTT,GAA,GAC,GAG,GAT,GCA,GCC,GCG,GCT,GGA,GGC,GGG,GGT,GTA,GTC,GTG,GTT,TAA,TAC,TAG,TAT,TCA,TCC,TCG,TCT,TGA,TGC,TGG,TGT,TTA,TTC,TTG,TTT
Magnaporthe oryzae polymycovirus 1,Riboviria,fungi,KM556,0.515151515151515,1.42857142857143,1.48484848484848,0.571428571428571,0.594594594594595,1.72972972972973,1.16216216216216,0.513513513513513,0.0662983425414365,1.03333333333333,0.762430939226519,0.6,0.558139534883721,1.5,1,0.941860465116279,0.814814814814815,1.49152542372881,1.18518518518519,0.508474576271186,0.322147651006711,1.77181208053691,1.15436241610738,0.751677852348993,0.364640883977901,2.7182320441989,0.895027624309392,1.19337016574586,0.223255813953488,2.53953488372093,1.14418604651163,1.45116279069767,0.4,1.43624161073825,1.6,0.563758389261745,0.505263157894737,1.55789473684211,1.23508771929825,0.701754385964912,0.539325842696629,1.25842696629213,1.01123595505618,1.19101123595506,0.293577981651376,1.61467889908257,1.13761467889908,0.954128440366973,0,1.6,1.5,0.4,0.466666666666667,1.73333333333333,1.16666666666667,1,1.5,1.36363636363636,1,0.636363636363636,0.027906976744186,1.40298507462687,0.613953488372093,0.597014925373134
