virus,realm,host,locus_tag,AAA,AAC,AAG,AAT,ACA,ACC,ACG,ACT,AGA,AGC,AGG,AGT,ATA,ATC,ATG,ATT,CAA,CAC,CAG,CAT,CCA,CCC,CCG,CCT,CGA,CGC,CGG,CGT,CTA,CTC,CTG,CTT,GAA,GAC,GAG,GAT,GCA,GCC,GCG,GCT,GGA,GGC,GGG,GGT,GTA,GTC,GTG,GTT,TAA,TAC,TAG,TAT,TCA,TCC,TCG,TCT,TGA,TGC,TGG,TGT,TTA,TTC,TTG,TTT
Malvastrum yellow mosaic Helshire virus,Monodnaviria,land plants,D1Q74,0.842105263157895,1.16981132075472,1.15789473684211,0.830188679245283,1.46938775510204,0.571428571428571,0.816326530612245,1.14285714285714,1.13513513513514,0.789473684210526,2.10810810810811,1.02631578947368,0.634615384615385,1.44230769230769,1,0.923076923076923,0.842105263157895,1.0625,1.15789473684211,0.9375,1.33333333333333,0.962962962962963,0.666666666666667,1.03703703703704,0.72972972972973,0.324324324324324,0.567567567567568,1.13513513513514,1,1.72727272727273,0.636363636363636,0.818181818181818,0.754716981132076,1,1.24528301886792,1,0.981132075471698,1.35849056603774,0.528301886792453,1.13207547169811,0.866666666666667,1.26666666666667,0.8,1.06666666666667,0.771929824561403,1.19298245614035,1.40350877192982,0.631578947368421,1.8,0.65,0.6,1.35,1.42105263157895,0.947368421052632,0.868421052631579,0.947368421052632,0.6,1.15789473684211,1,0.842105263157895,1.18181818181818,1.21052631578947,0.636363636363636,0.789473684210526
