virus,realm,host,locus_tag,AAA,AAC,AAG,AAT,ACA,ACC,ACG,ACT,AGA,AGC,AGG,AGT,ATA,ATC,ATG,ATT,CAA,CAC,CAG,CAT,CCA,CCC,CCG,CCT,CGA,CGC,CGG,CGT,CTA,CTC,CTG,CTT,GAA,GAC,GAG,GAT,GCA,GCC,GCG,GCT,GGA,GGC,GGG,GGT,GTA,GTC,GTG,GTT,TAA,TAC,TAG,TAT,TCA,TCC,TCG,TCT,TGA,TGC,TGG,TGT,TTA,TTC,TTG,TTT
Mamastrovirus 18,Riboviria,vertebrates,FK848,1.01694915254237,0.520547945205479,0.983050847457627,1.47945205479452,0.672268907563025,0.773109243697479,0.168067226890756,2.38655462184874,1.27868852459016,0.293706293706294,0.786885245901639,1.17482517482517,0.606741573033708,0.573033707865168,1,1.82022471910112,1.01538461538462,0.333333333333333,0.984615384615385,1.66666666666667,0.857142857142857,0.73015873015873,0.158730158730159,2.25396825396825,0.295081967213115,1.18032786885246,0.442622950819672,2.01639344262295,0.233766233766234,0.623376623376623,0.350649350649351,2.76623376623377,0.779411764705882,0.565217391304348,1.22058823529412,1.43478260869565,0.448,0.96,0.256,2.336,0.549618320610687,0.977099236641221,0.366412213740458,2.10687022900763,0.283687943262411,0.765957446808511,0.198581560283688,2.75177304964539,1,0.457831325301205,1,1.5421686746988,1.00699300699301,0.713286713286713,0.125874125874126,2.68531468531469,1,0.615384615384615,1,1.38461538461538,0.623376623376623,0.450704225352113,1.4025974025974,1.54929577464789
