virus,realm,host,locus_tag,AAA,AAC,AAG,AAT,ACA,ACC,ACG,ACT,AGA,AGC,AGG,AGT,ATA,ATC,ATG,ATT,CAA,CAC,CAG,CAT,CCA,CCC,CCG,CCT,CGA,CGC,CGG,CGT,CTA,CTC,CTG,CTT,GAA,GAC,GAG,GAT,GCA,GCC,GCG,GCT,GGA,GGC,GGG,GGT,GTA,GTC,GTG,GTT,TAA,TAC,TAG,TAT,TCA,TCC,TCG,TCT,TGA,TGC,TGG,TGT,TTA,TTC,TTG,TTT
Mamastrovirus 14,Riboviria,vertebrates,FK845,0.698412698412698,0.690909090909091,1.3015873015873,1.30909090909091,1.09090909090909,1.09090909090909,0.181818181818182,1.63636363636364,2.57142857142857,0.786885245901639,1.22448979591837,0.983606557377049,0.27906976744186,1.04651162790698,1,1.67441860465116,0.727272727272727,0.375,1.27272727272727,1.625,1.6,0.333333333333333,0.133333333333333,1.93333333333333,0.36734693877551,0.489795918367347,0.244897959183673,1.10204081632653,0.75,1.08333333333333,0.666666666666667,2.58333333333333,0.792452830188679,0.791666666666667,1.20754716981132,1.20833333333333,0.666666666666667,1.23809523809524,0.142857142857143,1.95238095238095,1.08108108108108,0.756756756756757,0.702702702702703,1.45945945945946,0.17910447761194,1.55223880597015,0.656716417910448,1.61194029850746,1.5,0.928571428571429,1.5,1.07142857142857,1.47540983606557,0.590163934426229,0.0983606557377049,2.0655737704918,0,0.4,1,1.6,0.25,0.595744680851064,0.666666666666667,1.40425531914894
