virus,realm,host,locus_tag,AAA,AAC,AAG,AAT,ACA,ACC,ACG,ACT,AGA,AGC,AGG,AGT,ATA,ATC,ATG,ATT,CAA,CAC,CAG,CAT,CCA,CCC,CCG,CCT,CGA,CGC,CGG,CGT,CTA,CTC,CTG,CTT,GAA,GAC,GAG,GAT,GCA,GCC,GCG,GCT,GGA,GGC,GGG,GGT,GTA,GTC,GTG,GTT,TAA,TAC,TAG,TAT,TCA,TCC,TCG,TCT,TGA,TGC,TGG,TGT,TTA,TTC,TTG,TTT
Mesorhizobium phage vB MloP Lo5R7ANS,NA,NA,Lo5R7ANS,0.244505494505494,1.71102661596958,1.75549450549451,0.288973384030418,0.309859154929577,2.24882629107981,1.08450704225352,0.356807511737089,0.157894736842105,1.53630573248408,0.723684210526316,0.267515923566879,0.132478632478632,2.54273504273504,1,0.324786324786325,0.378787878787879,1.5421686746988,1.62121212121212,0.457831325301205,0.478468899521531,1.21850079744817,1.64593301435407,0.657097288676236,0.453947368421053,2.60526315789474,1.27631578947368,0.782894736842105,0.22260569456428,2.60914581535807,2.12769628990509,0.672993960310613,0.644993498049415,1.57589803012746,1.35500650195059,0.424101969872538,0.474860335195531,1.77374301675978,0.868715083798883,0.88268156424581,0.246786632390745,2.31362467866324,0.627249357326478,0.812339331619537,0.169565217391304,2.39565217391304,1.05217391304348,0.382608695652174,1.03125,1.6319612590799,0.328125,0.368038740920097,0.397452229299363,1.64331210191083,1.61273885350318,0.542675159235669,1.640625,1.60377358490566,1,0.39622641509434,0.0465918895599655,1.87547169811321,0.320966350301984,0.124528301886792
