virus,realm,host,locus_tag,AAA,AAC,AAG,AAT,ACA,ACC,ACG,ACT,AGA,AGC,AGG,AGT,ATA,ATC,ATG,ATT,CAA,CAC,CAG,CAT,CCA,CCC,CCG,CCT,CGA,CGC,CGG,CGT,CTA,CTC,CTG,CTT,GAA,GAC,GAG,GAT,GCA,GCC,GCG,GCT,GGA,GGC,GGG,GGT,GTA,GTC,GTG,GTT,TAA,TAC,TAG,TAT,TCA,TCC,TCG,TCT,TGA,TGC,TGG,TGT,TTA,TTC,TTG,TTT
Microbacterium phage Schubert,Duplodnaviria,bacteria,HOV00,0.0666666666666667,1.85046728971963,1.93333333333333,0.149532710280374,0.150943396226415,2.01415094339623,1.2122641509434,0.622641509433962,0.12448132780083,1.84429530201342,0.614107883817427,0.555704697986577,0.0232558139534884,2.69302325581395,1,0.283720930232558,0.0155945419103314,1.6969696969697,1.98440545808967,0.303030303030303,0.0621761658031088,1.47841105354059,1.4853195164076,0.974093264248705,0.580912863070539,1.55186721991701,1.38589211618257,1.74273858921162,0.0810028929604629,2.36065573770492,2.99132111861138,0.376084860173578,0.228426395939086,1.63206307490145,1.77157360406091,0.367936925098555,0.6042194092827,1.46160337552743,0.854008438818565,1.08016877637131,0.796731358529111,1.48723186925434,0.600612870275792,1.11542390194076,0.298440979955457,1.83964365256125,1.50556792873051,0.356347438752784,0.381818181818182,1.76227390180879,0.381818181818182,0.237726098191214,0.185234899328859,1.51409395973154,1.25637583892617,0.644295302013423,2.23636363636364,1.54666666666667,1,0.453333333333333,0,1.93220338983051,0.190935390549662,0.0677966101694915
