virus,realm,host,locus_tag,AAA,AAC,AAG,AAT,ACA,ACC,ACG,ACT,AGA,AGC,AGG,AGT,ATA,ATC,ATG,ATT,CAA,CAC,CAG,CAT,CCA,CCC,CCG,CCT,CGA,CGC,CGG,CGT,CTA,CTC,CTG,CTT,GAA,GAC,GAG,GAT,GCA,GCC,GCG,GCT,GGA,GGC,GGG,GGT,GTA,GTC,GTG,GTT,TAA,TAC,TAG,TAT,TCA,TCC,TCG,TCT,TGA,TGC,TGG,TGT,TTA,TTC,TTG,TTT
Microbacterium phage Arete,Duplodnaviria,bacteria,HWD16,0.0418994413407821,1.96129032258065,1.95810055865922,0.0387096774193548,0.160877513711152,1.91224862888483,1.74040219378428,0.186471663619744,0.0720720720720721,3.6100278551532,0.144144144144144,0.456824512534819,0.00380228136882129,2.91634980988593,1,0.0798479087452472,0.0784313725490196,1.95330739299611,1.92156862745098,0.0466926070038911,0.14268727705113,1.14149821640904,2.4589774078478,0.256837098692033,0.408408408408408,3.42342342342342,1.06906906906907,0.882882882882883,0.0397350993377483,3.45695364238411,2.28697571743929,0.141280353200883,0.163064833005894,1.7741935483871,1.83693516699411,0.225806451612903,0.442374854481956,1.47380675203725,1.58090803259604,0.50291036088475,0.442105263157895,2.37293233082707,0.481203007518797,0.703759398496241,0.0848056537102474,2.23674911660777,1.47703180212014,0.201413427561837,0.306122448979592,1.96116504854369,0.551020408163265,0.0388349514563107,0.100278551532033,0.785515320334262,0.852367688022284,0.194986072423398,2.14285714285714,1.47222222222222,1,0.527777777777778,0,1.97137745974955,0.0750551876379691,0.0286225402504472
