virus,realm,host,locus_tag,AAA,AAC,AAG,AAT,ACA,ACC,ACG,ACT,AGA,AGC,AGG,AGT,ATA,ATC,ATG,ATT,CAA,CAC,CAG,CAT,CCA,CCC,CCG,CCT,CGA,CGC,CGG,CGT,CTA,CTC,CTG,CTT,GAA,GAC,GAG,GAT,GCA,GCC,GCG,GCT,GGA,GGC,GGG,GGT,GTA,GTC,GTG,GTT,TAA,TAC,TAG,TAT,TCA,TCC,TCG,TCT,TGA,TGC,TGG,TGT,TTA,TTC,TTG,TTT
Microbacterium phage Noelani,Duplodnaviria,bacteria,JTF56,0.25,1.80722891566265,1.75,0.192771084337349,0.218390804597701,2.16091954022989,1.49425287356322,0.126436781609195,0.0918367346938776,2.71337579617834,0.0918367346938776,0.191082802547771,0.0495867768595041,2.71487603305785,1,0.235537190082645,0.109090909090909,1.8,1.89090909090909,0.2,0.0285714285714286,1.67142857142857,2.04285714285714,0.257142857142857,0.520408163265306,3.36734693877551,1.4234693877551,0.505102040816326,0.095427435387674,1.5506958250497,4.27037773359841,0.0357852882703777,0.281879194630872,1.44186046511628,1.71812080536913,0.558139534883721,0.348299319727891,1.88299319727891,1.36054421768707,0.408163265306122,0.188911704312115,2.80082135523614,0.59958932238193,0.410677618069815,0.158415841584158,1.46534653465347,2.17821782178218,0.198019801980198,0.48,1.66129032258065,0.48,0.338709677419355,0.229299363057325,0.993630573248408,1.64331210191083,0.229299363057325,2.04,1.80952380952381,1,0.19047619047619,0,1.91411042944785,0.047713717693837,0.0858895705521472
