virus,realm,host,locus_tag,AAA,AAC,AAG,AAT,ACA,ACC,ACG,ACT,AGA,AGC,AGG,AGT,ATA,ATC,ATG,ATT,CAA,CAC,CAG,CAT,CCA,CCC,CCG,CCT,CGA,CGC,CGG,CGT,CTA,CTC,CTG,CTT,GAA,GAC,GAG,GAT,GCA,GCC,GCG,GCT,GGA,GGC,GGG,GGT,GTA,GTC,GTG,GTT,TAA,TAC,TAG,TAT,TCA,TCC,TCG,TCT,TGA,TGC,TGG,TGT,TTA,TTC,TTG,TTT
Molluscum contagiosum virus subtype 1,Varidnaviria,human:vertebrates,MOCVgp,0.317207593386405,1.74554394591272,1.68279240661359,0.254456054087277,0.492421441774492,1.17264325323475,1.93271719038817,0.402218114602588,0.176213288898146,2.26606717799524,0.298687773380546,0.433218725204972,0.150627615062762,2.28631201434549,1,0.563060370591751,0.426925409338993,1.71371237458194,1.57307459066101,0.28628762541806,0.381080174438108,1.53237168735324,1.59677960415968,0.489768534048977,0.349927098521141,3.96042491147678,0.74234534471985,0.472401583003541,0.388796818031157,1.58203513423931,2.95823665893271,0.433543254888963,0.393958076448829,1.76132003069839,1.60604192355117,0.238679969301612,0.505770536320434,1.11133740665309,2.06856754921928,0.314324507807196,0.554715741045021,2.23595136378574,0.908314163654289,0.301018731514952,0.304038004750594,1.06888361045131,2.33919239904988,0.287885985748219,0.731707317073171,1.76892430278884,1.24390243902439,0.231075697211155,0.185665167944988,1.23776778629992,1.43295424490875,0.444326897646125,1.02439024390244,1.62857142857143,1,0.371428571428571,0.0855154126615844,1.53324526640247,0.551872721246271,0.466754733597534
