virus,realm,host,locus_tag,AAA,AAC,AAG,AAT,ACA,ACC,ACG,ACT,AGA,AGC,AGG,AGT,ATA,ATC,ATG,ATT,CAA,CAC,CAG,CAT,CCA,CCC,CCG,CCT,CGA,CGC,CGG,CGT,CTA,CTC,CTG,CTT,GAA,GAC,GAG,GAT,GCA,GCC,GCG,GCT,GGA,GGC,GGG,GGT,GTA,GTC,GTG,GTT,TAA,TAC,TAG,TAT,TCA,TCC,TCG,TCT,TGA,TGC,TGG,TGT,TTA,TTC,TTG,TTT
Mossman virus,Riboviria,vertebrates,MV,1.10483870967742,0.66412213740458,0.895161290322581,1.33587786259542,2,0.514970059880239,0.263473053892216,1.22155688622754,2.18374558303887,0.779043280182232,1.54770318021201,1.33940774487472,0.989528795811518,0.824607329842932,1,1.18586387434555,1.0762331838565,0.672,0.923766816143498,1.328,1.25984251968504,0.535433070866142,0.645669291338583,1.55905511811024,0.720848056537102,0.360424028268551,0.657243816254417,0.530035335689046,1.15384615384615,0.862348178137652,0.923076923076923,1.16599190283401,1.00684931506849,0.629757785467128,0.993150684931507,1.37024221453287,1.97118155619597,0.507204610951009,0.172910662824208,1.34870317002882,1.50295857988166,0.63905325443787,0.828402366863905,1.02958579881657,1.06172839506173,0.802469135802469,0.679012345679012,1.45679012345679,2.14285714285714,0.770053475935829,0.428571428571429,1.22994652406417,1.66742596810934,0.61503416856492,0.273348519362187,1.32574031890661,0.428571428571429,0.734177215189873,1,1.26582278481013,1.17813765182186,0.903225806451613,0.716599190283401,1.09677419354839
