virus,realm,host,locus_tag,AAA,AAC,AAG,AAT,ACA,ACC,ACG,ACT,AGA,AGC,AGG,AGT,ATA,ATC,ATG,ATT,CAA,CAC,CAG,CAT,CCA,CCC,CCG,CCT,CGA,CGC,CGG,CGT,CTA,CTC,CTG,CTT,GAA,GAC,GAG,GAT,GCA,GCC,GCG,GCT,GGA,GGC,GGG,GGT,GTA,GTC,GTG,GTT,TAA,TAC,TAG,TAT,TCA,TCC,TCG,TCT,TGA,TGC,TGG,TGT,TTA,TTC,TTG,TTT
Mosso das Pedras virus,NA,NA,D1S91,0.865800865800866,0.959459459459459,1.13419913419913,1.04054054054054,1.16176470588235,1.17647058823529,0.720588235294118,0.941176470588235,1.45631067961165,1.02222222222222,1.63106796116505,0.844444444444444,0.834319526627219,1.04733727810651,1,1.11834319526627,0.928,1.16666666666667,1.072,0.833333333333333,0.960698689956332,0.786026200873362,0.943231441048035,1.31004366812227,0.611650485436893,0.728155339805825,0.640776699029126,0.932038834951456,0.882943143812709,0.40133779264214,1.7257525083612,0.602006688963211,0.986301369863014,1.19125683060109,1.01369863013699,0.808743169398907,1.25786163522013,1.15723270440252,0.628930817610063,0.955974842767296,1.21495327102804,1.00934579439252,0.953271028037383,0.822429906542056,0.756013745704467,0.962199312714777,1.63573883161512,0.646048109965636,0,1.05714285714286,1,0.942857142857143,1,1.22222222222222,0.755555555555556,1.15555555555556,2,1.00970873786408,1,0.990291262135922,0.642140468227425,1.01666666666667,1.74581939799331,0.983333333333333
