virus,realm,host,locus_tag,AAA,AAC,AAG,AAT,ACA,ACC,ACG,ACT,AGA,AGC,AGG,AGT,ATA,ATC,ATG,ATT,CAA,CAC,CAG,CAT,CCA,CCC,CCG,CCT,CGA,CGC,CGG,CGT,CTA,CTC,CTG,CTT,GAA,GAC,GAG,GAT,GCA,GCC,GCG,GCT,GGA,GGC,GGG,GGT,GTA,GTC,GTG,GTT,TAA,TAC,TAG,TAT,TCA,TCC,TCG,TCT,TGA,TGC,TGG,TGT,TTA,TTC,TTG,TTT
Mungbean yellow mosaic India virus,Monodnaviria,land plants,MymIv,0.948275862068966,1.09803921568627,1.05172413793103,0.901960784313726,1.48936170212766,0.723404255319149,0.723404255319149,1.06382978723404,1.22330097087379,0.851063829787234,1.22330097087379,0.765957446808511,0.905660377358491,0.905660377358491,1,1.18867924528302,1.1875,0.678571428571429,0.8125,1.32142857142857,1.25842696629213,1.03370786516854,0.359550561797753,1.34831460674157,0.87378640776699,0.699029126213592,0.640776699029126,1.33980582524272,0.73972602739726,0.698630136986301,0.73972602739726,1.19178082191781,1.01298701298701,0.911392405063291,0.987012987012987,1.08860759493671,1.63636363636364,0.818181818181818,0.545454545454545,1,1.40659340659341,0.527472527472527,0.747252747252747,1.31868131868132,0.292682926829268,1.07317073170732,1.21951219512195,1.41463414634146,2,0.8,0,1.2,1.27659574468085,1.02127659574468,0.680851063829787,1.40425531914894,1,0.85,1,1.15,1.06849315068493,1.08108108108108,1.56164383561644,0.918918918918919
