virus,realm,host,locus_tag,AAA,AAC,AAG,AAT,ACA,ACC,ACG,ACT,AGA,AGC,AGG,AGT,ATA,ATC,ATG,ATT,CAA,CAC,CAG,CAT,CCA,CCC,CCG,CCT,CGA,CGC,CGG,CGT,CTA,CTC,CTG,CTT,GAA,GAC,GAG,GAT,GCA,GCC,GCG,GCT,GGA,GGC,GGG,GGT,GTA,GTC,GTG,GTT,TAA,TAC,TAG,TAT,TCA,TCC,TCG,TCT,TGA,TGC,TGG,TGT,TTA,TTC,TTG,TTT
Mycobacterium phage Contagion,Duplodnaviria,bacteria,PBI,0.186489058039962,1.68539325842697,1.81351094196004,0.314606741573034,0.320547945205479,2.27397260273973,1.02465753424658,0.380821917808219,0.12599565532223,1.46252838758516,0.443157132512672,0.345193035579107,0.0750721847930703,2.49759384023099,1,0.427333974975938,0.394293125810636,1.63979416809605,1.60570687418936,0.360205831903945,0.454838709677419,1.65161290322581,1.45483870967742,0.438709677419355,0.464880521361332,3.28457639391745,1.06010137581463,0.621288921071687,0.227368421052632,2.56421052631579,2.46631578947368,0.290526315789474,0.56701030927835,1.66020066889632,1.43298969072165,0.339799331103679,0.492643968053804,1.86296763345944,1.19377889869693,0.450609499789828,0.462809917355372,2.32182790471561,0.519202722411279,0.696159455517744,0.192262602579132,2.00937866354045,1.47948417350528,0.318874560375147,0.471428571428571,1.80872011251758,0.514285714285714,0.191279887482419,0.46782740348221,1.88039364118092,1.42165026495079,0.422407267221802,2.01428571428571,1.83164983164983,1,0.168350168350168,0.0221052631578947,1.83308931185944,0.429473684210526,0.166910688140556
