virus,realm,host,locus_tag,AAA,AAC,AAG,AAT,ACA,ACC,ACG,ACT,AGA,AGC,AGG,AGT,ATA,ATC,ATG,ATT,CAA,CAC,CAG,CAT,CCA,CCC,CCG,CCT,CGA,CGC,CGG,CGT,CTA,CTC,CTG,CTT,GAA,GAC,GAG,GAT,GCA,GCC,GCG,GCT,GGA,GGC,GGG,GGT,GTA,GTC,GTG,GTT,TAA,TAC,TAG,TAT,TCA,TCC,TCG,TCT,TGA,TGC,TGG,TGT,TTA,TTC,TTG,TTT
Mycobacterium phage Fishburne,Duplodnaviria,bacteria,PBI,0.406047516198704,1.76600441501104,1.5939524838013,0.233995584988962,0.309947643979058,2.01465968586387,1.50785340314136,0.167539267015707,0.026525198938992,1.66995073891626,0.164456233421751,0.177339901477833,0.0368098159509202,2.53527607361963,1,0.427914110429448,0.332142857142857,1.77333333333333,1.66785714285714,0.226666666666667,0.223157894736842,1.20842105263158,2.38315789473684,0.185263157894737,0.461538461538462,3.69230769230769,1.20954907161804,0.445623342175066,0.202469135802469,2.55308641975309,2.58765432098765,0.158024691358025,0.396166134185303,1.62487462387161,1.6038338658147,0.375125376128385,0.350690754516472,1.6259298618491,1.73219978746015,0.291179596174283,0.287179487179487,2.11868131868132,0.896703296703297,0.697435897435897,0.153005464480874,1.86885245901639,1.58834244080146,0.389799635701275,0.467532467532468,1.5906432748538,0.311688311688312,0.409356725146199,0.302955665024631,0.701970443349754,2.96305418719212,0.184729064039409,2.22077922077922,1.84615384615385,1,0.153846153846154,0.00987654320987654,1.79908675799087,0.488888888888889,0.200913242009132
