virus,realm,host,locus_tag,AAA,AAC,AAG,AAT,ACA,ACC,ACG,ACT,AGA,AGC,AGG,AGT,ATA,ATC,ATG,ATT,CAA,CAC,CAG,CAT,CCA,CCC,CCG,CCT,CGA,CGC,CGG,CGT,CTA,CTC,CTG,CTT,GAA,GAC,GAG,GAT,GCA,GCC,GCG,GCT,GGA,GGC,GGG,GGT,GTA,GTC,GTG,GTT,TAA,TAC,TAG,TAT,TCA,TCC,TCG,TCT,TGA,TGC,TGG,TGT,TTA,TTC,TTG,TTT
Mycobacterium phage Patience,Duplodnaviria,bacteria,PATIENCE,0.842962962962963,1.04612365063788,1.15703703703704,0.95387634936212,0.809338521400778,1.11128404669261,0.980544747081712,1.0988326848249,0.631130063965885,0.939252336448598,0.426439232409382,0.808411214953271,0.180277349768875,1.3613251155624,1,1.45839753466872,1.05535055350553,1.05084745762712,0.944649446494465,0.949152542372881,0.715750232991612,0.79403541472507,1.51351351351351,0.976700838769804,1.10874200426439,1.45842217484009,0.635394456289979,1.73987206823028,0.31657355679702,1.15083798882682,1.46741154562384,1.58659217877095,1.26233766233766,0.903589021815623,0.737662337662338,1.09641097818438,0.992311635058944,0.818042029728344,1.00256278831369,1.18708354689903,1.01123595505618,1.12808988764045,0.50561797752809,1.35505617977528,0.42896174863388,1.00819672131148,0.972677595628415,1.59016393442623,1.06363636363636,1.23692307692308,0.572727272727273,0.763076923076923,0.869158878504673,0.672897196261682,1.41588785046729,1.29439252336449,1.36363636363636,1.05641025641026,1,0.943589743589744,0.19366852886406,1.22666666666667,1.28491620111732,0.773333333333333
