virus,realm,host,locus_tag,AAA,AAC,AAG,AAT,ACA,ACC,ACG,ACT,AGA,AGC,AGG,AGT,ATA,ATC,ATG,ATT,CAA,CAC,CAG,CAT,CCA,CCC,CCG,CCT,CGA,CGC,CGG,CGT,CTA,CTC,CTG,CTT,GAA,GAC,GAG,GAT,GCA,GCC,GCG,GCT,GGA,GGC,GGG,GGT,GTA,GTC,GTG,GTT,TAA,TAC,TAG,TAT,TCA,TCC,TCG,TCT,TGA,TGC,TGG,TGT,TTA,TTC,TTG,TTT
Mycobacterium phage ChrisnMich,Duplodnaviria,bacteria,FDI63,0.112291350531108,1.90077519379845,1.88770864946889,0.0992248062015504,0.127307447485678,2.63017186505411,1.12030553787397,0.122215149586251,0.0253342716396904,3.99099909990999,0.101337086558761,0.243024302430243,0.0299003322259136,2.55481727574751,1,0.415282392026578,0.058679706601467,1.73549883990719,1.94132029339853,0.264501160092807,0.218594748048261,1.66359119943222,1.93896380411639,0.178850248403123,0.143560872624912,3.50035186488388,1.66361717100633,0.565798733286418,0.0165471594043023,0.94980694980695,4.6696083838941,0.165471594043023,0.292171105730428,1.84415584415584,1.70782889426957,0.155844155844156,0.328097731239092,2.28272251308901,1.11692844677138,0.272251308900524,0.135221562357241,2.64047510278666,0.619460941068981,0.604842393787117,0.194285714285714,1.104,2.50285714285714,0.198857142857143,0.51,1.81709741550696,0.6,0.182902584493042,0.0594059405940594,0.783078307830783,0.826282628262826,0.0972097209720972,1.89,1.91596638655462,1,0.0840336134453782,0.00330943188086045,1.88632326820604,0.195256480970767,0.113676731793961
