virus,realm,host,locus_tag,AAA,AAC,AAG,AAT,ACA,ACC,ACG,ACT,AGA,AGC,AGG,AGT,ATA,ATC,ATG,ATT,CAA,CAC,CAG,CAT,CCA,CCC,CCG,CCT,CGA,CGC,CGG,CGT,CTA,CTC,CTG,CTT,GAA,GAC,GAG,GAT,GCA,GCC,GCG,GCT,GGA,GGC,GGG,GGT,GTA,GTC,GTG,GTT,TAA,TAC,TAG,TAT,TCA,TCC,TCG,TCT,TGA,TGC,TGG,TGT,TTA,TTC,TTG,TTT
Mycobacterium phage MrMagoo,Duplodnaviria,bacteria,J4U04,0.0855513307984791,1.66666666666667,1.91444866920152,0.333333333333333,0.23342175066313,1.88859416445623,1.06100795755968,0.816976127320955,0.100671140939597,1.41563184806428,0.249664429530201,0.403214024835646,0.0246507806080526,2.50698438783895,1,0.468364831552999,0.118873826903024,1.53142857142857,1.88112617309698,0.468571428571429,0.582716049382716,1.05349794238683,1.61975308641975,0.7440329218107,0.616107382550336,2.44026845637584,1.12751677852349,1.46577181208054,0.293051359516616,1.62235649546828,3.07250755287009,0.413897280966767,0.330097087378641,1.41451709658068,1.66990291262136,0.585482903419316,0.60575719649562,1.38673341677096,1.18815185648728,0.819357530246141,0.482451804251112,1.89223924864063,0.52990608007909,1.09540286702916,0.241881298992161,1.58118701007839,1.63941769316909,0.537513997760358,0.425806451612903,1.76584022038567,0.445161290322581,0.234159779614325,0.315558802045289,1.32797662527392,2.18261504747991,0.35500365230095,2.12903225806452,1.57142857142857,1,0.428571428571429,0.0302114803625378,1.8937583001328,0.56797583081571,0.106241699867198
