virus,realm,host,locus_tag,AAA,AAC,AAG,AAT,ACA,ACC,ACG,ACT,AGA,AGC,AGG,AGT,ATA,ATC,ATG,ATT,CAA,CAC,CAG,CAT,CCA,CCC,CCG,CCT,CGA,CGC,CGG,CGT,CTA,CTC,CTG,CTT,GAA,GAC,GAG,GAT,GCA,GCC,GCG,GCT,GGA,GGC,GGG,GGT,GTA,GTC,GTG,GTT,TAA,TAC,TAG,TAT,TCA,TCC,TCG,TCT,TGA,TGC,TGG,TGT,TTA,TTC,TTG,TTT
Mycobacterium phage Mahavrat,Duplodnaviria,bacteria,I5H59,0.740237691001698,1.65016501650165,1.2597623089983,0.34983498349835,0.5682001614205,1.81436642453592,1.20419693301049,0.413236481033091,0.201474201474201,1.01040681173131,0.481572481572482,0.329233680227058,0.149214659685864,2.34031413612565,1,0.510471204188482,0.570957095709571,1.45454545454545,1.42904290429043,0.545454545454545,0.561531449407475,0.984503190519599,1.91066545123063,0.543299908842297,0.56019656019656,2.05405405405405,1.61670761670762,1.08599508599509,0.267815191855912,1.51292090837901,2.10493343774471,0.469851213782302,0.79847182425979,1.34241908006814,1.20152817574021,0.657580919931857,0.577731092436975,1.22478991596639,1.5546218487395,0.642857142857143,0.463368816530996,1.67313713212273,0.766437069505323,1.09705698184095,0.219435736677116,1.17554858934169,1.82758620689655,0.777429467084639,0.333333333333333,1.43815513626834,0.393939393939394,0.561844863731656,0.550614947965941,1.29990539262062,2.22516556291391,0.584673604541154,2.27272727272727,1.54385964912281,1,0.456140350877193,0.0516836335160532,1.64727954971857,1.592795614722,0.352720450281426
