virus,realm,host,locus_tag,AAA,AAC,AAG,AAT,ACA,ACC,ACG,ACT,AGA,AGC,AGG,AGT,ATA,ATC,ATG,ATT,CAA,CAC,CAG,CAT,CCA,CCC,CCG,CCT,CGA,CGC,CGG,CGT,CTA,CTC,CTG,CTT,GAA,GAC,GAG,GAT,GCA,GCC,GCG,GCT,GGA,GGC,GGG,GGT,GTA,GTC,GTG,GTT,TAA,TAC,TAG,TAT,TCA,TCC,TCG,TCT,TGA,TGC,TGG,TGT,TTA,TTC,TTG,TTT
Mycobacterium phage SpikeBT,Duplodnaviria,bacteria,JMN99,0.427067669172932,1.91463414634146,1.57293233082707,0.0853658536585366,0.229838709677419,2.10887096774194,1.32661290322581,0.334677419354839,0.136094674556213,0.936490850376749,0.408284023668639,0.155005382131324,0.0711462450592885,2.75098814229249,1,0.177865612648221,0.268774703557312,1.6741214057508,1.73122529644269,0.325878594249201,0.222479721900348,1.02433371958285,2.12746234067207,0.625724217844728,0.502958579881657,2.39644970414201,1.85798816568047,0.698224852071006,0.301349325337331,1.74512743628186,3.26986506746627,0.269865067466267,0.405511811023622,1.66003976143141,1.59448818897638,0.339960238568588,0.277992277992278,1.22522522522523,1.52123552123552,0.975546975546976,0.433454545454545,1.83563636363636,0.930909090909091,0.8,0.246913580246914,2.05996472663139,1.35802469135802,0.335097001763668,0.517241379310345,1.84070796460177,0.344827586206897,0.15929203539823,0.297093649085038,1.63401506996771,2.38320775026911,0.594187298170075,2.13793103448276,1.7719298245614,1,0.228070175438596,0.0269865067466267,1.8781512605042,0.386806596701649,0.121848739495798
