virus,realm,host,locus_tag,AAA,AAC,AAG,AAT,ACA,ACC,ACG,ACT,AGA,AGC,AGG,AGT,ATA,ATC,ATG,ATT,CAA,CAC,CAG,CAT,CCA,CCC,CCG,CCT,CGA,CGC,CGG,CGT,CTA,CTC,CTG,CTT,GAA,GAC,GAG,GAT,GCA,GCC,GCG,GCT,GGA,GGC,GGG,GGT,GTA,GTC,GTG,GTT,TAA,TAC,TAG,TAT,TCA,TCC,TCG,TCT,TGA,TGC,TGG,TGT,TTA,TTC,TTG,TTT
Mycobacterium phage Butters,Duplodnaviria,bacteria,K768,0.463157894736842,1.74307304785894,1.53684210526316,0.256926952141058,0.37962962962963,2.09722222222222,1.28240740740741,0.240740740740741,0.107142857142857,1.59778085991678,0.252100840336134,0.399445214979196,0.0775444264943457,2.48142164781906,1,0.441033925686591,0.426724137931034,1.68702290076336,1.57327586206897,0.312977099236641,0.461731493099122,1.24466750313676,2.08782936010038,0.205771643663739,0.573529411764706,3.08193277310924,1.37394957983193,0.611344537815126,0.263551401869159,2.53457943925234,2.29906542056075,0.224299065420561,0.563057324840764,1.54171562867215,1.43694267515924,0.45828437132785,0.460087994971716,1.66939032055311,1.58390949088624,0.286612193588938,0.263492063492063,2.47301587301587,0.552380952380952,0.711111111111111,0.16895459345301,1.7740232312566,1.63463569165787,0.422386483632524,0.363636363636364,1.69230769230769,0.545454545454545,0.307692307692308,0.457697642163662,0.748959778085992,2.53814147018031,0.257975034674064,2.09090909090909,1.71851851851852,1,0.281481481481481,0.0504672897196262,1.76227390180879,0.62803738317757,0.237726098191214
