virus,realm,host,locus_tag,AAA,AAC,AAG,AAT,ACA,ACC,ACG,ACT,AGA,AGC,AGG,AGT,ATA,ATC,ATG,ATT,CAA,CAC,CAG,CAT,CCA,CCC,CCG,CCT,CGA,CGC,CGG,CGT,CTA,CTC,CTG,CTT,GAA,GAC,GAG,GAT,GCA,GCC,GCG,GCT,GGA,GGC,GGG,GGT,GTA,GTC,GTG,GTT,TAA,TAC,TAG,TAT,TCA,TCC,TCG,TCT,TGA,TGC,TGG,TGT,TTA,TTC,TTG,TTT
Mycobacterium phage Loser,Duplodnaviria,bacteria,SEA,0.111716621253406,1.90528233151184,1.88828337874659,0.0947176684881603,0.252714708785785,2.23099703849951,1.31095755182626,0.20533070088845,0.215094339622642,1.77073170731707,0.475471698113208,0.175609756097561,0.0404907975460123,2.84539877300613,1,0.114110429447853,0.213938411669368,1.72670807453416,1.78606158833063,0.273291925465839,0.347266881028939,1.36763129689175,2.06216505894962,0.222936763129689,0.928301886792453,2.08301886792453,1.78301886792453,0.515094339622642,0.100290697674419,2.28924418604651,3.11337209302326,0.178779069767442,0.365051903114187,1.69933396764986,1.63494809688581,0.300666032350143,0.487225193107546,1.73499702911468,1.27866904337493,0.499108734402852,0.450106157112527,2.26751592356688,0.6482661004954,0.634111818825195,0.117154811715481,2.21924686192469,1.47280334728033,0.190794979079498,0.216494845360825,1.91231732776618,0.43298969072165,0.0876826722338205,0.292682926829268,1.3609756097561,2.04146341463415,0.358536585365854,2.35051546391753,1.68115942028985,1,0.318840579710145,0,1.9451114922813,0.318313953488372,0.0548885077186964
