virus,realm,host,locus_tag,AAA,AAC,AAG,AAT,ACA,ACC,ACG,ACT,AGA,AGC,AGG,AGT,ATA,ATC,ATG,ATT,CAA,CAC,CAG,CAT,CCA,CCC,CCG,CCT,CGA,CGC,CGG,CGT,CTA,CTC,CTG,CTT,GAA,GAC,GAG,GAT,GCA,GCC,GCG,GCT,GGA,GGC,GGG,GGT,GTA,GTC,GTG,GTT,TAA,TAC,TAG,TAT,TCA,TCC,TCG,TCT,TGA,TGC,TGG,TGT,TTA,TTC,TTG,TTT
Mycobacterium phage Yecey3,Duplodnaviria,bacteria,KIV58,0.146739130434783,1.87456445993031,1.85326086956522,0.125435540069686,0.222222222222222,1.98015873015873,1.43650793650794,0.361111111111111,0.225481209899175,1.55869565217391,0.533455545371219,0.28695652173913,0.0681003584229391,2.74910394265233,1,0.182795698924731,0.260416666666667,1.70820668693009,1.73958333333333,0.291793313069909,0.366101694915254,1.37401129943503,1.91186440677966,0.348022598870056,0.7974335472044,2.34280476626948,1.36388634280477,0.736938588450962,0.157434402332362,2.40524781341108,2.51895043731778,0.389212827988338,0.455921638468388,1.60119047619048,1.54407836153161,0.398809523809524,0.665116279069767,1.35116279069767,1.31860465116279,0.665116279069767,0.596112311015119,2.15694744420446,0.590352771778258,0.65658747300216,0.203779786359901,2.15612161051767,1.3278553820871,0.312243221035333,0.33,1.86324786324786,0.69,0.136752136752137,0.430434782608696,1.48695652173913,1.75434782608696,0.482608695652174,1.98,1.71812080536913,1,0.281879194630872,0.0131195335276968,1.8955223880597,0.516034985422741,0.104477611940299
