virus,realm,host,locus_tag,AAA,AAC,AAG,AAT,ACA,ACC,ACG,ACT,AGA,AGC,AGG,AGT,ATA,ATC,ATG,ATT,CAA,CAC,CAG,CAT,CCA,CCC,CCG,CCT,CGA,CGC,CGG,CGT,CTA,CTC,CTG,CTT,GAA,GAC,GAG,GAT,GCA,GCC,GCG,GCT,GGA,GGC,GGG,GGT,GTA,GTC,GTG,GTT,TAA,TAC,TAG,TAT,TCA,TCC,TCG,TCT,TGA,TGC,TGG,TGT,TTA,TTC,TTG,TTT
Mycobacterium phage Llama,Duplodnaviria,bacteria,PBI,0.710900473933649,1.63087248322148,1.28909952606635,0.369127516778524,0.529695024077046,1.81059390048154,1.20706260032103,0.452648475120385,0.202609363008442,1.09233449477352,0.428242517267843,0.360627177700348,0.133828996282528,2.28252788104089,1,0.58364312267658,0.610778443113772,1.40845070422535,1.38922155688623,0.591549295774648,0.501352569882777,1.00991884580703,1.92605951307484,0.562669071235347,0.709132770529547,1.99386032233308,1.56561780506523,1.10053722179586,0.254572055596196,1.49231894659839,2.0848573518654,0.504754937820044,0.816976127320955,1.25350949628406,1.18302387267905,0.746490503715937,0.544015825914936,1.2542037586548,1.54104846686449,0.660731948565776,0.489208633093525,1.70743405275779,0.745803357314149,1.05755395683453,0.206545454545455,1.16363636363636,1.82109090909091,0.808727272727273,0.324324324324324,1.42980561555076,0.297297297297297,0.570194384449244,0.606271777003484,1.30662020905923,2.0383275261324,0.59581881533101,2.37837837837838,1.50230414746544,1,0.497695852534562,0.0965618141916606,1.63410301953819,1.56693489392831,0.365896980461812
