virus,realm,host,locus_tag,AAA,AAC,AAG,AAT,ACA,ACC,ACG,ACT,AGA,AGC,AGG,AGT,ATA,ATC,ATG,ATT,CAA,CAC,CAG,CAT,CCA,CCC,CCG,CCT,CGA,CGC,CGG,CGT,CTA,CTC,CTG,CTT,GAA,GAC,GAG,GAT,GCA,GCC,GCG,GCT,GGA,GGC,GGG,GGT,GTA,GTC,GTG,GTT,TAA,TAC,TAG,TAT,TCA,TCC,TCG,TCT,TGA,TGC,TGG,TGT,TTA,TTC,TTG,TTT
Mycobacterium phage Obutu,Duplodnaviria,bacteria,KNU70,0.164345403899721,1.85040650406504,1.83565459610028,0.149593495934959,0.200976971388695,1.95952547103978,1.66085136078158,0.178646196789951,0.0458651841556637,1.19283276450512,0.337734537873523,0.15358361774744,0.0227488151658768,2.85781990521327,1,0.119431279620853,0.126843657817109,1.71354166666667,1.87315634218289,0.286458333333333,0.0633484162895928,1.03469079939668,2.54298642533937,0.358974358974359,0.21681723419041,2.46421125781793,2.18902015288395,0.746351633078527,0.0343053173241852,2.76157804459691,2.44596912521441,0.154373927958834,0.36986301369863,1.74640522875817,1.63013698630137,0.25359477124183,0.345403899721448,1.50895344210107,1.86390768006367,0.281734978113808,0.539805825242718,2.24854368932039,0.65631067961165,0.555339805825243,0.115406809001731,2.19503750721293,1.51875360646278,0.170802077322562,0.317307692307692,1.90184049079755,0.605769230769231,0.098159509202454,0.174061433447099,1.76109215017065,2.54948805460751,0.168941979522184,2.07692307692308,1.84738955823293,1,0.152610441767068,0.0205831903945112,1.93006993006993,0.583190394511149,0.0699300699300699
