virus,realm,host,locus_tag,AAA,AAC,AAG,AAT,ACA,ACC,ACG,ACT,AGA,AGC,AGG,AGT,ATA,ATC,ATG,ATT,CAA,CAC,CAG,CAT,CCA,CCC,CCG,CCT,CGA,CGC,CGG,CGT,CTA,CTC,CTG,CTT,GAA,GAC,GAG,GAT,GCA,GCC,GCG,GCT,GGA,GGC,GGG,GGT,GTA,GTC,GTG,GTT,TAA,TAC,TAG,TAT,TCA,TCC,TCG,TCT,TGA,TGC,TGG,TGT,TTA,TTC,TTG,TTT
Mycobacterium phage Akoma,Duplodnaviria,bacteria,CM10,0.143661971830986,1.84142394822006,1.85633802816901,0.158576051779935,0.220055710306407,1.97493036211699,1.64345403899721,0.161559888579387,0.0540915395284327,1.16494845360825,0.370319001386963,0.134020618556701,0.0170777988614801,2.87476280834915,1,0.108159392789374,0.118168389955687,1.70157068062827,1.88183161004431,0.298429319371728,0.0669710806697108,1.05936073059361,2.54185692541857,0.331811263318113,0.249653259361997,2.42995839112344,2.18862690707351,0.707350901525659,0.0207852193995381,2.8337182448037,2.4526558891455,0.135103926096998,0.370992366412214,1.76137112722479,1.62900763358779,0.238628872775214,0.340357852882704,1.52683896620278,1.87037773359841,0.262425447316103,0.552123552123552,2.22393822393822,0.656370656370656,0.567567567567568,0.104956268221574,2.23906705539359,1.51137026239067,0.144606413994169,0.288461538461538,1.87927565392354,0.605769230769231,0.120724346076459,0.164948453608247,1.81443298969072,2.58762886597938,0.134020618556701,2.10576923076923,1.83805668016194,1,0.161943319838057,0.0103926096997691,1.94014084507042,0.547344110854504,0.0598591549295775
