virus,realm,host,locus_tag,AAA,AAC,AAG,AAT,ACA,ACC,ACG,ACT,AGA,AGC,AGG,AGT,ATA,ATC,ATG,ATT,CAA,CAC,CAG,CAT,CCA,CCC,CCG,CCT,CGA,CGC,CGG,CGT,CTA,CTC,CTG,CTT,GAA,GAC,GAG,GAT,GCA,GCC,GCG,GCT,GGA,GGC,GGG,GGT,GTA,GTC,GTG,GTT,TAA,TAC,TAG,TAT,TCA,TCC,TCG,TCT,TGA,TGC,TGG,TGT,TTA,TTC,TTG,TTT
Mycobacterium phage Hlubikazi,NA,NA,I5H48,0.700854700854701,1.64820846905537,1.2991452991453,0.351791530944625,0.52975691533948,1.76026823134954,1.30427493713328,0.405699916177703,0.160194174757282,1.01512287334594,0.485436893203884,0.340264650283554,0.147096774193548,2.30322580645161,1,0.549677419354839,0.526143790849673,1.50593824228028,1.47385620915033,0.494061757719715,0.496268656716418,0.944029850746269,1.95522388059702,0.604477611940298,0.572815533980582,2.10194174757282,1.68446601941748,0.995145631067961,0.236293436293436,1.403861003861,2.29343629343629,0.495752895752896,0.769668246445498,1.33166666666667,1.2303317535545,0.668333333333333,0.516058791507893,1.34567229178008,1.52204681545999,0.616222101252041,0.493765586034913,1.70074812967581,0.827930174563591,0.977556109725686,0.201959306706858,1.14845516201959,1.86887716654107,0.780708364732479,0.352941176470588,1.38636363636364,0.411764705882353,0.613636363636364,0.578449905482042,1.26465028355388,2.19470699432892,0.606805293005671,2.23529411764706,1.63963963963964,1,0.36036036036036,0.0787644787644788,1.67955801104972,1.49189189189189,0.320441988950276
