virus,realm,host,locus_tag,AAA,AAC,AAG,AAT,ACA,ACC,ACG,ACT,AGA,AGC,AGG,AGT,ATA,ATC,ATG,ATT,CAA,CAC,CAG,CAT,CCA,CCC,CCG,CCT,CGA,CGC,CGG,CGT,CTA,CTC,CTG,CTT,GAA,GAC,GAG,GAT,GCA,GCC,GCG,GCT,GGA,GGC,GGG,GGT,GTA,GTC,GTG,GTT,TAA,TAC,TAG,TAT,TCA,TCC,TCG,TCT,TGA,TGC,TGG,TGT,TTA,TTC,TTG,TTT
Mycobacterium phage Manad,Duplodnaviria,bacteria,HL05,0.339035769828927,1.72972972972973,1.66096423017107,0.27027027027027,0.333550488599349,2.4442996742671,1.05537459283388,0.166775244299674,0.0779753761969904,2.04864359214219,0.254445964432285,0.230121608980355,0.0961923847695391,2.63026052104208,1,0.273547094188377,0.345864661654135,1.69476082004556,1.65413533834586,0.305239179954442,0.229260935143288,1.51734539969834,1.91553544494721,0.337858220211161,0.545827633378933,2.67578659370725,1.61696306429549,0.829001367989056,0.149046793760832,3.10571923743501,2.08665511265165,0.246100519930676,0.26625386996904,1.49786019971469,1.73374613003096,0.502139800285307,0.434485377895936,1.85795670338017,1.41435624762628,0.293201671097607,0.302537099090474,2.2920057443753,0.52082336045955,0.884633796074677,0.134373125374925,1.94361127774445,1.70365926814637,0.218356328734253,0.475247524752475,1.70534069981584,0.534653465346535,0.294659300184162,0.364826941066417,0.673526660430309,2.48082319925164,0.202057998129093,1.99009900990099,1.78260869565217,1,0.217391304347826,0.0103986135181976,1.76998050682261,0.40207972270364,0.230019493177388
