virus,realm,host,locus_tag,AAA,AAC,AAG,AAT,ACA,ACC,ACG,ACT,AGA,AGC,AGG,AGT,ATA,ATC,ATG,ATT,CAA,CAC,CAG,CAT,CCA,CCC,CCG,CCT,CGA,CGC,CGG,CGT,CTA,CTC,CTG,CTT,GAA,GAC,GAG,GAT,GCA,GCC,GCG,GCT,GGA,GGC,GGG,GGT,GTA,GTC,GTG,GTT,TAA,TAC,TAG,TAT,TCA,TCC,TCG,TCT,TGA,TGC,TGG,TGT,TTA,TTC,TTG,TTT
Mycobacterium phage Koella,Duplodnaviria,bacteria,I5H54,0.740983606557377,1.6350626118068,1.25901639344262,0.364937388193202,0.593115622241836,1.81465136804943,1.21447484554281,0.377758164165931,0.192926045016077,0.975081256771398,0.429260450160772,0.325027085590466,0.134564643799472,2.34696569920844,1,0.518469656992084,0.520193861066236,1.45985401459854,1.47980613893376,0.54014598540146,0.48134328358209,1.0634328358209,1.92910447761194,0.526119402985075,0.540192926045016,2.03536977491961,1.67845659163987,1.12379421221865,0.249810749432248,1.43073429220288,2.26192278576836,0.426949280847843,0.826003824091778,1.29645635263613,1.17399617590822,0.703543647363872,0.486692015209125,1.2992938620315,1.58174904942966,0.632265073329712,0.479768786127168,1.65028901734104,0.88150289017341,0.988439306358382,0.200158856235107,1.21366163621922,1.84273232724384,0.743447180301827,0.252631578947368,1.49360613810742,0.442105263157895,0.506393861892583,0.598049837486457,1.21560130010834,2.3726977248104,0.513542795232936,2.30526315789474,1.64912280701754,1,0.350877192982456,0.0817562452687358,1.6779324055666,1.54882664647994,0.3220675944334
