virus,realm,host,locus_tag,AAA,AAC,AAG,AAT,ACA,ACC,ACG,ACT,AGA,AGC,AGG,AGT,ATA,ATC,ATG,ATT,CAA,CAC,CAG,CAT,CCA,CCC,CCG,CCT,CGA,CGC,CGG,CGT,CTA,CTC,CTG,CTT,GAA,GAC,GAG,GAT,GCA,GCC,GCG,GCT,GGA,GGC,GGG,GGT,GTA,GTC,GTG,GTT,TAA,TAC,TAG,TAT,TCA,TCC,TCG,TCT,TGA,TGC,TGG,TGT,TTA,TTC,TTG,TTT
Mycobacterium phage Pipefish,Duplodnaviria,bacteria,Pipefishp1,0.164539007092199,1.84735202492212,1.8354609929078,0.152647975077882,0.225783972125436,1.96236933797909,1.62508710801394,0.186759581881533,0.0520346897931955,1.1345995045417,0.392261507671781,0.178364987613543,0.0285986653956149,2.83412774070543,1,0.137273593898951,0.12012012012012,1.70126582278481,1.87987987987988,0.29873417721519,0.0721262208865515,1.01577761081893,2.572501878287,0.339594290007513,0.244162775183456,2.28552368245497,2.29753168779186,0.728485657104736,0.0350058343057176,2.74095682613769,2.43990665110852,0.175029171528588,0.380585516178737,1.72093023255814,1.61941448382126,0.27906976744186,0.350623240852433,1.49738640932851,1.86891837555287,0.283071974266184,0.576402321083172,2.18375241779497,0.67504835589942,0.564796905222437,0.100342075256556,2.18928164196123,1.54618015963512,0.164196123147092,0.382352941176471,1.86638830897704,0.647058823529412,0.133611691022964,0.203137902559868,1.71428571428571,2.5813377374071,0.188274153592073,1.97058823529412,1.77510040160643,1,0.224899598393574,0.0210035005834306,1.92783505154639,0.588098016336056,0.0721649484536082
