virus,realm,host,locus_tag,AAA,AAC,AAG,AAT,ACA,ACC,ACG,ACT,AGA,AGC,AGG,AGT,ATA,ATC,ATG,ATT,CAA,CAC,CAG,CAT,CCA,CCC,CCG,CCT,CGA,CGC,CGG,CGT,CTA,CTC,CTG,CTT,GAA,GAC,GAG,GAT,GCA,GCC,GCG,GCT,GGA,GGC,GGG,GGT,GTA,GTC,GTG,GTT,TAA,TAC,TAG,TAT,TCA,TCC,TCG,TCT,TGA,TGC,TGG,TGT,TTA,TTC,TTG,TTT
Mycobacterium phage Violet,Duplodnaviria,bacteria,VIOLET,0.427098674521355,1.91221374045802,1.57290132547865,0.0877862595419847,0.265927977839335,2.13111726685134,1.27423822714681,0.328716528162512,0.16304347826087,0.961923847695391,0.385869565217391,0.132264529058116,0.064070351758794,2.77010050251256,1,0.165829145728643,0.246679316888046,1.75535168195719,1.75332068311195,0.244648318042813,0.197802197802198,0.993406593406593,2.17582417582418,0.632967032967033,0.630434782608696,2.38586956521739,1.77173913043478,0.66304347826087,0.257565095003519,1.79028852920479,3.22167487684729,0.253342716396904,0.39853747714808,1.63943661971831,1.60146252285192,0.36056338028169,0.37339841366687,1.19829164124466,1.51067724222087,0.917632702867602,0.398653198653199,1.93400673400673,0.886195286195286,0.781144781144781,0.289195775792039,2.01137286758733,1.34524776604387,0.354183590576767,0.466666666666667,1.8068669527897,0.433333333333333,0.1931330472103,0.348697394789579,1.53907815631263,2.47094188376753,0.547094188376753,2.1,1.74193548387097,1,0.258064516129032,0.0295566502463054,1.89922480620155,0.447572132301196,0.10077519379845
