virus,realm,host,locus_tag,AAA,AAC,AAG,AAT,ACA,ACC,ACG,ACT,AGA,AGC,AGG,AGT,ATA,ATC,ATG,ATT,CAA,CAC,CAG,CAT,CCA,CCC,CCG,CCT,CGA,CGC,CGG,CGT,CTA,CTC,CTG,CTT,GAA,GAC,GAG,GAT,GCA,GCC,GCG,GCT,GGA,GGC,GGG,GGT,GTA,GTC,GTG,GTT,TAA,TAC,TAG,TAT,TCA,TCC,TCG,TCT,TGA,TGC,TGG,TGT,TTA,TTC,TTG,TTT
Mycobacterium phage Smairt,Duplodnaviria,bacteria,JMN97,0.40387275242047,1.86785714285714,1.59612724757953,0.132142857142857,0.314285714285714,2.01785714285714,1.31071428571429,0.357142857142857,0.230580539656582,1.04249291784703,0.470973017170891,0.169971671388102,0.10231425091352,2.67844092570037,1,0.219244823386115,0.28719723183391,1.73255813953488,1.71280276816609,0.267441860465116,0.218181818181818,1.03434343434343,2.12929292929293,0.618181818181818,0.598528209321341,2.2812755519215,1.70237121831562,0.716271463614064,0.303393213572854,1.83632734530938,3.08582834331337,0.275449101796407,0.403155127081507,1.6107732406603,1.59684487291849,0.389226759339705,0.360233918128655,1.33099415204678,1.43157894736842,0.87719298245614,0.422055820285909,1.81892443839346,0.963921034717495,0.795098706603131,0.253281853281853,2.01698841698842,1.33745173745174,0.392277992277992,0.6,1.8300395256917,0.42,0.1699604743083,0.351274787535411,1.51841359773371,2.36827195467422,0.54957507082153,1.98,1.71232876712329,1,0.287671232876712,0.0399201596806387,1.89077212806026,0.459081836327345,0.109227871939736
