virus,realm,host,locus_tag,AAA,AAC,AAG,AAT,ACA,ACC,ACG,ACT,AGA,AGC,AGG,AGT,ATA,ATC,ATG,ATT,CAA,CAC,CAG,CAT,CCA,CCC,CCG,CCT,CGA,CGC,CGG,CGT,CTA,CTC,CTG,CTT,GAA,GAC,GAG,GAT,GCA,GCC,GCG,GCT,GGA,GGC,GGG,GGT,GTA,GTC,GTG,GTT,TAA,TAC,TAG,TAT,TCA,TCC,TCG,TCT,TGA,TGC,TGG,TGT,TTA,TTC,TTG,TTT
Mycobacterium phage Renaud18,Duplodnaviria,bacteria,HWB85,0.668647845468053,1.67301587301587,1.33135215453195,0.326984126984127,0.469635627530364,1.98542510121457,1.10121457489879,0.443724696356275,0.0953822861468584,0.99800796812749,0.376987130961393,0.358565737051793,0.122222222222222,2.28888888888889,1,0.588888888888889,0.524300441826215,1.39007092198582,1.47569955817379,0.609929078014184,0.451612903225806,1.10035842293907,1.90322580645161,0.544802867383513,0.563209689629069,2.24375473126419,1.75321725965178,0.967448902346707,0.210150107219442,1.54395997140815,2.30307362401716,0.497498213009292,0.807323452484743,1.27932489451477,1.19267654751526,0.720675105485232,0.496319663512093,1.37539432176656,1.54994742376446,0.578338590956887,0.471584038694075,1.67835550181378,0.800483675937122,1.04957678355502,0.20384047267356,1.22599704579025,1.91728212703102,0.65288035450517,0.241071428571429,1.49367088607595,0.321428571428571,0.506329113924051,0.49003984063745,1.47609561752988,2.11553784860558,0.561752988047809,2.4375,1.54430379746835,1,0.455696202531646,0.0857755539671194,1.67578125,1.35954253037884,0.32421875
