virus,realm,host,locus_tag,AAA,AAC,AAG,AAT,ACA,ACC,ACG,ACT,AGA,AGC,AGG,AGT,ATA,ATC,ATG,ATT,CAA,CAC,CAG,CAT,CCA,CCC,CCG,CCT,CGA,CGC,CGG,CGT,CTA,CTC,CTG,CTT,GAA,GAC,GAG,GAT,GCA,GCC,GCG,GCT,GGA,GGC,GGG,GGT,GTA,GTC,GTG,GTT,TAA,TAC,TAG,TAT,TCA,TCC,TCG,TCT,TGA,TGC,TGG,TGT,TTA,TTC,TTG,TTT
Mycobacterium phage Mundrea,Duplodnaviria,bacteria,KIY77,0.0813464235624123,1.84790874524715,1.91865357643759,0.152091254752852,0.433149171270718,1.84309392265193,1.4585635359116,0.265193370165746,0.210431654676259,1.37383177570093,0.658273381294964,0.259345794392523,0.052,2.628,1,0.32,0.315424610051993,1.72477064220183,1.68457538994801,0.275229357798165,0.325581395348837,1.14587737843552,2.14376321353066,0.384778012684989,0.798561151079137,1.73741007194245,1.88848920863309,0.706834532374101,0.126822157434402,2.23906705539359,2.80758017492711,0.301749271137026,0.398148148148148,1.75935288169869,1.60185185185185,0.240647118301314,0.635041113219481,1.47248576850095,1.27767235926629,0.614800759013283,0.461215932914046,2.07127882599581,0.614954577218728,0.852550663871419,0.165289256198347,2.27107438016529,1.2495867768595,0.31404958677686,0.517241379310345,1.85087719298246,0.310344827586207,0.149122807017544,0.378504672897196,1.24065420560748,2.40420560747664,0.343457943925234,2.17241379310345,1.71641791044776,1,0.283582089552239,0.021865889212828,1.95437262357414,0.502915451895044,0.0456273764258555
