virus,realm,host,locus_tag,AAA,AAC,AAG,AAT,ACA,ACC,ACG,ACT,AGA,AGC,AGG,AGT,ATA,ATC,ATG,ATT,CAA,CAC,CAG,CAT,CCA,CCC,CCG,CCT,CGA,CGC,CGG,CGT,CTA,CTC,CTG,CTT,GAA,GAC,GAG,GAT,GCA,GCC,GCG,GCT,GGA,GGC,GGG,GGT,GTA,GTC,GTG,GTT,TAA,TAC,TAG,TAT,TCA,TCC,TCG,TCT,TGA,TGC,TGG,TGT,TTA,TTC,TTG,TTT
Mycobacterium phage Reindeer,NA,NA,J4U05,0.157948717948718,1.53846153846154,1.84205128205128,0.461538461538462,0.343335659455687,1.50732728541521,1.35101186322401,0.798325191905094,0.113799869195553,1.36951316839585,0.345323741007194,0.5219473264166,0.0421792618629174,2.26186291739895,1,0.695957820738137,0.206115515288788,1.43873517786561,1.79388448471121,0.561264822134387,0.532434709351306,0.855939342881213,1.71861836562763,0.893007582139848,0.400261608894702,2.18181818181818,1.41268803139307,1.5461085676913,0.184322033898305,1.28389830508475,3.10487288135593,0.502118644067797,0.422103861517976,1.27120822622108,1.57789613848202,0.72879177377892,0.406893652795292,1.24253888188314,1.48297604035309,0.867591424968474,0.306288032454361,1.93914807302231,0.67342799188641,1.08113590263692,0.151202749140893,1.30126002290951,1.81443298969072,0.733104238258877,0.385714285714286,1.57985611510791,0.407142857142857,0.420143884892086,0.28731045490822,0.905027932960894,2.39425379090184,0.5219473264166,2.20714285714286,1.55932203389831,1,0.440677966101695,0.0190677966101695,1.67611336032389,0.905720338983051,0.323886639676113
