virus,realm,host,locus_tag,AAA,AAC,AAG,AAT,ACA,ACC,ACG,ACT,AGA,AGC,AGG,AGT,ATA,ATC,ATG,ATT,CAA,CAC,CAG,CAT,CCA,CCC,CCG,CCT,CGA,CGC,CGG,CGT,CTA,CTC,CTG,CTT,GAA,GAC,GAG,GAT,GCA,GCC,GCG,GCT,GGA,GGC,GGG,GGT,GTA,GTC,GTG,GTT,TAA,TAC,TAG,TAT,TCA,TCC,TCG,TCT,TGA,TGC,TGG,TGT,TTA,TTC,TTG,TTT
Necocli virus,Riboviria,vertebrates,FK979,1.11711711711712,0.538461538461538,0.882882882882883,1.46153846153846,2.17054263565891,0.217054263565891,0.217054263565891,1.3953488372093,1.96875,0.533333333333333,1.59375,1.15555555555556,1.05882352941176,0.676470588235294,1,1.26470588235294,1.15492957746479,0.545454545454545,0.845070422535211,1.45454545454545,1.75342465753425,0.328767123287671,0.383561643835616,1.53424657534247,0.65625,0.375,0.84375,0.5625,0.675,0.5625,0.7125,1.1625,1.14851485148515,0.632911392405063,0.851485148514851,1.36708860759494,1.93814432989691,0.824742268041237,0.123711340206186,1.11340206185567,1.14814814814815,0.444444444444444,1.07407407407407,1.33333333333333,1.07826086956522,0.695652173913043,0.695652173913043,1.5304347826087,3,0.653061224489796,0,1.3469387755102,1.91111111111111,0.355555555555556,0.133333333333333,1.91111111111111,0,0.647058823529412,1,1.35294117647059,1.5,0.632911392405063,1.3875,1.36708860759494
