virus,realm,host,locus_tag,AAA,AAC,AAG,AAT,ACA,ACC,ACG,ACT,AGA,AGC,AGG,AGT,ATA,ATC,ATG,ATT,CAA,CAC,CAG,CAT,CCA,CCC,CCG,CCT,CGA,CGC,CGG,CGT,CTA,CTC,CTG,CTT,GAA,GAC,GAG,GAT,GCA,GCC,GCG,GCT,GGA,GGC,GGG,GGT,GTA,GTC,GTG,GTT,TAA,TAC,TAG,TAT,TCA,TCC,TCG,TCT,TGA,TGC,TGG,TGT,TTA,TTC,TTG,TTT
Nesidiocoris tenuis iflavirus 1,NA,NA,EXK29,1.25748502994012,0.327868852459016,0.74251497005988,1.67213114754098,0.976190476190476,0.476190476190476,0.619047619047619,1.92857142857143,1.70984455958549,0.288,1.4300518134715,1.248,0.545454545454545,0.72192513368984,1,1.73262032085562,1.21739130434783,0.518518518518518,0.782608695652174,1.48148148148148,1.01818181818182,0.727272727272727,0.412121212121212,1.84242424242424,0.715025906735751,0.590673575129534,0.49740932642487,1.05699481865285,0.412017167381974,0.695278969957081,0.463519313304721,1.75107296137339,1.12765957446809,0.497354497354497,0.872340425531915,1.5026455026455,0.875,0.645833333333333,0.520833333333333,1.95833333333333,1.51633986928105,0.392156862745098,0.758169934640523,1.33333333333333,0.710280373831776,0.542056074766355,0.598130841121495,2.14953271028037,1.5,0.571428571428571,1.5,1.42857142857143,1.32,0.72,0.624,1.8,0,0.473684210526316,1,1.52631578947368,1.2618025751073,0.64,1.41630901287554,1.36
