virus,realm,host,locus_tag,AAA,AAC,AAG,AAT,ACA,ACC,ACG,ACT,AGA,AGC,AGG,AGT,ATA,ATC,ATG,ATT,CAA,CAC,CAG,CAT,CCA,CCC,CCG,CCT,CGA,CGC,CGG,CGT,CTA,CTC,CTG,CTT,GAA,GAC,GAG,GAT,GCA,GCC,GCG,GCT,GGA,GGC,GGG,GGT,GTA,GTC,GTG,GTT,TAA,TAC,TAG,TAT,TCA,TCC,TCG,TCT,TGA,TGC,TGG,TGT,TTA,TTC,TTG,TTT
Oat sterile dwarf virus,Riboviria,invertebrates:land plants,D1R92,1.46969696969697,0.777777777777778,0.53030303030303,1.22222222222222,1.2,0.453333333333333,0.426666666666667,1.92,1.94444444444444,0.428571428571429,0.333333333333333,1.45054945054945,0.62874251497006,0.467065868263473,1,1.90419161676647,1.41666666666667,0.369230769230769,0.583333333333333,1.63076923076923,1.55555555555556,0.666666666666667,0.444444444444444,1.33333333333333,1.38888888888889,0.5,0.222222222222222,1.61111111111111,0.602510460251046,0.351464435146443,0.276150627615063,0.878661087866109,1.53333333333333,0.5,0.466666666666667,1.5,0.973913043478261,0.626086956521739,0.556521739130435,1.84347826086957,1.69230769230769,0.41025641025641,0.205128205128205,1.69230769230769,0.661654135338346,0.451127819548872,0.300751879699248,2.58646616541353,1.5,0.45045045045045,0.5,1.54954954954955,2.24175824175824,0.428571428571429,0.362637362637363,1.08791208791209,1,0.620689655172414,1,1.37931034482759,2.61087866108787,0.446153846153846,1.28033472803347,1.55384615384615
