virus,realm,host,locus_tag,AAA,AAC,AAG,AAT,ACA,ACC,ACG,ACT,AGA,AGC,AGG,AGT,ATA,ATC,ATG,ATT,CAA,CAC,CAG,CAT,CCA,CCC,CCG,CCT,CGA,CGC,CGG,CGT,CTA,CTC,CTG,CTT,GAA,GAC,GAG,GAT,GCA,GCC,GCG,GCT,GGA,GGC,GGG,GGT,GTA,GTC,GTG,GTT,TAA,TAC,TAG,TAT,TCA,TCC,TCG,TCT,TGA,TGC,TGG,TGT,TTA,TTC,TTG,TTT
Oat chlorotic stunt virus,Riboviria,land plants,OCSVgp,0.926829268292683,1.04225352112676,1.07317073170732,0.957746478873239,1.13793103448276,1.31034482758621,0.758620689655172,0.793103448275862,0.433734939759036,0.694214876033058,1.30120481927711,0.743801652892562,0.738461538461539,1.29230769230769,1,0.969230769230769,1,0.8125,1,1.1875,0.911392405063291,1.36708860759494,0.759493670886076,0.962025316455696,0.506024096385542,1.66265060240964,0.939759036144578,1.1566265060241,0.458333333333333,0.916666666666667,1.45833333333333,1.04166666666667,0.656716417910448,0.771929824561403,1.34328358208955,1.2280701754386,0.743362831858407,0.991150442477876,1.23893805309735,1.02654867256637,0.58252427184466,1.16504854368932,1.00970873786408,1.24271844660194,0.31496062992126,0.850393700787402,1.92125984251968,0.913385826771654,0,1.12820512820513,1.8,0.871794871794872,1.2396694214876,1.38842975206612,0.84297520661157,1.09090909090909,1.2,0.484848484848485,1,1.51515151515152,0.375,0.96875,1.75,1.03125
