virus,realm,host,locus_tag,AAA,AAC,AAG,AAT,ACA,ACC,ACG,ACT,AGA,AGC,AGG,AGT,ATA,ATC,ATG,ATT,CAA,CAC,CAG,CAT,CCA,CCC,CCG,CCT,CGA,CGC,CGG,CGT,CTA,CTC,CTG,CTT,GAA,GAC,GAG,GAT,GCA,GCC,GCG,GCT,GGA,GGC,GGG,GGT,GTA,GTC,GTG,GTT,TAA,TAC,TAG,TAT,TCA,TCC,TCG,TCT,TGA,TGC,TGG,TGT,TTA,TTC,TTG,TTT
Odonata-associated circular virus-14,unclassified viruses,invertebrates,EXI77,0.857142857142857,0.72,1.14285714285714,1.28,1.33333333333333,0.833333333333333,0.5,1.33333333333333,3.85714285714286,0.153846153846154,0,1.23076923076923,0.96,0.72,1,1.32,1.66666666666667,0.75,0.333333333333333,1.25,1.77777777777778,0.888888888888889,0,1.33333333333333,0.214285714285714,0.642857142857143,0,1.28571428571429,0.642857142857143,0.642857142857143,0,2.35714285714286,1.55555555555556,0.285714285714286,0.444444444444444,1.71428571428571,1.62962962962963,0.296296296296296,0.148148148148148,1.92592592592593,1.62962962962963,0.444444444444444,0,1.92592592592593,1.37142857142857,0.342857142857143,0.342857142857143,1.94285714285714,3,0.631578947368421,0,1.36842105263158,1.07692307692308,0.615384615384615,0.615384615384615,2.30769230769231,0,0.666666666666667,1,1.33333333333333,1.71428571428571,0.857142857142857,0.642857142857143,1.14285714285714
