virus,realm,host,locus_tag,AAA,AAC,AAG,AAT,ACA,ACC,ACG,ACT,AGA,AGC,AGG,AGT,ATA,ATC,ATG,ATT,CAA,CAC,CAG,CAT,CCA,CCC,CCG,CCT,CGA,CGC,CGG,CGT,CTA,CTC,CTG,CTT,GAA,GAC,GAG,GAT,GCA,GCC,GCG,GCT,GGA,GGC,GGG,GGT,GTA,GTC,GTG,GTT,TAA,TAC,TAG,TAT,TCA,TCC,TCG,TCT,TGA,TGC,TGG,TGT,TTA,TTC,TTG,TTT
Olive latent ringspot virus,NA,NA,D1S97,0.744186046511628,0.315789473684211,1.25581395348837,1.68421052631579,1.07936507936508,1.26984126984127,0.317460317460317,1.33333333333333,1.94594594594595,0.18,1.13513513513514,1.32,0.629032258064516,0.580645161290323,1,1.79032258064516,0.954545454545455,0.32,1.04545454545455,1.68,1.06666666666667,0.853333333333333,0.426666666666667,1.65333333333333,0.486486486486487,0.810810810810811,0.486486486486487,1.13513513513514,0.470588235294118,0.529411764705882,1.11764705882353,1.11764705882353,0.779661016949153,0.754716981132076,1.22033898305085,1.24528301886792,0.792452830188679,1.05660377358491,0.60377358490566,1.54716981132075,1.16455696202532,1.06329113924051,0.810126582278481,0.962025316455696,0.432432432432432,1.02702702702703,0.972972972972973,1.56756756756757,0,0.4375,3,1.5625,0.72,0.96,0.3,2.52,0,1.15789473684211,1,0.842105263157895,1.23529411764706,0.644067796610169,1.52941176470588,1.35593220338983
