virus,realm,host,locus_tag,AAA,AAC,AAG,AAT,ACA,ACC,ACG,ACT,AGA,AGC,AGG,AGT,ATA,ATC,ATG,ATT,CAA,CAC,CAG,CAT,CCA,CCC,CCG,CCT,CGA,CGC,CGG,CGT,CTA,CTC,CTG,CTT,GAA,GAC,GAG,GAT,GCA,GCC,GCG,GCT,GGA,GGC,GGG,GGT,GTA,GTC,GTG,GTT,TAA,TAC,TAG,TAT,TCA,TCC,TCG,TCT,TGA,TGC,TGG,TGT,TTA,TTC,TTG,TTT
Ophiostoma partitivirus 1,Riboviria,fungi,D1T35,0.956521739130435,1.44,1.04347826086957,0.56,0.542372881355932,1.89830508474576,0.88135593220339,0.677966101694915,0.26865671641791,0.32258064516129,0.26865671641791,0.387096774193548,0.375,1.875,1,0.75,0.916666666666667,0.705882352941177,1.08333333333333,1.29411764705882,0.581818181818182,1.45454545454545,0.945454545454545,1.01818181818182,0.805970149253731,1.70149253731343,0.716417910447761,2.23880597014925,0.64,1.2,2,1.04,1.02325581395349,1.10344827586207,0.976744186046512,0.896551724137931,0.585365853658537,1.65853658536585,0.439024390243902,1.31707317073171,1.04615384615385,0.923076923076923,0.738461538461539,1.29230769230769,0.615384615384615,1.04615384615385,1.16923076923077,1.16923076923077,1.5,1.31034482758621,1.5,0.689655172413793,0.709677419354839,2.12903225806452,0.967741935483871,1.48387096774194,0,0.5,1,1.5,0.48,1.25,0.64,0.75
