virus,realm,host,locus_tag,AAA,AAC,AAG,AAT,ACA,ACC,ACG,ACT,AGA,AGC,AGG,AGT,ATA,ATC,ATG,ATT,CAA,CAC,CAG,CAT,CCA,CCC,CCG,CCT,CGA,CGC,CGG,CGT,CTA,CTC,CTG,CTT,GAA,GAC,GAG,GAT,GCA,GCC,GCG,GCT,GGA,GGC,GGG,GGT,GTA,GTC,GTG,GTT,TAA,TAC,TAG,TAT,TCA,TCC,TCG,TCT,TGA,TGC,TGG,TGT,TTA,TTC,TTG,TTT
Oriboca virus,Riboviria,human:invertebrates:vertebrates,CAU77,1.27156549520767,0.558951965065502,0.728434504792332,1.4410480349345,2.5469387755102,0.326530612244898,0.195918367346939,0.930612244897959,3.42352941176471,0.848484848484849,1.34117647058824,0.98989898989899,1.33846153846154,0.627692307692308,1,1.03384615384615,1.41007194244604,0.585365853658537,0.589928057553957,1.41463414634146,1.70992366412214,0.427480916030534,0.244274809160305,1.61832061068702,0.388235294117647,0.282352941176471,0.317647058823529,0.247058823529412,0.966233766233766,0.467532467532468,0.592207792207792,0.67012987012987,1.2831541218638,0.515789473684211,0.716845878136201,1.48421052631579,2.25806451612903,0.408602150537634,0.236559139784946,1.09677419354839,1.55151515151515,0.606060606060606,0.96969696969697,0.872727272727273,1.04347826086957,0.772946859903382,0.676328502415459,1.50724637681159,2.25,0.759493670886076,0.75,1.24050632911392,1.63636363636364,0.626262626262626,0.424242424242424,1.47474747474747,0,0.828828828828829,1,1.17117117117117,1.82337662337662,0.83743842364532,1.48051948051948,1.16256157635468
