virus,realm,host,locus_tag,AAA,AAC,AAG,AAT,ACA,ACC,ACG,ACT,AGA,AGC,AGG,AGT,ATA,ATC,ATG,ATT,CAA,CAC,CAG,CAT,CCA,CCC,CCG,CCT,CGA,CGC,CGG,CGT,CTA,CTC,CTG,CTT,GAA,GAC,GAG,GAT,GCA,GCC,GCG,GCT,GGA,GGC,GGG,GGT,GTA,GTC,GTG,GTT,TAA,TAC,TAG,TAT,TCA,TCC,TCG,TCT,TGA,TGC,TGG,TGT,TTA,TTC,TTG,TTT
Ostreococcus tauri virus OtV5,Varidnaviria,eukaryotic algae,OtV5,0.756708804612996,0.9060838747785,1.243291195387,1.0939161252215,1.32538607423462,1.14765646166351,0.784611216472501,0.742346247629369,1.49903907751441,0.515168860904408,1.01857783472133,1.33772180881511,0.63915547024952,1.04633945708802,1,1.31450507266246,1.33365617433414,1.31635802469136,0.66634382566586,0.683641975308642,2.14274128142741,1.07704785077048,0.321167883211679,0.45904298459043,0.824471492632928,0.993593850096092,0.522741832158872,1.14157591287636,0.334731543624161,2.4626677852349,0.459312080536913,1.12122483221477,1.12976708471973,0.792869269949066,0.870232915280266,1.20713073005093,0.655114589155953,1.24874231414198,1.20737842370039,0.888764673001677,0.751334044823906,0.537886872998933,0.67769477054429,2.03308431163287,0.554816457255482,1.0189701897019,1.32150776053215,1.10470559251047,1.89473684210526,1.09,0.546558704453441,0.91,1.36863194046938,1.18488838008014,0.595878649112765,0.997710360618203,0.558704453441296,0.520039100684262,1,1.47996089931574,0.492030201342282,0.880443388756928,1.13003355704698,1.11955661124307
