virus,realm,host,locus_tag,AAA,AAC,AAG,AAT,ACA,ACC,ACG,ACT,AGA,AGC,AGG,AGT,ATA,ATC,ATG,ATT,CAA,CAC,CAG,CAT,CCA,CCC,CCG,CCT,CGA,CGC,CGG,CGT,CTA,CTC,CTG,CTT,GAA,GAC,GAG,GAT,GCA,GCC,GCG,GCT,GGA,GGC,GGG,GGT,GTA,GTC,GTG,GTT,TAA,TAC,TAG,TAT,TCA,TCC,TCG,TCT,TGA,TGC,TGG,TGT,TTA,TTC,TTG,TTT
Ovine adenovirus 7,Varidnaviria,vertebrates,OaV7,1.54368932038835,0.527156549520767,0.456310679611651,1.47284345047923,1.47645951035782,0.414312617702448,0.195856873822976,1.91337099811676,3.20099255583127,0.564606741573034,0.833746898263027,1.38202247191011,1.15656565656566,0.328282828282828,1,1.51515151515152,1.52618453865337,0.491620111731844,0.473815461346633,1.50837988826816,1.40880503144654,0.394129979035639,0.385744234800839,1.81132075471698,0.491315136476427,0.416873449131514,0.253101736972705,0.803970223325062,0.58458244111349,0.211991434689507,0.481798715203426,0.944325481798715,1.65612648221344,0.458128078817734,0.343873517786561,1.54187192118227,1.22048997772829,0.507795100222717,0.356347438752784,1.91536748329621,2.0093896713615,0.469483568075117,0.403755868544601,1.11737089201878,1.36774193548387,0.283870967741935,0.550537634408602,1.79784946236559,2.06896551724138,0.50131926121372,0.103448275862069,1.49868073878628,1.56741573033708,0.303370786516854,0.193820224719101,1.98876404494382,0.827586206896552,0.432432432432432,1,1.56756756756757,2.53747323340471,0.340264650283554,1.23982869379015,1.65973534971645
