virus,realm,host,locus_tag,AAA,AAC,AAG,AAT,ACA,ACC,ACG,ACT,AGA,AGC,AGG,AGT,ATA,ATC,ATG,ATT,CAA,CAC,CAG,CAT,CCA,CCC,CCG,CCT,CGA,CGC,CGG,CGT,CTA,CTC,CTG,CTT,GAA,GAC,GAG,GAT,GCA,GCC,GCG,GCT,GGA,GGC,GGG,GGT,GTA,GTC,GTG,GTT,TAA,TAC,TAG,TAT,TCA,TCC,TCG,TCT,TGA,TGC,TGG,TGT,TTA,TTC,TTG,TTT
Paenibacillus phage Pagassa,Duplodnaviria,bacteria,HWB45,1.30178571428571,0.838487972508591,0.698214285714286,1.16151202749141,1.29050279329609,1.04469273743017,0.983240223463687,0.681564245810056,1.4584013050571,1.08812260536398,1.2626427406199,1.04980842911877,0.661073825503356,1.02013422818792,1,1.31879194630872,1.16929133858268,0.786885245901639,0.830708661417323,1.21311475409836,1.15596330275229,0.669724770642202,0.926605504587156,1.24770642201835,0.783034257748777,0.792822185970636,0.978792822185971,0.724306688417618,0.831024930747922,0.631578947368421,0.936288088642659,1.22991689750693,1.36053130929791,0.745945945945946,0.639468690702087,1.25405405405405,1.2970297029703,0.861386138613861,0.732673267326733,1.10891089108911,1.29065300896287,0.793854033290653,0.978233034571063,0.937259923175416,1.09326424870466,0.730569948186529,1.06735751295337,1.10880829015544,1.24285714285714,0.780172413793103,0.385714285714286,1.2198275862069,1.08812260536398,0.996168582375479,0.544061302681992,1.23371647509579,1.37142857142857,0.96551724137931,1,1.03448275862069,1.32409972299169,0.687224669603524,1.04709141274238,1.31277533039648
