virus,realm,host,locus_tag,AAA,AAC,AAG,AAT,ACA,ACC,ACG,ACT,AGA,AGC,AGG,AGT,ATA,ATC,ATG,ATT,CAA,CAC,CAG,CAT,CCA,CCC,CCG,CCT,CGA,CGC,CGG,CGT,CTA,CTC,CTG,CTT,GAA,GAC,GAG,GAT,GCA,GCC,GCG,GCT,GGA,GGC,GGG,GGT,GTA,GTC,GTG,GTT,TAA,TAC,TAG,TAT,TCA,TCC,TCG,TCT,TGA,TGC,TGG,TGT,TTA,TTC,TTG,TTT
Pan troglodytes verus polyomavirus 1a,Monodnaviria,vertebrates,N607,1.25,0.456521739130435,0.75,1.54347826086957,1.11111111111111,1.24444444444444,0,1.64444444444444,4.45161290322581,0.904522613065327,1.25806451612903,1.35678391959799,0.987341772151899,0.417721518987342,1,1.59493670886076,1.07692307692308,0.5,0.923076923076923,1.5,1.32173913043478,0.626086956521739,0.0695652173913043,1.98260869565217,0.290322580645161,0,0,0,0.567164179104478,0.358208955223881,1.19402985074627,1.01492537313433,1.29770992366412,0.563380281690141,0.702290076335878,1.43661971830986,1.13636363636364,0.590909090909091,0.0909090909090909,2.18181818181818,1.53846153846154,0.991452991452991,0.717948717948718,0.752136752136752,1.33333333333333,0.202020202020202,0.888888888888889,1.57575757575758,1.2,0.468085106382979,1.8,1.53191489361702,1.08542713567839,0.934673366834171,0.0904522613065327,1.62814070351759,0,0.962962962962963,1,1.03703703703704,2.29850746268657,0.454545454545455,0.567164179104478,1.54545454545455
