virus,realm,host,locus_tag,AAA,AAC,AAG,AAT,ACA,ACC,ACG,ACT,AGA,AGC,AGG,AGT,ATA,ATC,ATG,ATT,CAA,CAC,CAG,CAT,CCA,CCC,CCG,CCT,CGA,CGC,CGG,CGT,CTA,CTC,CTG,CTT,GAA,GAC,GAG,GAT,GCA,GCC,GCG,GCT,GGA,GGC,GGG,GGT,GTA,GTC,GTG,GTT,TAA,TAC,TAG,TAT,TCA,TCC,TCG,TCT,TGA,TGC,TGG,TGT,TTA,TTC,TTG,TTT
Passionfruit leaf distortion virus,Monodnaviria,land plants,BOC64,0.777777777777778,1.05882352941176,1.22222222222222,0.941176470588235,1.14942528735632,0.689655172413793,1.24137931034483,0.919540229885057,1.36842105263158,0.541935483870968,1.57894736842105,0.967741935483871,1.03333333333333,1,1,0.966666666666667,0.90625,0.96551724137931,1.09375,1.03448275862069,1.34939759036145,1.10843373493976,0.72289156626506,0.819277108433735,0.947368421052632,0.421052631578947,0.473684210526316,1.21052631578947,0.841121495327103,1.28971962616822,1.06542056074766,0.785046728971963,0.895522388059702,1,1.1044776119403,1,1.33333333333333,0.974358974358974,0.666666666666667,1.02564102564103,1.1358024691358,0.839506172839506,0.987654320987654,1.03703703703704,0.757894736842105,0.926315789473684,1.01052631578947,1.30526315789474,1.71428571428571,0.733333333333333,0.428571428571429,1.26666666666667,1.00645161290323,1.39354838709677,0.735483870967742,1.35483870967742,0.857142857142857,1.16666666666667,1,0.833333333333333,1.00934579439252,1.46268656716418,1.00934579439252,0.537313432835821
