virus,realm,host,locus_tag,AAA,AAC,AAG,AAT,ACA,ACC,ACG,ACT,AGA,AGC,AGG,AGT,ATA,ATC,ATG,ATT,CAA,CAC,CAG,CAT,CCA,CCC,CCG,CCT,CGA,CGC,CGG,CGT,CTA,CTC,CTG,CTT,GAA,GAC,GAG,GAT,GCA,GCC,GCG,GCT,GGA,GGC,GGG,GGT,GTA,GTC,GTG,GTT,TAA,TAC,TAG,TAT,TCA,TCC,TCG,TCT,TGA,TGC,TGG,TGT,TTA,TTC,TTG,TTT
Pea necrotic yellow dwarf virus,Monodnaviria,land plants,Y977,0.753246753246753,0.478260869565217,1.24675324675325,1.52173913043478,1.21428571428571,1.07142857142857,0.714285714285714,1,1.25274725274725,0.413793103448276,1.45054945054945,1.03448275862069,0.857142857142857,0.678571428571429,1,1.46428571428571,0.926829268292683,0.347826086956522,1.07317073170732,1.65217391304348,1.5,0.25,1.08333333333333,1.16666666666667,0.527472527472527,0.395604395604396,0.857142857142857,1.51648351648352,0.0545454545454545,0.763636363636364,1.14545454545455,1.03636363636364,1.26315789473684,0.823529411764706,0.736842105263158,1.17647058823529,0.692307692307692,0.307692307692308,0.846153846153846,2.15384615384615,1.07865168539326,0.269662921348315,0.539325842696629,2.1123595505618,0.823529411764706,0.274509803921569,0.823529411764706,2.07843137254902,1.875,0.653061224489796,0.375,1.3469387755102,1.58620689655172,0.482758620689655,0.620689655172414,1.86206896551724,0.75,0.24,1,1.76,1.90909090909091,0.838709677419355,1.09090909090909,1.16129032258065
