virus,realm,host,locus_tag,AAA,AAC,AAG,AAT,ACA,ACC,ACG,ACT,AGA,AGC,AGG,AGT,ATA,ATC,ATG,ATT,CAA,CAC,CAG,CAT,CCA,CCC,CCG,CCT,CGA,CGC,CGG,CGT,CTA,CTC,CTG,CTT,GAA,GAC,GAG,GAT,GCA,GCC,GCG,GCT,GGA,GGC,GGG,GGT,GTA,GTC,GTG,GTT,TAA,TAC,TAG,TAT,TCA,TCC,TCG,TCT,TGA,TGC,TGG,TGT,TTA,TTC,TTG,TTT
Pea enation mosaic virus 2,Riboviria,land plants,PEMV2gp,0.783783783783784,1.34545454545455,1.21621621621622,0.654545454545455,0.554455445544555,1.98019801980198,0.752475247524752,0.712871287128713,0.681818181818182,1.26605504587156,1.27272727272727,1.04587155963303,0.666666666666667,1.42857142857143,1,0.904761904761905,0.612244897959184,1.09090909090909,1.38775510204082,0.909090909090909,0.824427480916031,1.09923664122137,0.549618320610687,1.52671755725191,0.727272727272727,1.18181818181818,1.13636363636364,1,0.690647482014389,1.33812949640288,1.68345323741007,0.906474820143885,0.641509433962264,1.11111111111111,1.35849056603774,0.888888888888889,0.712328767123288,1.26027397260274,0.849315068493151,1.17808219178082,0.752475247524752,1.02970297029703,1.38613861386139,0.831683168316832,0.372093023255814,1.2093023255814,1.55038759689922,0.868217054263566,0,1.5,1.5,0.5,0.55045871559633,1.59633027522936,0.660550458715596,0.880733944954128,1.5,1.27272727272727,1,0.727272727272727,0.345323741007194,1.30612244897959,1.03597122302158,0.693877551020408
