virus,realm,host,locus_tag,AAA,AAC,AAG,AAT,ACA,ACC,ACG,ACT,AGA,AGC,AGG,AGT,ATA,ATC,ATG,ATT,CAA,CAC,CAG,CAT,CCA,CCC,CCG,CCT,CGA,CGC,CGG,CGT,CTA,CTC,CTG,CTT,GAA,GAC,GAG,GAT,GCA,GCC,GCG,GCT,GGA,GGC,GGG,GGT,GTA,GTC,GTG,GTT,TAA,TAC,TAG,TAT,TCA,TCC,TCG,TCT,TGA,TGC,TGG,TGT,TTA,TTC,TTG,TTT
Pectobacterium phage PP47,Duplodnaviria,bacteria,HOR52,0.55609756097561,1.31666666666667,1.44390243902439,0.683333333333333,0.839779005524862,1.28729281767956,0.734806629834254,1.13812154696133,0.587537091988131,0.865979381443299,0.382789317507418,0.742268041237113,0.203791469194313,1.43601895734597,1,1.36018957345972,0.804828973843058,1.16455696202532,1.19517102615694,0.835443037974684,1.15812917594655,0.338530066815145,0.472160356347439,2.03118040089087,0.667655786350148,1.35311572700297,0.587537091988131,2.4213649851632,0.584942084942085,0.961389961389961,1.3957528957529,1.16988416988417,0.844171779141104,1.11421319796954,1.1558282208589,0.885786802030457,0.781725888324873,0.802030456852792,0.791878172588833,1.6243654822335,0.465020576131687,0.983539094650206,0.650205761316872,1.90123456790123,0.783278327832783,0.778877887788779,1.12651265126513,1.31133113311331,2.22222222222222,1.12334801762115,0.277777777777778,0.876651982378855,1.45360824742268,1.0360824742268,0.579896907216495,1.32216494845361,0.5,1.03448275862069,1,0.96551724137931,0.897683397683398,1.28484848484848,0.99034749034749,0.715151515151515
