virus,realm,host,locus_tag,AAA,AAC,AAG,AAT,ACA,ACC,ACG,ACT,AGA,AGC,AGG,AGT,ATA,ATC,ATG,ATT,CAA,CAC,CAG,CAT,CCA,CCC,CCG,CCT,CGA,CGC,CGG,CGT,CTA,CTC,CTG,CTT,GAA,GAC,GAG,GAT,GCA,GCC,GCG,GCT,GGA,GGC,GGG,GGT,GTA,GTC,GTG,GTT,TAA,TAC,TAG,TAT,TCA,TCC,TCG,TCT,TGA,TGC,TGG,TGT,TTA,TTC,TTG,TTT
Pectobacterium phage Khlen,Duplodnaviria,bacteria,HOU72,0.735440931780366,1.11824324324324,1.26455906821963,0.881756756756757,1.28211284513806,0.921968787515006,0.590636254501801,1.20528211284514,0.550295857988166,0.971357409713574,0.585798816568047,1.59153175591532,0.420512820512821,1.03589743589744,1,1.54358974358974,0.741235392320534,1.17692307692308,1.25876460767947,0.823076923076923,1.34930139720559,0.550898203592814,1.01397205588822,1.08582834331337,0.63905325443787,1.19822485207101,0.612426035502959,2.41420118343195,1.13484162895928,0.792760180995475,1.2868778280543,0.809049773755656,0.787425149700599,0.817369093231162,1.2125748502994,1.18263090676884,1.27710843373494,0.526678141135972,0.80895008605852,1.38726333907057,0.477178423236515,0.663900414937759,0.937759336099585,1.92116182572614,1.75052854122622,0.321353065539112,1.07399577167019,0.854122621564482,1.85454545454545,1.42857142857143,0.327272727272727,0.571428571428571,0.911581569115816,0.851805728518057,0.537982565379826,1.13574097135741,0.818181818181818,0.878048780487805,1,1.1219512195122,1.10226244343891,1.31770833333333,0.87420814479638,0.682291666666667
