virus,realm,host,locus_tag,AAA,AAC,AAG,AAT,ACA,ACC,ACG,ACT,AGA,AGC,AGG,AGT,ATA,ATC,ATG,ATT,CAA,CAC,CAG,CAT,CCA,CCC,CCG,CCT,CGA,CGC,CGG,CGT,CTA,CTC,CTG,CTT,GAA,GAC,GAG,GAT,GCA,GCC,GCG,GCT,GGA,GGC,GGG,GGT,GTA,GTC,GTG,GTT,TAA,TAC,TAG,TAT,TCA,TCC,TCG,TCT,TGA,TGC,TGG,TGT,TTA,TTC,TTG,TTT
Pectobacterium phage phiA41,Duplodnaviria,bacteria,HWB14,1.1307371349096,1.19478402607987,0.869262865090403,0.80521597392013,0.446475195822454,1.50913838120104,0.629242819843342,1.41514360313316,0.315521628498728,1.15812917594655,0.264631043256997,0.828507795100223,0.242163009404389,1.53056426332288,1,1.22727272727273,0.697132616487455,0.92,1.30286738351254,1.08,1.14737883283877,0.407517309594461,1.42037586547972,1.02472799208704,0.493638676844784,0.946564885496183,0.458015267175573,3.52162849872774,0.36692759295499,0.871819960861057,2.77984344422701,0.75146771037182,1.16789297658863,0.894183601962158,0.832107023411371,1.10581639803784,0.87406015037594,0.973684210526316,0.471804511278196,1.68045112781955,0.338940809968847,1.1613707165109,0.548286604361371,1.95140186915888,1.1304347826087,0.718670076726343,0.969309462915601,1.18158567774936,1.63917525773196,0.968824940047962,0.34020618556701,1.03117505995204,0.779510022271715,1.2293986636971,0.67260579064588,1.33184855233853,1.02061855670103,1.06598984771574,1,0.934010152284264,0.663405088062622,1.33412322274882,0.566536203522505,0.665876777251185
