virus,realm,host,locus_tag,AAA,AAC,AAG,AAT,ACA,ACC,ACG,ACT,AGA,AGC,AGG,AGT,ATA,ATC,ATG,ATT,CAA,CAC,CAG,CAT,CCA,CCC,CCG,CCT,CGA,CGC,CGG,CGT,CTA,CTC,CTG,CTT,GAA,GAC,GAG,GAT,GCA,GCC,GCG,GCT,GGA,GGC,GGG,GGT,GTA,GTC,GTG,GTT,TAA,TAC,TAG,TAT,TCA,TCC,TCG,TCT,TGA,TGC,TGG,TGT,TTA,TTC,TTG,TTT
Pelargonium vein banding virus,Riboviria,land plants,PVBV,0.688741721854305,1.42553191489362,1.3112582781457,0.574468085106383,1.35714285714286,1,0.75,0.892857142857143,2.44736842105263,1.4468085106383,2.13157894736842,0.638297872340426,0.992805755395683,1.44604316546763,1,0.561151079136691,1.11111111111111,1.2,0.888888888888889,0.8,2.09375,0.78125,0.625,0.5,0.434210526315789,0.473684210526316,0.315789473684211,0.197368421052632,0.822335025380711,1.43147208121827,1.61421319796954,1.00507614213198,1.17021276595745,0.947368421052632,0.829787234042553,1.05263157894737,1.51111111111111,1.35555555555556,0.377777777777778,0.755555555555556,1.792,0.768,0.832,0.608,0.935483870967742,1.09677419354839,1.41935483870968,0.548387096774194,1,1.41333333333333,0,0.586666666666667,1.53191489361702,1.1063829787234,0.595744680851064,0.680851063829787,2,1.33333333333333,1,0.666666666666667,0.456852791878173,1.40298507462687,0.67005076142132,0.597014925373134
