virus,realm,host,locus_tag,AAA,AAC,AAG,AAT,ACA,ACC,ACG,ACT,AGA,AGC,AGG,AGT,ATA,ATC,ATG,ATT,CAA,CAC,CAG,CAT,CCA,CCC,CCG,CCT,CGA,CGC,CGG,CGT,CTA,CTC,CTG,CTT,GAA,GAC,GAG,GAT,GCA,GCC,GCG,GCT,GGA,GGC,GGG,GGT,GTA,GTC,GTG,GTT,TAA,TAC,TAG,TAT,TCA,TCC,TCG,TCT,TGA,TGC,TGG,TGT,TTA,TTC,TTG,TTT
Pepper vein yellows virus 5,Riboviria,land plants,C4E10,1.04,0.977099236641221,0.96,1.02290076335878,0.968421052631579,1.15789473684211,0.652631578947368,1.22105263157895,1.30805687203791,1.35548172757475,1.08056872037915,0.6578073089701,0.850393700787402,1.2755905511811,1,0.874015748031496,1.11304347826087,1.40298507462687,0.88695652173913,0.597014925373134,0.897560975609756,1.5219512195122,0.663414634146341,0.917073170731707,1.02369668246445,1.10900473933649,1.0521327014218,0.42654028436019,0.747081712062257,1.47081712062257,1.14396887159533,1.09727626459144,0.995215311004785,0.728813559322034,1.00478468899522,1.27118644067797,0.838095238095238,1.08571428571429,0.780952380952381,1.2952380952381,1.49787234042553,0.902127659574468,0.782978723404255,0.817021276595745,0.723618090452261,1.20603015075377,1.16582914572864,0.904522613065327,0,0.911392405063291,1.875,1.08860759493671,1.03654485049834,1.47508305647841,0.518272425249169,0.956810631229236,1.125,1.15555555555556,1,0.844444444444444,0.840466926070039,1.06666666666667,0.700389105058366,0.933333333333333
