virus,realm,host,locus_tag,AAA,AAC,AAG,AAT,ACA,ACC,ACG,ACT,AGA,AGC,AGG,AGT,ATA,ATC,ATG,ATT,CAA,CAC,CAG,CAT,CCA,CCC,CCG,CCT,CGA,CGC,CGG,CGT,CTA,CTC,CTG,CTT,GAA,GAC,GAG,GAT,GCA,GCC,GCG,GCT,GGA,GGC,GGG,GGT,GTA,GTC,GTG,GTT,TAA,TAC,TAG,TAT,TCA,TCC,TCG,TCT,TGA,TGC,TGG,TGT,TTA,TTC,TTG,TTT
Phopivirus,Riboviria,vertebrates,AOB74,1.37106918238994,0.5,0.628930817610063,1.5,1.93846153846154,0.307692307692308,0.0615384615384615,1.69230769230769,4.15909090909091,0.363636363636364,1.09090909090909,1.12727272727273,0.72972972972973,0.425675675675676,1,1.84459459459459,1.48148148148148,0.391304347826087,0.518518518518518,1.60869565217391,1.56701030927835,0.865979381443299,0,1.56701030927835,0.136363636363636,0.136363636363636,0.136363636363636,0.340909090909091,0.646153846153846,0.307692307692308,0.4,1.04615384615385,1.43307086614173,0.402985074626866,0.566929133858268,1.59701492537313,1.72881355932203,0.406779661016949,0.101694915254237,1.76271186440678,1.6,0.414814814814815,0.385185185185185,1.6,0.553459119496855,0.628930817610063,1.15723270440252,1.66037735849057,0,0.740740740740741,0,1.25925925925926,2.18181818181818,0.581818181818182,0,1.74545454545455,3,0.325581395348837,1,1.67441860465116,1.78461538461538,0.346153846153846,1.81538461538462,1.65384615384615
