virus,realm,host,locus_tag,AAA,AAC,AAG,AAT,ACA,ACC,ACG,ACT,AGA,AGC,AGG,AGT,ATA,ATC,ATG,ATT,CAA,CAC,CAG,CAT,CCA,CCC,CCG,CCT,CGA,CGC,CGG,CGT,CTA,CTC,CTG,CTT,GAA,GAC,GAG,GAT,GCA,GCC,GCG,GCT,GGA,GGC,GGG,GGT,GTA,GTC,GTG,GTT,TAA,TAC,TAG,TAT,TCA,TCC,TCG,TCT,TGA,TGC,TGG,TGT,TTA,TTC,TTG,TTT
Piscine myocarditis virus AL V-708,Riboviria,vertebrates,PMCV,1.10204081632653,1.2093023255814,0.897959183673469,0.790697674418605,2.04081632653061,0.73469387755102,0.897959183673469,0.326530612244898,1.59090909090909,1.17757009345794,3.13636363636364,1.28971962616822,1.30434782608696,0.456521739130435,1,1.23913043478261,0.847457627118644,1.2,1.15254237288136,0.8,2.2716049382716,0.395061728395062,0.938271604938272,0.395061728395062,0.681818181818182,0.136363636363636,0.227272727272727,0.227272727272727,1.22535211267606,0.422535211267606,1.14084507042254,0.507042253521127,1.03649635036496,1.03614457831325,0.963503649635037,0.963855421686747,1.45695364238411,0.609271523178808,1.21854304635762,0.71523178807947,1.25128205128205,0.184615384615385,2.1948717948718,0.369230769230769,1.39644970414201,0.520710059171598,1.42011834319527,0.662721893491124,0,1.40909090909091,3,0.590909090909091,2.07476635514019,0.336448598130841,0.728971962616822,0.392523364485981,0,0.620689655172414,1,1.37931034482759,1.69014084507042,1.18367346938776,1.01408450704225,0.816326530612245
