virus,realm,host,locus_tag,AAA,AAC,AAG,AAT,ACA,ACC,ACG,ACT,AGA,AGC,AGG,AGT,ATA,ATC,ATG,ATT,CAA,CAC,CAG,CAT,CCA,CCC,CCG,CCT,CGA,CGC,CGG,CGT,CTA,CTC,CTG,CTT,GAA,GAC,GAG,GAT,GCA,GCC,GCG,GCT,GGA,GGC,GGG,GGT,GTA,GTC,GTG,GTT,TAA,TAC,TAG,TAT,TCA,TCC,TCG,TCT,TGA,TGC,TGG,TGT,TTA,TTC,TTG,TTT
Pistachio ampelovirus A,Riboviria,land plants,KM647,0.911854103343465,0.851985559566787,1.08814589665653,1.14801444043321,0.921135646687697,0.719242902208202,1.07255520504732,1.28706624605678,2.28846153846154,0.861047835990888,1.73076923076923,1.09339407744875,1.47204968944099,0.521739130434783,1,1.00621118012422,1.26495726495726,0.866666666666667,0.735042735042735,1.13333333333333,0.993464052287582,0.496732026143791,1.01960784313725,1.49019607843137,0.557692307692308,0.5,0.192307692307692,0.730769230769231,0.842105263157895,0.654970760233918,0.619883040935672,0.994152046783626,1.07017543859649,0.900621118012422,0.929824561403509,1.09937888198758,0.912052117263844,0.820846905537459,0.872964169381108,1.39413680781759,1.01023890784983,0.723549488054608,0.627986348122867,1.6382252559727,1.05504587155963,0.779816513761468,0.871559633027523,1.29357798165138,1.75,1.01801801801802,0.75,0.981981981981982,0.956719817767654,0.656036446469248,0.997722095671982,1.43507972665148,0.5,0.776699029126214,1,1.22330097087379,1.64912280701754,0.811715481171548,1.23976608187134,1.18828451882845
