virus,realm,host,locus_tag,AAA,AAC,AAG,AAT,ACA,ACC,ACG,ACT,AGA,AGC,AGG,AGT,ATA,ATC,ATG,ATT,CAA,CAC,CAG,CAT,CCA,CCC,CCG,CCT,CGA,CGC,CGG,CGT,CTA,CTC,CTG,CTT,GAA,GAC,GAG,GAT,GCA,GCC,GCG,GCT,GGA,GGC,GGG,GGT,GTA,GTC,GTG,GTT,TAA,TAC,TAG,TAT,TCA,TCC,TCG,TCT,TGA,TGC,TGG,TGT,TTA,TTC,TTG,TTT
Porcine circovirus 2,Monodnaviria,human:vertebrates,PCV2,1.24324324324324,0.6,0.756756756756757,1.4,0.888888888888889,1.42222222222222,0.533333333333333,1.15555555555556,1.74545454545455,1.69565217391304,1.30909090909091,1.17391304347826,0.576923076923077,1.03846153846154,1,1.38461538461538,0.928571428571429,1.47368421052632,1.07142857142857,0.526315789473684,1.23076923076923,1.69230769230769,0.461538461538462,0.615384615384615,0.327272727272727,1.52727272727273,0.436363636363636,0.654545454545455,0.391304347826087,1.04347826086957,1.56521739130435,1.56521739130435,1.33333333333333,1.25925925925926,0.666666666666667,0.740740740740741,0.307692307692308,0.769230769230769,0.615384615384615,2.30769230769231,1.12820512820513,0.82051282051282,0.923076923076923,1.12820512820513,1.15555555555556,0.888888888888889,1.06666666666667,0.888888888888889,2,1.21428571428571,0,0.785714285714286,0.130434782608696,2.21739130434783,0,0.782608695652174,1,1.2,1,0.8,0.130434782608696,0.888888888888889,1.30434782608696,1.11111111111111
