virus,realm,host,locus_tag,AAA,AAC,AAG,AAT,ACA,ACC,ACG,ACT,AGA,AGC,AGG,AGT,ATA,ATC,ATG,ATT,CAA,CAC,CAG,CAT,CCA,CCC,CCG,CCT,CGA,CGC,CGG,CGT,CTA,CTC,CTG,CTT,GAA,GAC,GAG,GAT,GCA,GCC,GCG,GCT,GGA,GGC,GGG,GGT,GTA,GTC,GTG,GTT,TAA,TAC,TAG,TAT,TCA,TCC,TCG,TCT,TGA,TGC,TGG,TGT,TTA,TTC,TTG,TTT
Primate norovirus,NA,NA,BJK45,0.909090909090909,0.621359223300971,1.09090909090909,1.37864077669903,1.26708074534161,1.41614906832298,0.298136645962733,1.01863354037267,1.37142857142857,0.73015873015873,1.58571428571429,1.17460317460317,1.16546762589928,0.820143884892086,1,1.01438848920863,1.14814814814815,0.964285714285714,0.851851851851852,1.03571428571429,1.44578313253012,1.1566265060241,0.265060240963855,1.13253012048193,0.214285714285714,1.15714285714286,0.857142857142857,0.814285714285714,0.889952153110048,1.03349282296651,1.0622009569378,1.14832535885167,1.05633802816901,0.793893129770992,0.943661971830986,1.20610687022901,1.06666666666667,1.31282051282051,0.266666666666667,1.35384615384615,0.676056338028169,1.48356807511737,0.582159624413146,1.25821596244131,0.525,1.025,1.425,1.025,3,0.892307692307692,0,1.10769230769231,1.55555555555556,1.04761904761905,0.19047619047619,1.3015873015873,0,0.941176470588235,1,1.05882352941176,0.717703349282297,1,1.14832535885167,1
