virus,realm,host,locus_tag,AAA,AAC,AAG,AAT,ACA,ACC,ACG,ACT,AGA,AGC,AGG,AGT,ATA,ATC,ATG,ATT,CAA,CAC,CAG,CAT,CCA,CCC,CCG,CCT,CGA,CGC,CGG,CGT,CTA,CTC,CTG,CTT,GAA,GAC,GAG,GAT,GCA,GCC,GCG,GCT,GGA,GGC,GGG,GGT,GTA,GTC,GTG,GTT,TAA,TAC,TAG,TAT,TCA,TCC,TCG,TCT,TGA,TGC,TGG,TGT,TTA,TTC,TTG,TTT
Prochlorococcus phage P-HM2,Duplodnaviria,bacteria,PHM2,1.15956558061821,0.854550609583215,0.840434419381788,1.14544939041678,1.94601128122482,0.325543916196616,0.16116035455278,1.56728444802579,3.45785270629991,0.348757693184408,0.646850044365572,1.51401869158878,1.06603023070803,0.780429594272076,1,1.15354017501989,1.28326379230413,0.669990029910269,0.716736207695874,1.33000997008973,1.84860557768924,0.269145639663568,0.136343514829571,1.74590526781762,0.287488908606921,0.252883762200532,0.0559006211180124,1.29902395740905,1.18125887363938,0.508282063416943,0.291055371509702,1.27354472314245,1.22308802308802,0.651235370611183,0.776911976911977,1.34876462938882,2.46925488304799,0.138895587171449,0.274897516276827,1.11695201350374,1.43419326628771,0.270222999562746,0.143419326628771,2.15216440752077,1.49950149551346,0.556331006979063,0.440677966101695,1.50348953140578,1.58677685950413,0.674979887369268,0.396694214876033,1.32502011263073,1.82858445406884,0.333713243674493,0.154547526783679,1.82037839069979,1.01652892561983,0.481884057971014,1,1.51811594202899,1.98769522006626,0.809891808346213,0.758163748225272,1.19010819165379
