virus,realm,host,locus_tag,AAA,AAC,AAG,AAT,ACA,ACC,ACG,ACT,AGA,AGC,AGG,AGT,ATA,ATC,ATG,ATT,CAA,CAC,CAG,CAT,CCA,CCC,CCG,CCT,CGA,CGC,CGG,CGT,CTA,CTC,CTG,CTT,GAA,GAC,GAG,GAT,GCA,GCC,GCG,GCT,GGA,GGC,GGG,GGT,GTA,GTC,GTG,GTT,TAA,TAC,TAG,TAT,TCA,TCC,TCG,TCT,TGA,TGC,TGG,TGT,TTA,TTC,TTG,TTT
Propionibacterium phage QueenBey,Duplodnaviria,bacteria,SEA,0.919540229885057,1.28823529411765,1.08045977011494,0.711764705882353,0.858715596330275,1.63669724770642,0.910091743119266,0.594495412844037,0.185792349726776,0.778702163061564,0.775956284153005,0.559068219633943,0.32093023255814,1.40232558139535,1,1.27674418604651,0.705570291777188,1.1701244813278,1.29442970822281,0.829875518672199,0.671081677704194,0.847682119205298,1.36865342163355,1.11258278145695,0.513661202185792,1.3551912568306,1.24590163934426,1.92349726775956,0.534124629080119,1.31750741839763,1.0326409495549,0.792284866468843,0.671361502347418,0.924693520140105,1.32863849765258,1.0753064798599,0.474344355758267,1.327251995439,0.880273660205245,1.31812998859749,0.37597911227154,1.18537859007833,0.835509138381201,1.60313315926893,0.229050279329609,0.53072625698324,2.0391061452514,1.20111731843575,0.906976744186046,1.09871244635193,0.209302325581395,0.901287553648069,0.419301164725458,0.788685524126456,1.91680532445923,1.53743760399334,1.88372093023256,1.25925925925926,1,0.740740740740741,0.169139465875371,0.771784232365145,2.15430267062315,1.22821576763485
