virus,realm,host,locus_tag,AAA,AAC,AAG,AAT,ACA,ACC,ACG,ACT,AGA,AGC,AGG,AGT,ATA,ATC,ATG,ATT,CAA,CAC,CAG,CAT,CCA,CCC,CCG,CCT,CGA,CGC,CGG,CGT,CTA,CTC,CTG,CTT,GAA,GAC,GAG,GAT,GCA,GCC,GCG,GCT,GGA,GGC,GGG,GGT,GTA,GTC,GTG,GTT,TAA,TAC,TAG,TAT,TCA,TCC,TCG,TCT,TGA,TGC,TGG,TGT,TTA,TTC,TTG,TTT
Propionibacterium phage PHL117M01,Duplodnaviria,bacteria,FDH76,0.972067039106145,1.25663716814159,1.02793296089385,0.743362831858407,1.01067615658363,1.50177935943061,0.861209964412811,0.626334519572954,0.220588235294118,0.665492957746479,0.882352941176471,0.559859154929577,0.3,1.4780487804878,1,1.2219512195122,0.734375,1.23684210526316,1.265625,0.763157894736842,0.633484162895928,0.805429864253394,1.37556561085973,1.18552036199095,0.441176470588235,1.32352941176471,1.22426470588235,1.90808823529412,0.659732540861813,1.2927191679049,1.07875185735513,0.713224368499257,0.697674418604651,0.899824253075571,1.30232558139535,1.10017574692443,0.503562945368171,1.35391923990499,0.878859857482185,1.26365795724466,0.327176781002639,1.29815303430079,0.802110817941952,1.57255936675462,0.282940360610264,0.460471567267684,2.13037447988904,1.12621359223301,0.91304347826087,1.18297872340426,0.260869565217391,0.817021276595745,0.443661971830986,0.792253521126761,1.86971830985915,1.66901408450704,1.82608695652174,1.23076923076923,1,0.769230769230769,0.133729569093611,0.723577235772358,2.12184249628529,1.27642276422764
