virus,realm,host,locus_tag,AAA,AAC,AAG,AAT,ACA,ACC,ACG,ACT,AGA,AGC,AGG,AGT,ATA,ATC,ATG,ATT,CAA,CAC,CAG,CAT,CCA,CCC,CCG,CCT,CGA,CGC,CGG,CGT,CTA,CTC,CTG,CTT,GAA,GAC,GAG,GAT,GCA,GCC,GCG,GCT,GGA,GGC,GGG,GGT,GTA,GTC,GTG,GTT,TAA,TAC,TAG,TAT,TCA,TCC,TCG,TCT,TGA,TGC,TGG,TGT,TTA,TTC,TTG,TTT
Propionibacterium phage PHL141N00,Duplodnaviria,bacteria,ACQ69,0.945244956772334,1.22754491017964,1.05475504322767,0.772455089820359,0.931216931216931,1.58024691358025,0.895943562610229,0.592592592592593,0.196007259528131,0.697916666666667,0.882032667876588,0.541666666666667,0.357798165137615,1.41743119266055,1,1.22477064220183,0.745945945945946,1.31330472103004,1.25405405405405,0.686695278969957,0.61123595505618,0.871910112359551,1.24943820224719,1.26741573033708,0.468239564428312,1.42649727767695,1.23049001814882,1.7967332123412,0.62407132243685,1.31054977711738,1.0520059435364,0.686478454680535,0.71830985915493,0.918544194107452,1.28169014084507,1.08145580589255,0.459396751740139,1.4292343387471,0.844547563805104,1.26682134570766,0.351421188630491,1.22480620155039,0.821705426356589,1.60206718346253,0.273255813953488,0.505813953488372,1.97674418604651,1.24418604651163,0.8,1.09401709401709,0.333333333333333,0.905982905982906,0.375,0.96875,1.85416666666667,1.5625,1.86666666666667,1.14814814814815,1,0.851851851851852,0.169390787518574,0.751020408163265,2.15750371471025,1.24897959183673
