virus,realm,host,locus_tag,AAA,AAC,AAG,AAT,ACA,ACC,ACG,ACT,AGA,AGC,AGG,AGT,ATA,ATC,ATG,ATT,CAA,CAC,CAG,CAT,CCA,CCC,CCG,CCT,CGA,CGC,CGG,CGT,CTA,CTC,CTG,CTT,GAA,GAC,GAG,GAT,GCA,GCC,GCG,GCT,GGA,GGC,GGG,GGT,GTA,GTC,GTG,GTT,TAA,TAC,TAG,TAT,TCA,TCC,TCG,TCT,TGA,TGC,TGG,TGT,TTA,TTC,TTG,TTT
Propionibacterium phage PHL113M01,Duplodnaviria,bacteria,P749,0.861111111111111,1.23262839879154,1.13888888888889,0.767371601208459,0.867289719626168,1.55514018691589,0.957009345794393,0.620560747663551,0.190654205607477,0.704028021015762,0.863551401869159,0.5569176882662,0.302816901408451,1.45774647887324,1,1.23943661971831,0.672176308539945,1.2936170212766,1.32782369146006,0.706382978723404,0.621004566210046,0.904109589041096,1.26940639269406,1.20547945205479,0.51588785046729,1.32336448598131,1.2,1.90654205607477,0.546282245827011,1.34749620637329,1.01062215477997,0.710166919575114,0.725536992840095,0.918149466192171,1.2744630071599,1.08185053380783,0.431418522860492,1.41617819460727,0.853458382180539,1.2989449003517,0.311284046692607,1.2295719844358,0.835278858625162,1.62386511024643,0.222222222222222,0.524216524216524,1.99430199430199,1.25925925925926,0.954545454545455,1.20512820512821,0.204545454545455,0.794871794871795,0.367775831873905,0.987740805604203,1.70227670753065,1.68126094570928,1.84090909090909,1.18811881188119,1,0.811881188118812,0.136570561456753,0.760330578512397,2.24886191198786,1.2396694214876
