virus,realm,host,locus_tag,AAA,AAC,AAG,AAT,ACA,ACC,ACG,ACT,AGA,AGC,AGG,AGT,ATA,ATC,ATG,ATT,CAA,CAC,CAG,CAT,CCA,CCC,CCG,CCT,CGA,CGC,CGG,CGT,CTA,CTC,CTG,CTT,GAA,GAC,GAG,GAT,GCA,GCC,GCG,GCT,GGA,GGC,GGG,GGT,GTA,GTC,GTG,GTT,TAA,TAC,TAG,TAT,TCA,TCC,TCG,TCT,TGA,TGC,TGG,TGT,TTA,TTC,TTG,TTT
Propionibacterium phage PHL030N00,Duplodnaviria,bacteria,ACQ83,0.971590909090909,1.27011494252874,1.02840909090909,0.729885057471264,1.0383275261324,1.5191637630662,0.843205574912892,0.599303135888502,0.219378427787934,0.768166089965398,0.888482632541133,0.570934256055363,0.297169811320755,1.49292452830189,1,1.20990566037736,0.727272727272727,1.24561403508772,1.27272727272727,0.754385964912281,0.656036446469248,0.838268792710706,1.34851936218679,1.15717539863326,0.449725776965265,1.36014625228519,1.22851919561243,1.85374771480804,0.63905325443787,1.37573964497041,1.05621301775148,0.674556213017751,0.712962962962963,0.912891986062718,1.28703703703704,1.08710801393728,0.509941520467836,1.37543859649123,0.870175438596491,1.24444444444444,0.326745718050066,1.30171277997365,0.801054018445323,1.57048748353096,0.280898876404494,0.48314606741573,2.09550561797753,1.14044943820225,0.933333333333333,1.18143459915612,0.2,0.818565400843882,0.43598615916955,0.788927335640138,1.82698961937716,1.60899653979239,1.86666666666667,1.24074074074074,1,0.759259259259259,0.142011834319527,0.73469387755102,2.11242603550296,1.26530612244898
