virus,realm,host,locus_tag,AAA,AAC,AAG,AAT,ACA,ACC,ACG,ACT,AGA,AGC,AGG,AGT,ATA,ATC,ATG,ATT,CAA,CAC,CAG,CAT,CCA,CCC,CCG,CCT,CGA,CGC,CGG,CGT,CTA,CTC,CTG,CTT,GAA,GAC,GAG,GAT,GCA,GCC,GCG,GCT,GGA,GGC,GGG,GGT,GTA,GTC,GTG,GTT,TAA,TAC,TAG,TAT,TCA,TCC,TCG,TCT,TGA,TGC,TGG,TGT,TTA,TTC,TTG,TTT
Propionibacterium phage P100 1,NA,NA,D293,0.945054945054945,1.29341317365269,1.05494505494505,0.706586826347305,0.841379310344828,1.6551724137931,0.875862068965517,0.627586206896552,0.184115523465704,0.815436241610738,0.953068592057762,0.533557046979866,0.291196388261851,1.48984198645598,1,1.21896162528217,0.72544080604534,1.27572016460905,1.27455919395466,0.724279835390947,0.583690987124464,0.918454935622318,1.21888412017167,1.27896995708155,0.476534296028881,1.35379061371841,1.05054151624549,1.98194945848375,0.482456140350877,1.33333333333333,1.12280701754386,0.692982456140351,0.671023965141612,0.896434634974533,1.32897603485839,1.10356536502547,0.51006711409396,1.36912751677852,0.881431767337808,1.23937360178971,0.351592356687898,1.27898089171975,0.743949044585987,1.62547770700637,0.263374485596708,0.482853223593964,2.01920438957476,1.23456790123457,0.893617021276596,1.2448132780083,0.127659574468085,0.755186721991701,0.38255033557047,0.885906040268456,1.79194630872483,1.59060402684564,1.97872340425532,1.11111111111111,1,0.888888888888889,0.201754385964912,0.796934865900383,2.16666666666667,1.20306513409962
