virus,realm,host,locus_tag,AAA,AAC,AAG,AAT,ACA,ACC,ACG,ACT,AGA,AGC,AGG,AGT,ATA,ATC,ATG,ATT,CAA,CAC,CAG,CAT,CCA,CCC,CCG,CCT,CGA,CGC,CGG,CGT,CTA,CTC,CTG,CTT,GAA,GAC,GAG,GAT,GCA,GCC,GCG,GCT,GGA,GGC,GGG,GGT,GTA,GTC,GTG,GTT,TAA,TAC,TAG,TAT,TCA,TCC,TCG,TCT,TGA,TGC,TGG,TGT,TTA,TTC,TTG,TTT
Propionibacterium phage PA1-14,Duplodnaviria,bacteria,AU147,0.942528735632184,1.23926380368098,1.05747126436782,0.760736196319018,0.966789667896679,1.53505535055351,0.892988929889299,0.605166051660517,0.217785843920145,0.629441624365482,0.860254083484574,0.639593908629442,0.388888888888889,1.40972222222222,1,1.20138888888889,0.737127371273713,1.31004366812227,1.26287262872629,0.689956331877729,0.71889400921659,0.875576036866359,1.17972350230415,1.2258064516129,0.457350272232305,1.27404718693285,1.23049001814882,1.96007259528131,0.444444444444444,1.38666666666667,1.06666666666667,0.72,0.679425837320574,0.892857142857143,1.32057416267943,1.10714285714286,0.562647754137116,1.30023640661939,0.851063829787234,1.28605200945626,0.344473007712082,1.2133676092545,0.802056555269923,1.6401028277635,0.243125904486252,0.468885672937771,2.06657018813314,1.22141823444284,0.933333333333333,1.13675213675214,0.466666666666667,0.863247863247863,0.467005076142132,0.741116751269036,1.81725888324873,1.70558375634518,1.6,1.09090909090909,1,0.909090909090909,0.186666666666667,0.761133603238866,2.19555555555556,1.23886639676113
