virus,realm,host,locus_tag,AAA,AAC,AAG,AAT,ACA,ACC,ACG,ACT,AGA,AGC,AGG,AGT,ATA,ATC,ATG,ATT,CAA,CAC,CAG,CAT,CCA,CCC,CCG,CCT,CGA,CGC,CGG,CGT,CTA,CTC,CTG,CTT,GAA,GAC,GAG,GAT,GCA,GCC,GCG,GCT,GGA,GGC,GGG,GGT,GTA,GTC,GTG,GTT,TAA,TAC,TAG,TAT,TCA,TCC,TCG,TCT,TGA,TGC,TGG,TGT,TTA,TTC,TTG,TTT
Proteus phage Stubb,Duplodnaviria,bacteria,HOU41,1.11355677838919,0.769940672379697,0.886443221610805,1.2300593276203,1.35946248600224,0.573348264277716,0.374020156774916,1.69316909294513,2.46130030959752,0.712355212355212,0.812693498452012,1.37837837837838,1.15533498759305,0.559801488833747,1,1.2848635235732,1.19022316684378,0.73224043715847,0.809776833156217,1.26775956284153,1.85544373284538,0.362305580969808,0.212259835315645,1.56999085086917,0.510835913312694,0.585139318885449,0.111455108359133,1.51857585139319,1.78348214285714,0.194196428571429,0.366071428571429,0.90625,1.16321617717862,0.575461454940282,0.836783822821377,1.42453854505972,1.58169934640523,0.42390289449113,0.427637721755369,1.56676003734827,0.943699731903485,0.549061662198391,0.667024128686327,1.8402144772118,1.92415169660679,0.199600798403194,0.487025948103792,1.38922155688623,1.78378378378378,0.784873949579832,0.527027027027027,1.21512605042017,1.20173745173745,0.651544401544402,0.321428571428571,1.73455598455598,0.689189189189189,0.682352941176471,1,1.31764705882353,2.23883928571429,0.74384236453202,0.511160714285714,1.25615763546798
