virus,realm,host,locus_tag,AAA,AAC,AAG,AAT,ACA,ACC,ACG,ACT,AGA,AGC,AGG,AGT,ATA,ATC,ATG,ATT,CAA,CAC,CAG,CAT,CCA,CCC,CCG,CCT,CGA,CGC,CGG,CGT,CTA,CTC,CTG,CTT,GAA,GAC,GAG,GAT,GCA,GCC,GCG,GCT,GGA,GGC,GGG,GGT,GTA,GTC,GTG,GTT,TAA,TAC,TAG,TAT,TCA,TCC,TCG,TCT,TGA,TGC,TGG,TGT,TTA,TTC,TTG,TTT
Providence virus,Riboviria,invertebrates,PrVp,0.958677685950413,1.08196721311475,1.04132231404959,0.918032786885246,1.02242152466368,1.11210762331839,0.878923766816143,0.986547085201794,1.16883116883117,1.11428571428571,1.42857142857143,1.24285714285714,0.890625,1.1484375,1,0.9609375,0.940298507462687,1.17241379310345,1.05970149253731,0.827586206896552,0.937799043062201,0.976076555023923,0.899521531100478,1.1866028708134,1.09090909090909,0.779220779220779,0.909090909090909,0.623376623376623,0.896103896103896,0.915584415584416,1.12987012987013,0.818181818181818,0.858757062146893,1.06976744186047,1.14124293785311,0.930232558139535,1.03370786516854,0.98876404494382,0.913857677902622,1.06367041198502,1.39344262295082,0.868852459016393,0.80327868852459,0.934426229508197,0.634146341463415,0.861788617886179,1.38211382113821,1.1219512195122,1.2,1.12820512820513,1.2,0.871794871794872,1.2,0.814285714285714,0.728571428571429,0.9,0.6,1.15254237288136,1,0.847457627118644,0.818181818181818,0.987654320987654,1.42207792207792,1.01234567901235
