virus,realm,host,locus_tag,AAA,AAC,AAG,AAT,ACA,ACC,ACG,ACT,AGA,AGC,AGG,AGT,ATA,ATC,ATG,ATT,CAA,CAC,CAG,CAT,CCA,CCC,CCG,CCT,CGA,CGC,CGG,CGT,CTA,CTC,CTG,CTT,GAA,GAC,GAG,GAT,GCA,GCC,GCG,GCT,GGA,GGC,GGG,GGT,GTA,GTC,GTG,GTT,TAA,TAC,TAG,TAT,TCA,TCC,TCG,TCT,TGA,TGC,TGG,TGT,TTA,TTC,TTG,TTT
Pseudomonas phage VSW-3,Duplodnaviria,bacteria,FDH02,0.333804809052334,1.71713147410359,1.66619519094767,0.282868525896414,0.442645074224022,1.66801619433198,0.707152496626181,1.18218623481781,0.248275862068966,1.7923186344239,0.148965517241379,0.366998577524893,0.0490998363338789,2.38625204582651,1,0.564648117839607,0.726605504587156,1.36964980544747,1.27339449541284,0.630350194552529,0.749521988527725,0.497131931166348,2.03441682600382,0.718929254302103,0.918620689655172,2.1351724137931,1.05931034482759,1.48965517241379,0.230541871921182,1.26502463054187,3.13891625615764,0.626600985221675,0.771978021978022,1.40182054616385,1.22802197802198,0.598179453836151,1.04782928623988,1.28623988226637,0.883002207505519,0.782928623988227,0.265873015873016,2.25396825396825,0.396825396825397,1.08333333333333,0.570771001150748,1.27502876869965,1.39010356731876,0.76409666283084,1.30434782608696,1.49318801089918,0.195652173913043,0.506811989100817,0.366998577524893,1.1778093883357,1.52773826458037,0.768136557610242,1.5,1.56451612903226,1,0.435483870967742,0.070935960591133,1.69465648854962,0.667980295566503,0.305343511450382
