virus,realm,host,locus_tag,AAA,AAC,AAG,AAT,ACA,ACC,ACG,ACT,AGA,AGC,AGG,AGT,ATA,ATC,ATG,ATT,CAA,CAC,CAG,CAT,CCA,CCC,CCG,CCT,CGA,CGC,CGG,CGT,CTA,CTC,CTG,CTT,GAA,GAC,GAG,GAT,GCA,GCC,GCG,GCT,GGA,GGC,GGG,GGT,GTA,GTC,GTG,GTT,TAA,TAC,TAG,TAT,TCA,TCC,TCG,TCT,TGA,TGC,TGG,TGT,TTA,TTC,TTG,TTT
Pseudomonas phage Henninger,Duplodnaviria,bacteria,HOS76,0.302543507362784,1.71314741035857,1.69745649263722,0.286852589641434,0.27683615819209,2.33898305084746,0.677966101694915,0.706214689265537,0.0983606557377049,1.17741935483871,0.139344262295082,0.306451612903226,0.0243506493506494,2.63961038961039,1,0.336038961038961,0.895027624309392,1.58730158730159,1.10497237569061,0.412698412698413,0.854209445585216,0.640657084188912,1.1006160164271,1.40451745379877,0.450819672131148,2.4344262295082,0.786885245901639,2.09016393442623,0.112759643916914,1.92878338278932,2.94955489614243,0.451038575667656,0.680652680652681,1.3219094247246,1.31934731934732,0.678090575275398,0.550747442958301,1.42564909520063,0.682926829268293,1.34067663257278,0.184994861253854,1.8705035971223,0.616649537512847,1.327852004111,0.317460317460317,1.47008547008547,1.53357753357753,0.678876678876679,1.5,1.56234096692112,0.288461538461538,0.43765903307888,0.274193548387097,1.59677419354839,1.56451612903226,1.08064516129032,1.21153846153846,1.3448275862069,1,0.655172413793103,0.0534124629080119,1.86266094420601,0.504451038575668,0.137339055793991
