virus,realm,host,locus_tag,AAA,AAC,AAG,AAT,ACA,ACC,ACG,ACT,AGA,AGC,AGG,AGT,ATA,ATC,ATG,ATT,CAA,CAC,CAG,CAT,CCA,CCC,CCG,CCT,CGA,CGC,CGG,CGT,CTA,CTC,CTG,CTT,GAA,GAC,GAG,GAT,GCA,GCC,GCG,GCT,GGA,GGC,GGG,GGT,GTA,GTC,GTG,GTT,TAA,TAC,TAG,TAT,TCA,TCC,TCG,TCT,TGA,TGC,TGG,TGT,TTA,TTC,TTG,TTT
Pseudomonas phage C11,Duplodnaviria,bacteria,AU075,0.82147024504084,1.33565217391304,1.17852975495916,0.664347826086957,0.976651100733823,1.08872581721147,0.539026017344897,1.39559706470981,0.903684550743374,1.5359394703657,0.717517776341306,0.968474148802018,0.207171314741036,1.65338645418327,1,1.1394422310757,0.97741273100616,1.23135755258126,1.02258726899384,0.768642447418738,0.817904374364191,0.459816887080366,1.18413021363174,1.5381485249237,0.985132514544279,1.0316742081448,0.954104718810601,1.40788623141564,1.12892938496583,1.00318906605923,1.77949886104784,1.11799544419134,0.947026022304833,1.11686746987952,1.05297397769517,0.883132530120482,0.96113074204947,0.915194346289753,0.491166077738516,1.63250883392226,0.983879355174207,1.19604784191368,0.640665626625065,1.17940717628705,1.0748031496063,0.826771653543307,0.915354330708661,1.18307086614173,1.62209302325581,1.22697056030389,0.331395348837209,0.773029439696106,0.238335435056747,0.900378310214376,0.89281210592686,1.4640605296343,1.04651162790698,1.29562982005141,1,0.704370179948586,0.164009111617312,1.50796460176991,0.806378132118451,0.492035398230089
