virus,realm,host,locus_tag,AAA,AAC,AAG,AAT,ACA,ACC,ACG,ACT,AGA,AGC,AGG,AGT,ATA,ATC,ATG,ATT,CAA,CAC,CAG,CAT,CCA,CCC,CCG,CCT,CGA,CGC,CGG,CGT,CTA,CTC,CTG,CTT,GAA,GAC,GAG,GAT,GCA,GCC,GCG,GCT,GGA,GGC,GGG,GGT,GTA,GTC,GTG,GTT,TAA,TAC,TAG,TAT,TCA,TCC,TCG,TCT,TGA,TGC,TGG,TGT,TTA,TTC,TTG,TTT
Pseudomonas phage PaBG,Duplodnaviria,bacteria,O152,0.535575148656961,1.59833630421866,1.46442485134304,0.401663695781343,0.448047791764455,1.57798165137615,1.13932152762961,0.834649029229784,0.168092386655261,1.6977130977131,0.182207014542344,0.662370062370062,0.144756277695716,2.17282127031019,1,0.682422451994092,0.7394848386045,1.41540191118606,1.2605151613955,0.58459808881394,0.729510489510489,0.537062937062937,1.86517482517483,0.868251748251748,0.537639007698888,2.86398631308811,0.553036783575706,1.69503849443969,0.221560452650387,1.28111971411555,2.89636688505063,0.534246575342466,0.970388155262105,1.30535571542766,1.0296118447379,0.694644284572342,0.80840475532209,1.341996129389,0.961570362178601,0.888028753110312,0.340675477239354,1.9632892804699,0.345080763582966,1.35095447870778,0.464646464646465,1.31851851851852,1.45117845117845,0.765656565656566,1.21135646687697,1.52168992832893,0.293375394321767,0.478310071671068,0.238253638253638,1.34345114345114,1.36465696465696,0.693555093555094,1.49526813880126,1.47137637028015,1,0.528623629719854,0.0544967242406194,1.62700964630225,1.01220964860036,0.372990353697749
