virus,realm,host,locus_tag,AAA,AAC,AAG,AAT,ACA,ACC,ACG,ACT,AGA,AGC,AGG,AGT,ATA,ATC,ATG,ATT,CAA,CAC,CAG,CAT,CCA,CCC,CCG,CCT,CGA,CGC,CGG,CGT,CTA,CTC,CTG,CTT,GAA,GAC,GAG,GAT,GCA,GCC,GCG,GCT,GGA,GGC,GGG,GGT,GTA,GTC,GTG,GTT,TAA,TAC,TAG,TAT,TCA,TCC,TCG,TCT,TGA,TGC,TGG,TGT,TTA,TTC,TTG,TTT
Pseudomonas phage K8,Duplodnaviria,bacteria,K8,0.836887608069164,1.33506044905009,1.16311239193084,0.664939550949914,0.99009900990099,1.06666666666667,0.496369636963696,1.44686468646865,0.960619754680439,1.46067415730337,0.662362814719174,0.970037453183521,0.197802197802198,1.65804783451842,1,1.14414996767938,1.0010298661174,1.20147874306839,0.998970133882595,0.798521256931608,0.776892430278884,0.51792828685259,1.13545816733068,1.56972111553785,0.983860555196901,0.933505487411233,1.01484828921885,1.4448030987734,1.08280828082808,0.982898289828983,1.7983798379838,1.14761476147615,0.934933087217351,1.12047477744807,1.06506691278265,0.879525222551929,0.992494481236203,0.948344370860927,0.51037527593819,1.54878587196468,1.01446280991736,1.16735537190083,0.613636363636364,1.20454545454545,1.06246925725529,0.800787014264634,0.964092474176094,1.17265125430398,1.55056179775281,1.22085308056872,0.235955056179775,0.77914691943128,0.239700374531835,0.910112359550562,0.910112359550562,1.50936329588015,1.21348314606742,1.2896725440806,1,0.710327455919396,0.143114311431143,1.52347826086957,0.845184518451845,0.476521739130435
