virus,realm,host,locus_tag,AAA,AAC,AAG,AAT,ACA,ACC,ACG,ACT,AGA,AGC,AGG,AGT,ATA,ATC,ATG,ATT,CAA,CAC,CAG,CAT,CCA,CCC,CCG,CCT,CGA,CGC,CGG,CGT,CTA,CTC,CTG,CTT,GAA,GAC,GAG,GAT,GCA,GCC,GCG,GCT,GGA,GGC,GGG,GGT,GTA,GTC,GTG,GTT,TAA,TAC,TAG,TAT,TCA,TCC,TCG,TCT,TGA,TGC,TGG,TGT,TTA,TTC,TTG,TTT
Pseudomonas phage JBD69,Duplodnaviria,bacteria,BH778,0.551898734177215,1.64571428571429,1.44810126582278,0.354285714285714,0.246246246246246,2.42042042042042,0.882882882882883,0.45045045045045,0.120401337792642,2.4364161849711,0.234113712374582,0.511560693641618,0.180582524271845,2.20776699029126,1,0.611650485436893,0.402777777777778,1.45365853658537,1.59722222222222,0.546341463414634,0.377483443708609,1.12582781456954,2.08609271523179,0.410596026490066,0.40133779264214,3.25752508361204,1.26421404682274,0.722408026755853,0.287671232876712,1.29965753424658,3.59075342465753,0.349315068493151,0.725761772853186,1.48462664714495,1.27423822714681,0.515373352855051,0.414161656646627,1.96125584502338,1.1436205744823,0.480961923847695,0.337402885682575,2.38401775804661,0.692563817980022,0.586015538290788,0.264248704663212,1.90155440414508,1.32642487046632,0.507772020725389,0.315789473684211,1.35220125786164,0.473684210526316,0.647798742138365,0.234104046242775,1.16184971098266,1.33526011560694,0.320809248554913,2.21052631578947,1.58878504672897,1,0.411214953271028,0.0154109589041096,1.68098159509202,0.457191780821918,0.319018404907975
