virus,realm,host,locus_tag,AAA,AAC,AAG,AAT,ACA,ACC,ACG,ACT,AGA,AGC,AGG,AGT,ATA,ATC,ATG,ATT,CAA,CAC,CAG,CAT,CCA,CCC,CCG,CCT,CGA,CGC,CGG,CGT,CTA,CTC,CTG,CTT,GAA,GAC,GAG,GAT,GCA,GCC,GCG,GCT,GGA,GGC,GGG,GGT,GTA,GTC,GTG,GTT,TAA,TAC,TAG,TAT,TCA,TCC,TCG,TCT,TGA,TGC,TGG,TGT,TTA,TTC,TTG,TTT
Pseudomonas phage Pf-10,Duplodnaviria,bacteria,NL61,0.398907103825137,1.67170626349892,1.60109289617486,0.32829373650108,0.36098981077147,2.01455604075691,0.803493449781659,0.820960698689956,0.0424328147100424,1.10526315789474,0.0509193776520509,0.371517027863777,0.0160142348754448,2.47686832740214,1,0.50711743772242,0.844961240310077,1.48339483394834,1.15503875968992,0.516605166051661,0.868817204301075,0.412903225806452,1.37634408602151,1.34193548387097,0.526166902404526,1.86704384724187,0.908062234794908,2.60537482319661,0.108433734939759,1.25903614457831,2.8855421686747,0.987951807228916,0.89622641509434,1.49226804123711,1.10377358490566,0.507731958762887,0.623586429725363,1.16639741518578,0.833602584814216,1.37641357027464,0.197780020181635,1.61856710393542,0.524722502522704,1.65893037336024,0.460606060606061,1.37212121212121,1.36727272727273,0.8,1.43478260869565,1.51149425287356,0.326086956521739,0.488505747126437,0.334365325077399,1.82043343653251,1.35603715170279,1.01238390092879,1.23913043478261,1.5,1,0.5,0.0542168674698795,1.8310502283105,0.704819277108434,0.168949771689498
