virus,realm,host,locus_tag,AAA,AAC,AAG,AAT,ACA,ACC,ACG,ACT,AGA,AGC,AGG,AGT,ATA,ATC,ATG,ATT,CAA,CAC,CAG,CAT,CCA,CCC,CCG,CCT,CGA,CGC,CGG,CGT,CTA,CTC,CTG,CTT,GAA,GAC,GAG,GAT,GCA,GCC,GCG,GCT,GGA,GGC,GGG,GGT,GTA,GTC,GTG,GTT,TAA,TAC,TAG,TAT,TCA,TCC,TCG,TCT,TGA,TGC,TGG,TGT,TTA,TTC,TTG,TTT
Pseudomonas phage NH-4,Duplodnaviria,bacteria,F356,0.704504504504505,1.34959349593496,1.2954954954955,0.650406504065041,0.290353390639924,1.94842406876791,0.829035339063992,0.932187201528176,0.384615384615385,1.38858483189992,0.461538461538462,0.426896012509773,0.242053789731051,2.07823960880196,1,0.679706601466993,0.648508430609598,1.23380281690141,1.3514915693904,0.766197183098592,0.552026286966046,0.578313253012048,2.08981380065717,0.779846659364732,0.706730769230769,2.64423076923077,1.0625,0.740384615384615,0.23841059602649,1.31523178807947,2.69801324503311,0.747019867549669,1.10441485634198,1.10884886452623,0.895585143658024,0.891151135473767,0.522940305870745,1.67538233843118,1.12086827824371,0.680809077454366,0.641873278236915,2.1763085399449,0.49862258953168,0.683195592286501,0.49424405218726,1.59017651573292,1.04374520337682,0.871834228702993,1.27659574468085,0.987993138936535,0.223404255319149,1.01200686106346,0.276778733385457,1.59030492572322,1.426114151681,0.891321344800626,1.5,1.50769230769231,1,0.492307692307692,0.11523178807947,1.69856459330144,0.886092715231788,0.301435406698565
