virus,realm,host,locus_tag,AAA,AAC,AAG,AAT,ACA,ACC,ACG,ACT,AGA,AGC,AGG,AGT,ATA,ATC,ATG,ATT,CAA,CAC,CAG,CAT,CCA,CCC,CCG,CCT,CGA,CGC,CGG,CGT,CTA,CTC,CTG,CTT,GAA,GAC,GAG,GAT,GCA,GCC,GCG,GCT,GGA,GGC,GGG,GGT,GTA,GTC,GTG,GTT,TAA,TAC,TAG,TAT,TCA,TCC,TCG,TCT,TGA,TGC,TGG,TGT,TTA,TTC,TTG,TTT
Pseudomonas phage vB PaeS PAO1 Ab18,NA,NA,VC52,0.152777777777778,1.86069651741294,1.84722222222222,0.139303482587065,0.175916230366492,2.38743455497382,0.921465968586387,0.515183246073298,0.133223684210526,1.59638554216867,0.202302631578947,0.204819277108434,0.0347322720694645,2.62662807525326,1,0.338639652677279,0.278409090909091,1.81460674157303,1.72159090909091,0.185393258426966,0.474418604651163,0.925581395348837,1.9906976744186,0.609302325581395,0.577302631578947,3.36513157894737,1.03125,0.690789473684211,0.127349909035779,1.64099454214676,3.71861734384475,0.316555488174651,0.51088534107402,1.80677290836653,1.48911465892598,0.193227091633466,0.331195335276968,2.17842565597668,0.788338192419825,0.702040816326531,0.370689655172414,2.26724137931034,0.729885057471264,0.632183908045977,0.103309120258273,1.71428571428571,1.73042776432607,0.451977401129944,1.18421052631579,1.7984496124031,0.118421052631579,0.201550387596899,0.198795180722892,2.09036144578313,1.37349397590361,0.536144578313253,1.69736842105263,1.71428571428571,1,0.285714285714286,0.0145542753183748,1.90979782270607,0.181928441479685,0.0902021772939347
