virus,realm,host,locus_tag,AAA,AAC,AAG,AAT,ACA,ACC,ACG,ACT,AGA,AGC,AGG,AGT,ATA,ATC,ATG,ATT,CAA,CAC,CAG,CAT,CCA,CCC,CCG,CCT,CGA,CGC,CGG,CGT,CTA,CTC,CTG,CTT,GAA,GAC,GAG,GAT,GCA,GCC,GCG,GCT,GGA,GGC,GGG,GGT,GTA,GTC,GTG,GTT,TAA,TAC,TAG,TAT,TCA,TCC,TCG,TCT,TGA,TGC,TGG,TGT,TTA,TTC,TTG,TTT
Pseudomonas phage PEV2,Duplodnaviria,bacteria,BI066,0.304188096987509,1.62633107454017,1.69581190301249,0.373668925459826,0.217261904761905,2.22619047619048,0.369047619047619,1.1875,0.211369095276221,1.57772621809745,0.44195356285028,0.756380510440835,0.120629370629371,2.47552447552448,1,0.403846153846154,0.572556762092794,1.34529147982063,1.42744323790721,0.654708520179372,0.554838709677419,0.972043010752688,1.38064516129032,1.09247311827957,0.461168935148119,1.36429143314652,1.00880704563651,2.51240992794235,0.322738386308068,1.20586797066015,3.17163814180929,0.557457212713936,1.0471994965387,1.28468208092486,0.952800503461296,0.715317919075145,0.76563245823389,1.30978520286396,0.425775656324582,1.49880668257757,0.417948717948718,1.42051282051282,0.487179487179487,1.67435897435897,0.956204379562044,1.05352798053528,1.44282238442822,0.547445255474453,1.29032258064516,1.6808803301238,0.354838709677419,0.319119669876204,0.245939675174014,1.58700696055684,0.983758700696056,0.849187935034803,1.35483870967742,1.30875576036866,1,0.691244239631336,0.058679706601467,1.8110599078341,0.68361858190709,0.188940092165899
