virus,realm,host,locus_tag,AAA,AAC,AAG,AAT,ACA,ACC,ACG,ACT,AGA,AGC,AGG,AGT,ATA,ATC,ATG,ATT,CAA,CAC,CAG,CAT,CCA,CCC,CCG,CCT,CGA,CGC,CGG,CGT,CTA,CTC,CTG,CTT,GAA,GAC,GAG,GAT,GCA,GCC,GCG,GCT,GGA,GGC,GGG,GGT,GTA,GTC,GTG,GTT,TAA,TAC,TAG,TAT,TCA,TCC,TCG,TCT,TGA,TGC,TGG,TGT,TTA,TTC,TTG,TTT
Pseudomonas phage vB PsyM KIL1,NA,NA,BH774,0.964871194379391,1.11783960720131,1.03512880562061,0.882160392798691,1.45103092783505,0.731958762886598,0.304123711340206,1.51288659793814,1.464,1.12123004139562,1.0944,1.19219396806623,0.535260930888575,1.15303244005642,1,1.31170662905501,1.13087934560327,1.11205073995772,0.869120654396728,0.887949260042283,1.5463687150838,0.429050279329609,0.442458100558659,1.58212290502793,0.3888,0.6192,0.1968,2.2368,0.897570271557885,0.557408289661744,1.29204383039543,1.41495950452596,1.048178613396,0.952380952380952,0.951821386603995,1.04761904761905,1.20101781170483,0.753180661577608,0.295165394402036,1.75063613231552,0.768644529123571,0.964616222101252,0.470332063146434,1.79640718562874,1.03661327231121,0.498855835240275,0.947368421052632,1.51716247139588,1.37735849056604,1.2208922742111,0.283018867924528,0.779107725788901,0.872856298048492,0.663512714370195,0.351271437019515,1.79893554109994,1.33962264150943,0.832402234636871,1,1.16759776536313,0.568842305859933,0.9800796812749,1.26917579799905,1.0199203187251
