virus,realm,host,locus_tag,AAA,AAC,AAG,AAT,ACA,ACC,ACG,ACT,AGA,AGC,AGG,AGT,ATA,ATC,ATG,ATT,CAA,CAC,CAG,CAT,CCA,CCC,CCG,CCT,CGA,CGC,CGG,CGT,CTA,CTC,CTG,CTT,GAA,GAC,GAG,GAT,GCA,GCC,GCG,GCT,GGA,GGC,GGG,GGT,GTA,GTC,GTG,GTT,TAA,TAC,TAG,TAT,TCA,TCC,TCG,TCT,TGA,TGC,TGG,TGT,TTA,TTC,TTG,TTT
Psittacus erithacus papillomavirus 1,Monodnaviria,vertebrates,PepVgp,1.12676056338028,0.731707317073171,0.873239436619718,1.26829268292683,1.13978494623656,0.774193548387097,0.946236559139785,1.13978494623656,1.11917098445596,1.18681318681319,0.683937823834197,1.25274725274725,1.325,0.6,1,1.075,0.850574712643678,0.758620689655172,1.14942528735632,1.24137931034483,0.900523560209424,0.900523560209424,0.837696335078534,1.36125654450262,0.839378238341969,0.808290155440414,1.11917098445596,1.4300518134715,1.24038461538462,0.663461538461538,1.125,0.692307692307692,0.96969696969697,0.915254237288136,1.03030303030303,1.08474576271186,1.22077922077922,0.883116883116883,0.805194805194805,1.09090909090909,0.666666666666667,0.6875,1.27083333333333,1.375,1.14285714285714,0.795031055900621,1.3167701863354,0.745341614906832,1.5,0.689655172413793,0.5,1.31034482758621,0.824175824175824,0.956043956043956,0.626373626373626,1.15384615384615,1,0.857142857142857,1,1.14285714285714,1.26923076923077,0.853658536585366,1.00961538461538,1.14634146341463
