virus,realm,host,locus_tag,AAA,AAC,AAG,AAT,ACA,ACC,ACG,ACT,AGA,AGC,AGG,AGT,ATA,ATC,ATG,ATT,CAA,CAC,CAG,CAT,CCA,CCC,CCG,CCT,CGA,CGC,CGG,CGT,CTA,CTC,CTG,CTT,GAA,GAC,GAG,GAT,GCA,GCC,GCG,GCT,GGA,GGC,GGG,GGT,GTA,GTC,GTG,GTT,TAA,TAC,TAG,TAT,TCA,TCC,TCG,TCT,TGA,TGC,TGG,TGT,TTA,TTC,TTG,TTT
Pteronotus davyi polyomavirus 1,Monodnaviria,vertebrates,G305,1.5042735042735,0.794520547945205,0.495726495726496,1.20547945205479,1.38613861386139,1.34653465346535,0.0792079207920792,1.18811881188119,3.95294117647059,1.14545454545455,1.97647058823529,1.96363636363636,1.07142857142857,0.3,1,1.62857142857143,1,0.627450980392157,1,1.37254901960784,1.45794392523364,0.635514018691589,0.0373831775700935,1.86915887850467,0.0705882352941176,0,0,0,0.707865168539326,0.134831460674157,1.01123595505618,1.1123595505618,1.28925619834711,0.774193548387097,0.710743801652893,1.2258064516129,1.152,0.512,0.064,2.272,1.08411214953271,1.1588785046729,1.04672897196262,0.710280373831776,1.14814814814815,0.148148148148148,1.74074074074074,0.962962962962963,1.2,0.875,1.8,1.125,1.03636363636364,0.709090909090909,0,1.14545454545455,0,0.975609756097561,1,1.02439024390244,2.19101123595506,0.0597014925373134,0.842696629213483,1.94029850746269
