virus,realm,host,locus_tag,AAA,AAC,AAG,AAT,ACA,ACC,ACG,ACT,AGA,AGC,AGG,AGT,ATA,ATC,ATG,ATT,CAA,CAC,CAG,CAT,CCA,CCC,CCG,CCT,CGA,CGC,CGG,CGT,CTA,CTC,CTG,CTT,GAA,GAC,GAG,GAT,GCA,GCC,GCG,GCT,GGA,GGC,GGG,GGT,GTA,GTC,GTG,GTT,TAA,TAC,TAG,TAT,TCA,TCC,TCG,TCT,TGA,TGC,TGG,TGT,TTA,TTC,TTG,TTT
Puma feline foamy virus,Riboviria,vertebrates,D1U21,1.29353233830846,0.471910112359551,0.706467661691542,1.52808988764045,1.1340206185567,0.618556701030928,0.185567010309278,2.06185567010309,2.81707317073171,0.548387096774194,1.5,1.2258064516129,1.34170854271357,0.301507537688442,1,1.35678391959799,1.41714285714286,0.617283950617284,0.582857142857143,1.38271604938272,1.28301886792453,0.622641509433962,0.226415094339623,1.86792452830189,0.841463414634146,0.146341463414634,0.329268292682927,0.365853658536585,0.857142857142857,0.214285714285714,0.623376623376623,1.12987012987013,1.4869109947644,0.702702702702703,0.513089005235602,1.2972972972973,1.50993377483444,0.95364238410596,0.0529801324503311,1.48344370860927,2.17840375586854,0.375586854460094,0.507042253521127,0.938967136150235,1.3551912568306,0.437158469945355,1.02732240437158,1.18032786885246,1.2,0.350877192982456,1.2,1.64912280701754,1.09677419354839,1.06451612903226,0.129032258064516,1.93548387096774,0.6,0.4,1,1.6,1.73376623376623,0.46,1.44155844155844,1.54
