virus,realm,host,locus_tag,AAA,AAC,AAG,AAT,ACA,ACC,ACG,ACT,AGA,AGC,AGG,AGT,ATA,ATC,ATG,ATT,CAA,CAC,CAG,CAT,CCA,CCC,CCG,CCT,CGA,CGC,CGG,CGT,CTA,CTC,CTG,CTT,GAA,GAC,GAG,GAT,GCA,GCC,GCG,GCT,GGA,GGC,GGG,GGT,GTA,GTC,GTG,GTT,TAA,TAC,TAG,TAT,TCA,TCC,TCG,TCT,TGA,TGC,TGG,TGT,TTA,TTC,TTG,TTT
Qalyub orthonairovirus,Riboviria,invertebrates:vertebrates,CA767,1.06313645621181,0.841750841750842,0.936863543788187,1.15824915824916,1.81615598885794,0.635097493036212,0.155988857938719,1.39275766016713,3.5,1.04,1.76086956521739,1.31428571428571,1.15324675324675,0.763636363636364,1,1.08311688311688,1.12437810945274,0.743801652892562,0.875621890547264,1.25619834710744,1.48878923766816,0.466367713004484,0.197309417040359,1.847533632287,0.282608695652174,0.108695652173913,0.195652173913043,0.152173913043478,1.38613861386139,0.663366336633663,0.821782178217822,1.25742574257426,1.28941176470588,0.878504672897196,0.710588235294118,1.1214953271028,1.69230769230769,0.717948717948718,0.128205128205128,1.46153846153846,1.35483870967742,0.980645161290323,0.606451612903226,1.05806451612903,0.985994397759104,0.717086834733894,0.997198879551821,1.29971988795518,2,0.894409937888199,0,1.1055900621118,1.50857142857143,0.594285714285714,0.114285714285714,1.42857142857143,1,0.906832298136646,1,1.09316770186335,1.05940594059406,0.845528455284553,0.811881188118812,1.15447154471545
