virus,realm,host,locus_tag,AAA,AAC,AAG,AAT,ACA,ACC,ACG,ACT,AGA,AGC,AGG,AGT,ATA,ATC,ATG,ATT,CAA,CAC,CAG,CAT,CCA,CCC,CCG,CCT,CGA,CGC,CGG,CGT,CTA,CTC,CTG,CTT,GAA,GAC,GAG,GAT,GCA,GCC,GCG,GCT,GGA,GGC,GGG,GGT,GTA,GTC,GTG,GTT,TAA,TAC,TAG,TAT,TCA,TCC,TCG,TCT,TGA,TGC,TGG,TGT,TTA,TTC,TTG,TTT
Quailpox virus,Varidnaviria,vertebrates,FK920,1.71428571428571,0.727272727272727,0.285714285714286,1.27272727272727,1.2,0,1.2,1.6,3.69230769230769,0,0.923076923076923,1.89473684210526,1.6875,0.1875,1,1.125,1.2,0.4,0.8,1.6,1.71428571428571,0.571428571428571,0.571428571428571,1.14285714285714,0,0,0.461538461538462,0.923076923076923,1.57894736842105,0.315789473684211,0.315789473684211,1.26315789473684,1.42857142857143,0.375,0.571428571428571,1.625,1.33333333333333,0,0,2.66666666666667,1.71428571428571,0.571428571428571,0.571428571428571,1.14285714285714,0.363636363636364,0.363636363636364,0.363636363636364,2.90909090909091,NA,0.666666666666667,NA,1.33333333333333,1.26315789473684,0.315789473684211,0.315789473684211,2.21052631578947,NA,0,1,2,2.21052631578947,0.571428571428571,0.315789473684211,1.42857142857143
