virus,realm,host,locus_tag,AAA,AAC,AAG,AAT,ACA,ACC,ACG,ACT,AGA,AGC,AGG,AGT,ATA,ATC,ATG,ATT,CAA,CAC,CAG,CAT,CCA,CCC,CCG,CCT,CGA,CGC,CGG,CGT,CTA,CTC,CTG,CTT,GAA,GAC,GAG,GAT,GCA,GCC,GCG,GCT,GGA,GGC,GGG,GGT,GTA,GTC,GTG,GTT,TAA,TAC,TAG,TAT,TCA,TCC,TCG,TCT,TGA,TGC,TGG,TGT,TTA,TTC,TTG,TTT
Raccoonpox virus,Varidnaviria,vertebrates,ACG19,1.40917822838847,0.513032145960035,0.590821771611526,1.48696785403997,1.61892901618929,0.503113325031133,0.501120797011208,1.37683686176837,3.23882681564246,0.389414718949198,0.565642458100559,1.26791578134054,1.30788291776367,0.512002477930928,1,1.1801146043054,1.41894736842105,0.511930585683297,0.581052631578947,1.4880694143167,1.72147182114578,0.409874243129949,0.499301350721938,1.36935258500233,0.752094972067039,0.287011173184358,0.203212290502793,0.953212290502793,1.29889298892989,0.354243542435424,0.403795466526094,0.842382709541381,1.46408999134699,0.446123947311596,0.535910008653014,1.5538760526884,1.46607070296627,0.633888663145063,0.616009752133279,1.28403088175538,2.01282534892493,0.389287061486232,0.253489249339872,1.34439834024896,1.60260586319218,0.475068905036332,0.53520420947131,1.38712102230018,1.8695652173913,0.491840180078784,0.478260869565217,1.50815981992122,1.41626424570214,0.550511879466873,0.630480973536797,1.74541240100444,0.652173913043478,0.426666666666667,1,1.57333333333333,1.89878755930416,0.561512027491409,1.20189773326305,1.43848797250859
