virus,realm,host,locus_tag,AAA,AAC,AAG,AAT,ACA,ACC,ACG,ACT,AGA,AGC,AGG,AGT,ATA,ATC,ATG,ATT,CAA,CAC,CAG,CAT,CCA,CCC,CCG,CCT,CGA,CGC,CGG,CGT,CTA,CTC,CTG,CTT,GAA,GAC,GAG,GAT,GCA,GCC,GCG,GCT,GGA,GGC,GGG,GGT,GTA,GTC,GTG,GTT,TAA,TAC,TAG,TAT,TCA,TCC,TCG,TCT,TGA,TGC,TGG,TGT,TTA,TTC,TTG,TTT
Ralstonia phage 1 NP-2014,Monodnaviria,bacteria,CF78,0.534653465346535,1.16923076923077,1.46534653465347,0.830769230769231,0.338461538461538,1.01538461538462,2.24615384615385,0.4,0.174418604651163,1.66666666666667,0.418604651162791,0.75,0.283018867924528,1.66981132075472,1,1.04716981132075,0.821052631578947,1.33333333333333,1.17894736842105,0.666666666666667,0.416666666666667,0.666666666666667,2,0.916666666666667,0.593023255813954,2.75581395348837,0.802325581395349,1.25581395348837,0.336448598130841,0.981308411214953,1.99065420560748,1.00934579439252,1.00869565217391,1.04065040650407,0.991304347826087,0.959349593495935,0.583629893238434,0.882562277580071,1.65124555160142,0.882562277580071,0.248587570621469,1.83050847457627,0.700564971751412,1.22033898305085,0.137142857142857,1.05142857142857,1.85142857142857,0.96,0.5625,1.13846153846154,0.5625,0.861538461538462,0.458333333333333,0.625,1.83333333333333,0.666666666666667,1.875,1.34883720930233,1,0.651162790697674,0.11214953271028,1.06493506493506,1.57009345794393,0.935064935064935
