virus,realm,host,locus_tag,AAA,AAC,AAG,AAT,ACA,ACC,ACG,ACT,AGA,AGC,AGG,AGT,ATA,ATC,ATG,ATT,CAA,CAC,CAG,CAT,CCA,CCC,CCG,CCT,CGA,CGC,CGG,CGT,CTA,CTC,CTG,CTT,GAA,GAC,GAG,GAT,GCA,GCC,GCG,GCT,GGA,GGC,GGG,GGT,GTA,GTC,GTG,GTT,TAA,TAC,TAG,TAT,TCA,TCC,TCG,TCT,TGA,TGC,TGG,TGT,TTA,TTC,TTG,TTT
Ralstonia phage RsoP1EGY,Duplodnaviria,bacteria,HOT00,0.224376731301939,1.67545638945233,1.77562326869806,0.324543610547667,0.391304347826087,1.84782608695652,1.18478260869565,0.576086956521739,0.293080054274084,1.14644351464435,0.740841248303935,0.451882845188285,0.0393996247654784,2.36397748592871,1,0.596622889305816,0.441613588110403,1.58222222222222,1.5583864118896,0.417777777777778,0.631578947368421,1.18166383701188,1.4804753820034,0.706281833616299,0.724559023066486,2.01899592944369,1.2944369063772,0.9280868385346,0.228915662650602,2.30722891566265,2.48795180722892,0.487951807228916,0.629183400267738,1.40229885057471,1.37081659973226,0.597701149425287,0.705485232067511,1.3873417721519,1.00928270042194,0.89789029535865,0.470103092783505,1.62886597938144,0.8,1.10103092783505,0.340828402366864,1.23076923076923,1.76094674556213,0.667455621301775,1.14,1.55882352941176,0.24,0.441176470588235,0.485355648535565,1.9581589958159,1.25523012552301,0.702928870292887,1.62,1.4453781512605,1,0.554621848739496,0.072289156626506,1.75545851528384,0.41566265060241,0.244541484716157
