virus,realm,host,locus_tag,AAA,AAC,AAG,AAT,ACA,ACC,ACG,ACT,AGA,AGC,AGG,AGT,ATA,ATC,ATG,ATT,CAA,CAC,CAG,CAT,CCA,CCC,CCG,CCT,CGA,CGC,CGG,CGT,CTA,CTC,CTG,CTT,GAA,GAC,GAG,GAT,GCA,GCC,GCG,GCT,GGA,GGC,GGG,GGT,GTA,GTC,GTG,GTT,TAA,TAC,TAG,TAT,TCA,TCC,TCG,TCT,TGA,TGC,TGG,TGT,TTA,TTC,TTG,TTT
Ralstonia phage RSB2,Duplodnaviria,bacteria,CJ97,0.0896860986547085,1.76211453744493,1.91031390134529,0.237885462555066,0.18842530282638,2.3956931359354,1.03364737550471,0.382234185733513,0.0253878702397743,1.32338308457711,0.372355430183357,0.199004975124378,0.0651085141903172,2.57929883138564,1,0.35559265442404,0.575139146567718,1.63562753036437,1.42486085343228,0.364372469635628,0.191881918819188,1.54243542435424,1.8450184501845,0.420664206642066,0.550070521861777,3.14809590973202,1.28631875881523,0.617771509167842,0.162330905306972,1.81061394380853,3.12174817898023,0.430801248699272,0.540682414698163,1.46684350132626,1.45931758530184,0.53315649867374,0.711915535444947,1.72247360482655,0.880844645550528,0.684766214177979,0.272189349112426,1.95266272189349,1.06903353057199,0.706114398422091,0.232142857142857,1.36607142857143,2.07142857142857,0.330357142857143,1.55769230769231,1.67146974063401,0.0576923076923077,0.328530259365994,0.189054726368159,2.03980099502488,1.87064676616915,0.378109452736318,1.38461538461538,1.72413793103448,1,0.275862068965517,0,1.87991718426501,0.474505723204995,0.12008281573499
