virus,realm,host,locus_tag,AAA,AAC,AAG,AAT,ACA,ACC,ACG,ACT,AGA,AGC,AGG,AGT,ATA,ATC,ATG,ATT,CAA,CAC,CAG,CAT,CCA,CCC,CCG,CCT,CGA,CGC,CGG,CGT,CTA,CTC,CTG,CTT,GAA,GAC,GAG,GAT,GCA,GCC,GCG,GCT,GGA,GGC,GGG,GGT,GTA,GTC,GTG,GTT,TAA,TAC,TAG,TAT,TCA,TCC,TCG,TCT,TGA,TGC,TGG,TGT,TTA,TTC,TTG,TTT
Rana hepevirus,Riboviria,vertebrates,EXL61,1.02479338842975,0.792079207920792,0.975206611570248,1.20792079207921,0.795180722891566,1.27710843373494,0.795180722891566,1.13253012048193,0.944444444444444,1.07142857142857,0.444444444444444,1.21428571428571,0.775280898876405,0.606741573033708,1,1.61797752808989,0.94949494949495,0.933333333333333,1.05050505050505,1.06666666666667,0.826446280991736,1.22314049586777,0.661157024793388,1.28925619834711,0.944444444444444,1.27777777777778,0.722222222222222,1.66666666666667,0.4,0.666666666666667,1,1.06666666666667,1.13978494623656,0.870229007633588,0.860215053763441,1.12977099236641,0.891566265060241,1.20481927710843,0.55421686746988,1.34939759036145,0.692913385826772,1.00787401574803,1.25984251968504,1.03937007874016,0.380952380952381,0.904761904761905,1.14285714285714,1.57142857142857,0,0.8125,0,1.1875,0.642857142857143,0.892857142857143,0.785714285714286,1.39285714285714,3,0.714285714285714,1,1.28571428571429,0.766666666666667,0.698795180722892,2.1,1.30120481927711
