virus,realm,host,locus_tag,AAA,AAC,AAG,AAT,ACA,ACC,ACG,ACT,AGA,AGC,AGG,AGT,ATA,ATC,ATG,ATT,CAA,CAC,CAG,CAT,CCA,CCC,CCG,CCT,CGA,CGC,CGG,CGT,CTA,CTC,CTG,CTT,GAA,GAC,GAG,GAT,GCA,GCC,GCG,GCT,GGA,GGC,GGG,GGT,GTA,GTC,GTG,GTT,TAA,TAC,TAG,TAT,TCA,TCC,TCG,TCT,TGA,TGC,TGG,TGT,TTA,TTC,TTG,TTT
Ranunculus mosaic virus,NA,NA,FK905,1.14285714285714,0.96,0.857142857142857,1.04,2,0.333333333333333,0.666666666666667,1,1.92,0.24,1.2,0.96,1.125,0.75,1,1.125,1.17241379310345,0.727272727272727,0.827586206896552,1.27272727272727,2.4,0.48,0.48,0.64,1.92,0.48,0.24,0.24,0.976744186046512,0.697674418604651,0.837209302325581,1.11627906976744,1.16129032258065,0.647058823529412,0.838709677419355,1.35294117647059,1.42857142857143,0.714285714285714,0.714285714285714,1.14285714285714,1.53846153846154,1.23076923076923,0.461538461538462,0.769230769230769,0.173913043478261,0.347826086956522,1.91304347826087,1.56521739130435,0,1,3,1,2.64,0.24,0.72,1.2,0,0.5,1,1.5,0.697674418604651,0.5,1.67441860465116,1.5
