virus,realm,host,locus_tag,AAA,AAC,AAG,AAT,ACA,ACC,ACG,ACT,AGA,AGC,AGG,AGT,ATA,ATC,ATG,ATT,CAA,CAC,CAG,CAT,CCA,CCC,CCG,CCT,CGA,CGC,CGG,CGT,CTA,CTC,CTG,CTT,GAA,GAC,GAG,GAT,GCA,GCC,GCG,GCT,GGA,GGC,GGG,GGT,GTA,GTC,GTG,GTT,TAA,TAC,TAG,TAT,TCA,TCC,TCG,TCT,TGA,TGC,TGG,TGT,TTA,TTC,TTG,TTT
Raphanus sativus cryptic virus 3,Riboviria,land plants,RSCV3,0.888888888888889,1.05263157894737,1.11111111111111,0.947368421052632,1.11627906976744,1.02325581395349,0.837209302325581,1.02325581395349,1.75862068965517,0.67741935483871,0.931034482758621,0.290322580645161,0.39344262295082,1.62295081967213,1,0.983606557377049,1.2,0.583333333333333,0.8,1.41666666666667,1.7037037037037,0.814814814814815,0.444444444444444,1.03703703703704,1.24137931034483,0.517241379310345,0.103448275862069,1.44827586206897,1.35211267605634,1.1830985915493,0.422535211267606,0.676056338028169,1.37777777777778,0.888888888888889,0.622222222222222,1.11111111111111,1.07462686567164,1.01492537313433,0.238805970149254,1.67164179104478,1.95744680851064,0.51063829787234,0.340425531914894,1.19148936170213,0.782608695652174,1.56521739130435,0.347826086956522,1.30434782608696,1.5,1.26315789473684,1.5,0.736842105263158,1.74193548387097,1.06451612903226,0.967741935483871,1.25806451612903,0,0.8,1,1.2,1.77464788732394,1,0.591549295774648,1
