virus,realm,host,locus_tag,AAA,AAC,AAG,AAT,ACA,ACC,ACG,ACT,AGA,AGC,AGG,AGT,ATA,ATC,ATG,ATT,CAA,CAC,CAG,CAT,CCA,CCC,CCG,CCT,CGA,CGC,CGG,CGT,CTA,CTC,CTG,CTT,GAA,GAC,GAG,GAT,GCA,GCC,GCG,GCT,GGA,GGC,GGG,GGT,GTA,GTC,GTG,GTT,TAA,TAC,TAG,TAT,TCA,TCC,TCG,TCT,TGA,TGC,TGG,TGT,TTA,TTC,TTG,TTT
Rattus norvegicus papillomavirus 3,Monodnaviria,vertebrates,ATO06,0.933333333333333,1.11392405063291,1.06666666666667,0.886075949367089,1.58064516129032,1.03225806451613,0.516129032258065,0.870967741935484,1.77931034482759,1.72661870503597,1.36551724137931,0.863309352517986,1.01351351351351,0.608108108108108,1,1.37837837837838,0.69047619047619,0.756756756756757,1.30952380952381,1.24324324324324,0.870967741935484,1.12903225806452,0.580645161290323,1.41935483870968,0.868965517241379,0.496551724137931,0.868965517241379,0.620689655172414,1.02631578947368,0.868421052631579,1.14473684210526,1.5,0.816666666666667,1.24752475247525,1.18333333333333,0.752475247524752,1.33333333333333,0.957264957264957,0.64957264957265,1.05982905982906,1.23809523809524,0.73015873015873,1.36507936507937,0.666666666666667,0.758620689655172,0.896551724137931,1.31034482758621,1.03448275862069,1.2,0.819672131147541,0.6,1.18032786885246,0.992805755395683,0.820143884892086,0.431654676258993,1.16546762589928,1.2,0.980392156862745,1,1.01960784313725,0.789473684210526,0.676470588235294,0.671052631578947,1.32352941176471
