virus,realm,host,locus_tag,AAA,AAC,AAG,AAT,ACA,ACC,ACG,ACT,AGA,AGC,AGG,AGT,ATA,ATC,ATG,ATT,CAA,CAC,CAG,CAT,CCA,CCC,CCG,CCT,CGA,CGC,CGG,CGT,CTA,CTC,CTG,CTT,GAA,GAC,GAG,GAT,GCA,GCC,GCG,GCT,GGA,GGC,GGG,GGT,GTA,GTC,GTG,GTT,TAA,TAC,TAG,TAT,TCA,TCC,TCG,TCT,TGA,TGC,TGG,TGT,TTA,TTC,TTG,TTT
Raven circovirus,Monodnaviria,vertebrates,RavCV,0.789473684210526,1.25925925925926,1.21052631578947,0.740740740740741,0.428571428571429,1.57142857142857,1.14285714285714,0.857142857142857,1.29411764705882,1.61538461538462,0.823529411764706,0.923076923076923,1.32,0.72,1,0.96,0.923076923076923,1.06666666666667,1.07692307692308,0.933333333333333,0.592592592592593,1.33333333333333,1.03703703703704,1.03703703703704,1.17647058823529,0.823529411764706,0.705882352941177,1.17647058823529,1.46341463414634,1.17073170731707,1.75609756097561,0.731707317073171,0.888888888888889,1.375,1.11111111111111,0.625,0.888888888888889,1.11111111111111,1,1,1.22222222222222,1.44444444444444,0.666666666666667,0.666666666666667,0.4,0.933333333333333,1.6,1.06666666666667,1.5,1.1304347826087,0,0.869565217391304,0.461538461538462,0.923076923076923,1.38461538461538,0.692307692307692,1.5,1,1,1,0.585365853658537,1.36363636363636,0.292682926829268,0.636363636363636
