virus,realm,host,locus_tag,AAA,AAC,AAG,AAT,ACA,ACC,ACG,ACT,AGA,AGC,AGG,AGT,ATA,ATC,ATG,ATT,CAA,CAC,CAG,CAT,CCA,CCC,CCG,CCT,CGA,CGC,CGG,CGT,CTA,CTC,CTG,CTT,GAA,GAC,GAG,GAT,GCA,GCC,GCG,GCT,GGA,GGC,GGG,GGT,GTA,GTC,GTG,GTT,TAA,TAC,TAG,TAT,TCA,TCC,TCG,TCT,TGA,TGC,TGG,TGT,TTA,TTC,TTG,TTT
Razdan virus,NA,NA,U7,0.917748917748918,1.14925373134328,1.08225108225108,0.850746268656716,1.6,0.882051282051282,0.0820512820512821,1.43589743589744,2.81896551724138,1.14461538461538,2.35344827586207,0.96,0.7625,1.1,1,1.1375,1.01515151515152,0.816901408450704,0.984848484848485,1.1830985915493,1.48905109489051,0.72992700729927,0.116788321167883,1.66423357664234,0.362068965517241,0.206896551724138,0.181034482758621,0.0775862068965517,0.93800539083558,1.11590296495957,1.42318059299191,0.921832884097035,1.0381679389313,0.772946859903382,0.961832061068702,1.22705314009662,1.37037037037037,1.18518518518519,0.185185185185185,1.25925925925926,1.36134453781513,1.14285714285714,0.941176470588235,0.554621848739496,0.678571428571429,0.892857142857143,1.44642857142857,0.982142857142857,2.25,1.29268292682927,0,0.707317073170732,1.53230769230769,0.812307692307692,0.147692307692308,1.40307692307692,0.75,1.0377358490566,1,0.962264150943396,0.452830188679245,0.981132075471698,1.14824797843666,1.0188679245283
