virus,realm,host,locus_tag,AAA,AAC,AAG,AAT,ACA,ACC,ACG,ACT,AGA,AGC,AGG,AGT,ATA,ATC,ATG,ATT,CAA,CAC,CAG,CAT,CCA,CCC,CCG,CCT,CGA,CGC,CGG,CGT,CTA,CTC,CTG,CTT,GAA,GAC,GAG,GAT,GCA,GCC,GCG,GCT,GGA,GGC,GGG,GGT,GTA,GTC,GTG,GTT,TAA,TAC,TAG,TAT,TCA,TCC,TCG,TCT,TGA,TGC,TGG,TGT,TTA,TTC,TTG,TTT
Rehmannia mosaic virus,Riboviria,land plants,RehMV,1.15422885572139,0.823529411764706,0.845771144278607,1.17647058823529,1,0.8,0.62,1.58,2.23668639053254,0.694980694980695,1.77514792899408,0.996138996138996,0.564935064935065,1.12987012987013,1,1.30519480519481,1.07216494845361,0.815789473684211,0.927835051546392,1.18421052631579,1.42307692307692,0.615384615384615,1,0.961538461538462,0.42603550295858,0.532544378698225,0.42603550295858,0.603550295857988,0.549152542372881,0.467796610169492,0.833898305084746,1.46440677966102,1.1010101010101,0.864864864864865,0.898989898989899,1.13513513513514,1.25,0.5,0.946428571428571,1.30357142857143,0.859259259259259,0.503703703703704,1.00740740740741,1.62962962962963,0.742857142857143,0.8,1.22857142857143,1.22857142857143,1.2,1.16535433070866,1.2,0.834645669291339,0.996138996138996,0.926640926640927,0.903474903474903,1.48262548262548,0.6,0.763636363636364,1,1.23636363636364,1.01694915254237,0.881118881118881,1.66779661016949,1.11888111888112
