virus,realm,host,locus_tag,AAA,AAC,AAG,AAT,ACA,ACC,ACG,ACT,AGA,AGC,AGG,AGT,ATA,ATC,ATG,ATT,CAA,CAC,CAG,CAT,CCA,CCC,CCG,CCT,CGA,CGC,CGG,CGT,CTA,CTC,CTG,CTT,GAA,GAC,GAG,GAT,GCA,GCC,GCG,GCT,GGA,GGC,GGG,GGT,GTA,GTC,GTG,GTT,TAA,TAC,TAG,TAT,TCA,TCC,TCG,TCT,TGA,TGC,TGG,TGT,TTA,TTC,TTG,TTT
Rhizoctonia fumigata mycovirus,unclassified viruses,fungi,AAW67,0.342857142857143,1.31578947368421,1.65714285714286,0.684210526315789,0.492307692307692,1.29230769230769,1.72307692307692,0.492307692307692,0.269662921348315,0.967741935483871,1.41573033707865,0.0967741935483871,0.204545454545455,1.84090909090909,1,0.954545454545455,0.4,1.21428571428571,1.6,0.785714285714286,0.538461538461538,1.30769230769231,2,0.153846153846154,0.741573033707865,1.48314606741573,0.943820224719101,1.14606741573034,0.242424242424242,1.87878787878788,1.6969696969697,0.363636363636364,0.529411764705882,1.01298701298701,1.47058823529412,0.987012987012987,0.288659793814433,0.948453608247423,1.89690721649485,0.865979381443299,0.313725490196078,1.13725490196078,1.68627450980392,0.862745098039216,0.468085106382979,1.19148936170213,1.78723404255319,0.553191489361702,0,1,0,1,0.290322580645161,2.51612903225806,1.74193548387097,0.387096774193548,3,0.8,1,1.2,0.121212121212121,1.5609756097561,1.6969696969697,0.439024390243902
