virus,realm,host,locus_tag,AAA,AAC,AAG,AAT,ACA,ACC,ACG,ACT,AGA,AGC,AGG,AGT,ATA,ATC,ATG,ATT,CAA,CAC,CAG,CAT,CCA,CCC,CCG,CCT,CGA,CGC,CGG,CGT,CTA,CTC,CTG,CTT,GAA,GAC,GAG,GAT,GCA,GCC,GCG,GCT,GGA,GGC,GGG,GGT,GTA,GTC,GTG,GTT,TAA,TAC,TAG,TAT,TCA,TCC,TCG,TCT,TGA,TGC,TGG,TGT,TTA,TTC,TTG,TTT
Rice latent virus 2,Monodnaviria,land plants,EXI90,0.772727272727273,1.02222222222222,1.22727272727273,0.977777777777778,1.15,0.95,0.85,1.05,1.23287671232877,1.10526315789474,1.3972602739726,0.473684210526316,1.13513513513514,1.05405405405405,1,0.810810810810811,0.685714285714286,0.105263157894737,1.31428571428571,1.89473684210526,0.941176470588235,0.529411764705882,1.17647058823529,1.35294117647059,0.986301369863014,0.986301369863014,0.246575342465753,1.15068493150685,1.2,2.03076923076923,1.01538461538462,0.646153846153846,0.765957446808511,1.02040816326531,1.23404255319149,0.979591836734694,0.65,1.05,0.65,1.65,1.2972972972973,0.756756756756757,0.918918918918919,1.02702702702703,1.03703703703704,1.03703703703704,0.666666666666667,1.25925925925926,2.25,1.02564102564103,0.75,0.974358974358974,0.868421052631579,1.26315789473684,1.02631578947368,1.26315789473684,0,1.1304347826087,1,0.869565217391304,0.646153846153846,1.07317073170732,0.461538461538462,0.926829268292683
