virus,realm,host,locus_tag,AAA,AAC,AAG,AAT,ACA,ACC,ACG,ACT,AGA,AGC,AGG,AGT,ATA,ATC,ATG,ATT,CAA,CAC,CAG,CAT,CCA,CCC,CCG,CCT,CGA,CGC,CGG,CGT,CTA,CTC,CTG,CTT,GAA,GAC,GAG,GAT,GCA,GCC,GCG,GCT,GGA,GGC,GGG,GGT,GTA,GTC,GTG,GTT,TAA,TAC,TAG,TAT,TCA,TCC,TCG,TCT,TGA,TGC,TGG,TGT,TTA,TTC,TTG,TTT
Rice tungro spherical virus,Riboviria,land plants,RTSVgp1,0.945454545454545,0.672,1.05454545454545,1.328,1.1027027027027,0.713513513513514,1.01621621621622,1.16756756756757,2.1,1.17818181818182,0.8,1.33090909090909,0.724719101123595,0.741573033707865,1,1.53370786516854,0.936936936936937,0.803921568627451,1.06306306306306,1.19607843137255,1.77181208053691,0.697986577181208,0.483221476510067,1.04697986577181,1.2,0.733333333333333,0.566666666666667,0.6,0.561872909698997,0.682274247491639,1.10367892976589,1.08361204013378,0.746781115879828,0.655913978494624,1.25321888412017,1.34408602150538,1.1497975708502,0.923076923076923,0.663967611336032,1.26315789473684,1.47555555555556,1.10222222222222,0.586666666666667,0.835555555555556,0.491803278688525,0.573770491803279,1.68852459016393,1.24590163934426,3,0.765217391304348,0,1.23478260869565,1.33090909090909,0.676363636363636,0.589090909090909,0.894545454545455,0,0.926829268292683,1,1.07317073170732,0.441471571906354,0.586666666666667,2.12709030100334,1.41333333333333
