virus,realm,host,locus_tag,AAA,AAC,AAG,AAT,ACA,ACC,ACG,ACT,AGA,AGC,AGG,AGT,ATA,ATC,ATG,ATT,CAA,CAC,CAG,CAT,CCA,CCC,CCG,CCT,CGA,CGC,CGG,CGT,CTA,CTC,CTG,CTT,GAA,GAC,GAG,GAT,GCA,GCC,GCG,GCT,GGA,GGC,GGG,GGT,GTA,GTC,GTG,GTT,TAA,TAC,TAG,TAT,TCA,TCC,TCG,TCT,TGA,TGC,TGG,TGT,TTA,TTC,TTG,TTT
Rodent pegivirus,Riboviria,vertebrates,L105,0.571428571428571,1.53333333333333,1.42857142857143,0.466666666666667,0.341880341880342,1.47008547008547,0.94017094017094,1.24786324786325,0.297029702970297,0.947368421052632,0.861386138613861,0.461538461538462,0.548076923076923,1.75961538461538,1,0.692307692307692,0.555555555555556,1.46153846153846,1.44444444444444,0.538461538461538,0.529680365296804,1.40639269406393,0.931506849315068,1.1324200913242,0.356435643564356,2.13861386138614,1.12871287128713,1.21782178217822,0.433526011560694,1.35260115606936,1.73410404624277,0.884393063583815,0.492957746478873,1.52631578947368,1.50704225352113,0.473684210526316,0.30188679245283,1.08490566037736,1.14150943396226,1.47169811320755,0.428134556574924,1.52905198776758,0.978593272171254,1.06422018348624,0.421725239616613,1.03514376996805,1.71246006389776,0.830670926517572,0,1.68316831683168,3,0.316831683168317,0.534412955465587,1.38461538461538,1.28744939271255,1.38461538461538,0,1.45299145299145,1,0.547008547008547,0.260115606936416,1.34513274336283,1.33526011560694,0.654867256637168
