virus,realm,host,locus_tag,AAA,AAC,AAG,AAT,ACA,ACC,ACG,ACT,AGA,AGC,AGG,AGT,ATA,ATC,ATG,ATT,CAA,CAC,CAG,CAT,CCA,CCC,CCG,CCT,CGA,CGC,CGG,CGT,CTA,CTC,CTG,CTT,GAA,GAC,GAG,GAT,GCA,GCC,GCG,GCT,GGA,GGC,GGG,GGT,GTA,GTC,GTG,GTT,TAA,TAC,TAG,TAT,TCA,TCC,TCG,TCT,TGA,TGC,TGG,TGT,TTA,TTC,TTG,TTT
Rose yellow mosaic virus,Riboviria,land plants,D607,0.760869565217391,0.980645161290323,1.23913043478261,1.01935483870968,1.72067039106145,0.424581005586592,0.402234636871508,1.45251396648045,1.58918918918919,1.33333333333333,1.2972972972973,1.33333333333333,0.549738219895288,1.24083769633508,1,1.20942408376963,1.25984251968504,1,0.740157480314961,1,1.9504132231405,0.495867768595041,0.462809917355372,1.09090909090909,1.03783783783784,0.648648648648649,0.421621621621622,1.00540540540541,0.520754716981132,0.656603773584906,0.905660377358491,1.26792452830189,1.08108108108108,0.688172043010753,0.918918918918919,1.31182795698925,1.54973821989529,0.565445026178011,0.586387434554974,1.29842931937173,1.24590163934426,0.524590163934426,0.830601092896175,1.39890710382514,0.45320197044335,0.9064039408867,1.04433497536946,1.59605911330049,3,1.04166666666667,0,0.958333333333333,1.46031746031746,0.317460317460317,0.761904761904762,0.793650793650794,0,0.869565217391304,1,1.1304347826087,0.99622641509434,0.943396226415094,1.65283018867925,1.05660377358491
