virus,realm,host,locus_tag,AAA,AAC,AAG,AAT,ACA,ACC,ACG,ACT,AGA,AGC,AGG,AGT,ATA,ATC,ATG,ATT,CAA,CAC,CAG,CAT,CCA,CCC,CCG,CCT,CGA,CGC,CGG,CGT,CTA,CTC,CTG,CTT,GAA,GAC,GAG,GAT,GCA,GCC,GCG,GCT,GGA,GGC,GGG,GGT,GTA,GTC,GTG,GTT,TAA,TAC,TAG,TAT,TCA,TCC,TCG,TCT,TGA,TGC,TGG,TGT,TTA,TTC,TTG,TTT
Rubus canadensis virus 1,Riboviria,land plants,D566,1.12562814070352,0.666666666666667,0.874371859296482,1.33333333333333,1.22222222222222,0.925925925925926,0.222222222222222,1.62962962962963,2.07692307692308,0.720930232558139,2.76923076923077,1.02325581395349,0.763975155279503,0.708074534161491,1,1.52795031055901,1.06896551724138,0.903225806451613,0.931034482758621,1.09677419354839,1.10204081632653,0.612244897959184,0.36734693877551,1.91836734693878,0.461538461538462,0.0923076923076923,0.230769230769231,0.369230769230769,0.451612903225806,0.494623655913978,0.817204301075269,0.989247311827957,1.10659898477157,0.594202898550725,0.893401015228426,1.40579710144928,0.966442953020134,0.644295302013423,0.402684563758389,1.98657718120805,1.03703703703704,0.592592592592593,1.03703703703704,1.33333333333333,0.349726775956284,0.743169398907104,1.46448087431694,1.44262295081967,2.4,1.05405405405405,0,0.945945945945946,1.46511627906977,0.837209302325581,0.255813953488372,1.69767441860465,0.6,1.14285714285714,1,0.857142857142857,0.989247311827957,0.764044943820225,2.25806451612903,1.23595505617978
