virus,realm,host,locus_tag,AAA,AAC,AAG,AAT,ACA,ACC,ACG,ACT,AGA,AGC,AGG,AGT,ATA,ATC,ATG,ATT,CAA,CAC,CAG,CAT,CCA,CCC,CCG,CCT,CGA,CGC,CGG,CGT,CTA,CTC,CTG,CTT,GAA,GAC,GAG,GAT,GCA,GCC,GCG,GCT,GGA,GGC,GGG,GGT,GTA,GTC,GTG,GTT,TAA,TAC,TAG,TAT,TCA,TCC,TCG,TCT,TGA,TGC,TGG,TGT,TTA,TTC,TTG,TTT
Salmonella phage SE1 (in:P22virus),Duplodnaviria,bacteria,SE1,1.09627727856226,1.03459637561779,0.903722721437741,0.965403624382208,1.06744868035191,1.12609970674487,0.803519061583578,1.00293255131965,1.03087248322148,1.37607891491985,0.644295302013423,0.710234278668311,0.592307692307692,1.10769230769231,1,1.3,0.681898066783831,0.878923766816143,1.31810193321617,1.12107623318386,1.408,0.312,1.2,1.08,0.845637583892617,1.73959731543624,0.499328859060403,1.24026845637584,0.583751253761284,0.668004012036108,1.72116349047141,1.34804413239719,1.185,0.85219707057257,0.815,1.14780292942743,1.2736660929432,0.798623063683305,0.760757314974182,1.16695352839931,0.935779816513762,1.20183486238532,0.637614678899083,1.22477064220183,0.997319034852547,0.71313672922252,0.756032171581769,1.53351206434316,1.61194029850746,0.965686274509804,0.313432835820896,1.0343137254902,1.57583230579531,0.67324290998767,0.614056720098644,1.05055487053021,1.07462686567164,1.27810650887574,1,0.72189349112426,0.944834503510532,1.01943844492441,0.73420260782347,0.980561555075594
