virus,realm,host,locus_tag,AAA,AAC,AAG,AAT,ACA,ACC,ACG,ACT,AGA,AGC,AGG,AGT,ATA,ATC,ATG,ATT,CAA,CAC,CAG,CAT,CCA,CCC,CCG,CCT,CGA,CGC,CGG,CGT,CTA,CTC,CTG,CTT,GAA,GAC,GAG,GAT,GCA,GCC,GCG,GCT,GGA,GGC,GGG,GGT,GTA,GTC,GTG,GTT,TAA,TAC,TAG,TAT,TCA,TCC,TCG,TCT,TGA,TGC,TGG,TGT,TTA,TTC,TTG,TTT
Salmonella phage STP4-a,Duplodnaviria,bacteria,STP4a,1.58063681076883,0.701405553651011,0.419363189231167,1.29859444634899,1.17032967032967,0.473901098901099,0.335164835164835,2.0206043956044,1.40100136549841,0.53971119133574,0.251251706873009,0.911552346570397,0.590468497576737,0.542003231017771,1,1.86752827140549,1.39046469523235,0.518857142857143,0.609535304767652,1.48114285714286,1.6280701754386,0.222222222222222,0.821052631578947,1.32865497076023,0.737369139736004,0.950386891215294,0.335912608101957,2.32407828857533,0.491462113127001,0.368196371398079,0.504268943436499,1.49839914621131,1.66503000545554,0.679544015199493,0.334969994544463,1.32045598480051,1.08114856429463,0.370786516853933,0.480649188514357,2.06741573033708,1.15867396202124,0.838107499195365,0.327003540392662,1.67621499839073,1.20814342145245,0.387724096019447,0.401093892433911,2.0030385900942,1.98069498069498,0.526710402999063,0.115830115830116,1.47328959700094,1.55054151624549,0.438628158844765,0.375451263537906,2.1841155234657,0.903474903474903,0.806451612903226,1,1.19354838709677,2.03788687299893,0.590825688073395,1.09978655282817,1.40917431192661
