virus,realm,host,locus_tag,AAA,AAC,AAG,AAT,ACA,ACC,ACG,ACT,AGA,AGC,AGG,AGT,ATA,ATC,ATG,ATT,CAA,CAC,CAG,CAT,CCA,CCC,CCG,CCT,CGA,CGC,CGG,CGT,CTA,CTC,CTG,CTT,GAA,GAC,GAG,GAT,GCA,GCC,GCG,GCT,GGA,GGC,GGG,GGT,GTA,GTC,GTG,GTT,TAA,TAC,TAG,TAT,TCA,TCC,TCG,TCT,TGA,TGC,TGG,TGT,TTA,TTC,TTG,TTT
Salmonella phage vB SenS ER6,NA,NA,JT349,1.08351177730193,1.46701164294955,0.916488222698073,0.532988357050453,0.361739130434783,1.53391304347826,1.65565217391304,0.448695652173913,0.172062904717854,1.45565749235474,0.199814986123959,0.36697247706422,0.134865134865135,2.06193806193806,1,0.803196803196803,0.536931818181818,1.4020618556701,1.46306818181818,0.597938144329897,0.528654970760234,0.299415204678363,2.70409356725146,0.467836257309941,0.471785383903793,2.91396854764107,0.91581868640148,1.32654949121184,0.243425995492111,0.901577761081893,2.99323816679189,0.712246431254696,1.30195381882771,1.35876623376623,0.698046181172291,0.641233766233766,0.570150922302963,1.34376746785914,1.65679150363331,0.429290106204584,0.329192546583851,2.07453416149068,0.829192546583851,0.767080745341615,0.517537022603274,1.25954793452845,1.40607950116913,0.816835541699143,1.8169014084507,1.35725429017161,0.253521126760563,0.642745709828393,0.715596330275229,1.29051987767584,1.59633027522936,0.574923547400612,0.929577464788732,1.34567901234568,1,0.654320987654321,0.495867768595041,1.49206349206349,0.653643876784373,0.507936507936508
