virus,realm,host,locus_tag,AAA,AAC,AAG,AAT,ACA,ACC,ACG,ACT,AGA,AGC,AGG,AGT,ATA,ATC,ATG,ATT,CAA,CAC,CAG,CAT,CCA,CCC,CCG,CCT,CGA,CGC,CGG,CGT,CTA,CTC,CTG,CTT,GAA,GAC,GAG,GAT,GCA,GCC,GCG,GCT,GGA,GGC,GGG,GGT,GTA,GTC,GTG,GTT,TAA,TAC,TAG,TAT,TCA,TCC,TCG,TCT,TGA,TGC,TGG,TGT,TTA,TTC,TTG,TTT
San Bernardo virus,unclassified viruses,invertebrates,B5C18,1.12299465240642,0.954248366013072,0.877005347593583,1.04575163398693,0.598802395209581,1.05389221556886,0.934131736526946,1.41317365269461,1.38461538461538,0.371900826446281,0.745562130177515,0.892561983471074,0.510204081632653,0.979591836734694,1,1.51020408163265,0.931506849315068,1.07894736842105,1.06849315068493,0.921052631578947,0.851851851851852,0.444444444444444,1.2962962962963,1.40740740740741,1.06508875739645,1.02958579881657,0.355029585798817,1.42011834319527,0.115830115830116,0.94980694980695,0.833976833976834,1.27413127413127,1.22543352601156,0.741573033707865,0.774566473988439,1.25842696629213,1.00613496932515,0.638036809815951,0.907975460122699,1.4478527607362,1.30081300813008,0.227642276422764,0.552845528455285,1.91869918699187,0.306513409961686,1.13409961685824,0.904214559386973,1.6551724137931,2,0.957983193277311,0,1.04201680672269,1.11570247933884,0.84297520661157,1.1900826446281,1.58677685950413,1,0.761904761904762,1,1.23809523809524,0.347490347490348,0.951871657754011,2.47876447876448,1.04812834224599
