virus,realm,host,locus_tag,AAA,AAC,AAG,AAT,ACA,ACC,ACG,ACT,AGA,AGC,AGG,AGT,ATA,ATC,ATG,ATT,CAA,CAC,CAG,CAT,CCA,CCC,CCG,CCT,CGA,CGC,CGG,CGT,CTA,CTC,CTG,CTT,GAA,GAC,GAG,GAT,GCA,GCC,GCG,GCT,GGA,GGC,GGG,GGT,GTA,GTC,GTG,GTT,TAA,TAC,TAG,TAT,TCA,TCC,TCG,TCT,TGA,TGC,TGG,TGT,TTA,TTC,TTG,TTT
Sandfly fever Naples virus,Riboviria,invertebrates,SFNV,0.704626334519573,0.960526315789474,1.29537366548043,1.03947368421053,1.33905579399142,1.03004291845494,0.103004291845494,1.52789699570815,2.78378378378378,0.916666666666667,2.08108108108108,0.95,1.03018867924528,0.837735849056604,1,1.13207547169811,0.788461538461538,1,1.21153846153846,1,1.71779141104294,0.613496932515337,0.368098159509202,1.30061349693252,0.405405405405405,0.324324324324324,0.27027027027027,0.135135135135135,1.11111111111111,0.854700854700855,1.38461538461538,0.905982905982906,0.819787985865724,0.900473933649289,1.18021201413428,1.09952606635071,1.27586206896552,0.913793103448276,0.206896551724138,1.60344827586207,1.15789473684211,0.842105263157895,1.10526315789474,0.894736842105263,0.455284552845528,1.00813008130081,1.51219512195122,1.02439024390244,1.5,0.967741935483871,0,1.03225806451613,1.73333333333333,0.783333333333333,0.183333333333333,1.43333333333333,1.5,1.18367346938776,1,0.816326530612245,0.700854700854701,1.01694915254237,1.04273504273504,0.983050847457627
