virus,realm,host,locus_tag,AAA,AAC,AAG,AAT,ACA,ACC,ACG,ACT,AGA,AGC,AGG,AGT,ATA,ATC,ATG,ATT,CAA,CAC,CAG,CAT,CCA,CCC,CCG,CCT,CGA,CGC,CGG,CGT,CTA,CTC,CTG,CTT,GAA,GAC,GAG,GAT,GCA,GCC,GCG,GCT,GGA,GGC,GGG,GGT,GTA,GTC,GTG,GTT,TAA,TAC,TAG,TAT,TCA,TCC,TCG,TCT,TGA,TGC,TGG,TGT,TTA,TTC,TTG,TTT
Sanxia Water Strider Virus 1,Riboviria,invertebrates,BI073,1.13425925925926,0.585987261146497,0.865740740740741,1.4140127388535,1.29153605015674,0.689655172413793,0.137931034482759,1.88087774294671,3.77973568281938,0.65195246179966,1.63876651982379,1.31409168081494,1.45550847457627,0.457627118644068,1,1.08686440677966,1.0761421319797,0.685185185185185,0.923857868020305,1.31481481481481,1.68944099378882,0.298136645962733,0.248447204968944,1.7639751552795,0.185022026431718,0.211453744493392,0.13215859030837,0.052863436123348,0.973544973544973,0.349206349206349,0.656084656084656,0.867724867724868,1.35180055401662,0.521452145214521,0.64819944598338,1.47854785478548,1.64150943396226,0.490566037735849,0.0943396226415094,1.77358490566038,1.47899159663866,0.571428571428571,0.689075630252101,1.26050420168067,0.927756653992395,0.577946768060836,0.958174904942966,1.5361216730038,2,0.607843137254902,0,1.3921568627451,1.52801358234295,0.478777589134126,0.183361629881155,1.84380305602716,1,0.585365853658537,1,1.41463414634146,2.2010582010582,0.727272727272727,0.952380952380952,1.27272727272727
