virus,realm,host,locus_tag,AAA,AAC,AAG,AAT,ACA,ACC,ACG,ACT,AGA,AGC,AGG,AGT,ATA,ATC,ATG,ATT,CAA,CAC,CAG,CAT,CCA,CCC,CCG,CCT,CGA,CGC,CGG,CGT,CTA,CTC,CTG,CTT,GAA,GAC,GAG,GAT,GCA,GCC,GCG,GCT,GGA,GGC,GGG,GGT,GTA,GTC,GTG,GTT,TAA,TAC,TAG,TAT,TCA,TCC,TCG,TCT,TGA,TGC,TGG,TGT,TTA,TTC,TTG,TTT
Sanxia tombus-like virus 2,Riboviria,invertebrates,BWU19,1.19148936170213,0.711111111111111,0.808510638297872,1.28888888888889,0.620689655172414,0.96551724137931,0.620689655172414,1.79310344827586,1.3125,0.675,1.3125,1.35,1.53333333333333,0.6,1,0.866666666666667,1.15789473684211,0.666666666666667,0.842105263157895,1.33333333333333,1.09803921568627,0.862745098039216,0.705882352941177,1.33333333333333,0.75,0.5625,0.5625,1.5,0.837209302325581,0.627906976744186,0.627906976744186,0.906976744186046,0.8,0.863636363636364,1.2,1.13636363636364,1.41538461538462,0.8,0.246153846153846,1.53846153846154,0.914285714285714,0.914285714285714,0.685714285714286,1.48571428571429,1.15942028985507,0.521739130434783,0.869565217391304,1.44927536231884,0.837209302325581,0.628571428571429,1.95348837209302,1.37142857142857,0.675,1.2,0.675,1.425,0.209302325581395,0.9,1,1.1,0.837209302325581,0.60377358490566,2.16279069767442,1.39622641509434
