virus,realm,host,locus_tag,AAA,AAC,AAG,AAT,ACA,ACC,ACG,ACT,AGA,AGC,AGG,AGT,ATA,ATC,ATG,ATT,CAA,CAC,CAG,CAT,CCA,CCC,CCG,CCT,CGA,CGC,CGG,CGT,CTA,CTC,CTG,CTT,GAA,GAC,GAG,GAT,GCA,GCC,GCG,GCT,GGA,GGC,GGG,GGT,GTA,GTC,GTG,GTT,TAA,TAC,TAG,TAT,TCA,TCC,TCG,TCT,TGA,TGC,TGG,TGT,TTA,TTC,TTG,TTT
Sanxia tombus-like virus 8,Riboviria,invertebrates,BWU14,1.26315789473684,0.915254237288136,0.736842105263158,1.08474576271186,1.5632183908046,0.919540229885057,0.735632183908046,0.781609195402299,1.71428571428571,1.85294117647059,0.685714285714286,0.794117647058823,1.44303797468354,0.835443037974684,1,0.721518987341772,1.23076923076923,0.928571428571429,0.769230769230769,1.07142857142857,1.67441860465116,0.744186046511628,1.11627906976744,0.465116279069767,1.2,0.942857142857143,0.771428571428571,0.685714285714286,1.21276595744681,0.765957446808511,0.446808510638298,1.08510638297872,1.13207547169811,1.25,0.867924528301887,0.75,1.75,0.9375,0.3125,1,1.88888888888889,1.22222222222222,0.333333333333333,0.555555555555556,0.685714285714286,0.8,1.37142857142857,1.14285714285714,1.5,1.16363636363636,0,0.836363636363636,1.58823529411765,0.617647058823529,0.617647058823529,0.529411764705882,1.5,1.14285714285714,1,0.857142857142857,1.65957446808511,0.857142857142857,0.829787234042553,1.14285714285714
