virus,realm,host,locus_tag,AAA,AAC,AAG,AAT,ACA,ACC,ACG,ACT,AGA,AGC,AGG,AGT,ATA,ATC,ATG,ATT,CAA,CAC,CAG,CAT,CCA,CCC,CCG,CCT,CGA,CGC,CGG,CGT,CTA,CTC,CTG,CTT,GAA,GAC,GAG,GAT,GCA,GCC,GCG,GCT,GGA,GGC,GGG,GGT,GTA,GTC,GTG,GTT,TAA,TAC,TAG,TAT,TCA,TCC,TCG,TCT,TGA,TGC,TGG,TGT,TTA,TTC,TTG,TTT
Satsuma dwarf virus,Riboviria,land plants,SDVsRNA,0.837209302325581,0.592,1.16279069767442,1.408,0.556701030927835,1.05154639175258,0.742268041237113,1.64948453608247,1.27906976744186,0.583892617449664,1.02325581395349,0.74496644295302,0.889952153110048,0.746411483253589,1,1.36363636363636,1.14545454545455,0.873239436619718,0.854545454545454,1.12676056338028,0.87431693989071,1.11475409836066,0.699453551912568,1.31147540983607,0.953488372093023,1.18604651162791,0.720930232558139,0.837209302325581,0.554913294797688,1.23121387283237,0.745664739884393,1.23121387283237,0.945945945945946,0.760736196319018,1.05405405405405,1.23926380368098,0.732732732732733,0.984984984984985,0.648648648648649,1.63363363363363,1.27692307692308,0.738461538461539,0.830769230769231,1.15384615384615,0.32,0.672,1.312,1.696,1.5,0.592,1.5,1.408,0.563758389261745,1.57046979865772,0.74496644295302,1.79194630872483,0,1.01449275362319,1,0.985507246376812,0.971098265895954,0.84472049689441,1.26589595375723,1.15527950310559
