virus,realm,host,locus_tag,AAA,AAC,AAG,AAT,ACA,ACC,ACG,ACT,AGA,AGC,AGG,AGT,ATA,ATC,ATG,ATT,CAA,CAC,CAG,CAT,CCA,CCC,CCG,CCT,CGA,CGC,CGG,CGT,CTA,CTC,CTG,CTT,GAA,GAC,GAG,GAT,GCA,GCC,GCG,GCT,GGA,GGC,GGG,GGT,GTA,GTC,GTG,GTT,TAA,TAC,TAG,TAT,TCA,TCC,TCG,TCT,TGA,TGC,TGG,TGT,TTA,TTC,TTG,TTT
Sewage-associated gemycircularvirus 9,NA,NA,SP95,0.631578947368421,0.666666666666667,1.36842105263158,1.33333333333333,0.967741935483871,0.774193548387097,1.03225806451613,1.2258064516129,0.988235294117647,1.23529411764706,0.988235294117647,0.705882352941177,0.418604651162791,1.3953488372093,1,1.18604651162791,1.33333333333333,1.33333333333333,0.666666666666667,0.666666666666667,0.905660377358491,0.830188679245283,1.05660377358491,1.20754716981132,0.988235294117647,0.917647058823529,0.917647058823529,1.2,1.125,1.125,1.03125,0.9375,0.894736842105263,0.920634920634921,1.10526315789474,1.07936507936508,1.28571428571429,1.14285714285714,0.642857142857143,0.928571428571429,1.70114942528736,0.64367816091954,0.551724137931034,1.10344827586207,0.583333333333333,1.58333333333333,0.583333333333333,1.25,0,1,2,1,1.67647058823529,0.617647058823529,0.705882352941177,1.05882352941176,1,0.714285714285714,1,1.28571428571429,0.9375,1.13636363636364,0.84375,0.863636363636364
