virus,realm,host,locus_tag,AAA,AAC,AAG,AAT,ACA,ACC,ACG,ACT,AGA,AGC,AGG,AGT,ATA,ATC,ATG,ATT,CAA,CAC,CAG,CAT,CCA,CCC,CCG,CCT,CGA,CGC,CGG,CGT,CTA,CTC,CTG,CTT,GAA,GAC,GAG,GAT,GCA,GCC,GCG,GCT,GGA,GGC,GGG,GGT,GTA,GTC,GTG,GTT,TAA,TAC,TAG,TAT,TCA,TCC,TCG,TCT,TGA,TGC,TGG,TGT,TTA,TTC,TTG,TTT
Sewage-associated circular DNA virus-27,NA,NA,TP14,1.39130434782609,1.0625,0.608695652173913,0.9375,0.765957446808511,0.936170212765957,0.595744680851064,1.70212765957447,1.95918367346939,1.09090909090909,0.36734693877551,1.09090909090909,0.230769230769231,1.15384615384615,1,1.61538461538462,0.96,1,1.04,1,1.57894736842105,0.421052631578947,0.842105263157895,1.15789473684211,0.979591836734694,0.36734693877551,0.489795918367347,1.83673469387755,0.382978723404255,1.14893617021277,0.51063829787234,1.40425531914894,1.27272727272727,0.571428571428571,0.727272727272727,1.42857142857143,1.65217391304348,0.608695652173913,0.0869565217391304,1.65217391304348,1.40740740740741,0.888888888888889,0.37037037037037,1.33333333333333,0.56,1.2,0.8,1.44,1.5,0.9375,0,1.0625,0.872727272727273,1.09090909090909,0.654545454545455,1.2,1.5,0.6,1,1.4,0.893617021276596,1.2258064516129,1.65957446808511,0.774193548387097
