virus,realm,host,locus_tag,AAA,AAC,AAG,AAT,ACA,ACC,ACG,ACT,AGA,AGC,AGG,AGT,ATA,ATC,ATG,ATT,CAA,CAC,CAG,CAT,CCA,CCC,CCG,CCT,CGA,CGC,CGG,CGT,CTA,CTC,CTG,CTT,GAA,GAC,GAG,GAT,GCA,GCC,GCG,GCT,GGA,GGC,GGG,GGT,GTA,GTC,GTG,GTT,TAA,TAC,TAG,TAT,TCA,TCC,TCG,TCT,TGA,TGC,TGG,TGT,TTA,TTC,TTG,TTT
Sewage-associated gemycircularvirus 4,NA,NA,SP82,0.789473684210526,0.918918918918919,1.21052631578947,1.08108108108108,0.780487804878049,0.878048780487805,0.48780487804878,1.85365853658537,0.75,0.610169491525424,0.675,0.406779661016949,0.439024390243902,1.60975609756098,1,0.951219512195122,0.896551724137931,0.956521739130435,1.10344827586207,1.04347826086957,0.88,1.2,0.96,0.96,1.875,1.05,0.675,0.975,0.36734693877551,1.59183673469388,0.857142857142857,0.36734693877551,0.893617021276596,0.78125,1.1063829787234,1.21875,1.06666666666667,1.6,0.177777777777778,1.15555555555556,2.4,0.727272727272727,0.290909090909091,0.581818181818182,0.454545454545455,1.81818181818182,0.363636363636364,1.36363636363636,1,1.36363636363636,2,0.636363636363636,0.813559322033898,1.22033898305085,0.610169491525424,2.33898305084746,0,1.42857142857143,1,0.571428571428571,1.3469387755102,1.36585365853659,1.46938775510204,0.634146341463415
