virus,realm,host,locus_tag,AAA,AAC,AAG,AAT,ACA,ACC,ACG,ACT,AGA,AGC,AGG,AGT,ATA,ATC,ATG,ATT,CAA,CAC,CAG,CAT,CCA,CCC,CCG,CCT,CGA,CGC,CGG,CGT,CTA,CTC,CTG,CTT,GAA,GAC,GAG,GAT,GCA,GCC,GCG,GCT,GGA,GGC,GGG,GGT,GTA,GTC,GTG,GTT,TAA,TAC,TAG,TAT,TCA,TCC,TCG,TCT,TGA,TGC,TGG,TGT,TTA,TTC,TTG,TTT
Shahe hepe-like virus 1,Riboviria,invertebrates,BUM97,1.6283185840708,0.91304347826087,0.371681415929204,1.08695652173913,1.55555555555556,0.769230769230769,0.188034188034188,1.48717948717949,2.97931034482759,0.704225352112676,1.2,0.957746478873239,0.524017467248908,1.10043668122271,1,1.37554585152838,1.63478260869565,0.904109589041096,0.365217391304348,1.0958904109589,2.29370629370629,0.195804195804196,0.13986013986014,1.37062937062937,0.496551724137931,0.455172413793103,0.248275862068966,0.620689655172414,0.528735632183908,0.96551724137931,0.275862068965517,1.42528735632184,1.59585492227979,0.795580110497238,0.404145077720207,1.20441988950276,1.35652173913043,0.921739130434783,0.243478260869565,1.47826086956522,1.36526946107784,1.05389221556886,0.287425149700599,1.29341317365269,0.583783783783784,1.38378378378378,0.389189189189189,1.64324324324324,1.8,0.923076923076923,0.6,1.07692307692308,2.02816901408451,0.76056338028169,0.338028169014085,1.2112676056338,0.6,0.909090909090909,1,1.09090909090909,1.14942528735632,1.04494382022472,1.6551724137931,0.955056179775281
