virus,realm,host,locus_tag,AAA,AAC,AAG,AAT,ACA,ACC,ACG,ACT,AGA,AGC,AGG,AGT,ATA,ATC,ATG,ATT,CAA,CAC,CAG,CAT,CCA,CCC,CCG,CCT,CGA,CGC,CGG,CGT,CTA,CTC,CTG,CTT,GAA,GAC,GAG,GAT,GCA,GCC,GCG,GCT,GGA,GGC,GGG,GGT,GTA,GTC,GTG,GTT,TAA,TAC,TAG,TAT,TCA,TCC,TCG,TCT,TGA,TGC,TGG,TGT,TTA,TTC,TTG,TTT
Shayang Spider Virus 1,Riboviria,invertebrates,BI173,1.35106382978723,0.643799472295514,0.648936170212766,1.35620052770449,2.07282913165266,0.605042016806723,0.0896358543417367,1.23249299719888,3.96503496503496,0.77112676056338,1.65734265734266,1.69014084507042,1.42008196721311,0.405737704918033,1,1.17418032786885,1.34615384615385,0.825688073394495,0.653846153846154,1.1743119266055,2.03208556149733,0.235294117647059,0.235294117647059,1.49732620320856,0.251748251748252,0,0.020979020979021,0.104895104895105,1.57585644371941,0.244698205546493,0.714518760195759,0.743882544861338,1.46693386773547,0.735694822888283,0.533066132264529,1.26430517711172,1.96466431095406,0.579505300353357,0.0282685512367491,1.42756183745583,1.20962199312715,0.65979381443299,0.536082474226804,1.59450171821306,0.971098265895954,0.61271676300578,0.716763005780347,1.69942196531792,1,0.69683257918552,0,1.30316742081448,1.76408450704225,0.369718309859155,0.137323943661972,1.26760563380282,2,0.834782608695652,1,1.16521739130435,1.74225122349103,0.743055555555556,0.978792822185971,1.25694444444444
