virus,realm,host,locus_tag,AAA,AAC,AAG,AAT,ACA,ACC,ACG,ACT,AGA,AGC,AGG,AGT,ATA,ATC,ATG,ATT,CAA,CAC,CAG,CAT,CCA,CCC,CCG,CCT,CGA,CGC,CGG,CGT,CTA,CTC,CTG,CTT,GAA,GAC,GAG,GAT,GCA,GCC,GCG,GCT,GGA,GGC,GGG,GGT,GTA,GTC,GTG,GTT,TAA,TAC,TAG,TAT,TCA,TCC,TCG,TCT,TGA,TGC,TGG,TGT,TTA,TTC,TTG,TTT
Shigella phage SHSML-45,Duplodnaviria,bacteria,BI056,1.36140675613142,0.706166868198307,0.638593243868579,1.29383313180169,1.02182890855457,0.615929203539823,0.344542772861357,2.01769911504425,1.52448545067424,0.620577027762657,0.579134137686302,1.24115405552531,0.614457831325301,0.691461498166579,1,1.69408067050812,1.05333333333333,0.622775800711744,0.946666666666667,1.37722419928826,1.5968534906588,0.361848574237955,0.534906588003933,1.50639134709931,0.481192334989354,0.63875088715401,0.132008516678495,2.6444286728176,1.30424339471577,0.360288230584468,1.0160128102482,1.08807045636509,1.3533107781537,0.468249585864163,0.646689221846303,1.53175041413584,1.27821644217371,0.45703669298653,0.369716674407803,1.89503019043196,0.90146750524109,0.563941299790356,0.49685534591195,2.0377358490566,1.48148148148148,0.234920634920635,0.44021164021164,1.84338624338624,2.28776978417266,0.624365482233503,0.151079136690647,1.3756345177665,0.885138813282526,0.72509526401742,0.251497005988024,2.27653783342406,0.561151079136691,0.625766871165644,1,1.37423312883436,1.59967974379504,0.814011676396997,0.631705364291433,1.185988323603
