virus,realm,host,locus_tag,AAA,AAC,AAG,AAT,ACA,ACC,ACG,ACT,AGA,AGC,AGG,AGT,ATA,ATC,ATG,ATT,CAA,CAC,CAG,CAT,CCA,CCC,CCG,CCT,CGA,CGC,CGG,CGT,CTA,CTC,CTG,CTT,GAA,GAC,GAG,GAT,GCA,GCC,GCG,GCT,GGA,GGC,GGG,GGT,GTA,GTC,GTG,GTT,TAA,TAC,TAG,TAT,TCA,TCC,TCG,TCT,TGA,TGC,TGG,TGT,TTA,TTC,TTG,TTT
Shigella phage pSf-2,Duplodnaviria,bacteria,pSf2,1.03690036900369,1.14630872483221,0.96309963099631,0.853691275167785,0.852694610778443,0.85748502994012,0.88622754491018,1.40359281437126,0.764227642276423,1.26024590163934,0.48780487804878,0.688524590163934,0.385589094449854,1.28529698149951,1,1.32911392405063,0.70979020979021,1.15636363636364,1.29020979020979,0.843636363636364,0.926147704590818,0.199600798403194,1.55688622754491,1.31736526946108,1.44715447154472,1.69105691056911,0.276422764227642,1.33333333333333,0.635437881873727,0.513238289205703,1.28920570264766,1.70468431771894,1.06473429951691,0.788198103266596,0.935265700483092,1.2118018967334,1.22006472491909,0.524271844660194,1.00647249190939,1.24919093851133,0.897366030881017,1.13714804722979,0.483197093551317,1.48228882833787,1.00094786729858,0.523222748815166,0.762085308056872,1.71374407582938,1.8433734939759,1.12692307692308,0.289156626506024,0.873076923076923,1.65368852459016,0.608606557377049,0.682377049180328,1.10655737704918,0.867469879518072,1.43434343434343,1,0.565656565656566,1.0020366598778,1.10965630114566,0.855397148676171,0.890343698854337
