virus,realm,host,locus_tag,AAA,AAC,AAG,AAT,ACA,ACC,ACG,ACT,AGA,AGC,AGG,AGT,ATA,ATC,ATG,ATT,CAA,CAC,CAG,CAT,CCA,CCC,CCG,CCT,CGA,CGC,CGG,CGT,CTA,CTC,CTG,CTT,GAA,GAC,GAG,GAT,GCA,GCC,GCG,GCT,GGA,GGC,GGG,GGT,GTA,GTC,GTG,GTT,TAA,TAC,TAG,TAT,TCA,TCC,TCG,TCT,TGA,TGC,TGG,TGT,TTA,TTC,TTG,TTT
Shigella phage vB SsoS-ISF002,NA,NA,FDI22,1.00384615384615,1.21937321937322,0.996153846153846,0.780626780626781,0.784019975031211,0.779026217228464,0.928838951310861,1.50811485642946,0.815864022662889,1.26680672268908,0.509915014164306,0.73109243697479,0.400602409638554,1.31927710843373,1,1.28012048192771,0.727272727272727,1.15953307392996,1.27272727272727,0.840466926070039,0.98744769874477,0.234309623430962,1.4979079497908,1.28033472803347,1.35977337110482,1.81869688385269,0.263456090651558,1.23229461756374,0.65359477124183,0.477124183006536,1.30065359477124,1.71895424836601,1.04980079681275,0.782231852654388,0.950199203187251,1.21776814734561,1.22575107296137,0.545922746781116,1.00600858369099,1.22231759656652,0.883765609990394,1.15273775216138,0.560999039385207,1.40249759846302,0.989162561576355,0.500492610837438,0.764532019704434,1.74581280788177,1.89473684210526,1.11067961165049,0.315789473684211,0.889320388349515,1.61974789915966,0.630252100840336,0.699579831932773,1.05252100840336,0.789473684210526,1.52083333333333,1,0.479166666666667,0.941176470588235,1.09710391822828,0.908496732026144,0.902896081771721
