virus,realm,host,locus_tag,AAA,AAC,AAG,AAT,ACA,ACC,ACG,ACT,AGA,AGC,AGG,AGT,ATA,ATC,ATG,ATT,CAA,CAC,CAG,CAT,CCA,CCC,CCG,CCT,CGA,CGC,CGG,CGT,CTA,CTC,CTG,CTT,GAA,GAC,GAG,GAT,GCA,GCC,GCG,GCT,GGA,GGC,GGG,GGT,GTA,GTC,GTG,GTT,TAA,TAC,TAG,TAT,TCA,TCC,TCG,TCT,TGA,TGC,TGG,TGT,TTA,TTC,TTG,TTT
Sida micrantha mosaic virus,Monodnaviria,land plants,SiMMV,0.735632183908046,1.19480519480519,1.26436781609195,0.805194805194805,0.987654320987654,0.740740740740741,1.33333333333333,0.938271604938272,1.32110091743119,0.671328671328671,1.76146788990826,0.881118881118881,1.07692307692308,1.07692307692308,1,0.846153846153846,0.8,1.08771929824561,1.2,0.912280701754386,1.18518518518519,0.839506172839506,0.592592592592593,1.38271604938272,0.715596330275229,0.330275229357798,0.385321100917431,1.48623853211009,1.16814159292035,1.16814159292035,1.00884955752212,0.902654867256637,0.888888888888889,1.12328767123288,1.11111111111111,0.876712328767123,0.80952380952381,1.57142857142857,0.523809523809524,1.0952380952381,0.941176470588235,0.894117647058824,1.03529411764706,1.12941176470588,0.875,1.08333333333333,1.125,0.916666666666667,1.28571428571429,0.950819672131147,0.857142857142857,1.04918032786885,0.839160839160839,1.63636363636364,0.881118881118881,1.09090909090909,0.857142857142857,1.38461538461538,1,0.615384615384615,0.955752212389381,1.22388059701493,0.79646017699115,0.776119402985075
