virus,realm,host,locus_tag,AAA,AAC,AAG,AAT,ACA,ACC,ACG,ACT,AGA,AGC,AGG,AGT,ATA,ATC,ATG,ATT,CAA,CAC,CAG,CAT,CCA,CCC,CCG,CCT,CGA,CGC,CGG,CGT,CTA,CTC,CTG,CTT,GAA,GAC,GAG,GAT,GCA,GCC,GCG,GCT,GGA,GGC,GGG,GGT,GTA,GTC,GTG,GTT,TAA,TAC,TAG,TAT,TCA,TCC,TCG,TCT,TGA,TGC,TGG,TGT,TTA,TTC,TTG,TTT
Soybean chlorotic blotch virus,Monodnaviria,land plants,SoCBV,0.819047619047619,0.980392156862745,1.18095238095238,1.01960784313725,1.42056074766355,0.710280373831776,0.97196261682243,0.897196261682243,1.16279069767442,0.633540372670807,1.02325581395349,1.00621118012422,0.807692307692308,0.951923076923077,1,1.24038461538462,1.2962962962963,0.953846153846154,0.703703703703704,1.04615384615385,1.20388349514563,0.854368932038835,1.0873786407767,0.854368932038835,1.11627906976744,0.744186046511628,0.604651162790698,1.34883720930233,0.607594936708861,0.759493670886076,0.873417721518987,1.21518987341772,1.09090909090909,1.02272727272727,0.909090909090909,0.977272727272727,1.01098901098901,1.14285714285714,0.879120879120879,0.967032967032967,1.125,1.08333333333333,0.875,0.916666666666667,0.677966101694915,1.08474576271186,1.05084745762712,1.1864406779661,2.33333333333333,0.833333333333333,0,1.16666666666667,1.19254658385093,1.22981366459627,0.93167701863354,1.00621118012422,0.666666666666667,0.666666666666667,1,1.33333333333333,1.13924050632911,1.11111111111111,1.40506329113924,0.888888888888889
