virus,realm,host,locus_tag,AAA,AAC,AAG,AAT,ACA,ACC,ACG,ACT,AGA,AGC,AGG,AGT,ATA,ATC,ATG,ATT,CAA,CAC,CAG,CAT,CCA,CCC,CCG,CCT,CGA,CGC,CGG,CGT,CTA,CTC,CTG,CTT,GAA,GAC,GAG,GAT,GCA,GCC,GCG,GCT,GGA,GGC,GGG,GGT,GTA,GTC,GTG,GTT,TAA,TAC,TAG,TAT,TCA,TCC,TCG,TCT,TGA,TGC,TGG,TGT,TTA,TTC,TTG,TTT
Sphingobium phage Lacusarx,Duplodnaviria,bacteria,FDH44,0.271313672922252,1.53184713375796,1.72868632707775,0.468152866242038,0.1714538223597,2.17410517012815,1.2726469288555,0.38179407865665,0.0687224669603524,1.56179775280899,0.079295154185022,0.224719101123595,0.0598290598290598,2.61538461538462,1,0.324786324786325,0.279279279279279,1.40514075887393,1.72072072072072,0.594859241126071,0.2152466367713,1.19955156950673,2.05605381165919,0.52914798206278,0.414977973568282,3.43348017621145,1.14977973568282,0.85374449339207,0.146988771691051,2.26199387546785,2.47635250085063,0.671657026199387,0.899211945250933,1.35935613682093,1.10078805474907,0.640643863179074,0.447538025264243,1.7159061613818,1.22712039185357,0.609435421500387,0.377740303541315,2.45935919055649,0.477571669477234,0.685328836424958,0.212871287128713,2.18976897689769,1.1980198019802,0.399339933993399,0.918367346938776,1.00262927256792,0.321428571428571,0.997370727432077,0.235955056179775,1.42696629213483,2.17415730337079,0.376404494382022,1.76020408163265,1.66233766233766,1,0.337662337662338,0.030622660768969,1.76196990424077,0.412385165022116,0.238030095759234
