virus,realm,host,locus_tag,AAA,AAC,AAG,AAT,ACA,ACC,ACG,ACT,AGA,AGC,AGG,AGT,ATA,ATC,ATG,ATT,CAA,CAC,CAG,CAT,CCA,CCC,CCG,CCT,CGA,CGC,CGG,CGT,CTA,CTC,CTG,CTT,GAA,GAC,GAG,GAT,GCA,GCC,GCG,GCT,GGA,GGC,GGG,GGT,GTA,GTC,GTG,GTT,TAA,TAC,TAG,TAT,TCA,TCC,TCG,TCT,TGA,TGC,TGG,TGT,TTA,TTC,TTG,TTT
Spider monkey simian foamy virus,NA,NA,D1U26,1.46448087431694,0.402366863905325,0.53551912568306,1.59763313609467,1.45147679324895,0.658227848101266,0.151898734177215,1.73839662447257,3.51219512195122,0.251162790697674,1.28048780487805,1.33953488372093,1.18385650224215,0.376681614349776,1,1.43946188340807,1.45251396648045,0.292682926829268,0.547486033519553,1.70731707317073,1.32330827067669,0.451127819548872,0.255639097744361,1.96992481203008,0.548780487804878,0.182926829268293,0.109756097560976,0.365853658536585,0.724458204334365,0.260061919504644,0.390092879256966,0.891640866873065,1.54594594594595,0.415584415584416,0.454054054054054,1.58441558441558,1.40952380952381,0.59047619047619,0.133333333333333,1.86666666666667,1.74736842105263,0.484210526315789,0.547368421052632,1.22105263157895,1.09090909090909,0.522727272727273,0.886363636363636,1.5,1.2,0.324786324786325,1.2,1.67521367521368,1.36744186046512,1.0046511627907,0.0837209302325581,1.95348837209302,0.6,0.490566037735849,1,1.50943396226415,2.73065015479876,0.549450549450549,1.0030959752322,1.45054945054945
