virus,realm,host,locus_tag,AAA,AAC,AAG,AAT,ACA,ACC,ACG,ACT,AGA,AGC,AGG,AGT,ATA,ATC,ATG,ATT,CAA,CAC,CAG,CAT,CCA,CCC,CCG,CCT,CGA,CGC,CGG,CGT,CTA,CTC,CTG,CTT,GAA,GAC,GAG,GAT,GCA,GCC,GCG,GCT,GGA,GGC,GGG,GGT,GTA,GTC,GTG,GTT,TAA,TAC,TAG,TAT,TCA,TCC,TCG,TCT,TGA,TGC,TGG,TGT,TTA,TTC,TTG,TTT
Spodoptera eridania nucleopolyhedrovirus,Naldaviricetes,invertebrates,KM666,1.17642907551164,1.29628411706675,0.823570924488356,0.703715882933246,0.473118279569892,1.19106699751861,1.60794044665012,0.727874276261373,1.05509641873278,1.57700205338809,0.512396694214876,0.71047227926078,0.743400211193242,1.24181626187962,1,1.01478352692714,1.09881422924901,1.19402985074627,0.901185770750988,0.805970149253731,0.39820166987797,1.66473988439306,1.27167630057803,0.665382145150931,1.08815426997245,1.86225895316804,0.539944903581267,0.942148760330578,0.642800318217979,1.31742243436754,1.47812251392204,0.394590294351631,1.2092032381764,1.30954879328437,0.790796761823605,0.690451206715635,0.476393024245002,1.65886856656742,1.23351765206295,0.631220757124628,0.793259883344135,2.28904731043422,0.189241736876215,0.728451069345431,0.480528052805281,1.48118811881188,1.46666666666667,0.571617161716172,1.64383561643836,1.32468780019212,0.678082191780822,0.675312199807877,0.501026694045175,0.770020533880904,1.68377823408624,0.757700205338809,0.678082191780822,1.23910733262487,1,0.760892667375133,0.607796340493238,0.940423436730675,1.55926809864757,1.05957656326933
