virus,realm,host,locus_tag,AAA,AAC,AAG,AAT,ACA,ACC,ACG,ACT,AGA,AGC,AGG,AGT,ATA,ATC,ATG,ATT,CAA,CAC,CAG,CAT,CCA,CCC,CCG,CCT,CGA,CGC,CGG,CGT,CTA,CTC,CTG,CTT,GAA,GAC,GAG,GAT,GCA,GCC,GCG,GCT,GGA,GGC,GGG,GGT,GTA,GTC,GTG,GTT,TAA,TAC,TAG,TAT,TCA,TCC,TCG,TCT,TGA,TGC,TGG,TGT,TTA,TTC,TTG,TTT
Staphylococcus virus 47,Duplodnaviria,bacteria,ST47ORF03,1.5429403202329,0.622171945701357,0.457059679767103,1.37782805429864,1.88984088127295,0.313341493268054,0.411260709914321,1.38555691554468,3.15398230088496,0.65466816647919,0.56283185840708,1.7615298087739,1.03915662650602,0.44578313253012,1,1.51506024096386,1.65587044534413,0.508064516129032,0.34412955465587,1.49193548387097,1.90835579514825,0.247978436657682,0.388140161725067,1.455525606469,0.679646017699115,0.329203539823009,0.0955752212389381,1.1787610619469,0.707070707070707,0.141414141414141,0.186868686868687,0.868686868686869,1.62969752520623,0.476409666283084,0.370302474793767,1.52359033371692,1.80645161290323,0.258064516129032,0.466501240694789,1.46898263027295,1.22634730538922,0.651497005988024,0.378443113772455,1.7437125748503,1.36020151133501,0.382871536523929,0.54911838790932,1.70780856423174,1.75384615384615,0.489326765188834,0.830769230769231,1.51067323481117,1.56580427446569,0.175478065241845,0.384701912260967,1.4578177727784,0.415384615384615,0.5,1,1.5,3.1010101010101,0.51865671641791,0.994949494949495,1.48134328358209
