virus,realm,host,locus_tag,AAA,AAC,AAG,AAT,ACA,ACC,ACG,ACT,AGA,AGC,AGG,AGT,ATA,ATC,ATG,ATT,CAA,CAC,CAG,CAT,CCA,CCC,CCG,CCT,CGA,CGC,CGG,CGT,CTA,CTC,CTG,CTT,GAA,GAC,GAG,GAT,GCA,GCC,GCG,GCT,GGA,GGC,GGG,GGT,GTA,GTC,GTG,GTT,TAA,TAC,TAG,TAT,TCA,TCC,TCG,TCT,TGA,TGC,TGG,TGT,TTA,TTC,TTG,TTT
Staphylococcus phage IME-SA4,Duplodnaviria,bacteria,AVT66,1.56987447698745,0.782909930715935,0.430125523012552,1.21709006928406,1.96754057428215,0.164794007490637,0.449438202247191,1.41822721598002,2.44014084507042,0.725361366622865,0.411971830985915,2.30223390275953,0.80672268907563,0.702731092436975,1,1.49054621848739,1.74698795180723,0.516431924882629,0.253012048192771,1.48356807511737,1.7125748502994,0.131736526946108,0.37125748502994,1.78443113772455,0.75,0.380281690140845,0.0422535211267606,1.97535211267606,0.681954137587238,0.227318045862413,0.0957128614157527,0.783649052841476,1.59654800431499,0.58128078817734,0.403451995685005,1.41871921182266,1.97267759562842,0.185792349726776,0.480874316939891,1.36065573770492,0.991869918699187,0.785907859078591,0.227642276422764,1.99457994579946,1.66883963494133,0.328552803129074,0.651890482398957,1.35071707953064,1.35483870967742,0.700757575757576,0.82258064516129,1.29924242424242,1.36399474375821,0.1419185282523,0.425755584756899,1.0407358738502,0.82258064516129,0.537313432835821,1,1.46268656716418,3.48155533399801,0.662835249042146,0.729810568295115,1.33716475095785
