virus,realm,host,locus_tag,AAA,AAC,AAG,AAT,ACA,ACC,ACG,ACT,AGA,AGC,AGG,AGT,ATA,ATC,ATG,ATT,CAA,CAC,CAG,CAT,CCA,CCC,CCG,CCT,CGA,CGC,CGG,CGT,CTA,CTC,CTG,CTT,GAA,GAC,GAG,GAT,GCA,GCC,GCG,GCT,GGA,GGC,GGG,GGT,GTA,GTC,GTG,GTT,TAA,TAC,TAG,TAT,TCA,TCC,TCG,TCT,TGA,TGC,TGG,TGT,TTA,TTC,TTG,TTT
Staphylococcus phage vB SpsS QT1,NA,NA,HOV49,1.52012882447665,0.785024154589372,0.479871175523349,1.21497584541063,1.84269662921348,0.249687890137328,0.719101123595506,1.18851435705368,1.9151103565365,0.998776009791922,0.458404074702886,1.43941248470012,0.798283261802575,0.675965665236052,1,1.52575107296137,1.58747697974217,0.771784232365145,0.412523020257827,1.22821576763485,1.27777777777778,0.2,0.722222222222222,1.8,0.886247877758913,0.743633276740238,0.295415959252971,1.70118845500849,0.756756756756757,0.2,0.286486486486487,1.07567567567568,1.41069626639758,0.762456546929316,0.589303733602422,1.23754345307068,1.47443519619501,0.399524375743163,0.884661117717004,1.24137931034483,0.788249694002448,0.979192166462668,0.357405140758874,1.87515299877601,1.09135200974421,0.574908647990256,0.730816077953715,1.60292326431181,1.55,0.696588868940754,0.6,1.30341113105925,1.55691554467564,0.27172582619339,0.550795593635251,1.18237454100367,0.85,0.695652173913043,1,1.30434782608696,2.60540540540541,0.461538461538462,1.07567567567568,1.53846153846154
