virus,realm,host,locus_tag,AAA,AAC,AAG,AAT,ACA,ACC,ACG,ACT,AGA,AGC,AGG,AGT,ATA,ATC,ATG,ATT,CAA,CAC,CAG,CAT,CCA,CCC,CCG,CCT,CGA,CGC,CGG,CGT,CTA,CTC,CTG,CTT,GAA,GAC,GAG,GAT,GCA,GCC,GCG,GCT,GGA,GGC,GGG,GGT,GTA,GTC,GTG,GTT,TAA,TAC,TAG,TAT,TCA,TCC,TCG,TCT,TGA,TGC,TGG,TGT,TTA,TTC,TTG,TTT
Staphylococcus phage 53,Duplodnaviria,bacteria,ST53ORF0,1.53996983408748,0.763185108583247,0.460030165912519,1.23681489141675,1.77981651376147,0.256880733944954,0.587155963302752,1.37614678899083,2.8365553602812,0.730238393977415,0.579964850615114,1.76913425345044,1.01320754716981,0.650943396226415,1,1.33584905660377,1.73255813953488,0.72,0.267441860465116,1.28,1.49222797927461,0.207253886010363,0.683937823834197,1.61658031088083,0.801405975395431,0.390158172231986,0.0843585237258348,1.30755711775044,0.775280898876405,0.151685393258427,0.140449438202247,0.657303370786517,1.56571428571429,0.608695652173913,0.434285714285714,1.39130434782609,1.57731958762887,0.164948453608247,0.644329896907217,1.61340206185567,1.05235602094241,0.722513089005236,0.43455497382199,1.79057591623037,1.48700564971751,0.388700564971751,0.506214689265537,1.6180790960452,1.62162162162162,0.653250773993808,0.689189189189189,1.34674922600619,1.56587202007528,0.127979924717691,0.564617314930991,1.24215809284818,0.689189189189189,0.615384615384615,1,1.38461538461538,3.12359550561798,0.693200663349917,1.15168539325843,1.30679933665008
