virus,realm,host,locus_tag,AAA,AAC,AAG,AAT,ACA,ACC,ACG,ACT,AGA,AGC,AGG,AGT,ATA,ATC,ATG,ATT,CAA,CAC,CAG,CAT,CCA,CCC,CCG,CCT,CGA,CGC,CGG,CGT,CTA,CTC,CTG,CTT,GAA,GAC,GAG,GAT,GCA,GCC,GCG,GCT,GGA,GGC,GGG,GGT,GTA,GTC,GTG,GTT,TAA,TAC,TAG,TAT,TCA,TCC,TCG,TCT,TGA,TGC,TGG,TGT,TTA,TTC,TTG,TTT
Staphylococcus phage SAP11,Duplodnaviria,bacteria,KMD33,1.53719008264463,0.568129330254042,0.462809917355372,1.43187066974596,1.98682476943347,0.231884057971014,0.421607378129117,1.3596837944664,3.28856624319419,0.708074534161491,0.588021778584392,1.75900621118012,1.05396825396825,0.441269841269841,1,1.5047619047619,1.65009940357853,0.534979423868313,0.349900596421471,1.46502057613169,1.88555858310627,0.163487738419619,0.403269754768392,1.54768392370572,0.67513611615245,0.272232304900181,0.043557168784029,1.13248638838475,0.642086330935252,0.151079136690647,0.242805755395683,0.949640287769784,1.62465501379945,0.48711943793911,0.375344986200552,1.51288056206089,1.79467680608365,0.238276299112801,0.47148288973384,1.49556400506971,1.30325814536341,0.621553884711779,0.325814536340852,1.74937343358396,1.35071707953064,0.380704041720991,0.531942633637549,1.73663624511082,1.9047619047619,0.482758620689655,0.619047619047619,1.51724137931034,1.60248447204969,0.22360248447205,0.305590062111801,1.40124223602484,0.476190476190476,0.47887323943662,1,1.52112676056338,3.0431654676259,0.502879078694818,0.971223021582734,1.49712092130518
