virus,realm,host,locus_tag,AAA,AAC,AAG,AAT,ACA,ACC,ACG,ACT,AGA,AGC,AGG,AGT,ATA,ATC,ATG,ATT,CAA,CAC,CAG,CAT,CCA,CCC,CCG,CCT,CGA,CGC,CGG,CGT,CTA,CTC,CTG,CTT,GAA,GAC,GAG,GAT,GCA,GCC,GCG,GCT,GGA,GGC,GGG,GGT,GTA,GTC,GTG,GTT,TAA,TAC,TAG,TAT,TCA,TCC,TCG,TCT,TGA,TGC,TGG,TGT,TTA,TTC,TTG,TTT
Staphylococcus phage vB SscM-1,NA,NA,HOR18,1.36151761517615,0.704747201852567,0.638482384823848,1.29525279814743,2.24409448818898,0.18740157480315,0.184251968503937,1.38425196850394,4.24839948783611,0.446319018404908,0.683738796414853,2.06134969325153,1.32872655478776,0.310957551826259,1,1.36031589338598,1.53925165077036,0.623493975903614,0.46074834922964,1.37650602409639,1.25352112676056,0.137323943661972,0.179577464788732,2.42957746478873,0.153649167733675,0.0768245838668374,0.0345710627400768,0.802816901408451,1.20652173913043,0.0996376811594203,0.126811594202899,0.923913043478261,1.36678680343776,0.54904831625183,0.63321319656224,1.45095168374817,1.92557590076787,0.207914943886592,0.115770821027761,1.75073833431778,1.48252911813644,0.171381031613977,0.314475873544093,2.03161397670549,2.35285451197053,0.103130755064457,0.259300184162063,1.28471454880295,2.11330049261084,0.618800188946623,0.694581280788177,1.38119981105338,1.49769938650307,0.209355828220859,0.080521472392638,1.70475460122699,0.192118226600985,0.320987654320988,1,1.67901234567901,3.28079710144928,0.587795765877958,0.36231884057971,1.41220423412204
