virus,realm,host,locus_tag,AAA,AAC,AAG,AAT,ACA,ACC,ACG,ACT,AGA,AGC,AGG,AGT,ATA,ATC,ATG,ATT,CAA,CAC,CAG,CAT,CCA,CCC,CCG,CCT,CGA,CGC,CGG,CGT,CTA,CTC,CTG,CTT,GAA,GAC,GAG,GAT,GCA,GCC,GCG,GCT,GGA,GGC,GGG,GGT,GTA,GTC,GTG,GTT,TAA,TAC,TAG,TAT,TCA,TCC,TCG,TCT,TGA,TGC,TGG,TGT,TTA,TTC,TTG,TTT
Stemphylium lycopersici mycovirus,Riboviria,fungi,F2Q19,0.292682926829268,0.836363636363636,1.70731707317073,1.16363636363636,0.504504504504504,0.972972972972973,1.62162162162162,0.900900900900901,0.267657992565056,0.90625,1.02602230483271,0.71875,0.478260869565217,1.52173913043478,1,1,0.521739130434783,1,1.47826086956522,1,0.268292682926829,0.829268292682927,1.39024390243902,1.51219512195122,0.156133828996283,1.36059479553903,1.60594795539033,1.58364312267658,0.136363636363636,0.837662337662338,1.44155844155844,1.28571428571429,0.308641975308642,0.855813953488372,1.69135802469136,1.14418604651163,0.516483516483517,0.923076923076923,1.50549450549451,1.05494505494505,0.380403458213256,1.29106628242075,1.23342939481268,1.09510086455331,0.125435540069686,1.08710801393728,1.70034843205575,1.08710801393728,2.25,1.06818181818182,0.75,0.931818181818182,0.75,0.875,1.28125,1.46875,0,0.904761904761905,1,1.0952380952381,0.194805194805195,1.08474576271186,2.1038961038961,0.915254237288136
