virus,realm,host,locus_tag,AAA,AAC,AAG,AAT,ACA,ACC,ACG,ACT,AGA,AGC,AGG,AGT,ATA,ATC,ATG,ATT,CAA,CAC,CAG,CAT,CCA,CCC,CCG,CCT,CGA,CGC,CGG,CGT,CTA,CTC,CTG,CTT,GAA,GAC,GAG,GAT,GCA,GCC,GCG,GCT,GGA,GGC,GGG,GGT,GTA,GTC,GTG,GTT,TAA,TAC,TAG,TAT,TCA,TCC,TCG,TCT,TGA,TGC,TGG,TGT,TTA,TTC,TTG,TTT
Streptomyces phage Karimac,Duplodnaviria,bacteria,HWB80,0.120582120582121,1.17241379310345,1.87941787941788,0.827586206896552,1.00312919088064,0.962002682163612,0.677693339293697,1.35717478766205,1.14577259475219,1.27882797731569,0.60932944606414,0.686200378071834,0.109829488465396,1.57071213640923,1,1.31945837512538,0.376910016977929,1.2182103610675,1.62308998302207,0.781789638932496,1.39923954372624,0.486692015209125,0.824334600760456,1.28973384030418,1.03498542274052,0.860058309037901,0.373177842565598,1.97667638483965,1.25493114998139,1.03386676590994,1.27949385932266,1.82880535913658,0.903646833013436,1.11797511797512,1.09635316698656,0.882024882024882,1.16095669036846,0.85972850678733,0.634776987718164,1.34453781512605,1.30168005843682,0.964207450693937,0.213294375456538,1.52081811541271,0.917881811204912,0.902532617037606,0.782808902532617,1.39677666922487,0.933609958506224,1.24288840262582,0.224066390041494,0.757111597374179,1.45746691871456,0.958412098298677,0.053875236294896,1.56521739130435,1.84232365145228,1.13624678663239,1,0.863753213367609,0.0312616300707108,1.43328550932568,0.571641235578712,0.566714490674319
