virus,realm,host,locus_tag,AAA,AAC,AAG,AAT,ACA,ACC,ACG,ACT,AGA,AGC,AGG,AGT,ATA,ATC,ATG,ATT,CAA,CAC,CAG,CAT,CCA,CCC,CCG,CCT,CGA,CGC,CGG,CGT,CTA,CTC,CTG,CTT,GAA,GAC,GAG,GAT,GCA,GCC,GCG,GCT,GGA,GGC,GGG,GGT,GTA,GTC,GTG,GTT,TAA,TAC,TAG,TAT,TCA,TCC,TCG,TCT,TGA,TGC,TGG,TGT,TTA,TTC,TTG,TTT
Streptococcus phage A25,Duplodnaviria,bacteria,AU092,1.38584474885845,0.702521008403361,0.614155251141553,1.29747899159664,1.80681818181818,0.625,0.397727272727273,1.17045454545455,2.0431654676259,0.988439306358382,0.97841726618705,1.42196531791908,0.574380165289256,0.814049586776859,1,1.61157024793388,1.3219512195122,0.79746835443038,0.678048780487805,1.20253164556962,2.19795221843003,0.177474402730375,0.42320819112628,1.20136518771331,0.489208633093525,0.892086330935252,0.273381294964029,1.32374100719424,1.11827956989247,0.336917562724014,0.387096774193548,1.11827956989247,1.17304747320061,0.556368960468521,0.826952526799387,1.44363103953148,1.30424242424242,0.475151515151515,0.315151515151515,1.90545454545455,0.918558077436582,0.646194926568758,0.582109479305741,1.85313751668892,1.10344827586207,0.614942528735632,0.597701149425287,1.68390804597701,1.6304347826087,0.707259953161593,0.391304347826087,1.29274004683841,1.67341040462428,0.355491329479769,0.225433526011561,1.33526011560694,0.978260869565217,0.823529411764706,1,1.17647058823529,1.75627240143369,0.321995464852608,1.2831541218638,1.67800453514739
