virus,realm,host,locus_tag,AAA,AAC,AAG,AAT,ACA,ACC,ACG,ACT,AGA,AGC,AGG,AGT,ATA,ATC,ATG,ATT,CAA,CAC,CAG,CAT,CCA,CCC,CCG,CCT,CGA,CGC,CGG,CGT,CTA,CTC,CTG,CTT,GAA,GAC,GAG,GAT,GCA,GCC,GCG,GCT,GGA,GGC,GGG,GGT,GTA,GTC,GTG,GTT,TAA,TAC,TAG,TAT,TCA,TCC,TCG,TCT,TGA,TGC,TGG,TGT,TTA,TTC,TTG,TTT
Streptomyces phage Scap1,Duplodnaviria,bacteria,FDI71,0.0786650774731824,1.83687943262411,1.92133492252682,0.163120567375887,0.301075268817204,1.95268817204301,1.35913978494624,0.387096774193548,0.218181818181818,1.29113924050633,0.553846153846154,0.432911392405063,0.158322056833559,2.61028416779432,1,0.231393775372124,0.205816554809843,1.73094170403587,1.79418344519016,0.269058295964126,0.16695652173913,1.27304347826087,2.1704347826087,0.389565217391304,0.864335664335664,1.78741258741259,1.61118881118881,0.965034965034965,0.128113879003559,2.5355871886121,2.50355871886121,0.47508896797153,0.497787610619469,1.74082568807339,1.50221238938053,0.259174311926606,0.392694063926941,1.86605783866058,1.16286149162861,0.578386605783866,0.48210922787194,1.96610169491525,0.674199623352166,0.87758945386064,0.220907297830375,2.35502958579882,1.04930966469428,0.374753451676529,0.482142857142857,1.84166666666667,1.28571428571429,0.158333333333333,0.235443037974684,1.68607594936709,1.84556962025316,0.508860759493671,1.23214285714286,1.48275862068966,1,0.517241379310345,0,1.86073500967118,0.357651245551601,0.13926499032882
