virus,realm,host,locus_tag,AAA,AAC,AAG,AAT,ACA,ACC,ACG,ACT,AGA,AGC,AGG,AGT,ATA,ATC,ATG,ATT,CAA,CAC,CAG,CAT,CCA,CCC,CCG,CCT,CGA,CGC,CGG,CGT,CTA,CTC,CTG,CTT,GAA,GAC,GAG,GAT,GCA,GCC,GCG,GCT,GGA,GGC,GGG,GGT,GTA,GTC,GTG,GTT,TAA,TAC,TAG,TAT,TCA,TCC,TCG,TCT,TGA,TGC,TGG,TGT,TTA,TTC,TTG,TTT
Streptomyces phage Omar,Duplodnaviria,bacteria,KGG77,0.0149476831091181,1.94029850746269,1.98505231689088,0.0597014925373134,0.124064171122995,2.28021390374332,1.43743315508021,0.158288770053476,0.0979591836734694,1.56192660550459,0.410204081632653,0.165137614678899,0.0284810126582278,2.92879746835443,1,0.0427215189873418,0.0834990059642147,1.83225806451613,1.91650099403579,0.167741935483871,0.0504908835904628,1.55399719495091,2.16549789621318,0.230014025245442,0.43469387755102,2.8530612244898,1.68979591836735,0.514285714285714,0.00978792822185971,2.2952691680261,3.41109298531811,0.176182707993475,0.232824427480916,1.87242798353909,1.76717557251908,0.127572016460905,0.225014961101137,2.09694793536804,1.41232794733692,0.265709156193896,0.338164251207729,2.6634460547504,0.541062801932367,0.457326892109501,0.0820695807314897,2.25512934879572,1.5771632471008,0.0856378233719893,0.45,1.9554565701559,0.1875,0.044543429844098,0.123853211009174,1.96788990825688,2.02981651376147,0.151376146788991,2.3625,1.6984126984127,1,0.301587301587302,0,1.99116997792494,0.107667210440457,0.00883002207505519
