virus,realm,host,locus_tag,AAA,AAC,AAG,AAT,ACA,ACC,ACG,ACT,AGA,AGC,AGG,AGT,ATA,ATC,ATG,ATT,CAA,CAC,CAG,CAT,CCA,CCC,CCG,CCT,CGA,CGC,CGG,CGT,CTA,CTC,CTG,CTT,GAA,GAC,GAG,GAT,GCA,GCC,GCG,GCT,GGA,GGC,GGG,GGT,GTA,GTC,GTG,GTT,TAA,TAC,TAG,TAT,TCA,TCC,TCG,TCT,TGA,TGC,TGG,TGT,TTA,TTC,TTG,TTT
Stx2-converting phage Stx2a WGPS9,NA,NA,H3H28,1.27941176470588,0.936886395511921,0.720588235294118,1.06311360448808,1.1044776119403,1.06609808102345,1.1044776119403,0.724946695095949,0.853285328532853,1.09748743718593,0.480648064806481,1.16984924623116,0.523985239852399,1.11439114391144,1,1.36162361623616,0.378446115288221,0.785992217898833,1.62155388471178,1.21400778210117,0.760283687943262,0.493617021276596,1.90070921985816,0.845390070921986,0.588658865886589,1.35553555355536,0.842484248424842,1.87938793879388,0.173354735152488,0.678972712680578,2.78812199036918,1.15569823434992,1.18108831400535,0.785862785862786,0.818911685994648,1.21413721413721,1.20503144654088,0.890566037735849,1.08176100628931,0.822641509433962,0.87603305785124,0.965289256198347,0.869421487603306,1.28925619834711,0.671015843429636,0.641192917054986,1.43895619757689,1.24883504193849,1.07142857142857,0.861407249466951,0.257142857142857,1.13859275053305,1.3929648241206,0.771859296482412,0.699497487437186,0.868341708542714,1.67142857142857,1.01162790697674,1,0.988372093023256,0.664526484751204,0.794625719769674,0.539325842696629,1.20537428023033
