virus,realm,host,locus_tag,AAA,AAC,AAG,AAT,ACA,ACC,ACG,ACT,AGA,AGC,AGG,AGT,ATA,ATC,ATG,ATT,CAA,CAC,CAG,CAT,CCA,CCC,CCG,CCT,CGA,CGC,CGG,CGT,CTA,CTC,CTG,CTT,GAA,GAC,GAG,GAT,GCA,GCC,GCG,GCT,GGA,GGC,GGG,GGT,GTA,GTC,GTG,GTT,TAA,TAC,TAG,TAT,TCA,TCC,TCG,TCT,TGA,TGC,TGG,TGT,TTA,TTC,TTG,TTT
Sugarcane bacilliform IM virus,NA,NA,SCBVgp,0.760975609756098,0.831460674157303,1.2390243902439,1.1685393258427,1.9047619047619,0.571428571428571,0.380952380952381,1.14285714285714,3.20689655172414,1.21739130434783,1.60344827586207,0.91304347826087,0.553846153846154,1.40769230769231,1,1.03846153846154,1.04545454545455,0.851063829787234,0.954545454545455,1.14893617021277,2.04545454545455,0.590909090909091,0.409090909090909,0.954545454545455,0.310344827586207,0.258620689655172,0.258620689655172,0.362068965517241,0.923076923076923,0.956043956043956,1.15384615384615,1.25274725274725,1.27441860465116,0.655737704918033,0.725581395348837,1.34426229508197,1.88387096774194,0.567741935483871,0.129032258064516,1.41935483870968,1.80869565217391,0.834782608695652,0.8,0.556521739130435,1.03225806451613,0.806451612903226,1.09677419354839,1.06451612903226,3,0.805555555555556,0,1.19444444444444,1.39130434782609,0.782608695652174,0.304347826086957,1.39130434782609,0,1,1,1,0.956043956043956,1.04878048780488,0.758241758241758,0.951219512195122
