virus,realm,host,locus_tag,AAA,AAC,AAG,AAT,ACA,ACC,ACG,ACT,AGA,AGC,AGG,AGT,ATA,ATC,ATG,ATT,CAA,CAC,CAG,CAT,CCA,CCC,CCG,CCT,CGA,CGC,CGG,CGT,CTA,CTC,CTG,CTT,GAA,GAC,GAG,GAT,GCA,GCC,GCG,GCT,GGA,GGC,GGG,GGT,GTA,GTC,GTG,GTT,TAA,TAC,TAG,TAT,TCA,TCC,TCG,TCT,TGA,TGC,TGG,TGT,TTA,TTC,TTG,TTT
Sulfolobus monocaudavirus SMV4,Bicaudaviridae,archaea,AVT99,1.22690763052209,1.11941848390447,0.773092369477912,0.880581516095535,1.45877378435518,0.511627906976744,0.79492600422833,1.23467230443975,2.35764705882353,0.816537467700258,2.25882352941176,1.14728682170543,1.50242326332795,0.591276252019386,1,0.906300484652666,1.23291492329149,0.835820895522388,0.767085076708508,1.16417910447761,1.58249158249158,0.383838383838384,0.767676767676768,1.26599326599327,0.225882352941176,0.296470588235294,0.0988235294117647,0.762352941176471,1.06938255887969,0.599618077657543,0.79057924888606,1.01209420751114,1.37816764132554,0.94269340974212,0.621832358674464,1.05730659025788,1.59024390243902,0.473170731707317,0.741463414634146,1.19512195121951,1.16556291390728,0.641059602649007,0.842384105960265,1.35099337748344,1.45631067961165,0.69126213592233,0.699029126213592,1.15339805825243,1.45588235294118,0.958611481975968,0.617647058823529,1.04138851802403,1.21963824289406,0.55297157622739,0.785529715762274,1.47803617571059,0.926470588235294,0.963855421686747,1,1.03614457831325,1.72628898790579,1.03592814371257,0.802036919159771,0.964071856287425
