virus,realm,host,locus_tag,AAA,AAC,AAG,AAT,ACA,ACC,ACG,ACT,AGA,AGC,AGG,AGT,ATA,ATC,ATG,ATT,CAA,CAC,CAG,CAT,CCA,CCC,CCG,CCT,CGA,CGC,CGG,CGT,CTA,CTC,CTG,CTT,GAA,GAC,GAG,GAT,GCA,GCC,GCG,GCT,GGA,GGC,GGG,GGT,GTA,GTC,GTG,GTT,TAA,TAC,TAG,TAT,TCA,TCC,TCG,TCT,TGA,TGC,TGG,TGT,TTA,TTC,TTG,TTT
Sulfolobus polyhedral virus 2,Portogloboviridae,archaea,KM458,1.00564971751412,0.921241050119332,0.994350282485876,1.07875894988067,1.16964285714286,0.776785714285714,0.526785714285714,1.52678571428571,2.13333333333333,1.25465838509317,2.76666666666667,1.73913043478261,1.76043956043956,0.375824175824176,1,0.863736263736264,1.4336917562724,1.01408450704225,0.566308243727599,0.985915492957746,1.11304347826087,0.8,0.834782608695652,1.25217391304348,0.266666666666667,0.266666666666667,0.333333333333333,0.233333333333333,1.36787564766839,0.248704663212435,0.507772020725389,0.735751295336788,1.07407407407407,0.785425101214575,0.925925925925926,1.21457489878543,1.32212885154062,0.627450980392157,0.705882352941177,1.34453781512605,0.907103825136612,0.590163934426229,0.907103825136612,1.59562841530055,1.69187675070028,0.336134453781513,0.88515406162465,1.08683473389356,1.17391304347826,0.866485013623978,0.521739130434783,1.13351498637602,1.77639751552795,0.472049689440994,0.149068322981366,0.608695652173913,1.30434782608696,0.628571428571429,1,1.37142857142857,2.17616580310881,0.877358490566038,0.963730569948187,1.12264150943396
