virus,realm,host,locus_tag,AAA,AAC,AAG,AAT,ACA,ACC,ACG,ACT,AGA,AGC,AGG,AGT,ATA,ATC,ATG,ATT,CAA,CAC,CAG,CAT,CCA,CCC,CCG,CCT,CGA,CGC,CGG,CGT,CTA,CTC,CTG,CTT,GAA,GAC,GAG,GAT,GCA,GCC,GCG,GCT,GGA,GGC,GGG,GGT,GTA,GTC,GTG,GTT,TAA,TAC,TAG,TAT,TCA,TCC,TCG,TCT,TGA,TGC,TGG,TGT,TTA,TTC,TTG,TTT
Sulfolobus islandicus filamentous virus,Adnaviria,archaea,SIFV00,1.36820083682008,0.758620689655172,0.631799163179916,1.24137931034483,1.90198675496689,0.312582781456954,0.688741721854305,1.09668874172185,3.16009280742459,0.494545454545455,1.21113689095128,1.48363636363636,1.69982698961938,0.41522491349481,1,0.884948096885813,1.50375939849624,0.659217877094972,0.496240601503759,1.34078212290503,1.78846153846154,0.346153846153846,0.375,1.49038461538462,0.487238979118329,0.111368909512761,0.111368909512761,0.918793503480278,1.10215053763441,0.252688172043011,0.387096774193548,1.11827956989247,1.42312276519666,0.753199268738574,0.576877234803337,1.24680073126143,1.7397504456328,0.420677361853832,0.61319073083779,1.22638146167558,1.31944444444444,0.409722222222222,0.6875,1.58333333333333,1.72817679558011,0.384530386740331,0.676243093922652,1.21104972375691,1.72602739726027,0.722857142857143,0.246575342465753,1.27714285714286,1.97818181818182,0.298181818181818,0.581818181818182,1.16363636363636,1.02739726027397,0.448979591836735,1,1.55102040816327,2.21505376344086,0.731531531531531,0.924731182795699,1.26846846846847
