virus,realm,host,locus_tag,AAA,AAC,AAG,AAT,ACA,ACC,ACG,ACT,AGA,AGC,AGG,AGT,ATA,ATC,ATG,ATT,CAA,CAC,CAG,CAT,CCA,CCC,CCG,CCT,CGA,CGC,CGG,CGT,CTA,CTC,CTG,CTT,GAA,GAC,GAG,GAT,GCA,GCC,GCG,GCT,GGA,GGC,GGG,GGT,GTA,GTC,GTG,GTT,TAA,TAC,TAG,TAT,TCA,TCC,TCG,TCT,TGA,TGC,TGG,TGT,TTA,TTC,TTG,TTT
Sulfolobus islandicus rod-shaped virus 4,Adnaviria,archaea,CCL46,1.68802902055623,0.28380187416332,0.311970979443773,1.71619812583668,1.87551867219917,0.149377593360996,0.265560165975104,1.70954356846473,4.58015267175572,0.5184,0.66412213740458,1.6608,1.22180801491146,0.187325256290774,1,1.59086672879776,1.79775280898876,0.125,0.202247191011236,1.875,2.24104234527687,0.221498371335505,0.416938110749186,1.12052117263844,0.251908396946565,0.0916030534351145,0.0229007633587786,0.389312977099237,0.750788643533123,0.126182965299685,0.107255520504732,0.927444794952681,1.65192582025678,0.290249433106576,0.348074179743224,1.70975056689342,1.97905759162304,0.12565445026178,0.261780104712042,1.63350785340314,2.33707865168539,0.404494382022472,0.213483146067416,1.04494382022472,1.42454728370221,0.28169014084507,0.289738430583501,2.00402414486922,1.83333333333333,0.308510638297872,0.388888888888889,1.69148936170213,2.0448,0.1632,0.2784,1.3344,0.777777777777778,0.345679012345679,1,1.65432098765432,3.35015772870662,0.429840142095915,0.738170347003155,1.57015985790409
