virus,realm,host,locus_tag,AAA,AAC,AAG,AAT,ACA,ACC,ACG,ACT,AGA,AGC,AGG,AGT,ATA,ATC,ATG,ATT,CAA,CAC,CAG,CAT,CCA,CCC,CCG,CCT,CGA,CGC,CGG,CGT,CTA,CTC,CTG,CTT,GAA,GAC,GAG,GAT,GCA,GCC,GCG,GCT,GGA,GGC,GGG,GGT,GTA,GTC,GTG,GTT,TAA,TAC,TAG,TAT,TCA,TCC,TCG,TCT,TGA,TGC,TGG,TGT,TTA,TTC,TTG,TTT
Sulfolobus virus STSV1,Bicaudaviridae,archaea,STSV1pORF,1.26691729323308,0.751524390243902,0.733082706766917,1.2484756097561,1.67084639498433,0.347962382445141,0.68025078369906,1.30094043887147,2.78335373317013,0.939811457577955,1.65973072215422,1.30529369108049,1.41262928688078,0.405008165487207,1,1.18236254763201,1.5164113785558,0.792,0.483588621444201,1.208,2.00936768149883,0.355971896955504,0.39344262295082,1.24121779859485,0.425948592411261,0.433292533659731,0.12484700122399,0.572827417380661,1.15485564304462,0.359580052493438,0.409448818897638,1.1994750656168,1.32747252747253,0.516516516516517,0.672527472527473,1.48348348348348,1.73377926421405,0.433444816053512,0.615384615384615,1.21739130434783,1.27542857142857,0.955428571428571,0.516571428571429,1.25257142857143,1.46534653465347,0.325318246110325,0.616690240452617,1.59264497878359,1.62162162162162,0.780309936189608,0.486486486486487,1.21969006381039,1.72298767222625,0.36113125453227,0.417693981145758,1.25308194343727,0.891891891891892,0.701030927835051,1,1.29896907216495,2.02887139107612,0.709459459459459,0.847769028871391,1.29054054054054
