virus,realm,host,locus_tag,AAA,AAC,AAG,AAT,ACA,ACC,ACG,ACT,AGA,AGC,AGG,AGT,ATA,ATC,ATG,ATT,CAA,CAC,CAG,CAT,CCA,CCC,CCG,CCT,CGA,CGC,CGG,CGT,CTA,CTC,CTG,CTT,GAA,GAC,GAG,GAT,GCA,GCC,GCG,GCT,GGA,GGC,GGG,GGT,GTA,GTC,GTG,GTT,TAA,TAC,TAG,TAT,TCA,TCC,TCG,TCT,TGA,TGC,TGG,TGT,TTA,TTC,TTG,TTT
Sweet potato leaf curl Sao Paulo virus,Monodnaviria,land plants,QP75,0.816901408450704,0.807017543859649,1.1830985915493,1.19298245614035,0.9375,0.9375,0.875,1.25,1.54054054054054,0.808988764044944,1.7027027027027,1.01123595505618,0.724137931034483,0.724137931034483,1,1.55172413793103,0.884615384615385,0.842105263157895,1.11538461538462,1.15789473684211,1.11764705882353,1.05882352941176,0.529411764705882,1.29411764705882,0.972972972972973,0.405405405405405,0.72972972972973,0.648648648648649,0.75,0.6,0.975,1.2,1.19354838709677,0.872727272727273,0.806451612903226,1.12727272727273,1,0.666666666666667,0.8,1.53333333333333,1.14285714285714,0.571428571428571,1.14285714285714,1.14285714285714,0.866666666666667,1.06666666666667,0.866666666666667,1.2,2.5,0.857142857142857,0,1.14285714285714,1.14606741573034,1.07865168539326,0.606741573033708,1.34831460674157,0.5,0.9375,1,1.0625,1.05,1.15555555555556,1.425,0.844444444444444
