virus,realm,host,locus_tag,AAA,AAC,AAG,AAT,ACA,ACC,ACG,ACT,AGA,AGC,AGG,AGT,ATA,ATC,ATG,ATT,CAA,CAC,CAG,CAT,CCA,CCC,CCG,CCT,CGA,CGC,CGG,CGT,CTA,CTC,CTG,CTT,GAA,GAC,GAG,GAT,GCA,GCC,GCG,GCT,GGA,GGC,GGG,GGT,GTA,GTC,GTG,GTT,TAA,TAC,TAG,TAT,TCA,TCC,TCG,TCT,TGA,TGC,TGG,TGT,TTA,TTC,TTG,TTT
Synechococcus phage S-ShM2,Duplodnaviria,bacteria,SShM2,1.05711695376247,0.888422315536893,0.942883046237534,1.11157768446311,1.24388539482879,0.573957605404146,0.32611227579781,1.85604472396925,2.196,0.425511661113755,0.5376,1.31223227034745,0.260551948051948,1.16477272727273,1,1.57467532467532,1.20603907637655,0.655092592592593,0.793960923623446,1.34490740740741,1.43026204564666,0.422654268808115,0.147083685545224,2,0.4848,0.5184,0.228,2.0352,1.17630057803468,0.718208092485549,0.930635838150289,1.39884393063584,1.2561323445522,0.563959390862944,0.743867655447804,1.43604060913706,2.0674831292177,0.271932016995751,0.277930517370657,1.3826543364159,0.979450573220852,0.474150984209388,0.173913043478261,2.3724853990915,1.14417887432537,0.717553328193267,0.494474428167566,1.6437933693138,1.13478260869565,0.684865515857086,0.273913043478261,1.31513448414291,1.10518800571157,0.528319847691575,0.362684435982865,2.26606377915278,1.59130434782609,0.577391304347826,1,1.42260869565217,0.723988439306358,0.997205588822355,1.05202312138728,1.00279441117764
