virus,realm,host,locus_tag,AAA,AAC,AAG,AAT,ACA,ACC,ACG,ACT,AGA,AGC,AGG,AGT,ATA,ATC,ATG,ATT,CAA,CAC,CAG,CAT,CCA,CCC,CCG,CCT,CGA,CGC,CGG,CGT,CTA,CTC,CTG,CTT,GAA,GAC,GAG,GAT,GCA,GCC,GCG,GCT,GGA,GGC,GGG,GGT,GTA,GTC,GTG,GTT,TAA,TAC,TAG,TAT,TCA,TCC,TCG,TCT,TGA,TGC,TGG,TGT,TTA,TTC,TTG,TTT
Synechococcus phage S-RIM8,Duplodnaviria,bacteria,HOQ82,1.0807131280389,0.769570707070707,0.919286871961102,1.23042929292929,1.10833749375936,0.656015976035946,0.280579131303045,1.95506739890165,2.34610303830911,0.450674424755356,0.602377807133421,1.24411531340915,0.176767676767677,0.856902356902357,1,1.96632996632997,1.314580403188,0.8325,0.685419596812002,1.1675,1.37950664136622,0.656546489563567,0.130929791271347,1.83301707779886,0.578599735799207,0.575957727873184,0.145310435931308,1.75165125495376,0.545042778057373,0.821338701560141,0.859084046300956,1.80271766482134,1.34125144843569,0.740802213001383,0.658748551564311,1.25919778699862,1.87386452115235,0.340513885284194,0.292758889177264,1.49286270438619,1.11873350923483,0.542096426001439,0.232189973614776,2.10698009114896,0.979504924141602,0.597285067873303,0.360926270960873,2.06228373702422,0.964285714285714,0.681393372982158,0.267857142857143,1.31860662701784,0.614123247818038,0.650621528696112,0.488759587410738,2.55170589791061,1.76785714285714,0.630705394190871,1,1.36929460580913,1.07045797684952,0.873179091688089,0.901358832410669,1.12682090831191
