virus,realm,host,locus_tag,AAA,AAC,AAG,AAT,ACA,ACC,ACG,ACT,AGA,AGC,AGG,AGT,ATA,ATC,ATG,ATT,CAA,CAC,CAG,CAT,CCA,CCC,CCG,CCT,CGA,CGC,CGG,CGT,CTA,CTC,CTG,CTT,GAA,GAC,GAG,GAT,GCA,GCC,GCG,GCT,GGA,GGC,GGG,GGT,GTA,GTC,GTG,GTT,TAA,TAC,TAG,TAT,TCA,TCC,TCG,TCT,TGA,TGC,TGG,TGT,TTA,TTC,TTG,TTT
Synechococcus phage S-T4,Duplodnaviria,bacteria,HOU04,1.17704221075008,0.594491927825261,0.822957789249924,1.40550807217474,1.34268641205508,0.756560145492336,0.258768511301637,1.64198493115095,2.86968449931413,0.368927125506073,0.669410150891632,1.2995951417004,0.312180693734875,0.883301962893251,1,1.80451734337187,1.20846560846561,0.741398446170921,0.791534391534392,1.25860155382908,2.15283638068448,0.620721987810595,0.0768870135958744,1.14955461790905,0.288065843621399,0.449931412894376,0.167352537722908,1.55555555555556,1.24987328940699,0.693360364926508,0.690319310694374,1.73796249366447,1.3337182448037,0.431836959515285,0.666281755196305,1.56816304048471,1.83120523201495,0.558081594518841,0.215509187169106,1.3952039862971,1.45932781295665,0.393570384802728,0.21626887481734,1.93083292742328,1.05689703025257,0.569525395503747,0.408548431862337,1.96502914238135,1.15486725663717,0.487825715506194,0.132743362831858,1.51217428449381,1.50303643724696,0.702935222672065,0.180668016194332,1.94483805668016,1.71238938053097,0.543352601156069,1,1.45664739884393,0.90319310694374,0.823438704703161,0.725291434363913,1.17656129529684
