virus,realm,host,locus_tag,AAA,AAC,AAG,AAT,ACA,ACC,ACG,ACT,AGA,AGC,AGG,AGT,ATA,ATC,ATG,ATT,CAA,CAC,CAG,CAT,CCA,CCC,CCG,CCT,CGA,CGC,CGG,CGT,CTA,CTC,CTG,CTT,GAA,GAC,GAG,GAT,GCA,GCC,GCG,GCT,GGA,GGC,GGG,GGT,GTA,GTC,GTG,GTT,TAA,TAC,TAG,TAT,TCA,TCC,TCG,TCT,TGA,TGC,TGG,TGT,TTA,TTC,TTG,TTT
Tacaiuma orthobunyavirus,Riboviria,human:vertebrates,FLB36,1.31313131313131,0.772093023255814,0.686868686868687,1.22790697674419,1.8,0.615384615384615,0.323076923076923,1.26153846153846,3.05325443786982,0.793548387096774,1.98816568047337,0.967741935483871,1.38738738738739,0.675675675675676,1,0.936936936936937,1.20325203252033,0.761904761904762,0.796747967479675,1.23809523809524,1.42465753424658,0.712328767123288,0.301369863013699,1.56164383561644,0.390532544378698,0.177514792899408,0.248520710059172,0.142011834319527,1.28450704225352,0.557746478873239,0.828169014084507,1.03098591549296,1.304,0.81447963800905,0.696,1.18552036199095,1.68421052631579,0.552631578947368,0.105263157894737,1.65789473684211,1.34228187919463,0.832214765100671,0.805369127516778,1.02013422818792,1.22448979591837,0.653061224489796,0.755102040816326,1.36734693877551,3,0.793296089385475,0,1.20670391061453,1.76129032258065,0.658064516129032,0.309677419354839,1.50967741935484,0,0.947368421052632,1,1.05263157894737,1.30140845070423,0.875,0.997183098591549,1.125
