virus,realm,host,locus_tag,AAA,AAC,AAG,AAT,ACA,ACC,ACG,ACT,AGA,AGC,AGG,AGT,ATA,ATC,ATG,ATT,CAA,CAC,CAG,CAT,CCA,CCC,CCG,CCT,CGA,CGC,CGG,CGT,CTA,CTC,CTG,CTT,GAA,GAC,GAG,GAT,GCA,GCC,GCG,GCT,GGA,GGC,GGG,GGT,GTA,GTC,GTG,GTT,TAA,TAC,TAG,TAT,TCA,TCC,TCG,TCT,TGA,TGC,TGG,TGT,TTA,TTC,TTG,TTT
Tete orthobunyavirus,Riboviria,vertebrates,D1Y12,1.14803625377644,0.646288209606987,0.851963746223565,1.35371179039301,2.34188034188034,0.376068376068376,0.0683760683760684,1.21367521367521,3.34131736526946,0.630350194552529,1.76047904191617,0.88715953307393,1.4071661237785,0.586319218241042,1,1.00651465798046,1.21875,0.634615384615385,0.78125,1.36538461538462,1.84126984126984,0.222222222222222,0.380952380952381,1.55555555555556,0.323353293413174,0.251497005988024,0.143712574850299,0.179640718562874,0.982758620689655,0.586206896551724,0.672413793103448,0.96551724137931,1.07749077490775,0.739495798319328,0.922509225092251,1.26050420168067,1.93684210526316,0.4,0.126315789473684,1.53684210526316,1.51578947368421,0.526315789473684,1.11578947368421,0.842105263157895,0.737327188940092,0.866359447004608,0.663594470046083,1.73271889400922,3,0.730538922155689,0,1.26946107784431,2.19455252918288,0.396887159533074,0.21011673151751,1.68093385214008,0,1.02970297029703,1,0.97029702970297,1.32758620689655,0.865671641791045,1.46551724137931,1.13432835820896
