virus,realm,host,locus_tag,AAA,AAC,AAG,AAT,ACA,ACC,ACG,ACT,AGA,AGC,AGG,AGT,ATA,ATC,ATG,ATT,CAA,CAC,CAG,CAT,CCA,CCC,CCG,CCT,CGA,CGC,CGG,CGT,CTA,CTC,CTG,CTT,GAA,GAC,GAG,GAT,GCA,GCC,GCG,GCT,GGA,GGC,GGG,GGT,GTA,GTC,GTG,GTT,TAA,TAC,TAG,TAT,TCA,TCC,TCG,TCT,TGA,TGC,TGG,TGT,TTA,TTC,TTG,TTT
Tibrogargan virus,Riboviria,invertebrates:vertebrates,J428,1.40192926045016,0.607508532423208,0.598070739549839,1.39249146757679,1.70954356846473,0.647302904564315,0.149377593360996,1.49377593360996,3.41899441340782,0.45045045045045,1.1731843575419,1.20720720720721,0.977142857142857,0.788571428571429,1,1.23428571428571,1.40540540540541,0.543859649122807,0.594594594594595,1.45614035087719,1.6441717791411,0.515337423312883,0.220858895705521,1.61963190184049,0.603351955307263,0.23463687150838,0.301675977653631,0.268156424581006,0.699300699300699,0.433566433566434,0.377622377622378,0.853146853146853,1.30232558139535,0.5,0.697674418604651,1.5,1.67164179104478,0.686567164179104,0.298507462686567,1.34328358208955,2,0.392156862745098,0.647058823529412,0.96078431372549,1.05263157894737,0.803827751196172,0.727272727272727,1.41626794258373,1.66666666666667,0.71356783919598,0.333333333333333,1.28643216080402,1.74774774774775,0.666666666666667,0.198198198198198,1.72972972972973,1,0.652631578947368,1,1.34736842105263,2.26573426573427,0.705882352941177,1.37062937062937,1.29411764705882
