virus,realm,host,locus_tag,AAA,AAC,AAG,AAT,ACA,ACC,ACG,ACT,AGA,AGC,AGG,AGT,ATA,ATC,ATG,ATT,CAA,CAC,CAG,CAT,CCA,CCC,CCG,CCT,CGA,CGC,CGG,CGT,CTA,CTC,CTG,CTT,GAA,GAC,GAG,GAT,GCA,GCC,GCG,GCT,GGA,GGC,GGG,GGT,GTA,GTC,GTG,GTT,TAA,TAC,TAG,TAT,TCA,TCC,TCG,TCT,TGA,TGC,TGG,TGT,TTA,TTC,TTG,TTT
Tilapia lake virus,Riboviria,vertebrates,A6I18,0.74468085106383,1.05747126436782,1.25531914893617,0.942528735632184,1.30994152046784,0.795321637426901,0.467836257309941,1.42690058479532,1.9609756097561,1.08088235294118,2.22439024390244,1.27941176470588,1.42105263157895,0.631578947368421,1,0.947368421052632,0.769230769230769,1.2,1.23076923076923,0.8,1.63779527559055,0.881889763779528,0.535433070866142,0.94488188976378,0.468292682926829,0.351219512195122,0.497560975609756,0.497560975609756,0.882352941176471,0.882352941176471,1.41176470588235,1.19607843137255,0.861878453038674,1.12101910828025,1.13812154696133,0.878980891719745,1.59259259259259,0.574074074074074,0.296296296296296,1.53703703703704,0.845360824742268,0.88659793814433,1.17525773195876,1.09278350515464,0.932038834951456,1.02912621359223,0.951456310679612,1.0873786407767,0.9,1.15789473684211,0.9,0.842105263157895,1.38970588235294,0.595588235294118,0.661764705882353,0.992647058823529,1.2,0.933333333333333,1,1.06666666666667,0.627450980392157,0.888888888888889,1,1.11111111111111
