virus,realm,host,locus_tag,AAA,AAC,AAG,AAT,ACA,ACC,ACG,ACT,AGA,AGC,AGG,AGT,ATA,ATC,ATG,ATT,CAA,CAC,CAG,CAT,CCA,CCC,CCG,CCT,CGA,CGC,CGG,CGT,CTA,CTC,CTG,CTT,GAA,GAC,GAG,GAT,GCA,GCC,GCG,GCT,GGA,GGC,GGG,GGT,GTA,GTC,GTG,GTT,TAA,TAC,TAG,TAT,TCA,TCC,TCG,TCT,TGA,TGC,TGG,TGT,TTA,TTC,TTG,TTT
Tomato chino La Paz virus,Monodnaviria,land plants,ToChLPVp,1,0.88135593220339,1,1.11864406779661,1.09803921568627,0.705882352941177,1.17647058823529,1.01960784313725,1.38461538461538,0.779220779220779,1.75384615384615,0.857142857142857,0.620689655172414,1.44827586206897,1,0.931034482758621,1.15555555555556,1.11764705882353,0.844444444444444,0.882352941176471,1.30909090909091,0.727272727272727,0.581818181818182,1.38181818181818,0.461538461538462,0.553846153846154,0.830769230769231,1.01538461538462,1.04347826086957,1.04347826086957,0.869565217391304,0.869565217391304,0.808510638297872,0.869565217391304,1.19148936170213,1.1304347826087,0.96,1.2,0.4,1.44,1.52,0.56,0.88,1.04,0.727272727272727,0.545454545454545,1.27272727272727,1.45454545454545,2.4,0.756756756756757,0.6,1.24324324324324,1.01298701298701,1.63636363636364,0.779220779220779,0.935064935064935,0,1.17647058823529,1,0.823529411764706,1.47826086956522,1.17948717948718,0.695652173913043,0.82051282051282
