virus,realm,host,locus_tag,AAA,AAC,AAG,AAT,ACA,ACC,ACG,ACT,AGA,AGC,AGG,AGT,ATA,ATC,ATG,ATT,CAA,CAC,CAG,CAT,CCA,CCC,CCG,CCT,CGA,CGC,CGG,CGT,CTA,CTC,CTG,CTT,GAA,GAC,GAG,GAT,GCA,GCC,GCG,GCT,GGA,GGC,GGG,GGT,GTA,GTC,GTG,GTT,TAA,TAC,TAG,TAT,TCA,TCC,TCG,TCT,TGA,TGC,TGG,TGT,TTA,TTC,TTG,TTT
Tomato leaf curl Hanoi virus,Monodnaviria,land plants,ToLCHanV,1.03030303030303,0.666666666666667,0.96969696969697,1.33333333333333,1.37704918032787,0.655737704918033,0.918032786885246,1.04918032786885,1.18421052631579,0.957446808510638,1.57894736842105,1.02127659574468,0.876923076923077,0.923076923076923,1,1.2,1.34615384615385,0.933333333333333,0.653846153846154,1.06666666666667,1.0625,1.0625,0.75,1.125,1.10526315789474,0.631578947368421,0.473684210526316,1.02631578947368,0.73972602739726,1.15068493150685,0.493150684931507,0.493150684931507,1.14285714285714,0.62962962962963,0.857142857142857,1.37037037037037,1.29032258064516,1.03225806451613,0.387096774193548,1.29032258064516,0.88,0.72,0.72,1.68,0.923076923076923,1.10769230769231,0.676923076923077,1.29230769230769,2,0.697674418604651,0,1.30232558139535,0.893617021276596,1.08510638297872,0.893617021276596,1.14893617021277,1,0.846153846153846,1,1.15384615384615,1.80821917808219,1.06122448979592,1.31506849315068,0.938775510204082
