virus,realm,host,locus_tag,AAA,AAC,AAG,AAT,ACA,ACC,ACG,ACT,AGA,AGC,AGG,AGT,ATA,ATC,ATG,ATT,CAA,CAC,CAG,CAT,CCA,CCC,CCG,CCT,CGA,CGC,CGG,CGT,CTA,CTC,CTG,CTT,GAA,GAC,GAG,GAT,GCA,GCC,GCG,GCT,GGA,GGC,GGG,GGT,GTA,GTC,GTG,GTT,TAA,TAC,TAG,TAT,TCA,TCC,TCG,TCT,TGA,TGC,TGG,TGT,TTA,TTC,TTG,TTT
Tomato leaf curl New Delhi virus 4,Monodnaviria,land plants,D1Q93,1.04109589041096,0.645161290322581,0.958904109589041,1.35483870967742,1.21052631578947,1,0.789473684210526,1,1.46511627906977,1.04347826086957,1.32558139534884,0.847826086956522,0.940298507462687,1.07462686567164,1,0.985074626865672,1.17241379310345,0.897959183673469,0.827586206896552,1.10204081632653,1.23943661971831,1.1830985915493,0.450704225352113,1.12676056338028,1.11627906976744,0.348837209302326,0.767441860465116,0.976744186046512,0.675,0.825,0.75,1.65,1.23076923076923,0.866666666666667,0.769230769230769,1.13333333333333,1.35483870967742,1.35483870967742,0.451612903225806,0.838709677419355,1.02702702702703,0.810810810810811,1.24324324324324,0.918918918918919,1,1.04761904761905,0.523809523809524,1.42857142857143,1.28571428571429,0.791666666666667,0.857142857142857,1.20833333333333,1.23913043478261,0.91304347826087,0.847826086956522,1.10869565217391,0.857142857142857,1.07692307692308,1,0.923076923076923,1.05,1.06896551724138,1.05,0.931034482758621
