virus,realm,host,locus_tag,AAA,AAC,AAG,AAT,ACA,ACC,ACG,ACT,AGA,AGC,AGG,AGT,ATA,ATC,ATG,ATT,CAA,CAC,CAG,CAT,CCA,CCC,CCG,CCT,CGA,CGC,CGG,CGT,CTA,CTC,CTG,CTT,GAA,GAC,GAG,GAT,GCA,GCC,GCG,GCT,GGA,GGC,GGG,GGT,GTA,GTC,GTG,GTT,TAA,TAC,TAG,TAT,TCA,TCC,TCG,TCT,TGA,TGC,TGG,TGT,TTA,TTC,TTG,TTT
Tomato yellow leaf curl Sardinia virus,Monodnaviria,land plants,ToYLCSvgp,1.03333333333333,0.861111111111111,0.966666666666667,1.13888888888889,1.22222222222222,0.833333333333333,0.888888888888889,1.05555555555556,1.5,0.675,1.5,0.975,0.830769230769231,0.923076923076923,1,1.24615384615385,1.23809523809524,0.723404255319149,0.761904761904762,1.27659574468085,1.2,1,0.8,1,1.08333333333333,0.25,0.5,1.16666666666667,0.759493670886076,0.835443037974684,0.531645569620253,1.21518987341772,1.40425531914894,0.862068965517241,0.595744680851064,1.13793103448276,1.09803921568627,0.862745098039216,0.627450980392157,1.41176470588235,1.17647058823529,0.705882352941177,0.784313725490196,1.33333333333333,1.33333333333333,0.825396825396825,0.571428571428571,1.26984126984127,2,0.666666666666667,0.5,1.33333333333333,1.35,0.975,1.05,0.975,0.5,0.869565217391304,1,1.1304347826087,1.67088607594937,0.923076923076923,0.987341772151899,1.07692307692308
