virus,realm,host,locus_tag,AAA,AAC,AAG,AAT,ACA,ACC,ACG,ACT,AGA,AGC,AGG,AGT,ATA,ATC,ATG,ATT,CAA,CAC,CAG,CAT,CCA,CCC,CCG,CCT,CGA,CGC,CGG,CGT,CTA,CTC,CTG,CTT,GAA,GAC,GAG,GAT,GCA,GCC,GCG,GCT,GGA,GGC,GGG,GGT,GTA,GTC,GTG,GTT,TAA,TAC,TAG,TAT,TCA,TCC,TCG,TCT,TGA,TGC,TGG,TGT,TTA,TTC,TTG,TTT
Tomato leaf curl Mahe virus,Monodnaviria,land plants,KM662,0.688524590163934,0.736842105263158,1.31147540983607,1.26315789473684,1.23636363636364,1.01818181818182,0.8,0.945454545454545,1.5,0.976744186046512,1.57894736842105,0.558139534883721,0.685714285714286,0.9,1,1.41428571428571,1.03571428571429,0.782608695652174,0.964285714285714,1.21739130434783,1.125,1.375,0.75,0.75,0.710526315789474,0.394736842105263,0.552631578947368,1.26315789473684,0.76056338028169,0.929577464788732,0.507042253521127,1.43661971830986,1.14285714285714,0.690909090909091,0.857142857142857,1.30909090909091,1.16363636363636,1.23636363636364,0.363636363636364,1.23636363636364,0.872727272727273,0.945454545454545,1.01818181818182,1.16363636363636,0.698412698412698,1.01587301587302,0.698412698412698,1.58730158730159,1.5,0.634146341463415,1.5,1.36585365853659,1.18604651162791,1.18604651162791,1.04651162790698,1.04651162790698,0,0.869565217391304,1,1.1304347826087,1.26760563380282,1.05454545454545,1.09859154929577,0.945454545454545
