virus,realm,host,locus_tag,AAA,AAC,AAG,AAT,ACA,ACC,ACG,ACT,AGA,AGC,AGG,AGT,ATA,ATC,ATG,ATT,CAA,CAC,CAG,CAT,CCA,CCC,CCG,CCT,CGA,CGC,CGG,CGT,CTA,CTC,CTG,CTT,GAA,GAC,GAG,GAT,GCA,GCC,GCG,GCT,GGA,GGC,GGG,GGT,GTA,GTC,GTG,GTT,TAA,TAC,TAG,TAT,TCA,TCC,TCG,TCT,TGA,TGC,TGG,TGT,TTA,TTC,TTG,TTT
Tomato yellow spot virus,Monodnaviria,land plants,TYSV,0.822222222222222,0.962962962962963,1.17777777777778,1.03703703703704,1.1,0.55,1.4,0.95,1.86,0.768,1.02,0.672,1.02352941176471,1.05882352941176,1,0.917647058823529,0.979591836734694,1.05454545454545,1.02040816326531,0.945454545454545,1.47945205479452,0.931506849315068,0.602739726027397,0.986301369863014,0.78,0.36,0.48,1.5,0.78,1.38,0.78,0.6,0.923076923076923,0.918918918918919,1.07692307692308,1.08108108108108,1.14285714285714,1.03896103896104,0.623376623376623,1.19480519480519,1.05263157894737,1.15789473684211,0.894736842105263,0.894736842105263,0.659340659340659,1.14285714285714,1.05494505494505,1.14285714285714,2,0.596491228070175,1,1.40350877192982,1.584,0.864,0.864,1.248,0,0.8,1,1.2,1.38,1.24242424242424,1.08,0.757575757575758
