virus,realm,host,locus_tag,AAA,AAC,AAG,AAT,ACA,ACC,ACG,ACT,AGA,AGC,AGG,AGT,ATA,ATC,ATG,ATT,CAA,CAC,CAG,CAT,CCA,CCC,CCG,CCT,CGA,CGC,CGG,CGT,CTA,CTC,CTG,CTT,GAA,GAC,GAG,GAT,GCA,GCC,GCG,GCT,GGA,GGC,GGG,GGT,GTA,GTC,GTG,GTT,TAA,TAC,TAG,TAT,TCA,TCC,TCG,TCT,TGA,TGC,TGG,TGT,TTA,TTC,TTG,TTT
Tomato mild yellow leaf curl Aragua virus,Monodnaviria,land plants,ToMLCAV,0.939759036144578,1.05263157894737,1.06024096385542,0.947368421052632,1.37313432835821,0.776119402985075,1.07462686567164,0.776119402985075,1.3695652173913,0.55045871559633,1.04347826086957,0.770642201834862,0.932432432432432,1.01351351351351,1,1.05405405405405,1.02564102564103,0.708333333333333,0.974358974358974,1.29166666666667,1.07936507936508,0.952380952380952,0.825396825396825,1.14285714285714,0.978260869565217,0.521739130434783,0.782608695652174,1.30434782608696,0.876404494382023,0.943820224719101,0.674157303370786,0.471910112359551,0.785714285714286,0.927536231884058,1.21428571428571,1.07246376811594,0.894736842105263,0.894736842105263,0.789473684210526,1.42105263157895,0.597014925373134,0.656716417910448,1.43283582089552,1.3134328358209,0.577777777777778,1.33333333333333,0.755555555555556,1.33333333333333,1.8,0.754098360655738,0.6,1.24590163934426,1.10091743119266,1.04587155963303,1.32110091743119,1.21100917431193,0.6,0.909090909090909,1,1.09090909090909,1.48314606741573,1.12727272727273,1.55056179775281,0.872727272727273
