virus,realm,host,locus_tag,AAA,AAC,AAG,AAT,ACA,ACC,ACG,ACT,AGA,AGC,AGG,AGT,ATA,ATC,ATG,ATT,CAA,CAC,CAG,CAT,CCA,CCC,CCG,CCT,CGA,CGC,CGG,CGT,CTA,CTC,CTG,CTT,GAA,GAC,GAG,GAT,GCA,GCC,GCG,GCT,GGA,GGC,GGG,GGT,GTA,GTC,GTG,GTT,TAA,TAC,TAG,TAT,TCA,TCC,TCG,TCT,TGA,TGC,TGG,TGT,TTA,TTC,TTG,TTT
Tomato leaf curl Karnataka virus 3,Monodnaviria,land plants,KM476,0.985915492957746,0.813559322033898,1.01408450704225,1.1864406779661,1.33333333333333,0.571428571428571,0.825396825396825,1.26984126984127,1.43661971830986,0.865979381443299,1.43661971830986,0.865979381443299,0.666666666666667,0.952380952380952,1,1.38095238095238,0.901960784313726,0.837209302325581,1.09803921568627,1.16279069767442,0.949152542372881,1.49152542372881,0.677966101694915,0.88135593220339,1.01408450704225,0.676056338028169,0.422535211267606,1.01408450704225,0.552631578947368,1.02631578947368,1.42105263157895,0.947368421052632,1.27586206896552,0.690909090909091,0.724137931034483,1.30909090909091,1.63934426229508,1.04918032786885,0.524590163934426,0.786885245901639,1.58490566037736,0.528301886792453,0.754716981132076,1.13207547169811,0.761904761904762,1.20634920634921,0.698412698412698,1.33333333333333,1.5,0.622222222222222,0.5,1.37777777777778,1.54639175257732,0.804123711340206,0.865979381443299,1.05154639175258,1,1.1304347826087,1,0.869565217391304,1.18421052631579,0.869565217391304,0.868421052631579,1.1304347826087
