virus,realm,host,locus_tag,AAA,AAC,AAG,AAT,ACA,ACC,ACG,ACT,AGA,AGC,AGG,AGT,ATA,ATC,ATG,ATT,CAA,CAC,CAG,CAT,CCA,CCC,CCG,CCT,CGA,CGC,CGG,CGT,CTA,CTC,CTG,CTT,GAA,GAC,GAG,GAT,GCA,GCC,GCG,GCT,GGA,GGC,GGG,GGT,GTA,GTC,GTG,GTT,TAA,TAC,TAG,TAT,TCA,TCC,TCG,TCT,TGA,TGC,TGG,TGT,TTA,TTC,TTG,TTT
Tomato leaf curl Barka virus,Monodnaviria,land plants,FD53,0.8125,0.709677419354839,1.1875,1.29032258064516,1.09090909090909,0.872727272727273,0.654545454545455,1.38181818181818,1.64383561643836,0.727272727272727,1.64383561643836,0.96969696969697,0.904109589041096,0.821917808219178,1,1.27397260273973,0.918032786885246,1,1.08196721311475,1,1.41176470588235,1.47058823529412,0.352941176470588,0.764705882352941,1.15068493150685,0.328767123287671,0.246575342465753,0.986301369863014,0.716417910447761,1.52238805970149,0.358208955223881,0.805970149253731,1.08,0.5,0.92,1.5,1.18518518518519,1.25925925925926,0.37037037037037,1.18518518518519,1.49019607843137,0.549019607843137,0.784313725490196,1.17647058823529,0.933333333333333,0.866666666666667,0.6,1.6,1.5,0.615384615384615,0.5,1.38461538461538,1.45454545454545,1.15151515151515,0.787878787878788,0.909090909090909,1,0.727272727272727,1,1.27272727272727,1.43283582089552,0.980392156862745,1.16417910447761,1.01960784313725
