virus,realm,host,locus_tag,AAA,AAC,AAG,AAT,ACA,ACC,ACG,ACT,AGA,AGC,AGG,AGT,ATA,ATC,ATG,ATT,CAA,CAC,CAG,CAT,CCA,CCC,CCG,CCT,CGA,CGC,CGG,CGT,CTA,CTC,CTG,CTT,GAA,GAC,GAG,GAT,GCA,GCC,GCG,GCT,GGA,GGC,GGG,GGT,GTA,GTC,GTG,GTT,TAA,TAC,TAG,TAT,TCA,TCC,TCG,TCT,TGA,TGC,TGG,TGT,TTA,TTC,TTG,TTT
Tomato marchitez virus,Riboviria,land plants,ToMarV,1.04,0.571428571428571,0.96,1.42857142857143,1.71727748691099,0.942408376963351,0.356020942408377,0.984293193717278,2.30769230769231,0.479233226837061,1.46153846153846,1.4185303514377,1.15151515151515,0.742424242424242,1,1.10606060606061,1.01960784313725,0.720930232558139,0.980392156862745,1.27906976744186,1.72549019607843,0.627450980392157,0.287581699346405,1.35947712418301,0.576923076923077,0.461538461538462,0.384615384615385,0.807692307692308,0.552380952380952,0.742857142857143,0.857142857142857,1.31428571428571,1.0377358490566,0.494117647058824,0.962264150943396,1.50588235294118,1.48717948717949,0.82051282051282,0.222222222222222,1.47008547008547,1.29680365296804,0.840182648401826,0.675799086757991,1.18721461187215,0.765625,0.34375,1.375,1.515625,1,0.614035087719298,0,1.3859649122807,1.51437699680511,1.15015974440895,0.172523961661342,1.26517571884984,2,0.704225352112676,1,1.29577464788732,0.666666666666667,0.728260869565217,1.86666666666667,1.27173913043478
