virus,realm,host,locus_tag,AAA,AAC,AAG,AAT,ACA,ACC,ACG,ACT,AGA,AGC,AGG,AGT,ATA,ATC,ATG,ATT,CAA,CAC,CAG,CAT,CCA,CCC,CCG,CCT,CGA,CGC,CGG,CGT,CTA,CTC,CTG,CTT,GAA,GAC,GAG,GAT,GCA,GCC,GCG,GCT,GGA,GGC,GGG,GGT,GTA,GTC,GTG,GTT,TAA,TAC,TAG,TAT,TCA,TCC,TCG,TCT,TGA,TGC,TGG,TGT,TTA,TTC,TTG,TTT
Tomato leaf curl Toliara virus,Monodnaviria,land plants,D1T28,0.952380952380952,0.806451612903226,1.04761904761905,1.19354838709677,1.2,0.8,0.857142857142857,1.14285714285714,1.15068493150685,0.878048780487805,1.89041095890411,1.17073170731707,0.736842105263158,1,1,1.26315789473684,1.1864406779661,0.976744186046512,0.813559322033898,1.02325581395349,1.41538461538462,0.738461538461539,0.738461538461539,1.10769230769231,0.904109589041096,0.410958904109589,0.575342465753425,1.06849315068493,0.650602409638554,0.867469879518072,0.36144578313253,1.44578313253012,1.03448275862069,0.754716981132076,0.96551724137931,1.24528301886792,1.21212121212121,0.848484848484849,0.606060606060606,1.33333333333333,0.846153846153846,0.692307692307692,0.923076923076923,1.53846153846154,0.933333333333333,0.933333333333333,0.933333333333333,1.2,2.5,0.744186046511628,0,1.25581395348837,1.31707317073171,1.24390243902439,0.658536585365854,0.731707317073171,0.5,1.07692307692308,1,0.923076923076923,1.2289156626506,1.25,1.44578313253012,0.75
