virus,realm,host,locus_tag,AAA,AAC,AAG,AAT,ACA,ACC,ACG,ACT,AGA,AGC,AGG,AGT,ATA,ATC,ATG,ATT,CAA,CAC,CAG,CAT,CCA,CCC,CCG,CCT,CGA,CGC,CGG,CGT,CTA,CTC,CTG,CTT,GAA,GAC,GAG,GAT,GCA,GCC,GCG,GCT,GGA,GGC,GGG,GGT,GTA,GTC,GTG,GTT,TAA,TAC,TAG,TAT,TCA,TCC,TCG,TCT,TGA,TGC,TGG,TGT,TTA,TTC,TTG,TTT
Tomato leaf curl Moheli virus,Monodnaviria,land plants,D1T23,0.432432432432432,0.764705882352941,1.56756756756757,1.23529411764706,1.02325581395349,0.558139534883721,1.11627906976744,1.30232558139535,1.37704918032787,0.947368421052632,1.86885245901639,1.05263157894737,0.638297872340426,1.08510638297872,1,1.27659574468085,0.666666666666667,0.903225806451613,1.33333333333333,1.09677419354839,1.53191489361702,1.53191489361702,0.425531914893617,0.51063829787234,1.08196721311475,0.295081967213115,0.19672131147541,1.18032786885246,0.352941176470588,1.17647058823529,0.823529411764706,0.823529411764706,0.9375,0.702702702702703,1.0625,1.2972972972973,1.18918918918919,1.18918918918919,0.540540540540541,1.08108108108108,0.588235294117647,0.705882352941177,1.29411764705882,1.41176470588235,1.12,0.72,0.48,1.68,1.2,0.733333333333333,1.2,1.26666666666667,1.36842105263158,0.631578947368421,1.15789473684211,0.842105263157895,0.6,0.705882352941177,1,1.29411764705882,1.29411764705882,0.8125,1.52941176470588,1.1875
