virus,realm,host,locus_tag,AAA,AAC,AAG,AAT,ACA,ACC,ACG,ACT,AGA,AGC,AGG,AGT,ATA,ATC,ATG,ATT,CAA,CAC,CAG,CAT,CCA,CCC,CCG,CCT,CGA,CGC,CGG,CGT,CTA,CTC,CTG,CTT,GAA,GAC,GAG,GAT,GCA,GCC,GCG,GCT,GGA,GGC,GGG,GGT,GTA,GTC,GTG,GTT,TAA,TAC,TAG,TAT,TCA,TCC,TCG,TCT,TGA,TGC,TGG,TGT,TTA,TTC,TTG,TTT
Torque teno sus virus 1a,Anelloviridae,vertebrates,TTsuV1,1.03703703703704,1.25925925925926,0.962962962962963,0.740740740740741,2.15384615384615,1.07692307692308,0.538461538461538,0.230769230769231,3.09278350515464,1.71428571428571,0.43298969072165,0.952380952380952,1.39024390243902,0.878048780487805,1,0.731707317073171,0.702702702702703,1.85714285714286,1.2972972972973,0.142857142857143,1.31147540983607,0.721311475409836,1.11475409836066,0.852459016393443,0.680412371134021,0.804123711340206,0.494845360824742,0.494845360824742,1.06451612903226,0.870967741935484,1.64516129032258,0.580645161290323,1.10344827586207,1.52380952380952,0.896551724137931,0.476190476190476,1.37931034482759,1.24137931034483,0.620689655172414,0.758620689655172,2.06451612903226,1.03225806451613,0.580645161290323,0.32258064516129,1.64102564102564,0.615384615384615,1.23076923076923,0.512820512820513,2,1.33333333333333,0,0.666666666666667,1.42857142857143,0.666666666666667,0.571428571428571,0.666666666666667,1,1.04761904761905,1,0.952380952380952,1.25806451612903,1.15789473684211,0.580645161290323,0.842105263157895
