virus,realm,host,locus_tag,AAA,AAC,AAG,AAT,ACA,ACC,ACG,ACT,AGA,AGC,AGG,AGT,ATA,ATC,ATG,ATT,CAA,CAC,CAG,CAT,CCA,CCC,CCG,CCT,CGA,CGC,CGG,CGT,CTA,CTC,CTG,CTT,GAA,GAC,GAG,GAT,GCA,GCC,GCG,GCT,GGA,GGC,GGG,GGT,GTA,GTC,GTG,GTT,TAA,TAC,TAG,TAT,TCA,TCC,TCG,TCT,TGA,TGC,TGG,TGT,TTA,TTC,TTG,TTT
Torque teno tupaia virus,Anelloviridae,vertebrates,D1P76,1.43589743589744,1.68,0.564102564102564,0.32,1.375,0.75,0.5,1.375,2.53521126760563,1.74193548387097,0.676056338028169,0.67741935483871,1.4,0.5,1,1.1,1.33333333333333,1.18518518518519,0.666666666666667,0.814814814814815,1.23076923076923,0.492307692307692,0.8,1.47692307692308,0.76056338028169,1.43661971830986,0.422535211267606,0.169014084507042,1.83870967741935,1.16129032258065,0.290322580645161,1.35483870967742,1.2972972972973,1.40909090909091,0.702702702702703,0.590909090909091,1.47826086956522,1.30434782608696,0.347826086956522,0.869565217391304,2.48888888888889,0.888888888888889,0.177777777777778,0.444444444444444,1.33333333333333,0.666666666666667,0.888888888888889,1.11111111111111,3,1.33333333333333,0,0.666666666666667,1.06451612903226,1.06451612903226,0.483870967741935,0.967741935483871,0,1.11111111111111,1,0.888888888888889,1.16129032258065,0.5,0.193548387096774,1.5
