virus,realm,host,locus_tag,AAA,AAC,AAG,AAT,ACA,ACC,ACG,ACT,AGA,AGC,AGG,AGT,ATA,ATC,ATG,ATT,CAA,CAC,CAG,CAT,CCA,CCC,CCG,CCT,CGA,CGC,CGG,CGT,CTA,CTC,CTG,CTT,GAA,GAC,GAG,GAT,GCA,GCC,GCG,GCT,GGA,GGC,GGG,GGT,GTA,GTC,GTG,GTT,TAA,TAC,TAG,TAT,TCA,TCC,TCG,TCT,TGA,TGC,TGG,TGT,TTA,TTC,TTG,TTT
Trichoderma atroviride mycovirus,Riboviria,fungi,BW700,1.30841121495327,0.808823529411765,0.691588785046729,1.19117647058824,1.34806629834254,0.81767955801105,0.50828729281768,1.32596685082873,1.2,0.845070422535211,0.925714285714286,1.2112676056338,0.721804511278195,0.947368421052632,1,1.33082706766917,1.19626168224299,0.931506849315068,0.803738317757009,1.06849315068493,1.48344370860927,0.450331125827815,0.662251655629139,1.40397350993377,0.651428571428571,1.40571428571429,0.411428571428571,1.40571428571429,1.20535714285714,0.723214285714286,0.589285714285714,0.883928571428571,1.22950819672131,0.724832214765101,0.770491803278688,1.2751677852349,1.1965811965812,0.837606837606838,0.444444444444444,1.52136752136752,0.903225806451613,1.13548387096774,0.490322580645161,1.47096774193548,0.582781456953642,0.927152317880795,0.821192052980132,1.66887417218543,3,0.795698924731183,0,1.20430107526882,1.94366197183099,0.535211267605634,0.225352112676056,1.23943661971831,0,0.628571428571429,1,1.37142857142857,1.82142857142857,0.849557522123894,0.776785714285714,1.15044247787611
