virus,realm,host,locus_tag,AAA,AAC,AAG,AAT,ACA,ACC,ACG,ACT,AGA,AGC,AGG,AGT,ATA,ATC,ATG,ATT,CAA,CAC,CAG,CAT,CCA,CCC,CCG,CCT,CGA,CGC,CGG,CGT,CTA,CTC,CTG,CTT,GAA,GAC,GAG,GAT,GCA,GCC,GCG,GCT,GGA,GGC,GGG,GGT,GTA,GTC,GTG,GTT,TAA,TAC,TAG,TAT,TCA,TCC,TCG,TCT,TGA,TGC,TGG,TGT,TTA,TTC,TTG,TTT
Tuberose mild mottle virus,Riboviria,land plants,FK994,0.842105263157895,0.882352941176471,1.15789473684211,1.11764705882353,1.08235294117647,0.611764705882353,0.894117647058824,1.41176470588235,0.9,1.06930693069307,1.2,1.30693069306931,0.845070422535211,0.845070422535211,1,1.30985915492958,1.33333333333333,0.981818181818182,0.666666666666667,1.01818181818182,2.06451612903226,0.32258064516129,0.516129032258065,1.09677419354839,1.2,0.825,0.525,1.35,0.980392156862745,1.05882352941176,0.941176470588235,0.745098039215686,1.01818181818182,0.962025316455696,0.981818181818182,1.0379746835443,1.74712643678161,0.597701149425287,0.689655172413793,0.96551724137931,1.0752688172043,0.946236559139785,0.860215053763441,1.11827956989247,0.413793103448276,0.873563218390805,1.47126436781609,1.24137931034483,3,1.07142857142857,0,0.928571428571429,1.30693069306931,0.653465346534653,1.00990099009901,0.653465346534653,0,0.666666666666667,1,1.33333333333333,0.980392156862745,1.01492537313433,1.29411764705882,0.985074626865672
