virus,realm,host,locus_tag,AAA,AAC,AAG,AAT,ACA,ACC,ACG,ACT,AGA,AGC,AGG,AGT,ATA,ATC,ATG,ATT,CAA,CAC,CAG,CAT,CCA,CCC,CCG,CCT,CGA,CGC,CGG,CGT,CTA,CTC,CTG,CTT,GAA,GAC,GAG,GAT,GCA,GCC,GCG,GCT,GGA,GGC,GGG,GGT,GTA,GTC,GTG,GTT,TAA,TAC,TAG,TAT,TCA,TCC,TCG,TCT,TGA,TGC,TGG,TGT,TTA,TTC,TTG,TTT
Turkey calicivirus,Riboviria,vertebrates,FLA49,0.891566265060241,1.30188679245283,1.10843373493976,0.69811320754717,0.962264150943396,1.22641509433962,0.30188679245283,1.50943396226415,1.06779661016949,0.623762376237624,0.966101694915254,0.712871287128713,0.310344827586207,1.15862068965517,1,1.53103448275862,1.14583333333333,1.07407407407407,0.854166666666667,0.925925925925926,1.32450331125828,0.980132450331126,0.450331125827815,1.24503311258278,0.508474576271186,1.77966101694915,0.559322033898305,1.11864406779661,0.455357142857143,1.74107142857143,0.75,1.60714285714286,1.22352941176471,1.00813008130081,0.776470588235294,0.991869918699187,1.12903225806452,1.08064516129032,0.483870967741935,1.30645161290323,0.756756756756757,1.14594594594595,0.8,1.2972972972973,0.245398773006135,1.17791411042945,1.17791411042945,1.39877300613497,3,0.988505747126437,0,1.01149425287356,1.51485148514851,1.27722772277228,0.207920792079208,1.66336633663366,0,1.07692307692308,1,0.923076923076923,0.5625,1.10843373493976,0.883928571428571,0.891566265060241
