virus,realm,host,locus_tag,AAA,AAC,AAG,AAT,ACA,ACC,ACG,ACT,AGA,AGC,AGG,AGT,ATA,ATC,ATG,ATT,CAA,CAC,CAG,CAT,CCA,CCC,CCG,CCT,CGA,CGC,CGG,CGT,CTA,CTC,CTG,CTT,GAA,GAC,GAG,GAT,GCA,GCC,GCG,GCT,GGA,GGC,GGG,GGT,GTA,GTC,GTG,GTT,TAA,TAC,TAG,TAT,TCA,TCC,TCG,TCT,TGA,TGC,TGG,TGT,TTA,TTC,TTG,TTT
Turkey adenovirus 1,Varidnaviria,vertebrates,TAdV,0.429411764705882,1.88009592326139,1.57058823529412,0.119904076738609,0.073342736248237,2.24541607898449,1.55712270803949,0.124118476727786,0.213753106876553,1.91150442477876,0.352941176470588,0.13653603034134,0.162162162162162,2.60472972972973,1,0.233108108108108,0.212581344902386,1.84300341296928,1.78741865509761,0.156996587030717,0.0813008130081301,1.98373983739837,1.63414634146341,0.300813008130081,0.566694283347142,2.73405136702568,1.65534382767191,0.477216238608119,0.192592592592593,2.53333333333333,2.76543209876543,0.197530864197531,0.369897959183673,1.80619111709287,1.63010204081633,0.193808882907133,0.101026045777427,2.12786108918706,1.49960536700868,0.271507498026835,0.583090379008746,1.96695821185617,1.14674441205053,0.303206997084548,0.187035069075452,2.02337938363443,1.61530286928799,0.174282678002125,0.567567567567568,1.89140271493213,0.72972972972973,0.108597285067873,0.106194690265487,1.75979772439949,1.77496839443742,0.310998735777497,1.7027027027027,1.77092511013216,1,0.229074889867841,0.0444444444444444,1.70741482965932,0.266666666666667,0.292585170340681
