virus,realm,host,locus_tag,AAA,AAC,AAG,AAT,ACA,ACC,ACG,ACT,AGA,AGC,AGG,AGT,ATA,ATC,ATG,ATT,CAA,CAC,CAG,CAT,CCA,CCC,CCG,CCT,CGA,CGC,CGG,CGT,CTA,CTC,CTG,CTT,GAA,GAC,GAG,GAT,GCA,GCC,GCG,GCT,GGA,GGC,GGG,GGT,GTA,GTC,GTG,GTT,TAA,TAC,TAG,TAT,TCA,TCC,TCG,TCT,TGA,TGC,TGG,TGT,TTA,TTC,TTG,TTT
Uncultured phage WW-nAnB strain 2,NA,NA,VC58,1.18518518518519,0.829268292682927,0.814814814814815,1.17073170731707,0.405797101449275,1.04347826086957,0.63768115942029,1.91304347826087,0.203389830508475,0.227848101265823,0.406779661016949,0.531645569620253,0.0491803278688525,0.688524590163934,1,2.26229508196721,0.702702702702703,0.9,1.2972972972973,1.1,0.19672131147541,1.04918032786885,0.655737704918033,2.09836065573771,0.406779661016949,1.93220338983051,0.406779661016949,2.64406779661017,0.046875,1.3125,0.65625,2.203125,1.31506849315068,0.518518518518518,0.684931506849315,1.48148148148148,0.64367816091954,0.367816091954023,0.689655172413793,2.29885057471264,0.459770114942529,0.735632183908046,0.32183908045977,2.48275862068966,0.252631578947368,0.968421052631579,0.378947368421053,2.4,0.75,0.272727272727273,0.375,1.72727272727273,0.265822784810127,1.48101265822785,0.341772151898734,3.15189873417722,1.875,0.692307692307692,1,1.30769230769231,0.796875,0.770833333333333,0.984375,1.22916666666667
