virus,realm,host,locus_tag,AAA,AAC,AAG,AAT,ACA,ACC,ACG,ACT,AGA,AGC,AGG,AGT,ATA,ATC,ATG,ATT,CAA,CAC,CAG,CAT,CCA,CCC,CCG,CCT,CGA,CGC,CGG,CGT,CTA,CTC,CTG,CTT,GAA,GAC,GAG,GAT,GCA,GCC,GCG,GCT,GGA,GGC,GGG,GGT,GTA,GTC,GTG,GTT,TAA,TAC,TAG,TAT,TCA,TCC,TCG,TCT,TGA,TGC,TGG,TGT,TTA,TTC,TTG,TTT
unidentified entomopoxvirus,Varidnaviria,invertebrates,D1T38,2,0,0,2,1.2,0.2,0,2.6,4.85714285714286,0,0,3,1.68,0.12,1,1.2,1.45454545454545,0.266666666666667,0.545454545454545,1.73333333333333,1.63636363636364,0,0,2.36363636363636,0,0,0,1.14285714285714,0.857142857142857,0.428571428571429,0,0.428571428571429,1.82608695652174,0,0.173913043478261,2,1.64705882352941,0,0,2.35294117647059,2.31578947368421,0,0,1.68421052631579,1.45454545454545,0.181818181818182,0,2.36363636363636,3,0.176470588235294,0,1.82352941176471,2,0,0,1,0,0,1,2,4.28571428571429,0.5,0,1.5
