virus,realm,host,locus_tag,AAA,AAC,AAG,AAT,ACA,ACC,ACG,ACT,AGA,AGC,AGG,AGT,ATA,ATC,ATG,ATT,CAA,CAC,CAG,CAT,CCA,CCC,CCG,CCT,CGA,CGC,CGG,CGT,CTA,CTC,CTG,CTT,GAA,GAC,GAG,GAT,GCA,GCC,GCG,GCT,GGA,GGC,GGG,GGT,GTA,GTC,GTG,GTT,TAA,TAC,TAG,TAT,TCA,TCC,TCG,TCT,TGA,TGC,TGG,TGT,TTA,TTC,TTG,TTT
Ustilaginoidea virens RNA virus 3,Riboviria,fungi,CF62,0.681818181818182,1.27272727272727,1.31818181818182,0.727272727272727,0.555555555555556,1.33333333333333,1.18518518518519,0.925925925925926,0.365217391304348,1.21951219512195,0.730434782608696,0.829268292682927,0.78,1.86,1,0.36,0.733333333333333,1.6,1.26666666666667,0.4,0.673684210526316,1.43157894736842,0.884210526315789,1.01052631578947,0.834782608695652,1.46086956521739,1.35652173913043,1.25217391304348,0.291666666666667,1.70833333333333,1.95833333333333,0.708333333333333,0.776119402985075,1.24705882352941,1.22388059701493,0.752941176470588,0.484210526315789,1.30526315789474,1.17894736842105,1.03157894736842,0.850393700787402,1.51181102362205,0.724409448818898,0.913385826771654,0.451612903225806,2.25806451612903,0.903225806451613,0.387096774193548,1.5,1.64705882352941,0,0.352941176470588,0.48780487804878,1.5609756097561,1.21951219512195,0.682926829268293,1.5,0.909090909090909,1,1.09090909090909,0.416666666666667,1.54716981132075,0.916666666666667,0.452830188679245
