virus,realm,host,locus_tag,AAA,AAC,AAG,AAT,ACA,ACC,ACG,ACT,AGA,AGC,AGG,AGT,ATA,ATC,ATG,ATT,CAA,CAC,CAG,CAT,CCA,CCC,CCG,CCT,CGA,CGC,CGG,CGT,CTA,CTC,CTG,CTT,GAA,GAC,GAG,GAT,GCA,GCC,GCG,GCT,GGA,GGC,GGG,GGT,GTA,GTC,GTG,GTT,TAA,TAC,TAG,TAT,TCA,TCC,TCG,TCT,TGA,TGC,TGG,TGT,TTA,TTC,TTG,TTT
Verbena virus Y,Riboviria,land plants,VVY,1.08016877637131,0.829268292682927,0.919831223628692,1.17073170731707,2.33663366336634,0.415841584158416,0.554455445544555,0.693069306930693,1.68862275449102,0.857142857142857,0.790419161676647,1.57142857142857,0.742574257425743,0.98019801980198,1,1.27722772277228,1.4488188976378,0.933333333333333,0.551181102362205,1.06666666666667,2.41379310344828,0.551724137931034,0.413793103448276,0.620689655172414,1.50898203592814,0.718562874251497,0.395209580838323,0.898203592814371,0.527472527472527,0.901098901098901,0.527472527472527,1.36263736263736,1.25806451612903,0.640449438202247,0.741935483870968,1.35955056179775,1.97101449275362,0.309178743961353,0.63768115942029,1.08212560386473,1.34806629834254,0.50828729281768,0.751381215469613,1.39226519337017,0.562814070351759,0.542713567839196,1.24623115577889,1.64824120603015,3,1.06122448979592,0,0.938775510204082,2.02857142857143,0.257142857142857,0.6,0.685714285714286,0,0.793103448275862,1,1.20689655172414,1.01098901098901,0.986666666666667,1.67032967032967,1.01333333333333
