virus,realm,host,locus_tag,AAA,AAC,AAG,AAT,ACA,ACC,ACG,ACT,AGA,AGC,AGG,AGT,ATA,ATC,ATG,ATT,CAA,CAC,CAG,CAT,CCA,CCC,CCG,CCT,CGA,CGC,CGG,CGT,CTA,CTC,CTG,CTT,GAA,GAC,GAG,GAT,GCA,GCC,GCG,GCT,GGA,GGC,GGG,GGT,GTA,GTC,GTG,GTT,TAA,TAC,TAG,TAT,TCA,TCC,TCG,TCT,TGA,TGC,TGG,TGT,TTA,TTC,TTG,TTT
Vibrio phage VAP7,Duplodnaviria,bacteria,HWC21,1.19043238270469,1.07834471675372,0.809567617295308,0.921655283246284,1.3184023889511,0.839119074281448,0.503172825681224,1.33930571108623,0.364997660271409,0.66483300589391,0.106691623771642,1.17642436149312,0.199037469920935,1.47988999656239,1,1.32107253351667,1.3201166180758,0.719848053181387,0.679883381924198,1.28015194681861,1.87948874010956,0.182592818015825,0.608642726719416,1.3292757151552,0.699110903135236,1.12306972391203,0.137576041179223,3.56855404773046,0.737439682089129,0.413851830826001,1.01674709054783,1.32841328413284,1.47953030783878,0.744636678200692,0.520469692161219,1.25536332179931,1.37848324514991,0.627865961199294,0.637742504409171,1.35590828924162,0.381344307270233,0.946502057613169,0.211248285322359,2.46090534979424,0.778210116731518,0.750972762645914,0.704280155642023,1.76653696498054,2.125,0.954466858789625,0.34375,1.04553314121037,1.68801571709234,0.521021611001965,0.622396856581532,1.32730844793713,0.53125,0.369351669941061,1,1.63064833005894,1.03888731195004,1.08470964304742,1.46466080045416,0.915290356952584
