virus,realm,host,locus_tag,AAA,AAC,AAG,AAT,ACA,ACC,ACG,ACT,AGA,AGC,AGG,AGT,ATA,ATC,ATG,ATT,CAA,CAC,CAG,CAT,CCA,CCC,CCG,CCT,CGA,CGC,CGG,CGT,CTA,CTC,CTG,CTT,GAA,GAC,GAG,GAT,GCA,GCC,GCG,GCT,GGA,GGC,GGG,GGT,GTA,GTC,GTG,GTT,TAA,TAC,TAG,TAT,TCA,TCC,TCG,TCT,TGA,TGC,TGG,TGT,TTA,TTC,TTG,TTT
Vibrio phage SHOU24,Duplodnaviria,bacteria,SHOU24,1.11308466548253,1.45594525235244,0.886915334517466,0.544054747647562,0.92030492030492,0.848232848232848,0.698544698544699,1.53291753291753,0.938579654510557,1.04902539870053,0.253358925143954,0.726520968694625,0.525325615050651,1.47612156295224,1,0.998552821997106,1.0093896713615,1.49284253578732,0.990610328638498,0.507157464212679,1.10783200908059,0.108967082860386,0.658342792281498,2.12485811577753,1.00767754318618,1.61228406909789,0.0806142034548944,2.10748560460653,1.19260400616333,0.375963020030817,1.09707241910632,1.57781201848998,1.19069239500568,1.34424083769634,0.809307604994325,0.655759162303665,0.905581637976004,0.623891497130934,0.81377151799687,1.65675534689619,0.605433376455369,1.65071151358344,0.351875808538163,1.39197930142303,1.11084905660377,0.721698113207547,0.837264150943396,1.33018867924528,1.71875,1.41831683168317,0.625,0.581683168316832,1.28647371529829,0.333136444181926,0.641464855286474,1.96337861783816,0.65625,0.848484848484849,1,1.15151515151515,0.819722650231125,1.22844827586207,0.936825885978428,0.771551724137931
