virus,realm,host,locus_tag,AAA,AAC,AAG,AAT,ACA,ACC,ACG,ACT,AGA,AGC,AGG,AGT,ATA,ATC,ATG,ATT,CAA,CAC,CAG,CAT,CCA,CCC,CCG,CCT,CGA,CGC,CGG,CGT,CTA,CTC,CTG,CTT,GAA,GAC,GAG,GAT,GCA,GCC,GCG,GCT,GGA,GGC,GGG,GGT,GTA,GTC,GTG,GTT,TAA,TAC,TAG,TAT,TCA,TCC,TCG,TCT,TGA,TGC,TGG,TGT,TTA,TTC,TTG,TTT
Vibrio phage VP93,Duplodnaviria,bacteria,VPP93,0.86865671641791,1.5778175313059,1.13134328358209,0.422182468694097,1.17703349282297,0.655502392344498,0.631578947368421,1.53588516746411,0.177606177606178,1.04456824512535,0.0386100386100386,1.23676880222841,0.117747440273038,1.62286689419795,1,1.25938566552901,1.06071428571429,1.29323308270677,0.939285714285714,0.706766917293233,1.50570342205323,0.220532319391635,0.897338403041825,1.37642585551331,0.625482625482625,1.54440154440154,0.154440154440154,3.45945945945946,1.26288659793814,0.417525773195876,1.27835051546392,0.989690721649485,0.779499404052443,1.1877133105802,1.22050059594756,0.812286689419795,1.14149443561208,0.391096979332273,0.798092209856916,1.66931637519873,0.295503211991435,0.830835117773019,0.351177730192719,2.52248394004283,0.953229398663697,0.463251670378619,1.51447661469933,1.06904231625835,1.97727272727273,1.60728744939271,0.613636363636364,0.392712550607287,1.1866295264624,0.493036211699164,0.676880222841226,1.36211699164345,0.409090909090909,0.502793296089385,1,1.49720670391061,0.902061855670103,1.5,1.14948453608247,0.5
