virus,realm,host,locus_tag,AAA,AAC,AAG,AAT,ACA,ACC,ACG,ACT,AGA,AGC,AGG,AGT,ATA,ATC,ATG,ATT,CAA,CAC,CAG,CAT,CCA,CCC,CCG,CCT,CGA,CGC,CGG,CGT,CTA,CTC,CTG,CTT,GAA,GAC,GAG,GAT,GCA,GCC,GCG,GCT,GGA,GGC,GGG,GGT,GTA,GTC,GTG,GTT,TAA,TAC,TAG,TAT,TCA,TCC,TCG,TCT,TGA,TGC,TGG,TGT,TTA,TTC,TTG,TTT
Vibrio phage qdvp001,Duplodnaviria,bacteria,AXI64,1.34618755477651,0.738325991189427,0.653812445223488,1.26167400881057,2.07478260869565,0.379130434782609,0.262608695652174,1.28347826086957,1.73452456924059,0.441647597254005,0.738991703892789,1.98855835240275,0.650735294117647,0.822303921568627,1,1.52696078431373,1.501100513573,0.828009828009828,0.498899486426999,1.17199017199017,1.53741496598639,0.214285714285714,0.255102040816327,1.99319727891156,0.857689853222719,0.25654116145501,0.15698787492023,2.25526483726867,0.904232963074152,0.273791654157911,0.295406784749325,1.3941759231462,1.37894407997501,0.416415662650602,0.621055920024992,1.5835843373494,1.62962962962963,0.273504273504274,0.262108262108262,1.83475783475783,0.858885725904839,0.253761691744612,0.396909312728752,2.4904432696218,1.29411764705882,0.302308265078183,0.652271034996277,1.75130305286672,1.73127753303965,0.768814293448836,0.462555066079295,1.23118570655116,1.39130434782609,0.299771167048055,0.249427917620137,1.62929061784897,0.806167400881057,0.394244604316547,1,1.60575539568345,2.12728910237166,0.784268363215732,1.00510357250075,1.21573163678427
