virus,realm,host,locus_tag,AAA,AAC,AAG,AAT,ACA,ACC,ACG,ACT,AGA,AGC,AGG,AGT,ATA,ATC,ATG,ATT,CAA,CAC,CAG,CAT,CCA,CCC,CCG,CCT,CGA,CGC,CGG,CGT,CTA,CTC,CTG,CTT,GAA,GAC,GAG,GAT,GCA,GCC,GCG,GCT,GGA,GGC,GGG,GGT,GTA,GTC,GTG,GTT,TAA,TAC,TAG,TAT,TCA,TCC,TCG,TCT,TGA,TGC,TGG,TGT,TTA,TTC,TTG,TTT
Vibrio phage 1.249.A. 10N.261.55.B9,NA,NA,KMD63,1.50684931506849,1.03067484662577,0.493150684931507,0.969325153374233,0.672268907563025,1.68067226890756,0.991596638655462,0.65546218487395,0.567567567567568,1.12121212121212,0.202702702702703,1,0.798165137614679,0.770642201834862,1,1.43119266055046,1.64285714285714,1.40350877192982,0.357142857142857,0.596491228070175,1.06474820143885,0.863309352517986,1.52517985611511,0.546762589928058,1.33783783783784,2.14864864864865,0.648648648648649,1.09459459459459,1.01612903225806,0.0725806451612903,0.314516129032258,1.30645161290323,1.85074626865672,1.13089005235602,0.149253731343284,0.869109947643979,0.647619047619048,1.21904761904762,1.42222222222222,0.711111111111111,0.616487455197133,1.26164874551971,0.774193548387097,1.34767025089606,0.663594470046083,0.682027649769585,0.995391705069124,1.65898617511521,2.04545454545455,0.697247706422018,0.409090909090909,1.30275229357798,1.36363636363636,0.787878787878788,1.09090909090909,0.636363636363636,0.545454545454545,0.384615384615385,1,1.61538461538462,1.93548387096774,0.991735537190083,1.35483870967742,1.00826446280992
