virus,realm,host,locus_tag,AAA,AAC,AAG,AAT,ACA,ACC,ACG,ACT,AGA,AGC,AGG,AGT,ATA,ATC,ATG,ATT,CAA,CAC,CAG,CAT,CCA,CCC,CCG,CCT,CGA,CGC,CGG,CGT,CTA,CTC,CTG,CTT,GAA,GAC,GAG,GAT,GCA,GCC,GCG,GCT,GGA,GGC,GGG,GGT,GTA,GTC,GTG,GTT,TAA,TAC,TAG,TAT,TCA,TCC,TCG,TCT,TGA,TGC,TGG,TGT,TTA,TTC,TTG,TTT
Vibrio virus 2019VC1,Duplodnaviria,bacteria,KMB90,1.18963730569948,1.15191986644407,0.810362694300518,0.848080133555927,1.07593307593308,0.684684684684685,1.07078507078507,1.16859716859717,0.930643127364439,1.63764705882353,0.64312736443884,0.628235294117647,0.399548532731377,1.1410835214447,1,1.45936794582393,0.860510805500982,1.02836879432624,1.13948919449902,0.971631205673759,1.20524017467249,0.270742358078603,1.6943231441048,0.829694323144105,0.907944514501892,1.83858764186633,0.665825977301387,1.01387137452711,0.488174077578051,0.244087038789026,1.09555345316935,1.45316934720908,1.26143024618992,0.682284040995608,0.738569753810082,1.31771595900439,1.30197554092192,0.451552210724365,1.17403574788335,1.07243650047037,0.987485779294653,1.30147895335609,0.505119453924915,1.20591581342435,0.872646733111849,0.26578073089701,0.863787375415282,1.99778516057586,1.47826086956522,0.888888888888889,0.478260869565217,1.11111111111111,1.39058823529412,0.649411764705882,0.677647058823529,1.01647058823529,1.04347826086957,1.29142857142857,1,0.708571428571429,1.27152317880795,0.8203125,1.44749290444655,1.1796875
