virus,realm,host,locus_tag,AAA,AAC,AAG,AAT,ACA,ACC,ACG,ACT,AGA,AGC,AGG,AGT,ATA,ATC,ATG,ATT,CAA,CAC,CAG,CAT,CCA,CCC,CCG,CCT,CGA,CGC,CGG,CGT,CTA,CTC,CTG,CTT,GAA,GAC,GAG,GAT,GCA,GCC,GCG,GCT,GGA,GGC,GGG,GGT,GTA,GTC,GTG,GTT,TAA,TAC,TAG,TAT,TCA,TCC,TCG,TCT,TGA,TGC,TGG,TGT,TTA,TTC,TTG,TTT
Walrus calicivirus,Riboviria,human:vertebrates,WCVgp,1.06172839506173,1.14285714285714,0.938271604938272,0.857142857142857,1.4218009478673,1.23222748815166,0.436018957345972,0.909952606635071,1.32283464566929,0.456521739130435,1.74803149606299,0.652173913043478,0.385714285714286,1.56428571428571,1,1.05,1.34146341463415,1.37142857142857,0.658536585365854,0.628571428571429,1.55844155844156,1.03896103896104,0.363636363636364,1.03896103896104,0.519685039370079,0.992125984251969,0.803149606299213,0.614173228346457,0.542986425339366,2.11764705882353,1.0316742081448,1.19457013574661,1.09774436090226,0.982456140350877,0.902255639097744,1.01754385964912,1.23711340206186,0.88659793814433,0.350515463917526,1.52577319587629,1.21142857142857,1.09714285714286,0.64,1.05142857142857,0.345945945945946,1.38378378378378,1.1027027027027,1.16756756756757,0,1.52083333333333,2,0.479166666666667,1.95652173913043,1.17391304347826,0.456521739130435,1.30434782608696,1,1.19148936170213,1,0.808510638297872,0.32579185520362,1.46296296296296,0.787330316742081,0.537037037037037
