virus,realm,host,locus_tag,AAA,AAC,AAG,AAT,ACA,ACC,ACG,ACT,AGA,AGC,AGG,AGT,ATA,ATC,ATG,ATT,CAA,CAC,CAG,CAT,CCA,CCC,CCG,CCT,CGA,CGC,CGG,CGT,CTA,CTC,CTG,CTT,GAA,GAC,GAG,GAT,GCA,GCC,GCG,GCT,GGA,GGC,GGG,GGT,GTA,GTC,GTG,GTT,TAA,TAC,TAG,TAT,TCA,TCC,TCG,TCT,TGA,TGC,TGG,TGT,TTA,TTC,TTG,TTT
Wenling crustacean virus 9,NA,NA,BU144,1.15508021390374,0.773006134969325,0.844919786096257,1.22699386503067,2.29074889867841,0.475770925110132,0.123348017621145,1.11013215859031,2.73076923076923,0.722222222222222,2.19230769230769,1.58333333333333,0.90495867768595,0.942148760330578,1,1.15289256198347,1.20863309352518,0.733333333333333,0.79136690647482,1.26666666666667,1.86301369863014,0.520547945205479,0.10958904109589,1.50684931506849,0.307692307692308,0.192307692307692,0.192307692307692,0.384615384615385,1.16778523489933,0.604026845637584,0.74496644295302,0.583892617449664,1.17105263157895,0.471204188481675,0.828947368421053,1.52879581151832,1.51724137931034,0.669950738916256,0.118226600985222,1.69458128078818,1.22727272727273,0.545454545454545,0.613636363636364,1.61363636363636,0.974358974358974,0.717948717948718,1.11111111111111,1.1965811965812,3,0.9,0,1.1,1.63888888888889,0.444444444444444,0.0833333333333333,1.52777777777778,0,0.8,1,1.2,1.38926174496644,1.11258278145695,1.51006711409396,0.887417218543046
