virus,realm,host,locus_tag,AAA,AAC,AAG,AAT,ACA,ACC,ACG,ACT,AGA,AGC,AGG,AGT,ATA,ATC,ATG,ATT,CAA,CAC,CAG,CAT,CCA,CCC,CCG,CCT,CGA,CGC,CGG,CGT,CTA,CTC,CTG,CTT,GAA,GAC,GAG,GAT,GCA,GCC,GCG,GCT,GGA,GGC,GGG,GGT,GTA,GTC,GTG,GTT,TAA,TAC,TAG,TAT,TCA,TCC,TCG,TCT,TGA,TGC,TGG,TGT,TTA,TTC,TTG,TTT
Wenling picorna-like virus 4,Riboviria,invertebrates,BWT35,1.2625,0.575342465753425,0.7375,1.42465753424658,1.80246913580247,0.54320987654321,0.790123456790123,0.864197530864197,1.3984962406015,0.32,0.406015037593985,1.28,1.29452054794521,0.595890410958904,1,1.10958904109589,1.10891089108911,0.567567567567568,0.891089108910891,1.43243243243243,1.55038759689922,0.89922480620155,0.496124031007752,1.05426356589147,0.947368421052632,1.03759398496241,0.406015037593985,1.80451127819549,0.870466321243523,0.621761658031088,0.839378238341969,0.870466321243523,1.19512195121951,0.518518518518518,0.804878048780488,1.48148148148148,1.09844559585492,0.683937823834197,0.601036269430052,1.61658031088083,0.96551724137931,0.689655172413793,0.172413793103448,2.17241379310345,0.803738317757009,0.560747663551402,1.00934579439252,1.62616822429907,3,0.704918032786885,0,1.29508196721311,1.25333333333333,0.693333333333333,0.8,1.65333333333333,0,0.366666666666667,1,1.63333333333333,1.18134715025907,0.697674418604651,1.61658031088083,1.30232558139535
