virus,realm,host,locus_tag,AAA,AAC,AAG,AAT,ACA,ACC,ACG,ACT,AGA,AGC,AGG,AGT,ATA,ATC,ATG,ATT,CAA,CAC,CAG,CAT,CCA,CCC,CCG,CCT,CGA,CGC,CGG,CGT,CTA,CTC,CTG,CTT,GAA,GAC,GAG,GAT,GCA,GCC,GCG,GCT,GGA,GGC,GGG,GGT,GTA,GTC,GTG,GTT,TAA,TAC,TAG,TAT,TCA,TCC,TCG,TCT,TGA,TGC,TGG,TGT,TTA,TTC,TTG,TTT
Wenling toga-like virus,Riboviria,invertebrates,BWT27,0.894736842105263,1.55555555555556,1.10526315789474,0.444444444444444,0.30952380952381,1.5,1.30952380952381,0.880952380952381,0.142857142857143,1.15025906735751,0.261904761904762,0.248704663212435,0.436893203883495,1.74757281553398,1,0.815533980582524,0.327272727272727,1.42857142857143,1.67272727272727,0.571428571428571,0.38974358974359,0.923076923076923,1.96923076923077,0.717948717948718,0.761904761904762,2.21428571428571,1.45238095238095,1.16666666666667,0.396694214876033,1.58677685950413,2.08264462809917,0.545454545454545,0.756756756756757,1.54601226993865,1.24324324324324,0.45398773006135,0.342245989304813,1.81818181818182,1.01604278074866,0.823529411764706,0.311377245508982,1.34131736526946,0.646706586826347,1.70059880239521,0.212624584717608,1.76744186046512,1.3421926910299,0.677740863787375,1.5,1.33333333333333,1.5,0.666666666666667,0.310880829015544,1.0259067357513,2.36269430051813,0.901554404145078,0,1.43478260869565,1,0.565217391304348,0.148760330578512,1.36206896551724,1.2396694214876,0.637931034482759
