virus,realm,host,locus_tag,AAA,AAC,AAG,AAT,ACA,ACC,ACG,ACT,AGA,AGC,AGG,AGT,ATA,ATC,ATG,ATT,CAA,CAC,CAG,CAT,CCA,CCC,CCG,CCT,CGA,CGC,CGG,CGT,CTA,CTC,CTG,CTT,GAA,GAC,GAG,GAT,GCA,GCC,GCG,GCT,GGA,GGC,GGG,GGT,GTA,GTC,GTG,GTT,TAA,TAC,TAG,TAT,TCA,TCC,TCG,TCT,TGA,TGC,TGG,TGT,TTA,TTC,TTG,TTT
Wenzhou picorna-like virus 7,NA,NA,BWS55,0.869565217391304,0.484375,1.1304347826087,1.515625,0.901408450704225,0.619718309859155,0.788732394366197,1.69014084507042,1.32203389830508,0.508474576271186,0.76271186440678,1.59322033898305,0.3,0.369230769230769,1,2.33076923076923,1.2,0.705882352941177,0.8,1.29411764705882,1.35714285714286,0.5,0.392857142857143,1.75,0.915254237288136,0.966101694915254,0.203389830508475,1.83050847457627,0.338028169014085,0.253521126760563,0.225352112676056,1.38028169014085,1.0314465408805,0.484076433121019,0.968553459119497,1.51592356687898,0.906976744186046,0.674418604651163,0.720930232558139,1.69767441860465,0.973684210526316,0.789473684210526,0.394736842105263,1.84210526315789,0.585858585858586,0.707070707070707,0.848484848484849,1.85858585858586,1.5,0.422222222222222,1.5,1.57777777777778,1.05084745762712,0.677966101694915,0.406779661016949,1.76271186440678,0,0.52,1,1.48,1.07042253521127,0.451127819548872,2.73239436619718,1.54887218045113
