virus,realm,host,locus_tag,AAA,AAC,AAG,AAT,ACA,ACC,ACG,ACT,AGA,AGC,AGG,AGT,ATA,ATC,ATG,ATT,CAA,CAC,CAG,CAT,CCA,CCC,CCG,CCT,CGA,CGC,CGG,CGT,CTA,CTC,CTG,CTT,GAA,GAC,GAG,GAT,GCA,GCC,GCG,GCT,GGA,GGC,GGG,GGT,GTA,GTC,GTG,GTT,TAA,TAC,TAG,TAT,TCA,TCC,TCG,TCT,TGA,TGC,TGG,TGT,TTA,TTC,TTG,TTT
Wenzhou channeled applesnail virus 2,Riboviria,invertebrates,BWT15,0.895348837209302,0.321243523316062,1.1046511627907,1.67875647668394,1.04545454545455,0.386363636363636,0.272727272727273,2.29545454545455,2.39097744360902,0.177121771217712,0.81203007518797,0.885608856088561,0.027027027027027,0.445945945945946,1,2.52702702702703,1.19047619047619,0.591549295774648,0.80952380952381,1.40845070422535,1.54285714285714,0.371428571428571,0.0571428571428571,2.02857142857143,0.721804511278195,0.360902255639098,0.225563909774436,1.48872180451128,0.398230088495575,0.584070796460177,0.185840707964602,2.30973451327434,1.45161290322581,0.355029585798817,0.548387096774194,1.64497041420118,1.25925925925926,0.222222222222222,0.12962962962963,2.38888888888889,1.6536312849162,0.357541899441341,0.17877094972067,1.81005586592179,0.196078431372549,0.509803921568627,0.509803921568627,2.7843137254902,1.5,0.467289719626168,0,1.53271028037383,1.48339483394834,0.553505535055351,0.11070110701107,2.78966789667897,1.5,0.527777777777778,1,1.47222222222222,0.079646017699115,0.497041420118343,2.44247787610619,1.50295857988166
