virus,realm,host,locus_tag,AAA,AAC,AAG,AAT,ACA,ACC,ACG,ACT,AGA,AGC,AGG,AGT,ATA,ATC,ATG,ATT,CAA,CAC,CAG,CAT,CCA,CCC,CCG,CCT,CGA,CGC,CGG,CGT,CTA,CTC,CTG,CTT,GAA,GAC,GAG,GAT,GCA,GCC,GCG,GCT,GGA,GGC,GGG,GGT,GTA,GTC,GTG,GTT,TAA,TAC,TAG,TAT,TCA,TCC,TCG,TCT,TGA,TGC,TGG,TGT,TTA,TTC,TTG,TTT
Wenzhou picorna-like virus 9,Riboviria,invertebrates,BWS54,1.28947368421053,0.521008403361345,0.710526315789474,1.47899159663866,1.08670520231214,0.855491329479769,0.554913294797688,1.5028901734104,1.54545454545455,0.507462686567164,0.590909090909091,1.16417910447761,0.352941176470588,0.547058823529412,1,2.1,1.51063829787234,0.842105263157895,0.48936170212766,1.15789473684211,1.35537190082645,0.793388429752066,0.59504132231405,1.25619834710744,0.954545454545455,1.18181818181818,0.181818181818182,1.54545454545455,0.535714285714286,0.455357142857143,0.321428571428571,1.17857142857143,1.42682926829268,0.444444444444444,0.573170731707317,1.55555555555556,1.52688172043011,0.494623655913978,0.387096774193548,1.59139784946237,1.40845070422535,0.76056338028169,0.422535211267606,1.40845070422535,0.761904761904762,0.714285714285714,0.666666666666667,1.85714285714286,3,0.576923076923077,0,1.42307692307692,0.835820895522388,0.716417910447761,0.626865671641791,2.14925373134328,0,0.8,1,1.2,1.47321428571429,0.589928057553957,2.03571428571429,1.41007194244604
