virus,realm,host,locus_tag,AAA,AAC,AAG,AAT,ACA,ACC,ACG,ACT,AGA,AGC,AGG,AGT,ATA,ATC,ATG,ATT,CAA,CAC,CAG,CAT,CCA,CCC,CCG,CCT,CGA,CGC,CGG,CGT,CTA,CTC,CTG,CTT,GAA,GAC,GAG,GAT,GCA,GCC,GCG,GCT,GGA,GGC,GGG,GGT,GTA,GTC,GTG,GTT,TAA,TAC,TAG,TAT,TCA,TCC,TCG,TCT,TGA,TGC,TGG,TGT,TTA,TTC,TTG,TTT
Xanthomonas virus XcP1,Duplodnaviria,bacteria,HOV04,0.679927667269439,1.22794117647059,1.32007233273056,0.772058823529412,0.814299900695134,1.24726911618669,1.05263157894737,0.885799404170804,0.517552657973922,1.24756918474196,0.716148445336008,0.610321615557218,0.307212822796082,1.75779162956367,1,0.934995547640249,0.733242134062927,1.2483660130719,1.26675786593707,0.751633986928105,1.22418136020151,0.382871536523929,1.41561712846348,0.977329974811083,0.668004012036108,2.5456369107322,0.523570712136409,1.02908726178536,0.443631039531479,0.698389458272328,1.71303074670571,1.7086383601757,0.958579881656805,0.932003626473255,1.0414201183432,1.06799637352675,0.969823100936524,1.04890738813736,1.34443288241415,0.636836628511967,0.661527680448493,1.87526278906797,0.602662929222144,0.860546601261387,0.465960665658094,1.14372163388805,0.968229954614221,1.42208774583964,0.925925925925926,0.9581589958159,0.148148148148148,1.0418410041841,1.16230366492147,0.897531787584144,0.93792071802543,1.14435302916978,1.92592592592593,1.59782608695652,1,0.402173913043478,0.140556368960469,1.29766803840878,1.29575402635432,0.702331961591221
