virus,realm,host,locus_tag,AAA,AAC,AAG,AAT,ACA,ACC,ACG,ACT,AGA,AGC,AGG,AGT,ATA,ATC,ATG,ATT,CAA,CAC,CAG,CAT,CCA,CCC,CCG,CCT,CGA,CGC,CGG,CGT,CTA,CTC,CTG,CTT,GAA,GAC,GAG,GAT,GCA,GCC,GCG,GCT,GGA,GGC,GGG,GGT,GTA,GTC,GTG,GTT,TAA,TAC,TAG,TAT,TCA,TCC,TCG,TCT,TGA,TGC,TGG,TGT,TTA,TTC,TTG,TTT
Xanthophyllomyces dendrorhous virus L1B,Riboviria,fungi,D1S27,1.28421052631579,1.32467532467532,0.715789473684211,0.675324675324675,1.39759036144578,0.72289156626506,0.867469879518072,1.01204819277108,2.3855421686747,0.55045871559633,2.3855421686747,1.04587155963303,1.71428571428571,0.623376623376623,1,0.662337662337662,1.27777777777778,1.35714285714286,0.722222222222222,0.642857142857143,1.25925925925926,0.518518518518518,0.666666666666667,1.55555555555556,0.36144578313253,0.144578313253012,0.36144578313253,0.36144578313253,0.82051282051282,0.512820512820513,1.48717948717949,0.512820512820513,1.13636363636364,1.15217391304348,0.863636363636364,0.847826086956522,1.29230769230769,0.738461538461539,0.861538461538462,1.10769230769231,1.19540229885057,1.01149425287356,0.735632183908046,1.05747126436782,1.4,0.733333333333333,1.26666666666667,0.6,1.5,1.15942028985507,1.5,0.840579710144927,1.54128440366972,0.825688073394495,1.10091743119266,0.935779816513762,0,0.842105263157895,1,1.15789473684211,1.23076923076923,1.06451612903226,1.43589743589744,0.935483870967742
