virus,realm,host,locus_tag,AAA,AAC,AAG,AAT,ACA,ACC,ACG,ACT,AGA,AGC,AGG,AGT,ATA,ATC,ATG,ATT,CAA,CAC,CAG,CAT,CCA,CCC,CCG,CCT,CGA,CGC,CGG,CGT,CTA,CTC,CTG,CTT,GAA,GAC,GAG,GAT,GCA,GCC,GCG,GCT,GGA,GGC,GGG,GGT,GTA,GTC,GTG,GTT,TAA,TAC,TAG,TAT,TCA,TCC,TCG,TCT,TGA,TGC,TGG,TGT,TTA,TTC,TTG,TTT
Xingshan nematode virus 4,Riboviria,invertebrates,B1T60,1.42857142857143,0.756756756756757,0.571428571428571,1.24324324324324,1.48792270531401,0.792270531400966,0.347826086956522,1.3719806763285,2.38674033149171,0.578073089700997,0.696132596685083,1.19601328903654,0.736263736263736,0.879120879120879,1,1.38461538461538,1.46031746031746,0.875,0.53968253968254,1.125,1.57647058823529,0.541176470588235,0.447058823529412,1.43529411764706,1.62430939226519,0.232044198895028,0.430939226519337,0.629834254143646,0.76056338028169,0.690140845070423,0.507042253521127,1.09859154929577,1.48695652173913,0.686746987951807,0.51304347826087,1.31325301204819,1.52671755725191,0.67175572519084,0.305343511450382,1.49618320610687,1.83783783783784,0.410810810810811,0.886486486486487,0.864864864864865,0.875739644970414,1.01775147928994,0.473372781065089,1.63313609467456,2.4,0.685314685314685,0,1.31468531468531,1.49501661129568,0.817275747508306,0.358803986710963,1.55481727574751,0.6,0.675,1,1.325,1.71830985915493,0.842105263157895,1.22535211267606,1.15789473684211
