virus,realm,host,locus_tag,AAA,AAC,AAG,AAT,ACA,ACC,ACG,ACT,AGA,AGC,AGG,AGT,ATA,ATC,ATG,ATT,CAA,CAC,CAG,CAT,CCA,CCC,CCG,CCT,CGA,CGC,CGG,CGT,CTA,CTC,CTG,CTT,GAA,GAC,GAG,GAT,GCA,GCC,GCG,GCT,GGA,GGC,GGG,GGT,GTA,GTC,GTG,GTT,TAA,TAC,TAG,TAT,TCA,TCC,TCG,TCT,TGA,TGC,TGG,TGT,TTA,TTC,TTG,TTT
Xinzhou nematode virus 3,Riboviria,invertebrates,B1U15,0.845360824742268,1.24444444444444,1.15463917525773,0.755555555555556,0.979020979020979,1.03496503496504,0.475524475524476,1.51048951048951,1.14814814814815,1.24590163934426,1.03703703703704,0.885245901639344,0.413793103448276,1.44827586206897,1,1.13793103448276,1.05263157894737,0.727272727272727,0.947368421052632,1.27272727272727,1.42307692307692,0.692307692307692,0.692307692307692,1.19230769230769,1.14814814814815,1.14814814814815,0.518518518518518,1,0.324324324324324,0.778378378378378,1.71891891891892,1.26486486486486,1.11475409836066,1.02479338842975,0.885245901639344,0.975206611570248,1.25714285714286,0.897959183673469,0.571428571428571,1.2734693877551,1.32283464566929,0.78740157480315,0.976377952755906,0.913385826771654,0.247422680412371,1.21649484536082,1.23711340206186,1.29896907216495,1.5,0.806451612903226,0,1.19354838709677,0.983606557377049,0.721311475409836,1.08196721311475,1.08196721311475,1.5,1.03703703703704,1,0.962962962962963,0.681081081081081,1.07894736842105,1.23243243243243,0.921052631578947
