virus,realm,host,locus_tag,AAA,AAC,AAG,AAT,ACA,ACC,ACG,ACT,AGA,AGC,AGG,AGT,ATA,ATC,ATG,ATT,CAA,CAC,CAG,CAT,CCA,CCC,CCG,CCT,CGA,CGC,CGG,CGT,CTA,CTC,CTG,CTT,GAA,GAC,GAG,GAT,GCA,GCC,GCG,GCT,GGA,GGC,GGG,GGT,GTA,GTC,GTG,GTT,TAA,TAC,TAG,TAT,TCA,TCC,TCG,TCT,TGA,TGC,TGG,TGT,TTA,TTC,TTG,TTT
Xinzhou nematode virus 2,Riboviria,invertebrates,B1U16,1.02654867256637,0.676923076923077,0.973451327433628,1.32307692307692,1.56906077348066,0.596685082872928,0.640883977900553,1.19337016574586,1.30985915492958,0.529411764705882,0.929577464788732,1.11764705882353,1.0939226519337,0.646408839779006,1,1.25966850828729,1.32773109243697,0.550724637681159,0.672268907563025,1.44927536231884,1.65217391304348,0.579710144927536,0.550724637681159,1.21739130434783,0.887323943661972,0.929577464788732,0.380281690140845,1.56338028169014,0.642857142857143,0.482142857142857,0.803571428571429,1.15178571428571,1.20731707317073,0.657718120805369,0.792682926829268,1.34228187919463,1.04166666666667,0.895833333333333,0.666666666666667,1.39583333333333,1.0381679389313,1.09923664122137,0.366412213740458,1.49618320610687,0.653465346534653,0.732673267326733,1.02970297029703,1.58415841584158,3,0.611570247933884,0,1.38842975206612,1.32352941176471,1.14705882352941,0.647058823529412,1.23529411764706,0,0.56,1,1.44,1.33928571428571,0.885714285714286,1.58035714285714,1.11428571428571
