virus,realm,host,locus_tag,AAA,AAC,AAG,AAT,ACA,ACC,ACG,ACT,AGA,AGC,AGG,AGT,ATA,ATC,ATG,ATT,CAA,CAC,CAG,CAT,CCA,CCC,CCG,CCT,CGA,CGC,CGG,CGT,CTA,CTC,CTG,CTT,GAA,GAC,GAG,GAT,GCA,GCC,GCG,GCT,GGA,GGC,GGG,GGT,GTA,GTC,GTG,GTT,TAA,TAC,TAG,TAT,TCA,TCC,TCG,TCT,TGA,TGC,TGG,TGT,TTA,TTC,TTG,TTT
Xylella phage Paz,Duplodnaviria,bacteria,Paz,0.0782122905027933,1.64539007092199,1.92178770949721,0.354609929078014,0.197969543147208,2.08121827411167,1.15228426395939,0.568527918781726,0.0588235294117647,1.59514170040486,0.191176470588235,0.453441295546559,0.0603715170278638,2.58204334365325,1,0.357585139318885,0.264855687606112,1.6,1.73514431239389,0.4,0.311111111111111,0.97037037037037,2.19259259259259,0.525925925925926,0.544117647058823,3.03676470588235,0.941176470588235,1.22794117647059,0.178937558247903,1.29170549860205,3.12022367194781,0.55358807082945,0.448979591836735,1.43233532934132,1.55102040816327,0.567664670658683,0.758572428271518,1.15605318404479,1.38278516445066,0.70258922323303,0.369811320754717,1.93207547169811,0.6,1.09811320754717,0.281385281385281,1.17748917748918,1.93506493506494,0.606060606060606,1.70588235294118,1.72314049586777,0.294117647058824,0.276859504132231,0.137651821862348,1.84615384615385,1.34412955465587,0.623481781376518,1,1.71428571428571,1,0.285714285714286,0.0279589934762349,1.87315010570825,0.827586206896552,0.126849894291755
