virus,realm,host,locus_tag,AAA,AAC,AAG,AAT,ACA,ACC,ACG,ACT,AGA,AGC,AGG,AGT,ATA,ATC,ATG,ATT,CAA,CAC,CAG,CAT,CCA,CCC,CCG,CCT,CGA,CGC,CGG,CGT,CTA,CTC,CTG,CTT,GAA,GAC,GAG,GAT,GCA,GCC,GCG,GCT,GGA,GGC,GGG,GGT,GTA,GTC,GTG,GTT,TAA,TAC,TAG,TAT,TCA,TCC,TCG,TCT,TGA,TGC,TGG,TGT,TTA,TTC,TTG,TTT
Yam virus X,Riboviria,land plants,NI66,1.24137931034483,1.16190476190476,0.758620689655172,0.838095238095238,1.1006711409396,0.778523489932886,0.456375838926175,1.66442953020134,2.35955056179775,0.814285714285714,1.48314606741573,0.6,0.774193548387097,1.06451612903226,1,1.16129032258065,1.43589743589744,1.37254901960784,0.564102564102564,0.627450980392157,1.78640776699029,0.660194174757282,0.543689320388349,1.00970873786408,0.808988764044944,0.606741573033708,0.471910112359551,0.269662921348315,0.942857142857143,0.828571428571429,0.857142857142857,1.05714285714286,1.04273504273504,1.14851485148515,0.957264957264957,0.851485148514851,1.23456790123457,1.01234567901235,0.493827160493827,1.25925925925926,1.09090909090909,0.954545454545455,0.772727272727273,1.18181818181818,0.745098039215686,0.862745098039216,1.13725490196078,1.25490196078431,1.2,1.2962962962963,0.6,0.703703703703704,1.62857142857143,0.642857142857143,0.257142857142857,2.05714285714286,1.2,1.38461538461538,1,0.615384615384615,1.34285714285714,1.03636363636364,0.971428571428571,0.963636363636364
