virus,realm,host,locus_tag,AAA,AAC,AAG,AAT,ACA,ACC,ACG,ACT,AGA,AGC,AGG,AGT,ATA,ATC,ATG,ATT,CAA,CAC,CAG,CAT,CCA,CCC,CCG,CCT,CGA,CGC,CGG,CGT,CTA,CTC,CTG,CTT,GAA,GAC,GAG,GAT,GCA,GCC,GCG,GCT,GGA,GGC,GGG,GGT,GTA,GTC,GTG,GTT,TAA,TAC,TAG,TAT,TCA,TCC,TCG,TCT,TGA,TGC,TGG,TGT,TTA,TTC,TTG,TTT
Yersinia phage vB YenP AP5,NA,NA,vBYenPAB5,0.597168597168597,1.50095969289827,1.4028314028314,0.499040307101727,0.719611021069692,1.41977309562399,0.641815235008104,1.21880064829822,0.317180616740088,1.07046476761619,0.246696035242291,0.746626686656672,0.228040540540541,1.33277027027027,1,1.43918918918919,0.688311688311688,1.34862385321101,1.31168831168831,0.651376146788991,0.944038929440389,0.214111922141119,1.51824817518248,1.32360097323601,0.6784140969163,1.77973568281938,0.343612334801762,2.63436123348018,0.544871794871795,1,2.12179487179487,0.92948717948718,0.756626506024096,1.19452054794521,1.2433734939759,0.805479452054795,0.896551724137931,0.823956442831216,0.900181488203267,1.37931034482759,0.538283062645012,1.03480278422274,0.524361948955916,1.90255220417633,0.816107382550336,0.751677852348993,1.28859060402685,1.14362416107383,2.2,1.26509186351706,0.0666666666666667,0.73490813648294,0.899550224887556,1.2143928035982,0.48575712143928,1.5832083958021,0.733333333333333,0.98,1,1.02,0.564102564102564,1.50843373493976,0.83974358974359,0.491566265060241
